[14:14:29] [govarametin] robots.txt loaded (1 lines)
[14:14:29] [govarametin] sitemaps yielded 0 URLs total
[14:14:29] [zcks] no robots.txt (HTTP 404)
[14:14:30] [zcks] sitemap https://zcks.uoz.edu.krd/sitemap.xml -> HTTP 404
[14:14:30] [zcks] sitemaps yielded 0 URLs total
[14:14:30] [govarametin] DONE: {"site": "govarametin", "base": "http://govarametin.com/", "pages_total": 1, "pages_ok": 1, "documents": 0, "doc_bytes": 0, "errors": 0, "stopped_reason": "queue exhausted (complete)", "duration_s": 0.3}
[14:14:30] [govarabadinan] robots.txt loaded (10 lines)
[14:14:30] [spirez] no robots.txt (HTTP 404)
[14:14:30] [govarabadinan] sitemap https://govarabadinan.blogspot.com/sitemap.xml: 81 URLs (cumulative at this node)
[14:14:30] [govarabadinan] sitemap /home/sawab/AI - Project/KI_finetuning/data/Bahdini_Crawler/govarabadinan.xml: 81 URLs (cumulative at this node)
[14:14:30] [govarabadinan] sitemaps yielded 162 URLs total[14:14:30] [uod] robots.txt loaded (6563 lines)

[14:14:30] [spirez] sitemap https://spirez.org/sitemap.xml -> HTTP 404
[14:14:30] [spirez] sitemap https://spirez.org/wp-sitemap.xml -> HTTP 404
[14:14:31] [uod] sitemaps yielded 0 URLs total
[14:14:31] [spirez] sitemap https://spirez.org/sitemap_index.xml -> HTTP 404
[14:14:31] [spirez] sitemaps yielded 0 URLs total
[14:14:33] [spirez] doc saved: about_us_A_019e3da1.pdf (22 KB)
[14:14:33] [spirez] doc saved: about_us_E_045340ae.pdf (17 KB)
[14:14:33] [uod] doc saved: designing-for-dtg-061ba741bd403ab1a5d84d0ed3ce584bae150e47068f0a275f72e64e8b577189_986a425d.pdf (782 KB)
[14:14:33] [spirez] doc saved: about_us_K_d9cfcca1.pdf (30 KB)
[14:14:34] [spirez] doc saved: About_us_L__58b6fbbb.pdf (101 KB)
[14:14:34] [xaniagency] sitemaps yielded 0 URLs total
[14:14:35] [zcks] doc saved: Khalid-Sindory-18-01-2025-1-12-1_3884febc.pdf (268 KB)
[14:14:37] [xaniagency] DONE: {"site": "xaniagency", "base": "https://xaniagency.com/", "pages_total": 0, "pages_ok": 0, "documents": 0, "doc_bytes": 0, "errors": 3, "stopped_reason": "queue exhausted (complete)", "duration_s": 7.5}
[14:14:39] [uod] DONE: {"site": "uod", "base": "https://journal.uod.ac/index.php/uodjournal", "pages_total": 53, "pages_ok": 53, "documents": 1, "doc_bytes": 800467, "errors": 0, "stopped_reason": "queue exhausted (complete)", "duration_s": 9.4}
[14:14:42] [spirez] doc saved: 20-21_ff161cfb.pdf (284 KB)
[14:14:43] [spirez] doc saved: 39_7d311575.pdf (110 KB)
[14:14:43] [spirez] doc saved: 3_76bb86c8.pdf (144 KB)
[14:14:43] [spirez] doc saved: 12-13_1b152d02.pdf (250 KB)
[14:14:43] [spirez] doc saved: 2_83ade26c.pdf (86 KB)
[14:14:43] [spirez] doc saved: 37_2880bc08.pdf (69 KB)
[14:14:43] [spirez] doc saved: 34-35_d9870e71.pdf (241 KB)
[14:14:43] [spirez] doc saved: 28_b2922953.pdf (142 KB)
[14:14:43] [spirez] doc saved: 18-19_2e2c5621.pdf (253 KB)
[14:14:44] [spirez] doc saved: 4_b4ab65ad.pdf (153 KB)
[14:14:44] [spirez] doc saved: 10-11_5ecd23fc.pdf (260 KB)
[14:14:44] [spirez] doc saved: 25_cd4f0985.pdf (90 KB)
[14:14:44] [zcks] doc saved: CV-Abdulsalam-N.-Abdullah_f4506555.pdf (389 KB)
[14:14:44] [spirez] doc saved: 14-15_e9e660ec.pdf (267 KB)
[14:14:44] [spirez] doc saved: 38_dfc328ae.pdf (89 KB)
[14:14:44] [spirez] doc saved: 36_6785be4a.pdf (101 KB)
[14:14:44] [spirez] doc saved: 31_9b06c0d4.pdf (128 KB)
[14:14:44] [spirez] doc saved: 30_0b9d3404.pdf (83 KB)
[14:14:45] [spirez] doc saved: 9_02e8fc16.pdf (127 KB)
[14:14:45] [spirez] doc saved: 29_033bed0a.pdf (168 KB)
[14:14:45] [spirez] doc saved: 5_ad9cca9d.pdf (166 KB)
[14:14:45] [spirez] doc saved: 23_4b114068.pdf (95 KB)
[14:14:45] [spirez] doc saved: 16_3d5c7e6e.pdf (141 KB)
[14:14:45] [spirez] doc saved: 22_e3ebad40.pdf (129 KB)
[14:14:45] [spirez] doc saved: 26_2f89e5f8.pdf (151 KB)
[14:14:45] [spirez] doc saved: 32-33_7f4ead56.pdf (203 KB)
[14:14:46] [spirez] doc saved: 6-7_e8b9e9eb.pdf (263 KB)
[14:14:46] [spirez] doc saved: 27_c6ece008.pdf (153 KB)
[14:14:46] [spirez] doc saved: 8_0794fbc3.pdf (127 KB)
[14:14:46] [spirez] doc saved: 17_3a7f4a73.pdf (169 KB)
[14:14:46] [spirez] doc saved: 24_9fece1b2.pdf (112 KB)
[14:14:46] [spirez] doc saved: 14_eaf9e1e5.pdf (346 KB)
[14:14:47] [spirez] doc saved: 17_c8441560.pdf (1988 KB)
[14:14:47] [spirez] doc saved: 15_57253ba7.pdf (857 KB)
[14:14:47] [govarabadinan] 100 pages, 0 docs, queue=94
[14:14:47] [spirez] doc saved: 08_8e16f759.pdf (806 KB)
[14:14:47] [spirez] doc saved: 00_3e9515e9.pdf (228 KB)
[14:14:47] [spirez] doc saved: 05_4086877e.pdf (1598 KB)
[14:14:47] [spirez] doc saved: 03_b0b67fd0.pdf (844 KB)
/home/sawab/AI - Project/KI_finetuning/data/Bahdini_Crawler/crawler.py:346: XMLParsedAsHTMLWarning: It looks like you're parsing an XML document using an HTML parser. If this really is an HTML document (maybe it's XHTML?), you can ignore or filter this warning. If it's XML, you should know that using an XML parser will be more reliable. To parse this document as XML, make sure you have the lxml package installed, and pass the keyword argument `features="xml"` into the BeautifulSoup constructor.
  soup = BeautifulSoup(body, "lxml")
[14:14:47] [spirez] doc saved: 12_88b30763.pdf (1056 KB)
[14:14:48] [spirez] doc saved: 02_451f2c3b.pdf (255 KB)
[14:14:48] [spirez] doc saved: 01_dfdf1285.pdf (449 KB)
[14:14:48] [spirez] doc saved: 06_6a6e94b5.pdf (2767 KB)
[14:14:48] [spirez] doc saved: 07_23851eae.pdf (1002 KB)
[14:14:48] [spirez] doc saved: 18_ca06337e.pdf (2835 KB)
[14:14:49] [spirez] doc saved: 11_5a6d385c.pdf (488 KB)
[14:14:49] [spirez] doc saved: 13_5f8fb19e.pdf (1752 KB)
[14:14:49] [zcks] doc saved: 3-Paragraph-Book-1-9_7849b896.pdf (218 KB)
[14:14:49] [spirez] doc saved: 16_a366374d.pdf (612 KB)
[14:14:49] [spirez] doc saved: 04_c291bafa.pdf (2786 KB)
[14:14:50] [spirez] doc saved: 09_72ccf7b1.pdf (2675 KB)
[14:14:50] [spirez] doc saved: 10_a4cd6130.pdf (2918 KB)
[14:14:51] [spirez] doc saved: 88_b9b71707.pdf (6540 KB)
[14:14:51] [spirez] doc saved: 84-85_a448c664.pdf (6610 KB)
[14:14:52] [spirez] doc saved: 56-61_c772cb54.pdf (6398 KB)
[14:14:52] [spirez] doc saved: 86-87_6b92dc7b.pdf (6583 KB)
[14:14:54] [spirez] doc saved: 6-23_9f9dabe2.pdf (7616 KB)
[14:14:55] [spirez] doc saved: 89-112_bacf7167.pdf (11697 KB)
[14:14:55] [spirez] doc saved: 65_dd32b5c5.pdf (6467 KB)
[14:14:56] [spirez] doc saved: 62-64_791352cc.pdf (6416 KB)
[14:14:57] [spirez] doc saved: 113-136_a29928fa.pdf (13518 KB)
[14:14:57] [spirez] doc saved: 34-37_25cd76f6.pdf (8037 KB)
[14:14:58] [spirez] doc saved: 27-33_000c4c8e.pdf (8305 KB)
[14:14:59] [spirez] doc saved: 66-75_66a30acc.pdf (6642 KB)
[14:14:59] [spirez] doc saved: 80-83_c4d0cbce.pdf (7690 KB)
[14:15:00] [spirez] doc saved: 50-55_8a0640d8.pdf (6995 KB)
[14:15:00] [zcks] doc saved: 4-11-Stories-Book-1-6_29c8a94c.pdf (404 KB)
[14:15:00] [govarabadinan] DONE: {"site": "govarabadinan", "base": "https://govarabadinan.blogspot.com/", "pages_total": 191, "pages_ok": 187, "documents": 0, "doc_bytes": 0, "errors": 21, "stopped_reason": "queue exhausted (complete)", "duration_s": 30.6}
[14:15:00] [spirez] doc saved: naverok_f4598ead.pdf (6507 KB)
[14:15:01] [spirez] doc saved: 00_6d306892.pdf (6305 KB)
[14:15:01] [spirez] doc saved: 24-26_f61d0356.pdf (6598 KB)
[14:15:02] [spirez] doc saved: 76-79_cf4f480b.pdf (6448 KB)
[14:15:02] [spirez] doc saved: 36_1655032f.pdf (321 KB)
[14:15:02] [spirez] doc saved: 38-49_1d325112.pdf (7392 KB)
[14:15:03] [spirez] doc saved: 7_d5529db8.pdf (332 KB)
[14:15:03] [spirez] doc saved: 8_b2386198.pdf (221 KB)
[14:15:03] [spirez] doc saved: 5_4fdb0a20.pdf (6967 KB)
[14:15:03] [spirez] doc saved: 32_53171253.pdf (213 KB)
[14:15:03] [spirez] doc saved: 12_444dd3e6.pdf (565 KB)
[14:15:03] [spirez] doc saved: 35_aefe63ef.pdf (506 KB)
[14:15:03] [spirez] doc saved: 17_3384057e.pdf (258 KB)
[14:15:03] [spirez] doc saved: 16_1b40e9cd.pdf (306 KB)
[14:15:04] [spirez] doc saved: 14_c547a27a.pdf (317 KB)
[14:15:04] [spirez] doc saved: 20_ee5f47db.pdf (366 KB)
[14:15:04] [spirez] doc saved: 3_a5e007cb.pdf (221 KB)
[14:15:04] [spirez] doc saved: 29_1ab62486.pdf (235 KB)
[14:15:04] [spirez] doc saved: 13_d5a7f9e0.pdf (1038 KB)
[14:15:04] [spirez] doc saved: 10_88191d7e.pdf (276 KB)
[14:15:04] [spirez] doc saved: 28_0ba9ad73.pdf (669 KB)
[14:15:04] [spirez] doc saved: 24_8b3ad574.pdf (179 KB)
[14:15:05] [spirez] doc saved: 33_db529ae3.pdf (213 KB)
[14:15:05] [spirez] doc saved: 11_f8d8469d.pdf (291 KB)
[14:15:05] [spirez] doc saved: 31_c0b2c296.pdf (204 KB)
[14:15:05] [spirez] doc saved: 22_b10dea32.pdf (203 KB)
[14:15:05] [zcks] doc saved: Reqib-Akreyi-Design-18-1-2025-1-12_2d86b4a9.pdf (519 KB)
[14:15:05] [spirez] doc saved: info_900192dc.pdf (202 KB)
[14:15:05] [spirez] doc saved: 5_ef1ce5a0.pdf (230 KB)
[14:15:05] [spirez] doc saved: 9_ae6d1c7a.pdf (217 KB)
[14:15:05] [spirez] doc saved: 26_333ff3af.pdf (669 KB)
[14:15:06] [spirez] doc saved: 25_980ffc4f.pdf (669 KB)
[14:15:06] [spirez] doc saved: 4_5dea3d49.pdf (339 KB)
[14:15:06] [spirez] doc saved: 27_f9a6c4f6.pdf (669 KB)
[14:15:06] [spirez] doc saved: 19_6ba3470d.pdf (461 KB)
[14:15:06] [spirez] doc saved: 21_d065160d.pdf (240 KB)
[14:15:06] [spirez] doc saved: 23_14cd0746.pdf (192 KB)
[14:15:06] [spirez] doc saved: 34_71f1698c.pdf (193 KB)
[14:15:06] [spirez] doc saved: 6_64ca9ebf.pdf (321 KB)
[14:15:07] [spirez] doc saved: 15_97592879.pdf (228 KB)
[14:15:07] [spirez] doc saved: 30_ca50f1f3.pdf (200 KB)
[14:15:07] [spirez] doc saved: 1_7930d46f.pdf (113 KB)
[14:15:07] [spirez] doc saved: 18_103643ae.pdf (175 KB)
[14:15:07] [spirez] doc saved: 2_b15af11d.pdf (162 KB)
[14:15:07] [spirez] doc saved: 18_a730469c.pdf (143 KB)
[14:15:07] [spirez] doc saved: 35_916bcd61.pdf (124 KB)
[14:15:07] [spirez] doc saved: 14-15_62a8f62c.pdf (279 KB)
[14:15:08] [spirez] doc saved: 23-25_e3d35c9c.pdf (408 KB)
[14:15:08] [spirez] doc saved: 36_6982f0d1.pdf (138 KB)
[14:15:08] [spirez] doc saved: 2_87b01474.pdf (81 KB)
[14:15:08] [spirez] doc saved: 32_377517c3.pdf (137 KB)
[14:15:08] [spirez] doc saved: 39_d1f04795.pdf (112 KB)
[14:15:08] [spirez] doc saved: 38_b7e690ed.pdf (101 KB)
[14:15:08] [spirez] doc saved: 28-29_10e03e7f.pdf (264 KB)
[14:15:08] [spirez] doc saved: 6-7_d683c2d7.pdf (230 KB)
[14:15:09] [spirez] doc saved: 20-21_569ae12c.pdf (206 KB)
[14:15:09] [spirez] doc saved: 5_25c70897.pdf (135 KB)
[14:15:09] [spirez] doc saved: 12-13_29e4ca9e.pdf (181 KB)
[14:15:09] [spirez] doc saved: 10-11_09532633.pdf (252 KB)
[14:15:09] [spirez] doc saved: 22_b637af48.pdf (128 KB)
[14:15:09] [spirez] doc saved: 30_3c4b5d42.pdf (113 KB)
[14:15:09] [spirez] doc saved: 27_3c1a8c51.pdf (130 KB)
[14:15:09] [spirez] doc saved: 37_24fd7c5e.pdf (69 KB)
[14:15:10] [spirez] doc saved: 16-17_fdb8c90e.pdf (254 KB)
[14:15:10] [spirez] doc saved: 9_14a81083.pdf (153 KB)
[14:15:10] [spirez] doc saved: 31_614c579c.pdf (97 KB)
[14:15:10] [spirez] doc saved: 3_d9f59458.pdf (161 KB)
[14:15:10] [spirez] doc saved: 19_9b584bc6.pdf (142 KB)
[14:15:10] [spirez] doc saved: 26_dadb9797.pdf (113 KB)
[14:15:10] [spirez] doc saved: 8_4b00668b.pdf (137 KB)
[14:15:10] [spirez] doc saved: 34_222e55e5.pdf (110 KB)
[14:15:11] [spirez] doc saved: 33_4f08b53b.pdf (106 KB)
[14:15:11] [spirez] doc saved: 4_8320eeaa.pdf (113 KB)
[14:15:12] [spirez] doc saved: 120-121_2d0d02fa.pdf (4180 KB)
[14:15:12] [spirez] doc saved: 38-49_6eebedc6.pdf (5067 KB)
[14:15:12] [spirez] doc saved: 28-37_1d6edbd1.pdf (4208 KB)
[14:15:13] [spirez] doc saved: 16-27_4d078dc2.pdf (4548 KB)
[14:15:13] [spirez] doc saved: 90_6fb1ea74.pdf (4369 KB)
[14:15:13] [spirez] doc saved: 123_c47771f2.pdf (4042 KB)
[14:15:14] [spirez] doc saved: 91-93_4128fa92.pdf (4379 KB)
[14:15:14] [spirez] doc saved: 122_cccdf95c.pdf (4105 KB)
[14:15:15] [spirez] doc saved: 50-58_0364aaf9.pdf (5011 KB)
[14:15:15] [spirez] doc saved: 94-95_9b196ef2.pdf (4230 KB)
[14:15:15] [spirez] doc saved: 5-9_a15aca7c.pdf (4223 KB)
[14:15:16] [spirez] doc saved: 119_37717fe9.pdf (4105 KB)
[14:15:16] [spirez] doc saved: 100-101_dc2d063e.pdf (4091 KB)
[14:15:17] [spirez] doc saved: 125-133_afb28a0a.pdf (5836 KB)
[14:15:17] [spirez] doc saved: 118_8bc0f92b.pdf (4132 KB)
[14:15:17] [spirez] doc saved: 124_6cece1cf.pdf (4071 KB)
[14:15:18] [spirez] doc saved: 96-99_ec875fd9.pdf (4872 KB)
[14:15:18] [spirez] doc saved: 00_4008620a.pdf (3978 KB)
[14:15:18] [spirez] doc saved: 113-116_5f2ef891.pdf (4661 KB)
[14:15:19] [spirez] doc saved: 108-112_e79f9413.pdf (4653 KB)
[14:15:20] [spirez] doc saved: 117_cda0e702.pdf (4135 KB)
[14:15:20] [spirez] doc saved: 81-89_bcae3f37.pdf (4237 KB)
[14:15:20] [spirez] doc saved: vekolin_b9463560.pdf (4552 KB)
[14:15:20] [spirez] doc saved: 10-15_f01856f3.pdf (4185 KB)
[14:15:23] [spirez] doc saved: 59-80_45f1e719.pdf (5155 KB)
[14:15:23] [spirez] doc saved: 102-107_2b4f6d18.pdf (5023 KB)
[14:15:23] [spirez] doc saved: naverok_73e33d26.pdf (4220 KB)
[14:15:24] [spirez] doc saved: 12_3c0ed069.pdf (435 KB)
[14:15:24] [spirez] doc saved: 134-152_ac117757.pdf (6170 KB)
[14:15:24] [zcks] doc saved: Kurdish-1_078576ca.pdf (10366 KB)
[14:15:24] [spirez] doc saved: 08_ef9b6f18.pdf (2153 KB)
[14:15:25] [spirez] doc saved: 10_25fc29dd.pdf (978 KB)
[14:15:25] [spirez] doc saved: 11_a5bb2a87.pdf (679 KB)
[14:15:25] [spirez] doc saved: 01_f2b711e2.pdf (442 KB)
[14:15:25] [zcks] doc saved: CONFRANCE-PROGRAM-LATINI-1_b748892f.pdf (10341 KB)
[14:15:25] [spirez] doc saved: 09_b80236b6.pdf (5293 KB)
[14:15:26] [spirez] doc saved: 00_2625164f.pdf (227 KB)
[14:15:26] [spirez] doc saved: 16_e86b5b0f.pdf (741 KB)
[14:15:26] [spirez] doc saved: 06_52f5ce0a.pdf (2540 KB)
[14:15:26] [zcks] doc saved: English-1_b4431fd1.pdf (12511 KB)
[14:15:26] [spirez] doc saved: 03_70f1ab25.pdf (843 KB)
[14:15:26] [spirez] doc saved: 13_ca6ad466.pdf (1405 KB)
[14:15:26] [spirez] doc saved: 15_67e76dbc.pdf (731 KB)
[14:15:27] [spirez] doc saved: 18_6989efdf.pdf (3020 KB)
[14:15:27] [spirez] doc saved: 05_8afde538.pdf (768 KB)
[14:15:27] [spirez] doc saved: 14_d7779b2f.pdf (1285 KB)
[14:15:27] [spirez] doc saved: 02_3a07708a.pdf (267 KB)
[14:15:28] [spirez] doc saved: 04_6eeaf4f4.pdf (682 KB)
[14:15:28] [spirez] doc saved: 36_3d9affde.pdf (112 KB)
[14:15:28] [spirez] doc saved: 34_62795a0d.pdf (116 KB)
[14:15:28] [spirez] doc saved: 8_4866b024.pdf (121 KB)
[14:15:29] [spirez] doc saved: 4_2a5e6c75.pdf (91 KB)
[14:15:29] [spirez] doc saved: 12-13_7be3e3e3.pdf (259 KB)
[14:15:29] [spirez] doc saved: 07_52537692.pdf (7181 KB)
[14:15:29] [spirez] doc saved: 22_e6500bea.pdf (145 KB)
[14:15:30] [spirez] doc saved: 35_19f2a6ca.pdf (124 KB)
[14:15:30] [spirez] doc saved: 38_3cd8ca3f.pdf (112 KB)
[14:15:30] [zcks] doc saved: Arabic_0dd36db5.pdf (10035 KB)
[14:15:30] [spirez] doc saved: 26_40db9468.pdf (116 KB)
[14:15:30] [spirez] doc saved: 3_4ea70fac.pdf (142 KB)
[14:15:30] [spirez] doc saved: 33_df20f3de.pdf (107 KB)
[14:15:30] [spirez] doc saved: 17_c25512ac.pdf (6452 KB)
[14:15:30] [zcks] doc saved: Turkish_dddbf179.pdf (10386 KB)
[14:15:30] [spirez] doc saved: 19_628070e5.pdf (128 KB)
[14:15:31] [spirez] doc saved: 2_ac812c0b.pdf (72 KB)
[14:15:31] [spirez] doc saved: 32_ea1bf796.pdf (130 KB)
[14:15:31] [spirez] doc saved: 37_7005d230.pdf (75 KB)
[14:15:31] [spirez] doc saved: 28-29_8004ac1d.pdf (268 KB)
[14:15:31] [zcks] doc saved: Persian-1_7d76cfe5.pdf (10058 KB)
[14:15:31] [spirez] doc saved: 39_ec5c9f7d.pdf (102 KB)
[14:15:32] [spirez] doc saved: 6-7_102f9f5b.pdf (205 KB)
[14:15:32] [spirez] doc saved: 31_9f87df40.pdf (91 KB)
[14:15:32] [spirez] doc saved: 5_7a80f43d.pdf (135 KB)
[14:15:32] [spirez] doc saved: 20-21_c0fa7e46.pdf (254 KB)
[14:15:32] [spirez] doc saved: 27_76424c8d.pdf (157 KB)
[14:15:32] [spirez] doc saved: 16-17_1139f5eb.pdf (258 KB)
[14:15:32] [spirez] doc saved: 10-11_5aca764c.pdf (237 KB)
[14:15:33] [spirez] doc saved: 18_62b601c8.pdf (130 KB)
[14:15:33] [spirez] doc saved: 24-25_08c9cb6e.pdf (220 KB)
[14:15:33] [spirez] doc saved: 23_7d84a448.pdf (135 KB)
[14:15:33] [spirez] doc saved: 30_4be8d4ea.pdf (110 KB)
[14:15:33] [spirez] doc saved: 9_bec27b2c.pdf (134 KB)
[14:15:33] [spirez] doc saved: 0_b74ca0df.pdf (130 KB)
[14:15:33] [spirez] doc saved: 14-15_d21e5f2f.pdf (274 KB)
[14:15:34] [spirez] doc saved: 4-9_d2335636.pdf (905 KB)
[14:15:34] [spirez] doc saved: 26-27_8764b264.pdf (285 KB)
[14:15:34] [spirez] doc saved: 22-23_dd10fd17.pdf (276 KB)
[14:15:34] [spirez] doc saved: 28-33_20fddd22.pdf (689 KB)
[14:15:34] [spirez] doc saved: 21_6d6e2d02.pdf (155 KB)
[14:15:35] [spirez] doc saved: 12-13_5bdeabfa.pdf (264 KB)
[14:15:35] [spirez] doc saved: 1_f0d59e17.pdf (121 KB)
[14:15:35] [spirez] doc saved: 24-25_464625d8.pdf (230 KB)
[14:15:35] [spirez] doc saved: 2-3_40cc8e91.pdf (245 KB)
[14:15:35] [spirez] doc saved: 10-11_bd087dfe.pdf (307 KB)
[14:15:35] [spirez] doc saved: 14-15_df1bcba2.pdf (230 KB)
[14:15:36] [spirez] doc saved: 170_0b732c59.pdf (163 KB)
[14:15:36] [spirez] doc saved: 54-59_351a26e8.pdf (360 KB)
[14:15:36] [spirez] doc saved: 25-27_f64fc23b.pdf (164 KB)
[14:15:36] [spirez] doc saved: 150-151_f75f53bd.pdf (171 KB)
[14:15:36] [spirez] doc saved: 16-17_7a700be6.pdf (260 KB)
[14:15:37] [spirez] doc saved: 131_811b6830.pdf (140 KB)
[14:15:37] [spirez] doc saved: 18-20_05544a36.pdf (406 KB)
[14:15:37] [spirez] doc saved: 60-68_cafb1953.pdf (461 KB)
[14:15:37] [spirez] doc saved: 145-146_5da1d4e4.pdf (272 KB)
[14:15:37] [spirez] doc saved: 165-167_8df2c794.pdf (193 KB)
[14:15:38] [spirez] doc saved: 159-161_8d8faf7e.pdf (191 KB)
[14:15:38] [spirez] doc saved: 171_0f2cc64f.pdf (183 KB)
[14:15:38] [spirez] doc saved: 156-158_79fb0071.pdf (298 KB)
[14:15:38] [spirez] doc saved: 176_c7dda0fd.pdf (143 KB)
[14:15:38] [spirez] doc saved: 152-153_1921e510.pdf (178 KB)
[14:15:39] [spirez] doc saved: 42-53_eaf28cc8.pdf (327 KB)
[14:15:39] [spirez] doc saved: 108-113_9e6ec1ef.pdf (420 KB)
[14:15:39] [spirez] doc saved: 28-34_1bd20fdd.pdf (384 KB)
[14:15:39] [spirez] doc saved: 127-130_807fef3b.pdf (395 KB)
[14:15:39] [spirez] doc saved: 5-18_49e9e71b.pdf (371 KB)
[14:15:39] [spirez] doc saved: 168-169_fa4df38c.pdf (163 KB)
[14:15:39] [spirez] doc saved: 114-120_19cd601e.pdf (397 KB)
[14:15:39] [spirez] doc saved: 154-155_e61ddfa7.pdf (182 KB)
[14:15:40] [spirez] doc saved: 2-4_05a9a7b2.pdf (168 KB)
[14:15:40] [spirez] doc saved: 162-164_5414a652.pdf (179 KB)
[14:15:40] [spirez] doc saved: 35-41_8f1e0171.pdf (280 KB)
[14:15:40] [spirez] doc saved: 74-85_159c2475.pdf (408 KB)
[14:15:40] [spirez] doc saved: 69-73_26af83cd.pdf (245 KB)
[14:15:40] [spirez] doc saved: 19-24_ca088448.pdf (210 KB)
[14:15:40] [spirez] doc saved: 103-107_7cc89da7.pdf (159 KB)
[14:15:41] [spirez] doc saved: 86-102_3f906d0f.pdf (418 KB)
[14:15:41] [zcks] doc saved: دراسات-في-تاريخ-الك_رد-السياسي-والحضاري-عبر-عصور-مختلفة_29e52fc7.pdf (5589 KB)
[14:15:41] [spirez] doc saved: 1_93448fe5.pdf (171 KB)
[14:15:41] [spirez] doc saved: 172-175_b1f1c9fb.pdf (237 KB)
[14:15:41] [spirez] doc saved: 121_2677f276.pdf (132 KB)
[14:15:41] [spirez] doc saved: 122-126_9b0c830a.pdf (433 KB)
[14:15:42] [spirez] doc saved: 147-149_9e3f2028.pdf (150 KB)
[14:15:42] [spirez] doc saved: 48-50_ac83aa5a.pdf (537 KB)
[14:15:42] [spirez] doc saved: 132-144_64b5a621.pdf (416 KB)
[14:15:42] [spirez] doc saved: 26-28_a22c7a0e.pdf (393 KB)
[14:15:42] [spirez] doc saved: 51-52_d564d638.pdf (366 KB)
[14:15:42] [spirez] doc saved: 46-47_cf34dc1e.pdf (328 KB)
[14:15:43] [spirez] doc saved: 38-45_1edde6d1.pdf (1131 KB)
[14:15:43] [spirez] doc saved: 16-25_611a6297.pdf (1159 KB)
[14:15:43] [spirez] doc saved: 14-15_4f358eb2.pdf (314 KB)
[14:15:43] [spirez] doc saved: 2-3_5a92f6de.pdf (279 KB)
[14:15:43] [spirez] doc saved: nav_5f94fe74.pdf (165 KB)
[14:15:44] [spirez] doc saved: 29-37_0ae307b0.pdf (1682 KB)
[14:15:44] [spirez] doc saved: 4-13_d2062b51.pdf (1760 KB)
[14:15:45] [spirez] doc saved: 6-7_841bbbde.pdf (257 KB)
[14:15:45] [spirez] doc saved: 8_28c05337.pdf (147 KB)
[14:15:45] [spirez] doc saved: 30_a8c739b4.pdf (121 KB)
[14:15:45] [spirez] doc saved: 20-21_f6671220.pdf (306 KB)
[14:15:45] [spirez] doc saved: 37_9025dce3.pdf (93 KB)
[14:15:45] [spirez] doc saved: 12-13_15ac9506.pdf (282 KB)
[14:15:45] [spirez] doc saved: 36_22c7dda1.pdf (117 KB)
[14:15:45] [spirez] doc saved: 35_6c379199.pdf (128 KB)
[14:15:46] [spirez] doc saved: 34_f8251133.pdf (137 KB)
[14:15:46] [spirez] doc saved: 3_0ad3f74d.pdf (134 KB)
[14:15:46] [spirez] doc saved: 28-29_3c303324.pdf (261 KB)
[14:15:46] [spirez] doc saved: 18-19_726a69b4.pdf (285 KB)
[14:15:46] [spirez] doc saved: 9_2a6c7748.pdf (174 KB)
[14:15:46] [spirez] doc saved: 32_c6c2a669.pdf (122 KB)
[14:15:46] [spirez] doc saved: 38_24e102b3.pdf (131 KB)
[14:15:47] [spirez] doc saved: 22_5ba7dd9d.pdf (135 KB)
[14:15:47] [spirez] doc saved: 33_b608c025.pdf (111 KB)
[14:15:47] [spirez] doc saved: 39_614b6798.pdf (123 KB)
[14:15:47] [spirez] doc saved: 31_669511d8.pdf (95 KB)
[14:15:47] [spirez] doc saved: 10-11_8532fffd.pdf (270 KB)
[14:15:47] [spirez] doc saved: 2_5ea984b4.pdf (108 KB)
[14:15:47] [spirez] doc saved: 14-15_868c4c2d.pdf (325 KB)
[14:15:47] [spirez] doc saved: 16-17_4832a130.pdf (298 KB)
[14:15:48] [spirez] doc saved: 5_b9620034.pdf (147 KB)
[14:15:48] [spirez] doc saved: 26_d0868099.pdf (122 KB)
[14:15:48] [spirez] doc saved: 27_cd4cd27f.pdf (157 KB)
[14:15:48] [spirez] doc saved: 23-25_a6a95436.pdf (412 KB)
[14:15:48] [spirez] doc saved: 4_7686bc67.pdf (110 KB)
[14:15:49] [spirez] doc saved: P137-138_4d36c7f1.pdf (129 KB)
[14:15:49] [spirez] doc saved: P48-54_24e404a8.pdf (282 KB)
[14:15:49] [spirez] doc saved: P74-85_40dfd230.pdf (481 KB)
[14:15:49] [spirez] doc saved: P129-131_02cbafe2.pdf (122 KB)
[14:15:49] [spirez] doc saved: P86-96_5ee0adc1.pdf (575 KB)
[14:15:49] [spirez] doc saved: P6-27_3118ae22.pdf (525 KB)
[14:15:49] [spirez] doc saved: P62-68_79f42783.pdf (232 KB)
[14:15:50] [spirez] doc saved: P125-126_97af1f4d.pdf (142 KB)
[14:15:50] [spirez] doc saved: P132-134_47e5f6f6.pdf (147 KB)
[14:15:50] [spirez] doc saved: P177_92657aaa.pdf (132 KB)
[14:15:50] [spirez] doc saved: P33-47_9090693f.pdf (536 KB)
[14:15:50] [spirez] doc saved: P55-61_ad72ad01.pdf (259 KB)
[14:15:51] [spirez] doc saved: P69-73_54162f2f.pdf (170 KB)
[14:15:51] [spirez] doc saved: P127-128_eb0e1e73.pdf (112 KB)
[14:15:51] [spirez] doc saved: P176_1b811a6f.pdf (93 KB)
[14:15:51] [spirez] doc saved: P28-32_8ae20042.pdf (173 KB)
[14:15:52] [spirez] doc saved: P121-124_7eeb1de1.pdf (290 KB)
[14:15:52] [spirez] doc saved: P168-175_b194a100.pdf (456 KB)
[14:15:52] [spirez] doc saved: P153-155_9ed3e2fc.pdf (182 KB)
[14:15:52] [spirez] doc saved: P135-136_6cea1525.pdf (115 KB)
[14:15:52] [spirez] doc saved: P139-152_e8a0bd0f.pdf (393 KB)
[14:15:52] [spirez] doc saved: P2-5_dee4e197.pdf (128 KB)
[14:15:53] [spirez] doc saved: 0-1_fa2b9911.pdf (152 KB)
[14:15:53] [spirez] doc saved: P97-109_ef220932.pdf (291 KB)
[14:15:53] [spirez] doc saved: P157_0515f197.pdf (121 KB)
[14:15:53] [spirez] doc saved: P114-120_aab5ebb7.pdf (444 KB)
[14:15:53] [spirez] doc saved: P156_ff5eac0d.pdf (106 KB)
[14:15:53] [spirez] doc saved: P110-113_fea19396.pdf (388 KB)
[14:15:54] [spirez] doc saved: 22-23_413734bf.pdf (236 KB)
[14:15:54] [spirez] doc saved: 16-17_1c60e770.pdf (312 KB)
[14:15:55] [spirez] doc saved: 28-33_90b51548.pdf (762 KB)
[14:15:55] [spirez] doc saved: 2-3_9e8ad65e.pdf (269 KB)
[14:15:55] [spirez] doc saved: 21_eead6eeb.pdf (154 KB)
[14:15:55] [spirez] doc saved: 10-13_5db81c1b.pdf (604 KB)
[14:15:55] [spirez] doc saved: 26-27_d5f81737.pdf (295 KB)
[14:15:55] [zcks] doc saved: الــك_ـــــــــــــرد-في-السودان-دراسة-تاريخية_1c623c6c.pdf (64650 KB)
[14:15:55] [spirez] doc saved: 4-9_d3e6d418.pdf (869 KB)
[14:15:55] [spirez] doc saved: 24-25_581e09d0.pdf (239 KB)
[14:15:55] [spirez] doc saved: 0_3996de82.pdf (133 KB)
[14:15:56] [spirez] doc saved: 18-20_ef68affb.pdf (438 KB)
[14:15:56] [spirez] doc saved: 14-15_5ee93489.pdf (169 KB)
[14:15:56] [spirez] doc saved: 1_1d96e00d.pdf (123 KB)
[14:15:56] [spirez] doc saved: 16_0405fac2.pdf (177 KB)
[14:15:56] [spirez] doc saved: 8_e0af5704.pdf (148 KB)
[14:15:56] [spirez] doc saved: 3-4_2edad14b.pdf (289 KB)
[14:15:56] [spirez] doc saved: 27_6466b5d7.pdf (111 KB)
[14:15:57] [spirez] doc saved: 12_1c1cf12a.pdf (151 KB)
[14:15:57] [spirez] doc saved: 22_25c79ed6.pdf (176 KB)
[14:15:57] [spirez] doc saved: 17-18_e35bf5d1.pdf (320 KB)
[14:15:57] [spirez] doc saved: 1_6848ae8a.pdf (200 KB)
[14:15:57] [spirez] doc saved: 29-31_4325a7b8.pdf (330 KB)
[14:15:57] [spirez] doc saved: 28_75c45fd5.pdf (131 KB)
[14:15:58] [spirez] doc saved: naverok_823d82dc.pdf (115 KB)
[14:15:58] [spirez] doc saved: 14-15_431ec8f0.pdf (396 KB)
[14:15:58] [spirez] doc saved: 11_1493db8a.pdf (157 KB)
[14:15:58] [spirez] doc saved: 9-10_9f040bb5.pdf (306 KB)
[14:15:58] [spirez] doc saved: 13_c29b10a0.pdf (126 KB)
[14:15:58] [spirez] doc saved: 5_ffbc0789.pdf (177 KB)
[14:15:58] [spirez] doc saved: 6-7_6dd729df.pdf (266 KB)
[14:15:58] [spirez] doc saved: 20_8f0efe51.pdf (131 KB)
[14:15:58] [zcks] doc saved: مقدمة-في-تاريخ-زاخو-خلال-العهد-العثماني-1515-1918-دراسة-تاريخية-وثائقية_12bd377b.pdf (198225 KB)
[14:15:59] [spirez] doc saved: 26_d8d7be26.pdf (125 KB)
[14:15:59] [spirez] doc saved: 25_73498b96.pdf (178 KB)
[14:15:59] [spirez] doc saved: 19_0eb683bc.pdf (163 KB)
[14:15:59] [spirez] doc saved: 32_19a88a6e.pdf (151 KB)
[14:15:59] [spirez] doc saved: 23_8dbcb58d.pdf (185 KB)
[14:15:59] [spirez] doc saved: 2_71445753.pdf (140 KB)
[14:15:59] [spirez] doc saved: 24_61de5a99.pdf (114 KB)
[14:15:59] [spirez] doc saved: 21_4d06b74e.pdf (149 KB)
[14:16:01] [spirez] 100 pages, 371 docs, queue=767
[14:16:09] [spirez] doc saved: A23_d684e8f1.pdf (105 KB)
[14:16:09] [spirez] doc saved: A11_cb469e7a.pdf (209 KB)
[14:16:09] [spirez] doc saved: A05_c4410064.pdf (272 KB)
[14:16:09] [spirez] doc saved: A12_14dca926.pdf (261 KB)
[14:16:09] [spirez] doc saved: A25_425b21e9.pdf (258 KB)
[14:16:09] [spirez] doc saved: A26_0818f62a.pdf (194 KB)
[14:16:09] [spirez] doc saved: A10_df9e859f.pdf (94 KB)
[14:16:09] [zcks] doc saved: كاریگه_رییا-بكارهینانا-ستراتیژیا-هژاندنا-هزرا-و-رێكا-گه_نگه_شێ_645dd4ae.pdf (7436 KB)
[14:16:10] [spirez] doc saved: A15_4581c7ad.pdf (151 KB)
[14:16:10] [spirez] doc saved: A01_a8650522.pdf (141 KB)
[14:16:10] [spirez] doc saved: A06_72c77b37.pdf (243 KB)
[14:16:10] [spirez] doc saved: A04_46076990.pdf (198 KB)
[14:16:10] [spirez] doc saved: 5C_8473b314.pdf (89 KB)
[14:16:10] [spirez] doc saved: A22_d35cd719.pdf (113 KB)
[14:16:10] [spirez] doc saved: A13_4d05e4e0.pdf (287 KB)
[14:16:10] [spirez] doc saved: A18_7eaf6fac.pdf (139 KB)
[14:16:11] [spirez] doc saved: A09_3388fae8.pdf (129 KB)
[14:16:11] [spirez] doc saved: A02_349b8006.pdf (174 KB)
[14:16:11] [spirez] doc saved: A08_63625628.pdf (175 KB)
[14:16:11] [spirez] doc saved: A19_0d50309c.pdf (119 KB)
[14:16:11] [spirez] doc saved: 5D_992ba79d.pdf (123 KB)
[14:16:11] [spirez] doc saved: A16_6960c5dc.pdf (131 KB)
[14:16:11] [spirez] doc saved: A07_71826121.pdf (225 KB)
[14:16:11] [spirez] doc saved: A17_a063bdff.pdf (116 KB)
[14:16:11] [zcks] doc saved: Shoresha-Elone_2f93b077.pdf (5711 KB)
[14:16:12] [spirez] doc saved: A14_e789f7ea.pdf (363 KB)
[14:16:12] [spirez] doc saved: A24_9ce5b13f.pdf (93 KB)
[14:16:12] [spirez] doc saved: A21_f1401192.pdf (90 KB)
[14:16:12] [spirez] doc saved: A20_3b90c598.pdf (403 KB)
[14:16:12] [spirez] doc saved: A27_64a45ed2.pdf (206 KB)
[14:16:12] [spirez] doc saved: P_126-127_82a70880.pdf (162 KB)
[14:16:12] [spirez] doc saved: A03_5a2cc45c.pdf (334 KB)
[14:16:13] [spirez] doc saved: 413_9ccfead5.pdf (1402 KB)
[14:16:13] [spirez] doc saved: P_57-58_45a74b4f.pdf (121 KB)
[14:16:13] [spirez] doc saved: P_74-75_1da2e0b6.pdf (118 KB)
[14:16:13] [spirez] doc saved: P_152-155_d2484b31.pdf (320 KB)
[14:16:13] [spirez] doc saved: P26-43_ec8128b7.pdf (344 KB)
[14:16:13] [spirez] doc saved: P_76-77_dd2b88e1.pdf (124 KB)
[14:16:13] [spirez] doc saved: P_162-175_0333d06e.pdf (502 KB)
[14:16:14] [spirez] doc saved: P_128-131_a4243774.pdf (296 KB)
[14:16:14] [spirez] doc saved: P_132-133_265c0a55.pdf (133 KB)
[14:16:14] [spirez] doc saved: P13-16_23cc099c.pdf (159 KB)
[14:16:14] [spirez] doc saved: P_134-137_200e5f4c.pdf (261 KB)
[14:16:14] [spirez] doc saved: P_59-60_62a89e5b.pdf (126 KB)
[14:16:14] [spirez] doc saved: P_52-53_dc18972f.pdf (132 KB)
[14:16:14] [spirez] doc saved: P44-47_cd598dff.pdf (181 KB)
[14:16:14] [spirez] doc saved: P_140-141_40c31304.pdf (176 KB)
[14:16:15] [spirez] doc saved: P_176_c59609b3.pdf (184 KB)
[14:16:15] [spirez] doc saved: P23-25_79dac916.pdf (140 KB)
[14:16:15] [spirez] doc saved: P_82-91_e35a5c98.pdf (179 KB)
[14:16:15] [spirez] doc saved: P_156-161_0ad5a722.pdf (240 KB)
[14:16:15] [spirez] doc saved: P_66-73_f7fb56a9.pdf (153 KB)
[14:16:15] [spirez] doc saved: P_118-119_6c4aaea9.pdf (201 KB)
[14:16:16] [spirez] doc saved: P48-51_31b34fca.pdf (313 KB)
[14:16:16] [spirez] doc saved: P_142-143_f03b2600.pdf (187 KB)
[14:16:16] [spirez] doc saved: P_144-151_fdbe52e9.pdf (299 KB)
[14:16:16] [spirez] doc saved: P20-22_a1ffae68.pdf (136 KB)
[14:16:16] [spirez] doc saved: P2-3_ee911785.pdf (98 KB)
[14:16:16] [spirez] doc saved: P_63-65_57918369.pdf (169 KB)
[14:16:16] [spirez] doc saved: P_61-62_a22916bc.pdf (132 KB)
[14:16:17] [spirez] doc saved: P_102-110_cf2c9b2d.pdf (416 KB)
[14:16:17] [spirez] doc saved: P_78-81_b3218d2f.pdf (135 KB)
[14:16:17] [spirez] doc saved: P4-12_08cea252.pdf (304 KB)
[14:16:17] [spirez] doc saved: P_54-56_3c0568a0.pdf (139 KB)
[14:16:17] [spirez] doc saved: P_177_d16bfee6.pdf (102 KB)
[14:16:17] [spirez] doc saved: P_120-123_d61418a5.pdf (309 KB)
[14:16:17] [spirez] doc saved: P_114-117_390649bc.pdf (361 KB)
[14:16:17] [spirez] doc saved: P_96-101_568e8097.pdf (352 KB)
[14:16:18] [spirez] doc saved: P_124-125_eeea8217.pdf (134 KB)
[14:16:18] [spirez] doc saved: P_138-139_68b4ad45.pdf (175 KB)
[14:16:18] [spirez] doc saved: P17-19_4daf6a7a.pdf (135 KB)
[14:16:18] [spirez] doc saved: P_92-95_78a31209.pdf (237 KB)
[14:16:18] [zcks] doc saved: تقانة-حصاد-المياه-في-حوضي-كومل-و-روكرم-واستثماراتها-في-محافظة-دهوك_e880d29e.pdf (78886 KB)
[14:16:18] [spirez] doc saved: P_111-113_bfa8f691.pdf (160 KB)
[14:16:19] [spirez] doc saved: 03_7e7c2f78.pdf (1244 KB)
[14:16:19] [spirez] doc saved: 02_a6baf5a6.pdf (668 KB)
[14:16:19] [spirez] doc saved: 10_a545597e.pdf (849 KB)
[14:16:19] [spirez] doc saved: 17_9c2acf27.pdf (7968 KB)
[14:16:20] [spirez] doc saved: 16_743bc163.pdf (1699 KB)
[14:16:20] [spirez] doc saved: 11_79a540a5.pdf (4522 KB)
[14:16:20] [spirez] doc saved: 06_c9c92202.pdf (1070 KB)
[14:16:20] [spirez] doc saved: 09_a506c4c1.pdf (1575 KB)
[14:16:20] [spirez] doc saved: 00_fc8544bf.pdf (628 KB)
[14:16:20] [spirez] doc saved: 13_9d2a174a.pdf (897 KB)
[14:16:21] [spirez] doc saved: 08_be4783a9.pdf (1222 KB)
[14:16:21] [spirez] doc saved: 01_c475b07b.pdf (846 KB)
[14:16:21] [spirez] doc saved: 14_bd0b76e9.pdf (1644 KB)
[14:16:21] [spirez] doc saved: 18_d674f92b.pdf (3422 KB)
[14:16:22] [spirez] doc saved: 07_63ebbc0b.pdf (1075 KB)
[14:16:22] [spirez] doc saved: 04_4f50d4ec.pdf (1921 KB)
[14:16:22] [spirez] doc saved: 12_f69b2ad4.pdf (836 KB)
[14:16:22] [spirez] doc saved: 15_304715a6.pdf (859 KB)
[14:16:22] [spirez] doc saved: 05_9dff240f.pdf (2544 KB)
[14:16:22] [spirez] doc saved: 14-15_872d7ed9.pdf (228 KB)
[14:16:22] [spirez] doc saved: 22-23_77ef1264.pdf (267 KB)
[14:16:22] [spirez] doc saved: 21_f2208def.pdf (132 KB)
[14:16:23] [spirez] doc saved: 1_a7b785ce.pdf (126 KB)
[14:16:23] [spirez] doc saved: 18-19_77a610cc.pdf (252 KB)
[14:16:23] [spirez] doc saved: 16-17_4963e567.pdf (255 KB)
[14:16:23] [spirez] doc saved: 10-11_8ff61d82.pdf (235 KB)
[14:16:23] [spirez] doc saved: 2-3_5e884a4b.pdf (248 KB)
[14:16:23] [spirez] doc saved: 26-27_25f44636.pdf (262 KB)
[14:16:23] [spirez] doc saved: 24-25_de6d6a60.pdf (239 KB)
[14:16:23] [spirez] doc saved: 28-33_79fb4325.pdf (687 KB)
[14:16:24] [spirez] doc saved: 12-13_b3104210.pdf (280 KB)
[14:16:24] [spirez] doc saved: 4-9_4ab3dc66.pdf (1012 KB)
[14:16:24] [spirez] doc saved: info_8164ea42.pdf (103 KB)
[14:16:24] [spirez] doc saved: 11_0587e6bb.pdf (1308 KB)
[14:16:25] [spirez] doc saved: 17_1469906c.pdf (1025 KB)
[14:16:25] [spirez] doc saved: 18_adebf9ab.pdf (4178 KB)
[14:16:25] [spirez] doc saved: 04_569831a5.pdf (2518 KB)
[14:16:25] [spirez] doc saved: 14_df83307f.pdf (3845 KB)
[14:16:26] [spirez] doc saved: 00_ca682324.pdf (608 KB)
[14:16:27] [spirez] doc saved: 06_48c6c930.pdf (1672 KB)
[14:16:27] [spirez] doc saved: 19_c8a4cfd7.pdf (3215 KB)
[14:16:27] [spirez] doc saved: 05_88fd65c8.pdf (1667 KB)
[14:16:27] [spirez] doc saved: 07_b522f5c7.pdf (3715 KB)
[14:16:27] [spirez] doc saved: 01_c9fe5c59.pdf (832 KB)
[14:16:27] [spirez] doc saved: 08_9d20e690.pdf (1114 KB)
[14:16:28] [zcks] doc saved: KURT-MEDRESELER-ZAHO-SIRNAK-3_0898067b.pdf (12737 KB)
[14:16:28] [spirez] doc saved: 02_bbaa6de3.pdf (629 KB)
[14:16:28] [spirez] doc saved: 10_d3d19ffd.pdf (2796 KB)
[14:16:28] [spirez] doc saved: 15_bd0c2fdc.pdf (682 KB)
[14:16:28] [spirez] doc saved: 03_8658cdec.pdf (1225 KB)
[14:16:28] [spirez] doc saved: 09_d1704561.pdf (2620 KB)
[14:16:29] [spirez] doc saved: 16_5271e97b.pdf (1022 KB)
[14:16:29] [spirez] doc saved: 13_9b78968d.pdf (1476 KB)
[14:16:29] [spirez] doc saved: 12_4558828f.pdf (849 KB)
[14:16:29] [spirez] doc saved: 6-7_dce15e79.pdf (253 KB)
[14:16:29] [spirez] doc saved: 1_c59b6ce8.pdf (98 KB)
[14:16:29] [spirez] doc saved: 11-12_74421fd7.pdf (265 KB)
[14:16:30] [spirez] doc saved: 8_42a4381c.pdf (121 KB)
[14:16:30] [spirez] doc saved: 28-33_41201e64.pdf (703 KB)
[14:16:30] [spirez] doc saved: ciwan_c4227c1c.pdf (116 KB)
[14:16:30] [spirez] doc saved: 9_17b58cf2.pdf (150 KB)
[14:16:30] [spirez] doc saved: 2-3_7b504ed4.pdf (280 KB)
[14:16:30] [spirez] doc saved: 14-15_8e06c304.pdf (319 KB)
[14:16:30] [spirez] doc saved: 13_ccb7c4f2.pdf (119 KB)
[14:16:31] [spirez] doc saved: 23_561a7cc3.pdf (165 KB)
[14:16:31] [spirez] doc saved: 22_4c6be3bb.pdf (128 KB)
[14:16:31] [spirez] doc saved: 26-27_495be0e8.pdf (273 KB)
[14:16:31] [spirez] doc saved: 10_1e29a4c0.pdf (119 KB)
[14:16:31] [spirez] doc saved: 24-25_6e6d6d62.pdf (212 KB)
[14:16:31] [spirez] doc saved: 20-21_c3471207.pdf (252 KB)
[14:16:32] [spirez] doc saved: 4-5_425231ed.pdf (266 KB)
[14:16:32] [zcks] doc saved: The-Kurdish-Traditional-Madrasa-in-the-Modern-and-Contemporary-Era-2_3e1eef2d.pdf (12810 KB)
[14:16:32] [spirez] doc saved: 38_78ec59e1.pdf (141 KB)
[14:16:32] [spirez] doc saved: 16-19_1d74ba2d.pdf (580 KB)
[14:16:32] [zcks] doc saved: مه_دره_سه_يێن-كوردى-ل-سه_رده_مێن-نوى-و-هه_ڤچه_رخ-2_be6da1e0.pdf (18618 KB)
[14:16:32] [spirez] doc saved: 37_8621dd9c.pdf (146 KB)
[14:16:32] [spirez] doc saved: 32_d1c3aa4a.pdf (171 KB)
[14:16:32] [spirez] doc saved: 4_1ed49063.pdf (170 KB)
[14:16:32] [spirez] doc saved: 28_667a4626.pdf (219 KB)
[14:16:32] [spirez] doc saved: 34-36_8fc5c991.pdf (360 KB)
[14:16:33] [zcks] doc saved: ڕۆلێ-هه_ڤتێكستیێ-و-جۆرێن-وێ-د-ئاڤاكرنا-تێكستێ-هوزانا-كرمانجیا-ژووریدا_4c2cd84c.pdf (6850 KB)
[14:16:33] [spirez] doc saved: 8_3b87cb9e.pdf (150 KB)
[14:16:33] [spirez] doc saved: 12-13_15fcc1fd.pdf (387 KB)
[14:16:33] [spirez] doc saved: 18-19_47f6620c.pdf (370 KB)
[14:16:33] [spirez] doc saved: 16-17_33600eca.pdf (389 KB)
[14:16:33] [spirez] doc saved: 27_b450050a.pdf (170 KB)
[14:16:33] [spirez] doc saved: 10-11_d52a7255.pdf (374 KB)
[14:16:33] [spirez] doc saved: 22_0fe358c8.pdf (190 KB)
[14:16:34] [spirez] doc saved: 20-21_71f82566.pdf (339 KB)
[14:16:34] [spirez] doc saved: 9_895e3eee.pdf (185 KB)
[14:16:34] [spirez] doc saved: 23_888a5647.pdf (124 KB)
[14:16:34] [spirez] doc saved: 39_4d8512ca.pdf (96 KB)
[14:16:34] [spirez] doc saved: 24-26_b21a968f.pdf (473 KB)
[14:16:35] [spirez] doc saved: 31_c61e38df.pdf (171 KB)
[14:16:35] [spirez] doc saved: 6-7_f9fd4274.pdf (298 KB)
[14:16:35] [spirez] doc saved: 2_5e514f1c.pdf (102 KB)
[14:16:35] [spirez] doc saved: 30_efdd3755.pdf (151 KB)
[14:16:35] [spirez] doc saved: 3_6f76b7ca.pdf (185 KB)
[14:16:35] [spirez] doc saved: 14-15_c44f1281.pdf (343 KB)
[14:16:35] [spirez] doc saved: 33_009fe510.pdf (148 KB)
[14:16:35] [spirez] doc saved: 5_d06e0cb6.pdf (154 KB)
[14:16:36] [spirez] doc saved: 29_3c2ce6a5.pdf (140 KB)
[14:16:36] [spirez] doc saved: 10-11_707c9353.pdf (275 KB)
[14:16:36] [spirez] doc saved: info_31068cad.pdf (109 KB)
[14:16:36] [spirez] doc saved: 14-15_5fe59f11.pdf (190 KB)
[14:16:36] [spirez] doc saved: 22-23_8020d9d4.pdf (320 KB)
[14:16:36] [spirez] doc saved: 1_2bf16e1c.pdf (139 KB)
[14:16:36] [spirez] doc saved: 4-9_cc38d893.pdf (842 KB)
[14:16:37] [spirez] doc saved: 18-20_13291e2b.pdf (429 KB)
[14:16:37] [spirez] doc saved: 16-17_fd5c6598.pdf (265 KB)
[14:16:37] [spirez] doc saved: 24-25_a86713b4.pdf (290 KB)
[14:16:37] [spirez] doc saved: 21_92aaaa95.pdf (148 KB)
[14:16:37] [spirez] doc saved: 28-33_30f32e28.pdf (708 KB)
[14:16:37] [zcks] doc saved: الـك_ــــــرد-بحوث-ودراسات-في-تاريخهم-الحديث-والمعاصر_fcf58905.pdf (9402 KB)
[14:16:37] [spirez] doc saved: 2-3_2f325303.pdf (284 KB)
[14:16:37] [spirez] doc saved: 26-27_1c753481.pdf (257 KB)
[14:16:38] [spirez] doc saved: 12-13_ca14a4ad.pdf (328 KB)
[14:16:38] [spirez] doc saved: 07_676caa54.pdf (1786 KB)
[14:16:38] [spirez] doc saved: 16_e8bc1f72.pdf (919 KB)
[14:16:39] [spirez] doc saved: 04_a4af7e49.pdf (2555 KB)
[14:16:39] [spirez] doc saved: 19_bc786e1f.pdf (4990 KB)
[14:16:39] [spirez] doc saved: 18_bfbcd6c8.pdf (1237 KB)
[14:16:39] [spirez] doc saved: 14_2be10a45.pdf (2304 KB)
[14:16:39] [spirez] doc saved: 02_309fe08e.pdf (635 KB)
[14:16:39] [spirez] doc saved: 01_e4137604.pdf (834 KB)
[14:16:39] [spirez] doc saved: 09_273d71f8.pdf (1690 KB)
[14:16:40] [spirez] doc saved: 10_a6a70672.pdf (1349 KB)
[14:16:40] [spirez] doc saved: 03_3d6df88d.pdf (1232 KB)
[14:16:40] [spirez] doc saved: 06_5511ad7e.pdf (3131 KB)
[14:16:40] [spirez] doc saved: 00_3aa85504.pdf (615 KB)
[14:16:40] [spirez] doc saved: 15_303c6109.pdf (971 KB)
[14:16:41] [spirez] doc saved: 20_6b89dbb1.pdf (5198 KB)
[14:16:41] [spirez] doc saved: 12_0643b92c.pdf (1488 KB)
[14:16:41] [spirez] doc saved: 11_7891c041.pdf (878 KB)
[14:16:41] [spirez] doc saved: 05_5accc0c8.pdf (3586 KB)
[14:16:41] [spirez] doc saved: 08_471e020d.pdf (2344 KB)
[14:16:42] [spirez] doc saved: 17_c80b1913.pdf (833 KB)
[14:16:42] [spirez] doc saved: 13_62b3cdd1.pdf (771 KB)
[14:16:42] [spirez] doc saved: 01_9531c6a6.pdf (252 KB)
[14:16:42] [spirez] doc saved: 09_8ca91760.pdf (482 KB)
[14:16:42] [spirez] doc saved: 12_0bcd0ad8.pdf (1258 KB)
[14:16:42] [spirez] doc saved: 19_636e383b.pdf (316 KB)
[14:16:42] [spirez] doc saved: 18_1b35da93.pdf (461 KB)
[14:16:42] [spirez] doc saved: 07_109ef478.pdf (277 KB)
[14:16:43] [spirez] doc saved: 03_63de3f9d.pdf (89 KB)
[14:16:43] [spirez] doc saved: 21_0dfc5e86.pdf (453 KB)
[14:16:43] [spirez] doc saved: 08_7d1a0e07.pdf (824 KB)
[14:16:43] [spirez] doc saved: 15_93cd6597.pdf (190 KB)
[14:16:43] [spirez] doc saved: 13_e44880e9.pdf (231 KB)
[14:16:43] [spirez] doc saved: 10_4118c785.pdf (618 KB)
[14:16:43] [spirez] doc saved: 06_f98b3bda.pdf (687 KB)
[14:16:43] [spirez] doc saved: 24_0e4fac39.pdf (390 KB)
[14:16:44] [spirez] doc saved: 02_92c4d675.pdf (425 KB)
[14:16:44] [spirez] doc saved: 20_3060de27.pdf (521 KB)
[14:16:44] [spirez] doc saved: 11_615393df.pdf (574 KB)
[14:16:44] [spirez] doc saved: 14_5fd55f7f.pdf (437 KB)
[14:16:44] [spirez] doc saved: 22_21b57ebd.pdf (250 KB)
[14:16:44] [spirez] doc saved: 23_c8d5ec10.pdf (200 KB)
[14:16:44] [spirez] doc saved: 16_2e32c99d.pdf (509 KB)
[14:16:44] [spirez] doc saved: 05_a9f7a8b3.pdf (798 KB)
[14:16:45] [spirez] doc saved: 17_b280f039.pdf (161 KB)
[14:16:45] [spirez] doc saved: 04_f6d840c3.pdf (73 KB)
[14:16:46] [spirez] doc saved: 134-152_e81b30a0.pdf (6540 KB)
[14:16:46] [spirez] doc saved: 108-111_bb41b143.pdf (4925 KB)
[14:16:47] [spirez] doc saved: 1_0951ba0a.pdf (5735 KB)
[14:16:47] [spirez] doc saved: 68-78_e6b63732.pdf (7676 KB)
[14:16:49] [spirez] doc saved: 103-107_c4f61aa0.pdf (5506 KB)
[14:16:49] [zcks] doc saved: Test.svg__3df08190.pdf (151 KB)
[14:16:49] [spirez] doc saved: 8-24_f7dc34b7.pdf (7517 KB)
[14:16:49] [spirez] doc saved: 123-133_95f63dc7.pdf (5735 KB)
[14:16:49] [spirez] doc saved: 50-67_a36de131.pdf (7426 KB)
[14:16:53] [spirez] doc saved: 116-118_5cf6453c.pdf (5495 KB)
[14:16:53] [spirez] doc saved: 25-34_b695d40f.pdf (7429 KB)
[14:16:54] [spirez] doc saved: 35-49_0f056506.pdf (6309 KB)
[14:16:54] [zcks] doc saved: CONFRANCE-PROGRAM-FARSI-1_edf06d99.pdf (10548 KB)
[14:16:55] [spirez] doc saved: 3-7_5c0e1744.pdf (8025 KB)
[14:16:55] [zcks] doc saved: CONFRANCE-PROGRAM-KURDISH-1_ab423f70.pdf (10660 KB)
[14:16:56] [spirez] doc saved: 96-102_c0885741.pdf (5045 KB)
[14:16:57] [spirez] doc saved: 112-113_717bee10.pdf (5169 KB)
[14:16:57] [spirez] doc saved: 121-122_ad5bfe56.pdf (4850 KB)
[14:16:57] [zcks] doc saved: CONFRANCE-PROGRAM-ARABIC-1_3f8abb2b.pdf (10531 KB)
[14:16:58] [zcks] doc saved: CONFRANCE-PROGRAM-TIRKISH-1_0646ec78.pdf (10354 KB)
[14:17:00] [spirez] doc saved: 2_50ff45ca.pdf (6276 KB)
[14:17:00] [spirez] doc saved: 95_8db31921.pdf (4960 KB)
[14:17:00] [zcks] doc saved: CONFRANCE-PROGRAM-ENGLISH-1_77882889.pdf (10413 KB)
[14:17:00] [spirez] doc saved: 114-115_eeea4a19.pdf (4713 KB)
[14:17:00] [spirez] doc saved: 79-94_d0067f3d.pdf (8630 KB)
[14:17:00] [zcks] doc saved: ڤه_ڕه_ڤاندنا-مژداریێ-ب-ڕێكا-كه_رستێن-نه_كه_رتی_12a6b4e9.pdf (6436 KB)
[14:17:02] [spirez] doc saved: 119-120_9a235cb7.pdf (5151 KB)
[14:17:02] [spirez] doc saved: 73-77_3d2b4992.pdf (3306 KB)
[14:17:02] [spirez] doc saved: 92-93_cf586560.pdf (4390 KB)
[14:17:02] [zcks] doc saved: 18-ڕه_نگدانه_وه_ى-ئه_فسانه_ى-شاماران-له_-تابلۆكانى-ئاغاله_دا_89b47de6.pdf (2247 KB)
[14:17:02] [zcks] doc saved: المـــــرأة-الـــك_ـــــرديــة-ودورها-في-خدمة-الحديث-النبوي-الشريف-من-القرن6-9هـ12-15م_0339982e.pdf (4807 KB)
[14:17:02] [spirez] doc saved: 86-87_b8846dc9.pdf (2931 KB)
[14:17:03] [spirez] doc saved: 67_b17f5ca7.pdf (3068 KB)
[14:17:03] [zcks] doc saved: المقدمە_3e35852f.pdf (457 KB)
[14:17:03] [spirez] doc saved: 15-27_52c91238.pdf (3310 KB)
[14:17:03] [zcks] doc saved: 39-دوانەی-ڕێگر-و-یاریدەدەر-لە-گێڕانەوەناسیی-گریماس_داکوڕەکەچەڵ-لە-ئەفسانەی-کوردیدا-بە-نموونە_1e731667.pdf (1437 KB)
[14:17:04] [spirez] doc saved: 91_9f031997.pdf (2988 KB)
[14:17:04] [spirez] doc saved: 82-83_a1d4fee5.pdf (2975 KB)
[14:17:04] [spirez] doc saved: 84-85_2ee887e5.pdf (2528 KB)
[14:17:04] [zcks] doc saved: 44-كسر-البيضة-الكونية-دراسة-مقارنة-بين-اسطورة-الخلق-الصينية-والايزيدية_619688a0.pdf (1682 KB)
[14:17:04] [spirez] doc saved: 62-66_61f470e9.pdf (3168 KB)
[14:17:05] [spirez] doc saved: 88-90_fcada3eb.pdf (3039 KB)
[14:17:05] [zcks] doc saved: 9-خواندنەکا-ڕەخنەیی-بۆ-ئەفساناکولۆخک-ل-دویڤ-بنەمایێن-تیۆرا-ڕەخنەیا-ئەفسانەیی_52b9476e.pdf (1251 KB)
[14:17:05] [spirez] doc saved: naverok_6b0a48be.pdf (2902 KB)
[14:17:05] [spirez] doc saved: 96_74c1f518.pdf (2805 KB)
[14:17:06] [zcks] doc saved: 12-تایبه_تمه_ندییه_كانی-ئه_فسانه_ی-كوردیی-خۆراسان_cf2ecfc5.pdf (1483 KB)
[14:17:06] [zcks] doc saved: 15-ڕۆلێ-گيانه_وه_ران-د-پێشدا_برنا-ڕويدانێن-ئه_فسانه_يا-فۆلكلۆرييا-كورديدا-ئه_فسانه_يا-ده_روێش-و-حاكم-وه_ك-نموونه_5581f0c7.pdf (1248 KB)
[14:17:06] [spirez] doc saved: 28-36_90563ae5.pdf (4928 KB)
[14:17:06] [spirez] doc saved: 00_08c8e9aa.pdf (2778 KB)
[14:17:07] [zcks] doc saved: 54-Heroism-in-Aeschyluss-Prometheus-Bound-and-Ferdowsis-Shahnameh-Kawa-the-Blacksmith_62f8a0db.pdf (1259 KB)
[14:17:07] [zcks] doc saved: 38-شیکردنەوەی-شێوازی-بەکارهێنانی-زمان-لە-دەقی-ئەفسانەی-کوردی-ئەفسانەی-سەلیمی-جەوهەریی-بە-نموونە_9e2e845f.pdf (1489 KB)
[14:17:07] [zcks] doc saved: 20-ئەفسانەی-کوردیی-شاماران-لە-ڕوانگەی-ئارکیتایپەکانی-کارڵ-گۆستاڤ-یۆنگەوە-لێكولينه_وه_يه_كى-ده_رونشيكارى_9323fc41.pdf (1531 KB)
[14:17:08] [spirez] doc saved: 37-49_a9b6aa6a.pdf (4306 KB)
[14:17:08] [zcks] doc saved: 23-خێر-و-شەڕ-د-ئەفسانەیا-ئه_و-مریێ-خزمه_تا-ساخان-كرى-دا-ل-گۆرەی-ئۆلا-ئێزدییان-و-چەمکێن-دەروونییێن-کارل-گۆستاڤ-یۆنگ_4049c64e.pdf (1547 KB)
[14:17:08] [zcks] doc saved: پێشگوتن_01f26462.pdf (1756 KB)
[14:17:08] [zcks] doc saved: 37-نه_خشه_كرنا-میتافۆرێن-چه_مكییێن-ده_مى-د_-ئه_فسانه_یێن-كوردیدا_acc89b2f.pdf (1548 KB)
[14:17:08] [spirez] doc saved: 68-72_7e8c68f2.pdf (3445 KB)
[14:17:09] [spirez] doc saved: 107-128_830d7c76.pdf (6141 KB)
[14:17:09] [spirez] doc saved: 97-106_27fa2f14.pdf (4938 KB)
[14:17:09] [zcks] doc saved: 24-سیما-و-دەرکەوتەکانی-ئایین-لە-نێو-ئەفسانەی-کوردیدا_0322aa8a.pdf (1345 KB)
[14:17:09] [zcks] doc saved: 29-ئەفسانە-له-نێو-جووەكان-له-هەرێمی-كوردستان_7d99cb2a.pdf (1868 KB)
[14:17:10] [spirez] doc saved: 6-14_fa5f5e2f.pdf (7432 KB)
[14:17:10] [spirez] doc saved: 94-95_5c8d2112.pdf (3046 KB)
[14:17:10] [zcks] doc saved: 35-کاریگەری-وڕەنگدانەوەی-ئەفسانەی-ئۆدیب-لەسەر-ئەفسانەی-شاعەباس-وچارەنوسی-کوردی-شێوەزاری-لوڕیدا_cb992a4e.pdf (1283 KB)
[14:17:10] [spirez] doc saved: 50-61_ae367d10.pdf (3424 KB)
[14:17:10] [spirez] doc saved: 78-81_0fcb1f8e.pdf (3476 KB)
[14:17:11] [zcks] doc saved: 22-دەرکەوتەکانى-ئەنیما-و-ئەنیمۆس-لە-حەکایەتى-کورديدا_8f16c98b.pdf (832 KB)
[14:17:11] [spirez] doc saved: 00_59e194e5.pdf (613 KB)
[14:17:12] [spirez] doc saved: 5_033f83e7.pdf (3485 KB)
[14:17:12] [spirez] doc saved: 07_2558432d.pdf (2588 KB)
[14:17:12] [zcks] doc saved: 31-پێشدادییێن-زاگروسی-و-کەیانییێن-میدیهەڤبەندیا-ئەفسانەیا-گەلێن-ئیرانی-دگەل-دیرۆکا-دێرینا-کوردستانێ_356cc663.pdf (1354 KB)
[14:17:12] [spirez] doc saved: 01_21750e42.pdf (876 KB)
[14:17:12] [spirez] doc saved: 05_66a283dc.pdf (6845 KB)
[14:17:12] [spirez] doc saved: 09_61ac9f0a.pdf (1166 KB)
[14:17:13] [zcks] doc saved: 28-ڕۆڵی-ئەفسانە-لە-پاراستنی-مێژوو-و-کەلەپووری-کۆنی-کوردی_8fe9bd7a.pdf (1405 KB)
[14:17:13] [spirez] doc saved: 06_b003e6e8.pdf (2131 KB)
[14:17:13] [spirez] doc saved: 08_f9dc10f7.pdf (1716 KB)
[14:17:13] [spirez] doc saved: 03_58f06861.pdf (2521 KB)
[14:17:13] [spirez] doc saved: 14_00d0311c.pdf (835 KB)
[14:17:13] [zcks] doc saved: 25-ئه_فسانه_یا-ساخكرنا-مریان-ل-په_یى-ئه_ده_بیاتا-ئێزدیان_38cbd952.pdf (1685 KB)
[14:17:13] [spirez] doc saved: 10_0f051be5.pdf (1054 KB)
[14:17:13] [spirez] doc saved: 11_b3b1403d.pdf (1397 KB)
[14:17:14] [spirez] doc saved: 13_c6a11f2b.pdf (780 KB)
[14:17:15] [spirez] doc saved: 15_40ecbb45.pdf (1036 KB)
[14:17:15] [zcks] doc saved: 47-دور-الأسطورة-في-الحفاظ-على-هوية-اللغات-الأساطير-الكوردية-نموذجا_092a2f13.pdf (1470 KB)
[14:17:15] [zcks] doc saved: 11-ئه_زموون-و-بنیاتی-وێنه_ی-ئاوه_زی-له_-ئه_فسانه_ی-كوردیدائه_فسانه_كانی-شه_وی-گاڤاره_وه_كۆڵ-و-چه_ند-ئه_فسانه_یه_كی-__86f6d6db.pdf (1685 KB)
[14:17:15] [zcks] doc saved: 52-MOTIFEN-JINE-U-YEN-DINI-DI-EFSANEYA-SAHMARANE-DE_42f56a1a.pdf (729 KB)
[14:17:15] [spirez] doc saved: 16_4842eb90.pdf (3446 KB)
[14:17:15] [zcks] doc saved: 49-ریخت_-شناسی-افسانة-فولکلور-بی_بی-سه_شنبه-براساس-دیدگاه-پراپ-و-عجین-شدن-آن-با-باورهای-مذهبی-کردهای-کلهر-کرمانشاه_7c1eaaf1.pdf (1546 KB)
[14:17:15] [spirez] doc saved: 04_b1f53151.pdf (2155 KB)
[14:17:15] [zcks] doc saved: 27-کاریگەریی-ئەفسانەی-ڕۆدۆپیسی-میسڕی-کۆن-لەسەر-ئەفسانەی-دادە-ماسیی-زاری-لوڕیی-کوردیدا-توێژینەوەیەکی-بەراوردی-ئەدەبییە-_56aa67e8.pdf (1190 KB)
[14:17:16] [zcks] doc saved: 51-Miqayesekirina-Mitosa-Afirandine-ya-Ezidiyan-bi-Qurana-Piroz-ra_bddb42c3.pdf (997 KB)
[14:17:16] [zcks] doc saved: 55-ZEMBILFROS-EFSANESINDEKI-MOTIFLERIN-HZ.-YUSUF-KISSASIYLA-MUKAYESESI_8daf3a25.pdf (990 KB)
[14:17:16] [spirez] doc saved: 02_a059d44d.pdf (1291 KB)
[14:17:16] [spirez] doc saved: 12_278ed0a9.pdf (2173 KB)
[14:17:16] [spirez] doc saved: 17_cf73e2e0.pdf (7667 KB)
[14:17:16] [spirez] doc saved: 3_76fafbef.pdf (1552 KB)
[14:17:16] [zcks] doc saved: 3-کووردیلمونکی-ئەفسانەی-بەهەشتی-سۆمەری_7844c9b6.pdf (1440 KB)
[14:17:16] [spirez] doc saved: 1_299b6b45.pdf (687 KB)
[14:17:17] [zcks] doc saved: 6-ئیستاتیکایا-رویدانێ-د-ئەفسانەیا-کوردیدا-ئەفسانەیا-لاوێ-بەهدینی-وەک-نمونە_bff00efe.pdf (1318 KB)
[14:17:17] [spirez] doc saved: 5_f02f16a6.pdf (2866 KB)
[14:17:17] [zcks] doc saved: 14-بنەمایێن-ئەفسانەیی-د-داستانا-شێخێ-سەنعانییا-فەقیێ-تەیراندا-ل-دویڤ-پیڤەرێن-میرچا-ئیلیادەیی_1c489671.pdf (811 KB)
[14:17:17] [spirez] doc saved: 2_9a8ae14f.pdf (286 KB)
[14:17:18] [zcks] doc saved: 46-إنعكاس-الصراعات-علی-الأساطیر-الكوردستانیة-القدیمة-الأساطیرالحوریة-المیتانیة-انموذجأ-نظرة-تحليلية_962bf73f.pdf (1487 KB)
[14:17:18] [spirez] doc saved: 11_ee3c7131.pdf (4861 KB)
[14:17:18] [zcks] doc saved: 30-ڕه_هه_نده_-ئه_فسانه_ییه_كانی-حیكایه_تی-زوحاك-و-كاوه_ی-ئاسنگه_ر_094cb4e9.pdf (1162 KB)
[14:17:18] [spirez] doc saved: 4_d1bced76.pdf (7657 KB)
[14:17:18] [spirez] doc saved: 8_73924aaa.pdf (2281 KB)
[14:17:18] [zcks] doc saved: 10-جوانناسى-خەیاڵ-لە-ئەفسانەى-کوردیدائەفسانەکانى-سیحر-وجادوو-بەنموونە_afa433bb.pdf (1132 KB)
[14:17:19] [spirez] doc saved: 13_82b0427a.pdf (1301 KB)
[14:17:19] [spirez] doc saved: 9_59038f99.pdf (2227 KB)
[14:17:19] [zcks] doc saved: 4-ئەفسانەی-کوردی-وەک-هەنگاوی-یەکەم-بەرەو-بەهەشتی-سۆمەری_fd67556d.pdf (948 KB)
[14:17:19] [spirez] doc saved: 14_fcd1b959.pdf (217 KB)
[14:17:19] [spirez] doc saved: 12_2d93487a.pdf (3751 KB)
[14:17:20] [zcks] doc saved: 45-أسطورة-الخلق-في-الديانة-الزردشتية_c14010a0.pdf (1796 KB)
[14:17:20] [zcks] doc saved: 7-ئەفسانە-و-جێگرەوەی-ئەفسانە-لە-حیکایەتی-کوردیدا_1250b226.pdf (1231 KB)
[14:17:20] [zcks] doc saved: 21-لایه_نێ-ئه_فسانه_یی-د-حیكایه_تا-فۆلكلۆریا-كوردیدا-ل-دویڤ-تیورا-ده_روونشیكاریا-یونگی_-چیرۆكا-خه_ونا-خونكاری-وه_ك-نموونه__e7ee1f5b.pdf (1305 KB)
[14:17:21] [zcks] doc saved: 19-ئەفسانا-شاهماران-دناڤبەرا-ڤەگێڕانێن-كوردی-و-نەتەوێن-دیدا-ڤه_كۆلينه_كا-به_راوردكارى_889ce788.pdf (847 KB)
[14:17:21] [zcks] doc saved: 8-تێما-لە-ئەفسانەی-کوردیدا-هێلکەی-نامێبە-نموونە_0981b91b.pdf (1272 KB)
[14:17:21] [spirez] doc saved: 10_1ea6e063.pdf (4421 KB)
[14:17:21] [zcks] doc saved: 1-مۆدیلا-تاکگەراییا-قەهرەمانا-ژن-د-ئەفسانەیا-دندک-هنارێدا-ل-دویڤ-مۆدێلا-مۆرێن-مۆرداکێ_5916b934.pdf (1716 KB)
[14:17:21] [spirez] doc saved: 04_2179e542.pdf (3013 KB)
[14:17:22] [zcks] doc saved: 41-ڕەنگ-لە-کۆمەڵە-ئەفسانەی-هێلکەی-نامێدا-لێکۆڵینەوەیەکی-زمانەوانییە_c8e54384.pdf (1407 KB)
[14:17:22] [spirez] doc saved: 03_139eff19.pdf (1369 KB)
[14:17:22] [zcks] doc saved: داستانا-كه_لا-دمدم-و-خانێ-له_پزێرین-ڤه_كۆلینه_كا-ئه_ده_بی-و-دیرۆكی_00d40aa6.pdf (4670 KB)
[14:17:23] [zcks] doc saved: 43-المرأة-في-الاساطيرالكوردستانية-القديمة_ad655306.pdf (1453 KB)
[14:17:23] [spirez] doc saved: 18_4ab46451.pdf (6423 KB)
[14:17:23] [spirez] doc saved: 05_a9b9cacf.pdf (919 KB)
[14:17:23] [spirez] doc saved: 7_9e9830e1.pdf (6746 KB)
[14:17:23] [zcks] doc saved: بونیادگه_رییا-پێكهاته_یی-و-پراكتیزه_كرنا-ئه_وێ-ل-سه_ر-رۆمانا-ئالێ-دی-یێ-پرێ_36213313.pdf (4623 KB)
[14:17:23] [spirez] doc saved: 01_54b67e76.pdf (859 KB)
[14:17:23] [zcks] doc saved: 36-ئه_فسانه_یا-نه_ژادێ-كوردى-د-په_رتووكێن-زانا-و-نڤیسه_ر-و-دیرۆكناساندا_-ڤه_كۆلینه_كا-مێژوویى-ره_خنه_یى-شرۆڤه_كارى_5d6b8831.pdf (1726 KB)
[14:17:24] [spirez] doc saved: 11_8dfdb848.pdf (854 KB)
[14:17:24] [zcks] doc saved: 53-Jinavecuna-Hin-Bir-Baweri-u-Agahiyen-Diroki-yen-Kurmancen-Xerzan-ji-ber-Windabuna-Efsaneyen-Wan_856eede3.pdf (1166 KB)
[14:17:24] [spirez] doc saved: 09_c2c9daef.pdf (933 KB)
[14:17:24] [zcks] doc saved: 48-الأسطورة-والتاريخ-والأنساق-الذهنية-الأخرى-بلاد-ما-بين-النهرين-نموذجا__52f5834a.pdf (1420 KB)
[14:17:24] [spirez] doc saved: 12_86e0b7c7.pdf (749 KB)
[14:17:24] [spirez] doc saved: 19_97362b4c.pdf (3670 KB)
[14:17:24] [spirez] doc saved: 14_96f45e7d.pdf (1024 KB)
[14:17:24] [spirez] doc saved: 00_18b469ef.pdf (624 KB)
[14:17:24] [zcks] doc saved: 5-تراژیدیای-ناشادیی-بوونایەتیی-لە-نێوان-مەم-و-زینی-خانی-و-ئەفسانەی-تراژیدی-یۆنانێدا_80f293e4.pdf (1455 KB)
[14:17:24] [zcks] doc saved: 33-ئەفسانەیا-ئاڤاڕەش-تۆفانـێ-د-ئەدەبییاتا-ئۆلا-ئێزدییاندا_ddcd5a6b.pdf (1430 KB)
[14:17:25] [zcks] doc saved: 32-ئافراندنا-کنیاتێ-دناڤبەرا-ئەفسانە-و-باوەرییێن-ئۆلیدا-قەولێ-زەبوونێ-دل-مەکسوور-و-شێخوبەکر-وەکو-نموونە_c024c1a0.pdf (1257 KB)
[14:17:25] [spirez] doc saved: 16_4ce8bc41.pdf (1779 KB)
[14:17:25] [spirez] doc saved: 08_dcc47228.pdf (1205 KB)
[14:17:25] [spirez] doc saved: 02_88c96f31.pdf (675 KB)
[14:17:25] [zcks] doc saved: 2گەشتی-پاڵەوان-لە-ئەفسانەی-ئینانا-و-شاماراندا_eb5bc593.pdf (1347 KB)
[14:17:25] [zcks] doc saved: introduction-_572c5f8a.pdf (871 KB)
[14:17:26] [spirez] doc saved: 15_bbf993d4.pdf (791 KB)
[14:17:26] [spirez] doc saved: 06_0e6a4aee.pdf (3596 KB)
[14:17:26] [zcks] doc saved: 17-نواندنا-دوالیزما-ئەنیما-و-ئەنیمۆس-د-ئەفسانەیا-شاهمارانێدا_c7752f07.pdf (1661 KB)
[14:17:26] [zcks] doc saved: 26-پەنابردن-بۆ-چاک-و-شەخس-وەکو-پاشماوەی-بیری-ئەفسانەیی_87be2354.pdf (1572 KB)
[14:17:26] [zcks] doc saved: 40-ئەفسانەی-شێخ-فەرخ-و-خاتوون-ئەستی-لەڕووی-فۆنۆلۆژی_-مورفۆلۆژی_-سینتاکس-و-سیمانتیکسدا_d9764767.pdf (1182 KB)
[14:17:26] [spirez] doc saved: 07_2a1e5df3.pdf (2884 KB)
[14:17:27] [zcks] doc saved: 42-الروايات-الاسطورية-للأصل-الكوردي-دراسة-نقدية-تحليلية_4fa2da7c.pdf (1009 KB)
[14:17:27] [spirez] doc saved: 10_7e25ea21.pdf (4808 KB)
[14:17:27] [spirez] doc saved: 17_9109585d.pdf (1406 KB)
[14:17:27] [spirez] doc saved: 4-5_df5d7dca.pdf (327 KB)
[14:17:27] [spirez] doc saved: 13_d17ae019.pdf (3901 KB)
[14:17:27] [spirez] doc saved: 28-29_e35fbfff.pdf (297 KB)
[14:17:27] [spirez] doc saved: 10-11_917136e6.pdf (388 KB)
[14:17:27] [spirez] doc saved: 16-17_9aa5a05d.pdf (341 KB)
[14:17:27] [spirez] doc saved: 6-9_b5e4e20a.pdf (682 KB)
[14:17:28] [zcks] 100 pages, 86 docs, queue=584
[14:17:28] [spirez] doc saved: 12-13_20ac0285.pdf (204 KB)
[14:17:28] [spirez] doc saved: 38_e49792d0.pdf (121 KB)
[14:17:28] [spirez] doc saved: 22-23_cf38b008.pdf (286 KB)
[14:17:28] [spirez] doc saved: 3_6ac60a00.pdf (155 KB)
[14:17:28] [spirez] doc saved: 24-25_b15f225a.pdf (299 KB)
[14:17:28] [zcks] doc saved: 50-بازتاب-اسطوره-در-ادبیات-فولکلور-کردی_1984eeeb.pdf (1323 KB)
[14:17:28] [spirez] doc saved: 34-35_a6e91534.pdf (130 KB)
[14:17:28] [spirez] doc saved: 14-15_6622a252.pdf (275 KB)
[14:17:28] [spirez] doc saved: 40-41_7acbfa7b.pdf (220 KB)
[14:17:29] [spirez] doc saved: 20_e6976598.pdf (136 KB)
[14:17:29] [spirez] doc saved: 42_fe45f36d.pdf (140 KB)
[14:17:29] [zcks] doc saved: 13-بنەما-هونەرییەکانی-ئەفسانەی-کوردی-بەنموونەی-چەند-ئەفسانەیەکی-ناوچەی-پشدەر_e58bce03.pdf (1135 KB)
[14:17:29] [spirez] doc saved: 36-37_b91c79b7.pdf (237 KB)
[14:17:29] [spirez] doc saved: 32-33_8cb78f8f.pdf (201 KB)
[14:17:29] [spirez] doc saved: 21_41539a8b.pdf (134 KB)
[14:17:29] [spirez] doc saved: 26-27_a9e40598.pdf (245 KB)
[14:17:29] [spirez] doc saved: 18-19_7142c392.pdf (312 KB)
[14:17:29] [spirez] doc saved: 2_c3abc3fe.pdf (184 KB)
[14:17:30] [zcks] doc saved: 16-کۆتر-وەک-هێما-د-ئەفسانەیێن-کوردیدا_23234498.pdf (1573 KB)
[14:17:30] [spirez] doc saved: 39_93a1667b.pdf (138 KB)
[14:17:30] [spirez] doc saved: 30-31_e0fcacfa.pdf (287 KB)
[14:17:30] [spirez] doc saved: 43_f0774eb7.pdf (188 KB)
[14:17:30] [spirez] doc saved: 33_2ba245b6.pdf (136 KB)
[14:17:30] [spirez] doc saved: 14_38407800.pdf (135 KB)
[14:17:30] [spirez] doc saved: 34-35_57cc9457.pdf (288 KB)
[14:17:30] [spirez] doc saved: 16-17_aecec982.pdf (246 KB)
[14:17:30] [spirez] doc saved: 39_5e89dd6e.pdf (193 KB)
[14:17:31] [spirez] doc saved: 24-25_a3f77ef2.pdf (294 KB)
[14:17:31] [spirez] doc saved: 6-9_38ab75f1.pdf (551 KB)
[14:17:31] [spirez] doc saved: 20-21_d6c365fb.pdf (319 KB)
[14:17:31] [spirez] doc saved: 3_8beeaead.pdf (160 KB)
[14:17:31] [spirez] doc saved: 15_fb95f72b.pdf (138 KB)
[14:17:31] [spirez] doc saved: 30-31_270a6d88.pdf (222 KB)
[14:17:31] [spirez] doc saved: 28-29_5aa003d8.pdf (279 KB)
[14:17:31] [spirez] doc saved: 32_eb173c46.pdf (142 KB)
[14:17:32] [spirez] doc saved: 38_3eebd066.pdf (168 KB)
[14:17:32] [spirez] doc saved: 26-27_67d241be.pdf (363 KB)
[14:17:32] [spirez] doc saved: 36-37_7d6deca2.pdf (174 KB)
[14:17:32] [spirez] doc saved: 2_4864e08b.pdf (192 KB)
[14:17:32] [spirez] doc saved: 10-11_8a6018a5.pdf (398 KB)
[14:17:32] [spirez] doc saved: 22-23_736580a8.pdf (328 KB)
[14:17:32] [spirez] doc saved: 12-13_6326a15d.pdf (303 KB)
[14:17:32] [spirez] doc saved: 4-5_02a138a9.pdf (329 KB)
[14:17:33] [spirez] doc saved: 18-19_d8905855.pdf (330 KB)
[14:17:33] [spirez] doc saved: 36-37_ee8624af.pdf (213 KB)
[14:17:33] [spirez] doc saved: 2_89c959a8.pdf (175 KB)
[14:17:33] [spirez] doc saved: 6-9_245d0a7c.pdf (634 KB)
[14:17:33] [spirez] doc saved: 28-29_9331231d.pdf (316 KB)
[14:17:33] [spirez] doc saved: 33_08027566.pdf (145 KB)
[14:17:33] [spirez] doc saved: 10-11_2724d019.pdf (362 KB)
[14:17:33] [spirez] doc saved: 38_96134a8d.pdf (147 KB)
[14:17:34] [spirez] doc saved: 34-35_5c091050.pdf (274 KB)
[14:17:34] [spirez] doc saved: 3_a5998692.pdf (162 KB)
[14:17:34] [spirez] doc saved: 18-19_62e83e32.pdf (369 KB)
[14:17:34] [spirez] doc saved: 32_95bdf2f6.pdf (139 KB)
[14:17:34] [spirez] doc saved: 30-31_05587dac.pdf (237 KB)
[14:17:34] [spirez] doc saved: 26-27_81eff8c9.pdf (344 KB)
[14:17:34] [spirez] doc saved: 22-23_99b682e0.pdf (302 KB)
[14:17:34] [spirez] doc saved: 12-13_81dd7653.pdf (277 KB)
[14:17:35] [spirez] doc saved: 4-5_17a0f90c.pdf (329 KB)
[14:17:35] [spirez] doc saved: 16-17_33f51975.pdf (272 KB)
[14:17:35] [spirez] doc saved: 14_2a3a6bb9.pdf (137 KB)
[14:17:35] [spirez] doc saved: 15_abb7d9ed.pdf (141 KB)
[14:17:35] [spirez] doc saved: 39_86b13ba4.pdf (180 KB)
[14:17:35] [spirez] doc saved: 24-25_7c6ab551.pdf (275 KB)
[14:17:35] [spirez] doc saved: 20-21_a1f75b50.pdf (317 KB)
[14:17:35] [spirez] doc saved: 8-9_d66b73d9.pdf (726 KB)
[14:17:36] [spirez] doc saved: 10-11_b0ed3dc4.pdf (483 KB)
[14:17:36] [spirez] doc saved: 12-13_08b0d696.pdf (342 KB)
[14:17:36] [spirez] doc saved: 4-7_ebe51f42.pdf (1320 KB)
[14:17:36] [spirez] doc saved: 14-15_4314360e.pdf (387 KB)
[14:17:36] [spirez] doc saved: 18_c5382d24.pdf (193 KB)
[14:17:36] [spirez] doc saved: 3_e4975e65.pdf (158 KB)
[14:17:37] [spirez] doc saved: 9_6c5c6823.pdf (225 KB)
[14:17:37] [spirez] doc saved: 16-17_1f84e815.pdf (338 KB)
[14:17:37] [spirez] doc saved: 2_ee71307c.pdf (275 KB)
[14:17:37] [spirez] doc saved: 11_ab20f1e3.pdf (247 KB)
[14:17:37] [spirez] doc saved: 23_aba4d90e.pdf (222 KB)
[14:17:37] [spirez] doc saved: 20-22_a6ebd21b.pdf (634 KB)
[14:17:38] [spirez] doc saved: 10_6e97976b.pdf (214 KB)
[14:17:38] [spirez] doc saved: 15_48d20eb0.pdf (225 KB)
[14:17:38] [spirez] doc saved: 12-13_66c6a6fd.pdf (353 KB)
[14:17:38] [spirez] doc saved: 17_0fe5a19d.pdf (247 KB)
[14:17:38] [spirez] doc saved: 6-8_3634c0ef.pdf (750 KB)
[14:17:38] [spirez] doc saved: 14_e8b8f526.pdf (234 KB)
[14:17:38] [spirez] doc saved: 16_f842bd10.pdf (209 KB)
[14:17:39] [spirez] doc saved: 3_55f3da93.pdf (340 KB)
[14:17:39] [spirez] doc saved: 4-5_c3e6d86f.pdf (313 KB)
[14:17:39] [spirez] doc saved: 16_9d1647d5.pdf (196 KB)
[14:17:39] [spirez] doc saved: 18-19_ffa27904.pdf (408 KB)
[14:17:39] [spirez] doc saved: 11_1ffe6fc4.pdf (246 KB)
[14:17:40] [spirez] doc saved: 23_98c48e68.pdf (226 KB)
[14:17:40] [spirez] doc saved: 3_1dc215e4.pdf (337 KB)
[14:17:40] [spirez] doc saved: 10_98a8b0a1.pdf (211 KB)
[14:17:40] [spirez] doc saved: 9_4cd39760.pdf (205 KB)
[14:17:40] [spirez] doc saved: 15_83ed41a5.pdf (215 KB)
[14:17:40] [spirez] doc saved: 14_fb688183.pdf (248 KB)
[14:17:40] [spirez] doc saved: 4-5_fe8d1271.pdf (411 KB)
[14:17:41] [spirez] doc saved: 6-8_e56ea068.pdf (842 KB)
[14:17:41] [spirez] doc saved: 18-19_7d3f4d2e.pdf (414 KB)
[14:17:41] [spirez] doc saved: 2_04a77b23.pdf (275 KB)
[14:17:41] [spirez] doc saved: 12-13_0fb122cb.pdf (312 KB)
[14:17:41] [spirez] doc saved: 20-22_cb0d1aa3.pdf (519 KB)
[14:17:41] [spirez] doc saved: 2_b49ac47d.pdf (270 KB)
[14:17:42] [spirez] doc saved: 17_d9502158.pdf (251 KB)
[14:17:42] [spirez] doc saved: 16-17_b6dc9659.pdf (483 KB)
[14:17:42] [spirez] doc saved: 14-15_468ed551.pdf (458 KB)
[14:17:42] [spirez] doc saved: 19_ff30dbb3.pdf (257 KB)
[14:17:42] [spirez] doc saved: 12_d8bd0a03.pdf (254 KB)
[14:17:42] [spirez] doc saved: 13_56af59a7.pdf (225 KB)
[14:17:43] [spirez] doc saved: 10-11_0e5c891c.pdf (385 KB)
[14:17:43] [spirez] doc saved: 4-5_c994a92b.pdf (401 KB)
[14:17:43] [spirez] doc saved: 18_27a5065e.pdf (218 KB)
[14:17:43] [spirez] doc saved: 6-9_34a13abc.pdf (1073 KB)
[14:17:43] [zcks] doc saved: بارزان_f96078fe.pdf (45355 KB)
[14:17:43] [spirez] doc saved: 23_9c8a3b78.pdf (234 KB)
[14:17:43] [spirez] doc saved: 3_254410cd.pdf (342 KB)
[14:17:43] [spirez] doc saved: 9_2a32b3a5.pdf (222 KB)
[14:17:44] [spirez] doc saved: 16_b907ce47.pdf (193 KB)
[14:17:44] [spirez] doc saved: 15_35b0ae33.pdf (219 KB)
[14:17:44] [spirez] doc saved: 2_af36b344.pdf (232 KB)
[14:17:44] [spirez] doc saved: 12-13_3341bae0.pdf (353 KB)
[14:17:44] [spirez] doc saved: 11_fc89dc12.pdf (232 KB)
[14:17:45] [spirez] doc saved: 17_1475fbcc.pdf (260 KB)
[14:17:45] [spirez] doc saved: 18-19_d4febcf7.pdf (435 KB)
[14:17:45] [spirez] doc saved: 3_046dcea2.pdf (371 KB)
[14:17:45] [spirez] doc saved: 20-22_c4fe69f6.pdf (637 KB)
[14:17:45] [spirez] doc saved: 10_295db8b5.pdf (217 KB)
[14:17:45] [spirez] doc saved: 14_b79588c6.pdf (204 KB)
[14:17:46] [zcks] doc saved: 4_8ec60cd2.pdf (9736 KB)
[14:17:46] [spirez] doc saved: 4-5_eb7482f5.pdf (410 KB)
[14:17:46] [spirez] doc saved: 6-8_bae7e69c.pdf (720 KB)
[14:17:46] [spirez] doc saved: 17_61edb6c6.pdf (278 KB)
[14:17:46] [spirez] doc saved: 18-19_78986c4d.pdf (411 KB)
[14:17:46] [spirez] doc saved: 3_28c13959.pdf (364 KB)
[14:17:46] [spirez] doc saved: 6-9_b87a4c29.pdf (868 KB)
[14:17:46] [spirez] doc saved: 4-5_a7a97107.pdf (493 KB)
[14:17:47] [spirez] doc saved: 12-13_c8bcbdc9.pdf (362 KB)
[14:17:47] [spirez] doc saved: 14_d4ba711d.pdf (232 KB)
[14:17:47] [spirez] doc saved: 11_1eb00873.pdf (203 KB)
[14:17:47] [spirez] doc saved: 23_8f009207.pdf (271 KB)
[14:17:48] [spirez] doc saved: 2_4d1cb2ff.pdf (275 KB)
[14:17:48] [spirez] doc saved: 20-22_e44408f9.pdf (679 KB)
[14:17:48] [spirez] doc saved: 15_cecc4acf.pdf (243 KB)
[14:17:48] [spirez] doc saved: 10_dc681f62.pdf (213 KB)
[14:17:48] [spirez] doc saved: 16_605813f9.pdf (271 KB)
[14:17:49] [spirez] doc saved: 12-13_312e820a.pdf (421 KB)
[14:17:49] [spirez] doc saved: 20-22_6f558522.pdf (688 KB)
[14:17:49] [spirez] doc saved: 4-5_6eb5a980.pdf (337 KB)
[14:17:49] [spirez] doc saved: 9_7658d4f2.pdf (184 KB)
[14:17:49] [spirez] doc saved: 16-17_af30a9e5.pdf (364 KB)
[14:17:49] [spirez] doc saved: 23_0e974799.pdf (221 KB)
[14:17:50] [spirez] doc saved: 10_eeea3f0b.pdf (209 KB)
[14:17:50] [spirez] doc saved: 15_c6e5a21a.pdf (214 KB)
[14:17:50] [spirez] doc saved: 14_b0e5de73.pdf (187 KB)
[14:17:50] [spirez] doc saved: 6-8_0089432a.pdf (632 KB)
[14:17:50] [spirez] doc saved: 18_435df31e.pdf (201 KB)
[14:17:50] [spirez] doc saved: 19_1eec36ba.pdf (238 KB)
[14:17:51] [spirez] doc saved: 3_7e6f5b99.pdf (365 KB)
[14:17:51] [spirez] doc saved: 2_8018ef3d.pdf (270 KB)
[14:17:51] [zcks] doc saved: باغێ-ئیره_م-گه_شته_ك-د-ناڤ-گولزارا-شعرا-كرمانجى-دا_1cd72f55.pdf (39134 KB)
[14:17:51] [spirez] doc saved: 12-13_574ab1b5.pdf (105 KB)
[14:17:51] [spirez] doc saved: 11_01f8d6f6.pdf (185 KB)
[14:17:51] [spirez] doc saved: 4-5_64f3b1a9.pdf (99 KB)
[14:17:51] [spirez] doc saved: 14-15_0e7d232b.pdf (97 KB)
[14:17:51] [spirez] doc saved: 22-23_11b88315.pdf (84 KB)
[14:17:52] [spirez] doc saved: 30-31_f667152d.pdf (99 KB)
[14:17:52] [spirez] doc saved: 3_3589994d.pdf (173 KB)
[14:17:52] [spirez] doc saved: 2_6be7abf4.pdf (235 KB)
[14:17:52] [spirez] doc saved: 10-11_8d430bb0.pdf (115 KB)
[14:17:52] [spirez] doc saved: 42-43_b9243bdf.pdf (83 KB)
[14:17:52] [spirez] doc saved: 25_0e437713.pdf (146 KB)
[14:17:52] [spirez] doc saved: 24_dd038b04.pdf (157 KB)
[14:17:52] [spirez] doc saved: 6-9_dfb3e993.pdf (227 KB)
[14:17:52] [zcks] doc saved: 3_496992a4.pdf (32369 KB)
[14:17:53] [spirez] doc saved: 40-41_496563a5.pdf (114 KB)
[14:17:53] [spirez] doc saved: 51_5e531ec0.pdf (240 KB)
[14:17:53] [spirez] doc saved: 50_73886265.pdf (169 KB)
[14:17:53] [spirez] doc saved: 48-49_b05a3cb5.pdf (101 KB)
[14:17:53] [spirez] doc saved: 20-21_a913dca1.pdf (90 KB)
[14:17:53] [spirez] doc saved: 36-37_653bde88.pdf (113 KB)
[14:17:53] [spirez] doc saved: 18-19_626a5861.pdf (110 KB)
[14:17:53] [spirez] doc saved: 28-29_308c6db5.pdf (110 KB)
[14:17:54] [spirez] doc saved: 44-47_6ed4ef3b.pdf (195 KB)
[14:17:54] [spirez] doc saved: 34-35_4a1abcc7.pdf (83 KB)
[14:17:54] [spirez] doc saved: 16-17_d426dca3.pdf (115 KB)
[14:17:54] [spirez] doc saved: 26-27_2d9cb7c8.pdf (115 KB)
[14:17:54] [spirez] doc saved: 32-33_a29e60c7.pdf (108 KB)
[14:17:54] [spirez] doc saved: 38-39_a9f79b57.pdf (115 KB)
[14:17:55] [spirez] doc saved: 16_467ac005.pdf (204 KB)
[14:17:55] [spirez] doc saved: 2_cd13cbfc.pdf (297 KB)
[14:17:55] [spirez] doc saved: 19_3e35b5b0.pdf (254 KB)
[14:17:55] [spirez] doc saved: 13_46564254.pdf (167 KB)
[14:17:55] [spirez] doc saved: 18_a9b7a6ef.pdf (198 KB)
[14:17:56] [spirez] doc saved: 6-9_01fe569c.pdf (947 KB)
[14:17:56] [spirez] doc saved: 4-5_4a30a40e.pdf (497 KB)
[14:17:56] [spirez] doc saved: 27_7ba03fd7.pdf (235 KB)
[14:17:56] [spirez] doc saved: 14-15_85dc193a.pdf (413 KB)
[14:17:56] [spirez] doc saved: 24-26_5b3849cb.pdf (709 KB)
[14:17:57] [spirez] doc saved: 22-23_a7de34b2.pdf (407 KB)
[14:17:57] [spirez] doc saved: 12_c6ffc5b9.pdf (239 KB)
[14:17:57] [spirez] doc saved: 20-21_a5912931.pdf (485 KB)
[14:17:57] [spirez] doc saved: 11_51199299.pdf (211 KB)
[14:17:57] [spirez] doc saved: 17_fbd137e7.pdf (218 KB)
[14:17:57] [spirez] doc saved: 3_4540ba33.pdf (343 KB)
[14:17:57] [spirez] doc saved: 10_bfba6dd8.pdf (213 KB)
[14:17:58] [spirez] doc saved: 26-27_4961591b.pdf (324 KB)
[14:17:58] [spirez] doc saved: 32-33_e19b1efa.pdf (218 KB)
[14:17:58] [spirez] doc saved: 4-5_6958a07c.pdf (259 KB)
[14:17:58] [spirez] doc saved: 38-39_96d785eb.pdf (288 KB)
[14:17:58] [zcks] doc saved: 7_093385ce.pdf (27960 KB)
[14:17:58] [spirez] doc saved: 3_575ff6c6.pdf (127 KB)
[14:17:59] [spirez] doc saved: 42_fec5b563.pdf (130 KB)
[14:17:59] [spirez] doc saved: 30-31_3a1b588a.pdf (285 KB)
[14:17:59] [spirez] doc saved: 21_40224e14.pdf (132 KB)
[14:17:59] [spirez] doc saved: 10-11_3880283e.pdf (358 KB)
[14:17:59] [spirez] doc saved: 12-13_977901c1.pdf (219 KB)
[14:17:59] [zcks] doc saved: 2_229a2359.pdf (61293 KB)
[14:17:59] [spirez] doc saved: 18-19_82c66239.pdf (285 KB)
[14:17:59] [spirez] doc saved: 14-15_6b44d527.pdf (285 KB)
[14:18:00] [spirez] doc saved: 22-23_d733a92b.pdf (329 KB)
[14:18:00] [spirez] doc saved: 28-29_2a0e6354.pdf (267 KB)
[14:18:00] [spirez] doc saved: 20_b604e4e0.pdf (126 KB)
[14:18:00] [spirez] doc saved: 6-9_df403faf.pdf (516 KB)
[14:18:00] [spirez] doc saved: 24-25_b033cd47.pdf (294 KB)
[14:18:00] [spirez] doc saved: 34-37_54ab6c42.pdf (544 KB)
[14:18:01] [spirez] doc saved: 40-41_7e89d90d.pdf (231 KB)
[14:18:01] [spirez] doc saved: 2_aa4d732e.pdf (177 KB)
[14:18:01] [spirez] doc saved: 16-17_2722acb5.pdf (278 KB)
[14:18:01] [spirez] doc saved: 43_0ae99b44.pdf (177 KB)
[14:18:01] [spirez] doc saved: 7_3c0ff385.pdf (105 KB)
[14:18:01] [spirez] doc saved: 4_d9205947.pdf (98 KB)
[14:18:02] [spirez] doc saved: 10-11_5a4518cd.pdf (227 KB)
[14:18:02] [spirez] doc saved: 3_ac91c2c0.pdf (1937 KB)
[14:18:02] [spirez] doc saved: 2_4add4285.pdf (141 KB)
[14:18:02] [spirez] doc saved: 12_c4fc8a55.pdf (120 KB)
[14:18:02] [spirez] doc saved: 14-15_4fee1676.pdf (216 KB)
[14:18:02] [spirez] doc saved: 9_bf9ce5de.pdf (146 KB)
[14:18:02] [spirez] doc saved: 19_bb85ce05.pdf (145 KB)
[14:18:02] [spirez] doc saved: 6_4966461b.pdf (122 KB)
[14:18:03] [spirez] doc saved: 16-18_19661590.pdf (319 KB)
[14:18:03] [spirez] doc saved: 5_ac724f5f.pdf (65 KB)
[14:18:03] [spirez] doc saved: 8_473d6a44.pdf (118 KB)
[14:18:03] [spirez] doc saved: 13_4d6ced07.pdf (113 KB)
[14:18:03] [spirez] doc saved: 17_e4bd9281.pdf (146 KB)
[14:18:03] [spirez] doc saved: 2_36b2d436.pdf (185 KB)
[14:18:03] [spirez] doc saved: 26_7abde151.pdf (131 KB)
[14:18:03] [spirez] doc saved: 24-25_843864e0.pdf (260 KB)
[14:18:04] [spirez] doc saved: 19_7fc04604.pdf (141 KB)
[14:18:04] [spirez] doc saved: 27_9b994e0e.pdf (139 KB)
[14:18:04] [spirez] doc saved: 6-9_92dbeab8.pdf (688 KB)
[14:18:04] [spirez] doc saved: 18_1f027859.pdf (118 KB)
[14:18:05] [spirez] doc saved: 11_47aa4864.pdf (168 KB)
[14:18:05] [spirez] doc saved: 12_851c5a51.pdf (140 KB)
[14:18:05] [spirez] doc saved: 22-23_6c5174a5.pdf (255 KB)
[14:18:05] [spirez] doc saved: 14-15_a77164ee.pdf (283 KB)
[14:18:05] [spirez] doc saved: 10_164d2d5d.pdf (157 KB)
[14:18:05] [spirez] doc saved: 20-21_2635e2cd.pdf (365 KB)
[14:18:06] [spirez] doc saved: 3_aaeb72ce.pdf (220 KB)
[14:18:06] [spirez] doc saved: 16_0acfb8b8.pdf (127 KB)
[14:18:06] [zcks] doc saved: 1-1_7a171c41.pdf (25496 KB)
[14:18:06] [spirez] doc saved: 4-5_c17e2ee7.pdf (261 KB)
[14:18:06] [spirez] doc saved: 13_bfeb89b0.pdf (135 KB)
[14:18:06] [spirez] doc saved: 18_bab4d713.pdf (186 KB)
[14:18:06] [spirez] doc saved: 19_fad4c9a5.pdf (223 KB)
[14:18:07] [spirez] doc saved: 3_6280b931.pdf (366 KB)
[14:18:07] [spirez] doc saved: 6-9_1b9aeab0.pdf (765 KB)
[14:18:07] [spirez] doc saved: 27_56bff9f9.pdf (217 KB)
[14:18:07] [spirez] doc saved: 10_f362434c.pdf (221 KB)
[14:18:07] [spirez] doc saved: 4-5_148cc898.pdf (349 KB)
[14:18:07] [spirez] doc saved: 11_e9352bdc.pdf (217 KB)
[14:18:08] [spirez] doc saved: 13_c69054a9.pdf (202 KB)
[14:18:08] [spirez] doc saved: 12_5358eaaf.pdf (203 KB)
[14:18:08] [spirez] doc saved: 16_399cee00.pdf (203 KB)
[14:18:08] [spirez] doc saved: 22-23_3cb102f0.pdf (364 KB)
[14:18:08] [spirez] doc saved: 17_d91283be.pdf (197 KB)
[14:18:08] [spirez] doc saved: 14-15_0e271e39.pdf (351 KB)
[14:18:08] [spirez] doc saved: 2_a28d6993.pdf (237 KB)
[14:18:09] [spirez] doc saved: 13_66131d6b.pdf (128 KB)
[14:18:09] [spirez] doc saved: 27_bd827199.pdf (176 KB)
[14:18:09] [spirez] doc saved: 20-21_91619222.pdf (3024 KB)
[14:18:09] [spirez] doc saved: 24-26_3dd34ce5.pdf (584 KB)
[14:18:09] [zcks] doc saved: 6_61b13db2.pdf (19335 KB)
[14:18:09] [spirez] doc saved: 2_d9cd5b93.pdf (203 KB)
[14:18:10] [spirez] doc saved: 16_fc0b39d5.pdf (79 KB)
[14:18:10] [spirez] doc saved: 18-19_0b960674.pdf (248 KB)
[14:18:10] [spirez] doc saved: 14-15_1531d0fd.pdf (261 KB)
[14:18:10] [spirez] doc saved: 22-23_779d6bac.pdf (283 KB)
[14:18:10] [spirez] doc saved: 12_3f14d4ae.pdf (91 KB)
[14:18:10] [spirez] doc saved: 3_03b7d934.pdf (204 KB)
[14:18:10] [spirez] doc saved: 21_a3215cbe.pdf (147 KB)
[14:18:10] [spirez] doc saved: 26_84ed6053.pdf (128 KB)
[14:18:11] [spirez] doc saved: 24-25_67758820.pdf (231 KB)
[14:18:11] [spirez] doc saved: 17_22de21c0.pdf (158 KB)
[14:18:11] [spirez] doc saved: 4-5_4848045c.pdf (252 KB)
[14:18:11] [spirez] doc saved: 10_7bc7d1f5.pdf (158 KB)
[14:18:11] [spirez] doc saved: 6-9_7280d63a.pdf (707 KB)
[14:18:11] [spirez] doc saved: 16_b13bbddb.pdf (126 KB)
[14:18:11] [spirez] doc saved: 11_63ad3878.pdf (173 KB)
[14:18:12] [spirez] doc saved: 26_8afdc9d0.pdf (118 KB)
[14:18:12] [spirez] doc saved: 22-23_27fdfe75.pdf (275 KB)
[14:18:12] [spirez] doc saved: 4-5_75f09d4b.pdf (281 KB)
[14:18:12] [spirez] doc saved: 14-15_ca297a75.pdf (283 KB)
[14:18:12] [spirez] doc saved: 17_ff325a38.pdf (134 KB)
[14:18:13] [zcks] doc saved: Turkish-Programs-3-10-2022_47ea4217.pdf (12014 KB)
[14:18:13] [spirez] doc saved: 12_e78e0479.pdf (138 KB)
[14:18:13] [spirez] doc saved: 27_001bf658.pdf (138 KB)
[14:18:13] [spirez] doc saved: 6-9_202cb296.pdf (668 KB)
[14:18:13] [spirez] doc saved: 3_6894769c.pdf (213 KB)
[14:18:13] [spirez] doc saved: 18_1c20f12d.pdf (116 KB)
[14:18:13] [spirez] doc saved: 11_cbefc116.pdf (148 KB)
[14:18:13] [spirez] doc saved: 19_e3dcb608.pdf (140 KB)
[14:18:13] [zcks] doc saved: 5_2071eb25.pdf (73814 KB)
[14:18:14] [spirez] doc saved: 24-25_109d081c.pdf (254 KB)
[14:18:14] [spirez] doc saved: 13_9f2c8473.pdf (126 KB)
[14:18:14] [spirez] doc saved: 10_f76128a9.pdf (145 KB)
[14:18:14] [spirez] doc saved: 2_93180b91.pdf (184 KB)
[14:18:14] [spirez] doc saved: 18-19_d1c3cf58.pdf (302 KB)
[14:18:14] [spirez] doc saved: 21_87e89b67.pdf (133 KB)
[14:18:14] [spirez] doc saved: 20-21_f7f3ef6b.pdf (312 KB)
[14:18:14] [spirez] doc saved: 43_584d44c1.pdf (178 KB)
[14:18:15] [spirez] doc saved: 12-13_70516faf.pdf (223 KB)
[14:18:15] [spirez] doc saved: 4-5_700749f9.pdf (126 KB)
[14:18:15] [spirez] doc saved: 38-39_479f077b.pdf (298 KB)
[14:18:15] [spirez] doc saved: 10-11_c0e53b41.pdf (359 KB)
[14:18:15] [zcks] doc saved: Latini-Poster-3-10-2022_17d44857.pdf (11754 KB)
[14:18:15] [spirez] doc saved: 42_762751f8.pdf (158 KB)
[14:18:15] [spirez] doc saved: 32-33_cfde247a.pdf (202 KB)
[14:18:15] [spirez] doc saved: 3_7a77a133.pdf (115 KB)
[14:18:16] [spirez] doc saved: 40-41_51e6dfc5.pdf (235 KB)
[14:18:16] [zcks] doc saved: English-Programs-3-10-2022_05429c05.pdf (12029 KB)
[14:18:16] [spirez] doc saved: 26-27_82f61763.pdf (356 KB)
[14:18:16] [spirez] doc saved: 20_2a85e572.pdf (133 KB)
[14:18:16] [spirez] doc saved: 14-15_83b00d2b.pdf (284 KB)
[14:18:16] [spirez] doc saved: 30-31_f547e7ef.pdf (266 KB)
[14:18:17] [spirez] doc saved: 16-17_35b24732.pdf (299 KB)
[14:18:17] [spirez] doc saved: 22-23_f70f2e53.pdf (291 KB)
[14:18:17] [spirez] doc saved: 24-25_d1793416.pdf (298 KB)
[14:18:17] [spirez] doc saved: 6-9_13f5cd8a.pdf (680 KB)
[14:18:17] [zcks] doc saved: Persian-Program-20-9-2022-1_f26796b3.pdf (12020 KB)
[14:18:17] [spirez] doc saved: 28-29_093bab6e.pdf (244 KB)
[14:18:17] [spirez] doc saved: 2_65dd50fd.pdf (171 KB)
[14:18:17] [spirez] doc saved: 34-37_6ee7f4d6.pdf (545 KB)
[14:18:17] [spirez] doc saved: 2_dde1d616.pdf (302 KB)
[14:18:18] [spirez] doc saved: 11_b9cba7db.pdf (208 KB)
[14:18:18] [spirez] doc saved: 3_ba527af9.pdf (340 KB)
[14:18:18] [spirez] doc saved: 19_5110ad66.pdf (201 KB)
[14:18:18] [spirez] doc saved: 20-21_8305b880.pdf (491 KB)
[14:18:18] [zcks] doc saved: Kurdish-Program-20-9-2022-1_dd2d7672.pdf (11073 KB)
[14:18:18] [spirez] doc saved: 24-25_fefcb607.pdf (397 KB)
[14:18:19] [spirez] doc saved: 27_7dcedbc2.pdf (227 KB)
[14:18:19] [spirez] doc saved: 13_fd85a5f2.pdf (179 KB)
[14:18:19] [spirez] doc saved: 6-9_9b4d46cd.pdf (951 KB)
[14:18:19] [zcks] doc saved: Arabic-Programs-20-9-2022-4_0680783a.pdf (12053 KB)
[14:18:19] [spirez] doc saved: 18_9a83b77f.pdf (192 KB)
[14:18:19] [spirez] doc saved: 17_a0cae780.pdf (208 KB)
[14:18:20] [spirez] doc saved: 16_4077bb29.pdf (202 KB)
[14:18:21] [spirez] doc saved: 4-5_295e225e.pdf (395 KB)
[14:18:21] [spirez] doc saved: 26_93f867e5.pdf (206 KB)
[14:18:21] [spirez] doc saved: 22-23_ad71a956.pdf (373 KB)
[14:18:21] [spirez] doc saved: 12_28dc2b8c.pdf (181 KB)
[14:18:21] [spirez] doc saved: 14-15_742fb67c.pdf (413 KB)
[14:18:21] [spirez] doc saved: 10_4223f385.pdf (229 KB)
[14:18:21] [spirez] doc saved: 3_581b3e85.pdf (207 KB)
[14:18:22] [spirez] doc saved: 27_35eed3d9.pdf (129 KB)
[14:18:22] [spirez] doc saved: 19_07c424ed.pdf (130 KB)
[14:18:22] [spirez] doc saved: 26_0b92a37e.pdf (116 KB)
[14:18:22] [spirez] doc saved: 14-15_d5c514be.pdf (254 KB)
[14:18:22] [spirez] doc saved: 17_bace492a.pdf (131 KB)
[14:18:22] [spirez] doc saved: 12_cd3b343c.pdf (119 KB)
[14:18:22] [spirez] doc saved: 20-21_f8dbc682.pdf (267 KB)
[14:18:22] [spirez] doc saved: 13_d961bb56.pdf (110 KB)
[14:18:22] [spirez] doc saved: 10_79debbe1.pdf (130 KB)
[14:18:23] [spirez] doc saved: 18_c66acc89.pdf (112 KB)
[14:18:23] [spirez] doc saved: 24-25_85091538.pdf (213 KB)
[14:18:23] [spirez] doc saved: 6-9_c3e344c6.pdf (512 KB)
[14:18:23] [spirez] doc saved: 4-5_31501e9a.pdf (229 KB)
[14:18:23] [spirez] doc saved: 22-23_c148d9c8.pdf (254 KB)
[14:18:23] [spirez] doc saved: 16_6f6faf28.pdf (122 KB)
[14:18:23] [spirez] doc saved: 11_c6cf740e.pdf (157 KB)
[14:18:23] [spirez] doc saved: 2_5d9ea543.pdf (176 KB)
[14:18:23] [spirez] doc saved: 14-15_b6da956f.pdf (283 KB)
[14:18:24] [spirez] doc saved: 12-13_28a72ded.pdf (220 KB)
[14:18:24] [spirez] doc saved: 3_f070c451.pdf (114 KB)
[14:18:24] [spirez] doc saved: 21_1224464a.pdf (131 KB)
[14:18:24] [spirez] doc saved: 10-11_2c67bfb4.pdf (370 KB)
[14:18:24] [spirez] doc saved: 32-33_4abc31fa.pdf (231 KB)
[14:18:24] [spirez] doc saved: 38-39_38a37483.pdf (305 KB)
[14:18:24] [spirez] doc saved: 20_6c3bdf01.pdf (133 KB)
[14:18:25] [spirez] doc saved: 28-29_44899ec8.pdf (306 KB)
[14:18:25] [spirez] doc saved: 30-31_e605212a.pdf (225 KB)
[14:18:25] [spirez] doc saved: 22-23_0abfa67f.pdf (220 KB)
[14:18:25] [zcks] doc saved: جهگهۆرینا-كه_رستان-د-رستێدا-گۆڤه_را-به_هدینى_c081989a.pdf (5920 KB)
[14:18:25] [spirez] doc saved: 43_de10735a.pdf (182 KB)
[14:18:25] [spirez] doc saved: 42_366a21b9.pdf (142 KB)
[14:18:25] [spirez] doc saved: 34-37_5e14800f.pdf (557 KB)
[14:18:25] [spirez] doc saved: 26-27_9c16b576.pdf (290 KB)
[14:18:25] [spirez] doc saved: 4-5_bb6a39f1.pdf (224 KB)
[14:18:25] [spirez] doc saved: 2_40887cf8.pdf (172 KB)
[14:18:26] [spirez] doc saved: 18-19_10d60ff9.pdf (285 KB)
[14:18:26] [spirez] doc saved: 16-17_6252aa4e.pdf (286 KB)
[14:18:26] [spirez] doc saved: 6-9_8f5b8414.pdf (679 KB)
[14:18:26] [spirez] doc saved: 40-41_4efa37a3.pdf (243 KB)
[14:18:26] [spirez] doc saved: 24-25_7c1b6fca.pdf (331 KB)
[14:18:26] [spirez] doc saved: 48-49_fff1cdc2.pdf (202 KB)
[14:18:26] [spirez] doc saved: 20-21_640fddef.pdf (201 KB)
[14:18:26] [spirez] doc saved: 34-35_add474b3.pdf (218 KB)
[14:18:27] [spirez] doc saved: 16-17_b21b96cb.pdf (254 KB)
[14:18:27] [spirez] doc saved: 10-11_c7442e65.pdf (382 KB)
[14:18:27] [spirez] doc saved: 2_7d5044e2.pdf (177 KB)
[14:18:27] [spirez] doc saved: 14-15_0801606f.pdf (278 KB)
[14:18:27] [spirez] doc saved: 26-27_afc72a30.pdf (324 KB)
[14:18:27] [spirez] doc saved: 30-31_572ddc6f.pdf (274 KB)
[14:18:27] [spirez] doc saved: 22-23_477b3707.pdf (227 KB)
[14:18:28] [spirez] doc saved: 36-37_5b987f0b.pdf (274 KB)
[14:18:28] [spirez] doc saved: 6-9_7d25a8be.pdf (565 KB)
[14:18:28] [spirez] doc saved: 51_635e6f2c.pdf (182 KB)
[14:18:28] [spirez] doc saved: 18-19_5bcf8cae.pdf (314 KB)
[14:18:28] [spirez] doc saved: 4-5_3a3fbca3.pdf (221 KB)
[14:18:28] [spirez] doc saved: 44-47_546f2405.pdf (450 KB)
[14:18:28] [spirez] doc saved: 24_b8e22a45.pdf (127 KB)
[14:18:28] [spirez] doc saved: 28-29_a823c92f.pdf (288 KB)
[14:18:29] [spirez] doc saved: 42-43_55d3dc52.pdf (178 KB)
[14:18:29] [spirez] doc saved: 25_f9343626.pdf (132 KB)
[14:18:29] [spirez] doc saved: 50_498c95ef.pdf (159 KB)
[14:18:29] [spirez] doc saved: 38-39_b9de2f2a.pdf (260 KB)
[14:18:29] [spirez] doc saved: 12-13_4da0f58f.pdf (217 KB)
[14:18:29] [spirez] doc saved: 3_403b0fb5.pdf (128 KB)
[14:18:29] [spirez] doc saved: 40-41_b8ba23ef.pdf (266 KB)
[14:18:29] [spirez] doc saved: 32-33_873f8ff7.pdf (259 KB)
[14:18:29] [zcks] doc saved: 2-Darishtin-Book-1-10_05c7b6bd.pdf (252 KB)
[14:18:30] [spirez] doc saved: 20-21_b12a3184.pdf (328 KB)
[14:18:30] [spirez] doc saved: 22-23_ebf49b91.pdf (255 KB)
[14:18:30] [spirez] doc saved: 13_0d5444f3.pdf (113 KB)
[14:18:30] [spirez] doc saved: 26_254979ac.pdf (105 KB)
[14:18:30] [spirez] doc saved: 3_6a93ce36.pdf (187 KB)
[14:18:30] [spirez] doc saved: 14-15_13af16e0.pdf (247 KB)
[14:18:30] [spirez] doc saved: 6-9_920ab4ee.pdf (517 KB)
[14:18:30] [spirez] doc saved: 12_4b8660ef.pdf (116 KB)
[14:18:30] [spirez] doc saved: 19_375639a3.pdf (128 KB)
[14:18:31] [spirez] doc saved: 17_e1a61e59.pdf (140 KB)
[14:18:31] [zcks] doc saved: 1-Capoki-Book-1-7-6_b3c3fcb9.pdf (322 KB)
[14:18:31] [spirez] doc saved: 24-25_f57f7bab.pdf (225 KB)
[14:18:31] [spirez] doc saved: 4-5_18a650a0.pdf (276 KB)
[14:18:31] [spirez] doc saved: 11_16f005cd.pdf (155 KB)
[14:18:31] [spirez] doc saved: 16_d699ca9d.pdf (97 KB)
[14:18:31] [spirez] doc saved: 18_4680bfe4.pdf (119 KB)
[14:18:31] [spirez] doc saved: 10_504c587f.pdf (162 KB)
[14:18:31] [spirez] doc saved: 27_72e5f1e1.pdf (132 KB)
[14:18:31] [spirez] doc saved: 2_cc1bd1a9.pdf (188 KB)
[14:18:32] [spirez] doc saved: 14_82842110.pdf (158 KB)
[14:18:32] [spirez] doc saved: 17_37bc00a2.pdf (128 KB)
[14:18:32] [spirez] doc saved: 2_c00eb0e0.pdf (165 KB)
[14:18:32] [spirez] doc saved: 12-13_722e3ab4.pdf (199 KB)
[14:18:32] [spirez] doc saved: 23_b0e0ee62.pdf (133 KB)
[14:18:32] [spirez] doc saved: 6-8_eab7c819.pdf (377 KB)
[14:18:32] [spirez] doc saved: 11_fd845452.pdf (143 KB)
[14:18:32] [spirez] doc saved: 3_c5cb9e28.pdf (189 KB)
[14:18:33] [spirez] doc saved: 10_f594b1c5.pdf (172 KB)
[14:18:33] [spirez] doc saved: 20-22_60144275.pdf (333 KB)
[14:18:33] [spirez] doc saved: 4-5_dc5287f9.pdf (203 KB)
[14:18:33] [spirez] doc saved: 9_21555795.pdf (96 KB)
[14:18:33] [spirez] doc saved: 18-19_b96e3d83.pdf (250 KB)
[14:18:33] [spirez] doc saved: 16_33a04b98.pdf (118 KB)
[14:18:33] [spirez] doc saved: 15_f0f96d70.pdf (129 KB)
[14:18:33] [spirez] doc saved: 10_442656ff.pdf (157 KB)
[14:18:34] [spirez] doc saved: 18_06d91a97.pdf (121 KB)
[14:18:34] [spirez] doc saved: 24-25_0c850ce5.pdf (252 KB)
[14:18:34] [spirez] doc saved: 17_a9364d61.pdf (144 KB)
[14:18:34] [spirez] doc saved: 14-15_f3c494bd.pdf (282 KB)
[14:18:34] [spirez] doc saved: 3_2936682f.pdf (211 KB)
[14:18:34] [spirez] doc saved: 4-5_11503298.pdf (253 KB)
[14:18:34] [spirez] doc saved: 13_3d8a4292.pdf (138 KB)
[14:18:34] [spirez] doc saved: 6-9_e9372756.pdf (575 KB)
[14:18:35] [spirez] doc saved: 16_b50c78cb.pdf (81 KB)
[14:18:35] [spirez] doc saved: 22-23_2de6d4b0.pdf (256 KB)
[14:18:35] [spirez] doc saved: 27_72a38d7a.pdf (142 KB)
[14:18:35] [spirez] doc saved: 20-21_1ad1c2e0.pdf (309 KB)
[14:18:35] [spirez] doc saved: 26_6b12b8f4.pdf (132 KB)
[14:18:35] [spirez] doc saved: 12_bf181474.pdf (90 KB)
[14:18:35] [spirez] doc saved: 19_54e0ce71.pdf (133 KB)
[14:18:35] [spirez] doc saved: 11_8554ebf9.pdf (173 KB)
[14:18:36] [spirez] doc saved: 2_7eac71cc.pdf (215 KB)
[14:18:36] [spirez] doc saved: 22-23_b4234401.pdf (264 KB)
[14:18:36] [spirez] doc saved: 43_143f1738.pdf (180 KB)
[14:18:36] [spirez] doc saved: 21_0cd08ef8.pdf (134 KB)
[14:18:36] [spirez] doc saved: 26-27_49eb2b96.pdf (237 KB)
[14:18:36] [spirez] doc saved: 32-33_7eee51a0.pdf (306 KB)
[14:18:36] [spirez] doc saved: 12-13_ed242f25.pdf (240 KB)
[14:18:36] [spirez] doc saved: 34-37_f8e881f7.pdf (574 KB)
[14:18:37] [spirez] doc saved: 3_bd134a60.pdf (130 KB)
[14:18:37] [spirez] doc saved: 10-11_3d5019b0.pdf (372 KB)
[14:18:37] [spirez] doc saved: 40-41_a4021447.pdf (209 KB)
[14:18:37] [spirez] doc saved: 2_e358b7c9.pdf (182 KB)
[14:18:37] [spirez] doc saved: 16-17_303b1267.pdf (307 KB)
[14:18:37] [spirez] doc saved: 6-9_4cad678e.pdf (651 KB)
[14:18:37] [spirez] doc saved: 14-15_36a6f152.pdf (256 KB)
[14:18:37] [spirez] doc saved: 4-5_4aec3998.pdf (270 KB)
[14:18:38] [spirez] doc saved: 20_2f1a871d.pdf (132 KB)
[14:18:38] [spirez] doc saved: 42_01594bf6.pdf (158 KB)
[14:18:38] [spirez] doc saved: 30-31_9ddcde44.pdf (237 KB)
[14:18:38] [spirez] doc saved: 18-19_ddaa864c.pdf (297 KB)
[14:18:38] [spirez] doc saved: 38-39_f958cc4c.pdf (278 KB)
[14:18:38] [spirez] doc saved: 28-29_e636758a.pdf (279 KB)
[14:18:38] [spirez] doc saved: 24-25_758861c2.pdf (357 KB)
[14:18:38] [spirez] doc saved: 3_80c6c4c7.pdf (113 KB)
[14:18:39] [spirez] doc saved: 40-41_69c65796.pdf (228 KB)
[14:18:39] [spirez] doc saved: 4-5_cfea38d9.pdf (287 KB)
[14:18:39] [spirez] doc saved: 43_cdd51d36.pdf (173 KB)
[14:18:39] [spirez] doc saved: 2_24320547.pdf (172 KB)
[14:18:39] [spirez] doc saved: 22-23_ce33b6a9.pdf (321 KB)
[14:18:39] [spirez] doc saved: 24-25_4485fea1.pdf (328 KB)
[14:18:39] [spirez] doc saved: 12-13_93d49e2a.pdf (198 KB)
[14:18:39] [spirez] doc saved: 32-33_72788823.pdf (217 KB)
[14:18:40] [spirez] doc saved: 14-15_d7a88d5a.pdf (289 KB)
[14:18:40] [spirez] doc saved: 42_efe815ed.pdf (154 KB)
[14:18:40] [spirez] doc saved: 38-39_395ca9c3.pdf (294 KB)
[14:18:40] [spirez] doc saved: 18-19_82ad9f8c.pdf (230 KB)
[14:18:40] [spirez] doc saved: 28-29_7b702380.pdf (298 KB)
[14:18:40] [spirez] doc saved: 30-31_2d7ef8d2.pdf (254 KB)
[14:18:40] [spirez] doc saved: 10-11_174656f0.pdf (380 KB)
[14:18:40] [spirez] doc saved: 6-9_0a4482c0.pdf (649 KB)
[14:18:41] [spirez] doc saved: 26-27_e1c7f9e0.pdf (258 KB)
[14:18:41] [spirez] doc saved: 34-37_97a0d7d2.pdf (542 KB)
[14:18:41] [spirez] doc saved: 20_e272fdd0.pdf (138 KB)
[14:18:41] [spirez] doc saved: 21_51874315.pdf (131 KB)
[14:18:41] [spirez] doc saved: 16-17_2ef8d22b.pdf (278 KB)
[14:18:41] [spirez] doc saved: 20-21_2914bcbf.pdf (283 KB)
[14:18:41] [spirez] doc saved: 22-23_ed9dd70a.pdf (225 KB)
[14:18:41] [spirez] doc saved: 12-13_fbfa36f5.pdf (297 KB)
[14:18:41] [zcks] doc saved: به_راوردكرنا-كارێ-بكه_رنه_ديار-د-ناڤبه_را-زمانێ-كوردى-و-فارسيدا_2dbc7d5f.pdf (737 KB)
[14:18:42] [spirez] doc saved: 42-43_25f601e2.pdf (194 KB)
[14:18:42] [spirez] doc saved: 8-11_e6ff9346.pdf (464 KB)
[14:18:42] [spirez] doc saved: 48-49_e7e4ada4.pdf (253 KB)
[14:18:42] [spirez] doc saved: 6-7_670747b9.pdf (267 KB)
[14:18:42] [spirez] doc saved: 5_5e786ead.pdf (94 KB)
[14:18:42] [spirez] doc saved: 16-17_cf490947.pdf (248 KB)
[14:18:42] [spirez] doc saved: 50_ebd6b3e3.pdf (143 KB)
[14:18:42] [spirez] doc saved: 40-41_21633ab6.pdf (243 KB)
[14:18:43] [spirez] doc saved: 45_25d97973.pdf (92 KB)
[14:18:43] [zcks] doc saved: تایبه_تمه_ندیێن-فۆنۆڵۆژى-و-ڕێزمانى-د-ده_ڤۆكا-زاخۆدا_629ed2a9.pdf (9546 KB)
[14:18:43] [spirez] doc saved: 32-33_9253a860.pdf (251 KB)
[14:18:43] [spirez] doc saved: 24-25_6e363d66.pdf (224 KB)
[14:18:43] [spirez] doc saved: 46-47_cad41c0c.pdf (264 KB)
[14:18:43] [spirez] doc saved: 42-43_941779f0.pdf (189 KB)
[14:18:43] [spirez] doc saved: 30-31_6b3e291e.pdf (220 KB)
[14:18:43] [spirez] doc saved: 44_6a421e08.pdf (106 KB)
[14:18:43] [spirez] doc saved: 18-19_0364ea18.pdf (266 KB)
[14:18:44] [spirez] doc saved: 38-39_d7a63171.pdf (286 KB)
[14:18:44] [spirez] doc saved: 4_7245e124.pdf (112 KB)
[14:18:44] [spirez] doc saved: 36-37_8d0e4007.pdf (297 KB)
[14:18:44] [spirez] doc saved: 26-27_c884198f.pdf (254 KB)
[14:18:44] [spirez] doc saved: 28-29_4fe201f4.pdf (287 KB)
[14:18:44] [spirez] doc saved: 51_fb505b80.pdf (180 KB)
[14:18:44] [spirez] doc saved: 14-15_00115fac.pdf (220 KB)
[14:18:44] [spirez] doc saved: 34-35_d2bbaa63.pdf (216 KB)
[14:18:44] [spirez] doc saved: 2-3_5c3fa514.pdf (284 KB)
[14:18:45] [spirez] doc saved: 30-31_3a329245.pdf (293 KB)
[14:18:45] [spirez] doc saved: 14-15_02e4589d.pdf (276 KB)
[14:18:45] [spirez] doc saved: 2_8f477030.pdf (176 KB)
[14:18:45] [spirez] doc saved: 22-23_35bb6275.pdf (458 KB)
[14:18:45] [spirez] doc saved: 16-17_044e0c86.pdf (304 KB)
[14:18:45] [spirez] doc saved: 21_54e93e7a.pdf (131 KB)
[14:18:45] [spirez] doc saved: 4-5_870a4248.pdf (248 KB)
[14:18:45] [spirez] doc saved: 10-11_a09e9fe2.pdf (332 KB)
[14:18:46] [spirez] doc saved: 24-25_7fa32530.pdf (318 KB)
[14:18:46] [spirez] doc saved: 3_570833c0.pdf (129 KB)
[14:18:46] [spirez] doc saved: 40-41_32d28489.pdf (245 KB)
[14:18:46] [spirez] doc saved: 28-29_1e1d93f8.pdf (288 KB)
[14:18:46] [spirez] doc saved: 42_426ad50c.pdf (149 KB)
[14:18:46] [spirez] doc saved: 12-13_e7940233.pdf (224 KB)
[14:18:46] [spirez] doc saved: 32-33_de4a93e5.pdf (252 KB)
[14:18:46] [spirez] doc saved: 43_beb00584.pdf (181 KB)
[14:18:47] [spirez] doc saved: 26-27_64822741.pdf (267 KB)
[14:18:47] [spirez] doc saved: 6-9_b30dbb23.pdf (753 KB)
[14:18:47] [spirez] doc saved: 18-19_392808fd.pdf (276 KB)
[14:18:47] [spirez] doc saved: 34-37_b6bab27f.pdf (604 KB)
[14:18:47] [spirez] doc saved: 38-39_9c88791a.pdf (281 KB)
[14:18:47] [spirez] doc saved: 12_94180bfc.pdf (95 KB)
[14:18:48] [spirez] doc saved: 17_ced5b297.pdf (133 KB)
[14:18:48] [spirez] doc saved: 16_0efef88f.pdf (74 KB)
[14:18:48] [spirez] doc saved: 13_9a36a984.pdf (142 KB)
[14:18:48] [spirez] doc saved: 20_d5bd89d0.pdf (131 KB)
[14:18:48] [spirez] doc saved: 20-21_4f75f045.pdf (411 KB)
[14:18:48] [spirez] doc saved: 11_45275e4a.pdf (149 KB)
[14:18:48] [spirez] doc saved: 27_e0b85024.pdf (161 KB)
[14:18:48] [spirez] doc saved: 3_7731d2bc.pdf (196 KB)
[14:18:49] [spirez] doc saved: 10_ac6a6f45.pdf (177 KB)
[14:18:49] [spirez] doc saved: 14-15_d0ba345c.pdf (286 KB)
[14:18:49] [spirez] doc saved: 6-9_1af0a045.pdf (706 KB)
[14:18:49] [spirez] doc saved: 4-5_8f152b3b.pdf (222 KB)
[14:18:49] [spirez] doc saved: 18_269b0fc6.pdf (118 KB)
[14:18:49] [spirez] doc saved: 22-23_add899f0.pdf (283 KB)
[14:18:49] [spirez] doc saved: 19_47da9a28.pdf (130 KB)
[14:18:49] [spirez] doc saved: 2_f1513289.pdf (197 KB)
[14:18:50] [spirez] doc saved: 26_b9cd6e2e.pdf (105 KB)
[14:18:50] [spirez] doc saved: 24-25_43814498.pdf (251 KB)
[14:18:50] [spirez] doc saved: 12_0a04e7df.pdf (165 KB)
[14:18:50] [spirez] doc saved: 32-33_e8404e5c.pdf (263 KB)
[14:18:50] [spirez] doc saved: 3_62862080.pdf (210 KB)
[14:18:50] [spirez] doc saved: 14_ebcb1f38.pdf (84 KB)
[14:18:50] [spirez] doc saved: 30-31_6f4380dc.pdf (294 KB)
[14:18:51] [spirez] doc saved: 2_69d667ab.pdf (199 KB)
[14:18:51] [spirez] doc saved: 26_44fcbab4.pdf (118 KB)
[14:18:51] [spirez] doc saved: 27_b951aebc.pdf (130 KB)
[14:18:51] [spirez] doc saved: 24_4b9916a6.pdf (99 KB)
[14:18:51] [spirez] doc saved: 25_6b052abe.pdf (154 KB)
[14:18:51] [spirez] doc saved: 18-19_c28d7dbf.pdf (227 KB)
[14:18:51] [spirez] doc saved: 15_34c30796.pdf (165 KB)
[14:18:51] [spirez] doc saved: 28-29_1cb02f94.pdf (336 KB)
[14:18:51] [spirez] doc saved: 16-17_ccf466e7.pdf (284 KB)
[14:18:52] [spirez] doc saved: 34_4db86157.pdf (124 KB)
[14:18:52] [spirez] doc saved: 6-11_bb9cb05d.pdf (864 KB)
[14:18:52] [spirez] doc saved: 13_c2c4fa05.pdf (146 KB)
[14:18:52] [spirez] doc saved: 4-5_11d9a21f.pdf (243 KB)
[14:18:52] [spirez] doc saved: 20-23_137b533f.pdf (464 KB)
[14:18:52] [spirez] doc saved: 35_30800db8.pdf (142 KB)
[14:18:52] [spirez] doc saved: 16_ae95430c.pdf (202 KB)
[14:18:52] [spirez] doc saved: 26_e5553810.pdf (189 KB)
[14:18:53] [spirez] doc saved: 19_04ed3c8b.pdf (220 KB)
[14:18:53] [spirez] doc saved: 10_36a1f1cf.pdf (216 KB)
[14:18:53] [spirez] doc saved: 12_de7bf3f1.pdf (205 KB)
[14:18:53] [spirez] doc saved: 18_4283268d.pdf (193 KB)
[14:18:53] [spirez] doc saved: 2_bac4a00a.pdf (249 KB)
[14:18:53] [spirez] doc saved: 27_7b1257fb.pdf (219 KB)
[14:18:54] [spirez] doc saved: 17_f36a4244.pdf (207 KB)
[14:18:54] [spirez] doc saved: 14-15_40fcf7ee.pdf (373 KB)
[14:18:54] [spirez] doc saved: 22-23_1c2f01a0.pdf (383 KB)
[14:18:54] [spirez] doc saved: 20-21_c6c8d5ea.pdf (462 KB)
[14:18:54] [spirez] doc saved: 3_3a456617.pdf (332 KB)
[14:18:54] [spirez] doc saved: 11_12619e44.pdf (218 KB)
[14:18:55] [spirez] doc saved: 4-5_39e146b7.pdf (285 KB)
[14:18:55] [spirez] doc saved: 24-25_3ba5444d.pdf (396 KB)
[14:18:55] [spirez] doc saved: 6-9_8e10ce82.pdf (796 KB)
[14:18:55] [spirez] doc saved: 28-29_6c6dc998.pdf (1299 KB)
[14:18:55] [spirez] doc saved: 14-15_9f46f1c4.pdf (1253 KB)
[14:18:56] [spirez] doc saved: 13_33809f2c.pdf (205 KB)
[14:18:56] [spirez] doc saved: 16-17_47311775.pdf (1618 KB)
[14:18:56] [spirez] doc saved: 32-33_edab9f67.pdf (1587 KB)
[14:18:56] [spirez] doc saved: 26-27_a9b60b75.pdf (1570 KB)
[14:18:56] [spirez] doc saved: 6-7_301cd739.pdf (2085 KB)
[14:18:57] [spirez] doc saved: 18-19_9cfdd731.pdf (1589 KB)
[14:18:57] [spirez] doc saved: 46_1500875d.pdf (752 KB)
[14:18:57] [spirez] doc saved: 42-45_1d31df8b.pdf (2849 KB)
[14:18:57] [spirez] doc saved: 30-31_9e802817.pdf (963 KB)
[14:18:57] [spirez] doc saved: 5_2b78dbec.pdf (1156 KB)
[14:18:57] [spirez] doc saved: 40-41_16f41f98.pdf (1463 KB)
[14:18:58] [spirez] doc saved: 47_8dc9abf2.pdf (1696 KB)
[14:18:58] [spirez] doc saved: 34-35_949eaca0.pdf (1687 KB)
[14:18:58] [spirez] doc saved: 20-21_b22079a5.pdf (1612 KB)
[14:18:58] [spirez] doc saved: 12-13_fa9a794e.pdf (1985 KB)
[14:18:59] [spirez] doc saved: 36-37_5b83cb97.pdf (2011 KB)
[14:18:59] [spirez] doc saved: 2-3_35049755.pdf (2464 KB)
[14:18:59] [spirez] doc saved: 8-11_037ab2df.pdf (3324 KB)
[14:18:59] [spirez] doc saved: 22-23_3f36a7bf.pdf (2488 KB)
[14:18:59] [spirez] doc saved: 4_42fbba8d.pdf (1151 KB)
[14:18:59] [spirez] doc saved: 24-25_154e9fe3.pdf (1934 KB)
[14:19:00] [spirez] doc saved: 48_42a0273d.pdf (886 KB)
[14:19:00] [spirez] doc saved: 40-41_94ba7ebd.pdf (315 KB)
[14:19:00] [spirez] doc saved: 6-9_17c7c2b9.pdf (740 KB)
[14:19:00] [spirez] doc saved: 14-15_b1af7e74.pdf (262 KB)
[14:19:00] [spirez] doc saved: 20-21_321e5a9d.pdf (218 KB)
[14:19:00] [spirez] doc saved: 36-37_362c2cc7.pdf (281 KB)
[14:19:01] [spirez] doc saved: 30-31_5a89792b.pdf (249 KB)
[14:19:01] [spirez] doc saved: 22-23_9dcc932e.pdf (238 KB)
[14:19:01] [spirez] doc saved: 48-49_320c24f5.pdf (305 KB)
[14:19:01] [spirez] doc saved: 16-17_5fdbf952.pdf (277 KB)
[14:19:01] [spirez] doc saved: 44-47_41911760.pdf (444 KB)
[14:19:01] [spirez] doc saved: 38-39_3efc23ac.pdf (1600 KB)
[14:19:01] [spirez] doc saved: 50_e24b27a4.pdf (163 KB)
[14:19:02] [spirez] doc saved: 4-5_25c8eca9.pdf (257 KB)
[14:19:02] [spirez] doc saved: 24_7c834854.pdf (132 KB)
[14:19:02] [spirez] doc saved: 34-35_b82d3c1d.pdf (211 KB)
[14:19:02] [spirez] doc saved: 26-27_04cd72a0.pdf (267 KB)
[14:19:02] [spirez] doc saved: 2_54e0ece6.pdf (168 KB)
[14:19:02] [spirez] doc saved: 38-39_ac29b6ad.pdf (306 KB)
[14:19:02] [spirez] doc saved: 32-33_93cd0d03.pdf (270 KB)
[14:19:02] [spirez] doc saved: 28-29_48ed5cda.pdf (329 KB)
[14:19:02] [spirez] doc saved: 3_45076d69.pdf (140 KB)
[14:19:03] [spirez] doc saved: 25_960623dc.pdf (128 KB)
[14:19:03] [spirez] doc saved: 10-11_f161eca2.pdf (340 KB)
[14:19:03] [spirez] doc saved: 18-19_65155958.pdf (294 KB)
[14:19:03] [spirez] doc saved: 51_b276b7f5.pdf (180 KB)
[14:19:03] [spirez] doc saved: 12-13_aaceacec.pdf (223 KB)
[14:19:03] [spirez] doc saved: 16_75b1d64f.pdf (119 KB)
[14:19:03] [spirez] doc saved: 14-15_f74141b5.pdf (216 KB)
[14:19:04] [spirez] doc saved: 19_8d8bb56b.pdf (131 KB)
[14:19:04] [zcks] doc saved: شــڕۆڤـــه_كـــرنا-زمانێ-ڕیكلامێن-بازرگانى_870e1682.pdf (10473 KB)
[14:19:04] [spirez] doc saved: 10_aa65ab46.pdf (140 KB)
[14:19:04] [spirez] doc saved: 22-23_17c430c8.pdf (238 KB)
[14:19:04] [spirez] doc saved: 2_62560de3.pdf (161 KB)
[14:19:04] [spirez] doc saved: 26_fe430e63.pdf (99 KB)
[14:19:04] [spirez] doc saved: 11_1e7f4cc1.pdf (136 KB)
[14:19:04] [spirez] doc saved: 13_ffd10866.pdf (113 KB)
[14:19:04] [spirez] doc saved: 24-25_4128b660.pdf (223 KB)
[14:19:04] [spirez] doc saved: 4-5_31f2f6b8.pdf (259 KB)
[14:19:05] [spirez] doc saved: 12_3097f955.pdf (127 KB)
[14:19:05] [spirez] doc saved: 17_1fac5829.pdf (137 KB)
[14:19:05] [spirez] doc saved: 18_0ae12434.pdf (108 KB)
[14:19:05] [spirez] doc saved: 3_416c5605.pdf (212 KB)
[14:19:05] [spirez] doc saved: 20-21_1f9c8d5b.pdf (256 KB)
[14:19:05] [spirez] doc saved: 6-9_5e39b6c8.pdf (459 KB)
[14:19:05] [spirez] doc saved: 27_5c0ea170.pdf (135 KB)
[14:19:05] [spirez] doc saved: 17_056628d8.pdf (218 KB)
[14:19:06] [spirez] doc saved: 16_8fb2455c.pdf (203 KB)
[14:19:06] [spirez] doc saved: 26_5616e987.pdf (215 KB)
[14:19:06] [spirez] doc saved: 3_c128a110.pdf (329 KB)
[14:19:06] [spirez] doc saved: 11_8ffaa31d.pdf (250 KB)
[14:19:06] [spirez] doc saved: 14-15_72bf2014.pdf (414 KB)
[14:19:06] [spirez] doc saved: 2_473df2ee.pdf (257 KB)
[14:19:06] [spirez] doc saved: 10_f236c9d8.pdf (250 KB)
[14:19:06] [spirez] doc saved: 22-23_d1ee5a32.pdf (436 KB)
[14:19:07] [spirez] doc saved: 19_ecc20563.pdf (221 KB)
[14:19:07] [spirez] doc saved: 27_346f657b.pdf (223 KB)
[14:19:07] [spirez] doc saved: 6-9_c8a8ce55.pdf (959 KB)
[14:19:07] [spirez] doc saved: 20-21_f3983bc2.pdf (465 KB)
[14:19:07] [spirez] doc saved: 24-25_b7bcb76e.pdf (383 KB)
[14:19:07] [spirez] doc saved: 18_bfbe7492.pdf (196 KB)
[14:19:07] [spirez] doc saved: 13_ada92f2d.pdf (199 KB)
[14:19:07] [spirez] doc saved: 12_6a2dfa76.pdf (203 KB)
[14:19:08] [spirez] doc saved: 32-33_706c9153.pdf (194 KB)
[14:19:08] [spirez] doc saved: 28-29_e06e6e0e.pdf (325 KB)
[14:19:08] [spirez] doc saved: 46-47_0bce59b4.pdf (247 KB)
[14:19:08] [spirez] doc saved: 14-15_c9d898fe.pdf (183 KB)
[14:19:08] [spirez] doc saved: 34-35_1b39e25d.pdf (257 KB)
[14:19:08] [spirez] doc saved: 38-39_f9dd8448.pdf (268 KB)
[14:19:08] [spirez] doc saved: 44-45_8ef82403.pdf (212 KB)
[14:19:08] [spirez] doc saved: 51_8fb5cdc6.pdf (178 KB)
[14:19:09] [spirez] doc saved: 50_845db9e1.pdf (114 KB)
[14:19:09] [spirez] doc saved: 18-19_a9dcab00.pdf (248 KB)
[14:19:09] [spirez] doc saved: 4_95262078.pdf (138 KB)
[14:19:09] [spirez] doc saved: 48-49_b334cad1.pdf (228 KB)
[14:19:09] [zcks] doc saved: كاریگه_رییا-لاساییكرنێ-لسه_ر-وێنه_یێ-شعرا-كلاسیكییا-كوردى_841bef92.pdf (8010 KB)
[14:19:09] [spirez] doc saved: 12-13_fe94b2ca.pdf (304 KB)
[14:19:09] [spirez] doc saved: 36-37_b4c2cbef.pdf (292 KB)
[14:19:10] [spirez] doc saved: 24-25_0f042e18.pdf (255 KB)
[14:19:10] [spirez] doc saved: 30-31_642c2f13.pdf (202 KB)
[14:19:10] [spirez] doc saved: 2-3_ffbb606d.pdf (292 KB)
[14:19:10] [spirez] doc saved: 16-17_17f9bcac.pdf (257 KB)
[14:19:10] [spirez] doc saved: 42-43_96f120b5.pdf (167 KB)
[14:19:10] [spirez] doc saved: 5_86717705.pdf (164 KB)
[14:19:10] [zcks] doc saved: زاخــــــــــــۆ-14-ى-تیرمه_ها-1958ێ-ــ-6-ى-ئادارا-1975ێ-ڤه_كۆلینه_كا-مێژوویى-ــ-سیاسى_4ae1812f.pdf (12196 KB)
[14:19:10] [spirez] doc saved: 26-27_40544862.pdf (240 KB)
[14:19:10] [spirez] doc saved: 20-21_e2ae755e.pdf (232 KB)
[14:19:11] [spirez] doc saved: 40-41_52e33f70.pdf (221 KB)
[14:19:11] [spirez] doc saved: 22-23_2a674d12.pdf (219 KB)
[14:19:11] [spirez] doc saved: 6-7_21093322.pdf (262 KB)
[14:19:11] [spirez] doc saved: 8-9-10-11_1253bdf7.pdf (590 KB)
[14:19:11] [spirez] doc saved: 14_a4dcf254.pdf (132 KB)
[14:19:11] [spirez] doc saved: 15_92b4a230.pdf (140 KB)
[14:19:11] [spirez] doc saved: 24-25_f519e7c4.pdf (247 KB)
[14:19:11] [spirez] doc saved: 4-5_53544ef6.pdf (262 KB)
[14:19:12] [spirez] doc saved: 26-27_5285e072.pdf (281 KB)
[14:19:12] [spirez] doc saved: 3_ebedfda9.pdf (130 KB)
[14:19:12] [spirez] doc saved: 39_4f03b86c.pdf (178 KB)
[14:19:12] [spirez] doc saved: 18-19_1de584b5.pdf (324 KB)
[14:19:12] [spirez] doc saved: 34-35_c3b2dad6.pdf (232 KB)
[14:19:12] [spirez] doc saved: 28-29_c0365017.pdf (273 KB)
[14:19:12] [spirez] doc saved: 36-37_c229fd98.pdf (216 KB)
[14:19:12] [spirez] doc saved: 10-11_cfab879c.pdf (356 KB)
[14:19:12] [spirez] doc saved: 32-33_82c74eb9.pdf (288 KB)
[14:19:13] [spirez] doc saved: 6-9_be417303.pdf (662 KB)
[14:19:13] [spirez] doc saved: 20-21_71807af6.pdf (277 KB)
[14:19:13] [spirez] doc saved: 16-17_be6c1dff.pdf (224 KB)
[14:19:13] [spirez] doc saved: 2_46ef7d85.pdf (181 KB)
[14:19:13] [spirez] doc saved: 22-23_b5c55365.pdf (301 KB)
[14:19:13] [spirez] doc saved: 30-31_caa7c3d6.pdf (229 KB)
[14:19:13] [spirez] doc saved: 12-13_a837cf65.pdf (281 KB)
[14:19:13] [spirez] doc saved: 38_09bd30cf.pdf (132 KB)
[14:19:14] [spirez] doc saved: 30-31_61644718.pdf (1850 KB)
[14:19:14] [spirez] doc saved: 40-41_4b4f174c.pdf (1500 KB)
[14:19:14] [spirez] doc saved: 34-35_09913095.pdf (1675 KB)
[14:19:14] [spirez] doc saved: 28-29_0cfcc576.pdf (1525 KB)
[14:19:15] [spirez] doc saved: 8-11_9cba4d00.pdf (2689 KB)
[14:19:15] [spirez] doc saved: 47_63849c14.pdf (1695 KB)
[14:19:15] [spirez] doc saved: 16-17_e5e1cfeb.pdf (1670 KB)
[14:19:15] [spirez] doc saved: 20-21_c414cd06.pdf (2185 KB)
[14:19:16] [spirez] doc saved: 48_4de82be5.pdf (1152 KB)
[14:19:16] [spirez] doc saved: 14-15_bb21b82f.pdf (1159 KB)
[14:19:16] [spirez] doc saved: 4_44a573c3.pdf (1016 KB)
[14:19:16] [spirez] doc saved: 42-45_4cd59a7c.pdf (2784 KB)
[14:19:16] [spirez] doc saved: 24-25_5f30ea1b.pdf (1851 KB)
[14:19:17] [spirez] doc saved: 36-37_feb8a2ed.pdf (1619 KB)
[14:19:17] [spirez] doc saved: 6-7_a676ea59.pdf (2437 KB)
[14:19:17] [spirez] doc saved: 38-39_64b46fb9.pdf (923 KB)
[14:19:17] [spirez] doc saved: 22-23_02220c45.pdf (1998 KB)
[14:19:18] [spirez] doc saved: 32-33_aa69e697.pdf (1777 KB)
[14:19:18] [spirez] doc saved: 46_53eb880b.pdf (740 KB)
[14:19:18] [spirez] doc saved: 12-13_0e12ef77.pdf (1995 KB)
[14:19:18] [spirez] doc saved: 2-3_cc6e7629.pdf (2449 KB)
[14:19:19] [spirez] doc saved: 5_17547518.pdf (1179 KB)
[14:19:19] [spirez] doc saved: 40-41_fec5ce76.pdf (218 KB)
[14:19:19] [spirez] doc saved: 26-27_433049ca.pdf (2336 KB)
[14:19:19] [spirez] doc saved: 18-19_221e7be5.pdf (1547 KB)
[14:19:19] [spirez] doc saved: 22-23_938c5c19.pdf (295 KB)
[14:19:20] [zcks] doc saved: رۆژناما-كوردستان-زمانحالێ-حزبا-دیموكراتى-كوردستان-ئیران-11-كانوونا-دووێ-3-چرییا-ئێكێ-1946-ڤه_كۆلینه_كا-مێژوویى_9375eaab.pdf (23164 KB)
[14:19:20] [spirez] doc saved: 14-15_351a9770.pdf (268 KB)
[14:19:20] [spirez] doc saved: 21_30a218dc.pdf (123 KB)
[14:19:20] [spirez] doc saved: 34-37_a8e11e2f.pdf (570 KB)
[14:19:20] [spirez] doc saved: 20_86c4f230.pdf (136 KB)
[14:19:20] [spirez] doc saved: 43_17f58e9a.pdf (180 KB)
[14:19:20] [spirez] doc saved: 38-39_10aa38df.pdf (271 KB)
[14:19:20] [spirez] doc saved: 2_cd14d68b.pdf (173 KB)
[14:19:20] [spirez] doc saved: 3_59f0a365.pdf (155 KB)
[14:19:21] [spirez] doc saved: 32-33_581bb3f9.pdf (245 KB)
[14:19:21] [spirez] doc saved: 42_eb1cb6f4.pdf (150 KB)
[14:19:21] [spirez] doc saved: 30-31_d788570d.pdf (277 KB)
[14:19:21] [spirez] doc saved: 18-19_a176b498.pdf (242 KB)
[14:19:21] [spirez] doc saved: 16-17_55341abc.pdf (291 KB)
[14:19:21] [spirez] doc saved: 4-5_debf4489.pdf (256 KB)
[14:19:21] [spirez] doc saved: 10-11_247e8476.pdf (372 KB)
[14:19:21] [spirez] doc saved: 6-9_39ad2c72.pdf (715 KB)
[14:19:21] [spirez] doc saved: 26-27_eed4ff23.pdf (286 KB)
[14:19:22] [spirez] doc saved: 24-25_c2cf5b50.pdf (297 KB)
[14:19:22] [spirez] doc saved: 12-13_8df2432a.pdf (218 KB)
[14:19:22] [spirez] doc saved: 28-29_1ce4cc5c.pdf (272 KB)
[14:19:22] [spirez] doc saved: 6-7_5ae515f4.pdf (272 KB)
[14:19:22] [spirez] doc saved: 40-41_77ccdd50.pdf (219 KB)
[14:19:22] [spirez] doc saved: 30-31_c27d105c.pdf (226 KB)
[14:19:22] [spirez] doc saved: 26-27_f585abae.pdf (234 KB)
[14:19:23] [spirez] doc saved: 8-11_036fd666.pdf (565 KB)
[14:19:23] [spirez] doc saved: 24-25_955af53a.pdf (264 KB)
[14:19:23] [spirez] doc saved: 51_bcb69b21.pdf (180 KB)
[14:19:23] [spirez] doc saved: 38-39_2eceb690.pdf (288 KB)
[14:19:23] [spirez] doc saved: 5_c37cc0b2.pdf (112 KB)
[14:19:23] [spirez] doc saved: 22-23_b35b211e.pdf (207 KB)
[14:19:23] [spirez] doc saved: 16-17_1e357f32.pdf (295 KB)
[14:19:23] [spirez] doc saved: 28-29_4c3f5c82.pdf (263 KB)
[14:19:23] [spirez] doc saved: 44-45_08627fcf.pdf (221 KB)
[14:19:24] [spirez] doc saved: 18-19_21583bf5.pdf (244 KB)
[14:19:24] [spirez] doc saved: 42-43_14dcaf1b.pdf (163 KB)
[14:19:24] [spirez] doc saved: 14-15_81b4e726.pdf (200 KB)
[14:19:24] [spirez] doc saved: 32-33_d5bc7bf2.pdf (245 KB)
[14:19:24] [spirez] doc saved: 48-49_714756c3.pdf (233 KB)
[14:19:24] [spirez] doc saved: 2-3_ce18f3b6.pdf (291 KB)
[14:19:24] [spirez] doc saved: 36-37_97806d35.pdf (300 KB)
[14:19:24] [spirez] doc saved: 34-35_e01c7605.pdf (180 KB)
[14:19:25] [spirez] doc saved: 4_78c8a6c5.pdf (113 KB)
[14:19:25] [spirez] doc saved: 20-21_106a8fc7.pdf (279 KB)
[14:19:25] [spirez] doc saved: 46-47_83c314a9.pdf (283 KB)
[14:19:25] [spirez] doc saved: 50_61171a87.pdf (140 KB)
[14:19:25] [spirez] doc saved: 12-13_49875210.pdf (312 KB)
[14:19:25] [spirez] doc saved: 13_85755a87.pdf (210 KB)
[14:19:25] [spirez] doc saved: 12_03ace404.pdf (240 KB)
[14:19:25] [spirez] doc saved: 17_7cd46e0a.pdf (260 KB)
[14:19:26] [zcks] doc saved: كى-كشه___967f3bfd.pdf (1436 KB)
[14:19:26] [spirez] doc saved: 22-23_37bdfcba.pdf (393 KB)
[14:19:26] [spirez] doc saved: 14-15_9b351080.pdf (496 KB)
[14:19:26] [zcks] doc saved: ڕه_گه_زه_كانى-چيرۆك-له_-داستانى-مه_م-و-زينى-خانيدا_3b858914.pdf (989 KB)
[14:19:26] [spirez] doc saved: 4-5_d0509af9.pdf (446 KB)
[14:19:27] [spirez] doc saved: 18_fc241e1d.pdf (202 KB)
[14:19:27] [spirez] doc saved: 19_19881cc7.pdf (246 KB)
[14:19:27] [spirez] doc saved: 11_cdbf058d.pdf (231 KB)
[14:19:27] [spirez] doc saved: 10_d2fec4a3.pdf (236 KB)
[14:19:27] [spirez] doc saved: 24-26_8a32fdc8.pdf (678 KB)
[14:19:27] [spirez] doc saved: 6-9_9036f76e.pdf (1031 KB)
[14:19:28] [spirez] doc saved: 27_a42cc5f0.pdf (231 KB)
[14:19:28] [spirez] doc saved: 2_15a32067.pdf (290 KB)
[14:19:28] [spirez] doc saved: 3_595e24d1.pdf (329 KB)
[14:19:28] [spirez] doc saved: 20-21_d9530cbd.pdf (481 KB)
[14:19:28] [spirez] doc saved: 16_d10e6bc9.pdf (219 KB)
[14:19:28] [spirez] doc saved: 2-3_b58615e3.pdf (281 KB)
[14:19:28] [spirez] doc saved: 42-43_4a35b2b2.pdf (190 KB)
[14:19:29] [spirez] doc saved: 30-31_ec7dadd9.pdf (199 KB)
[14:19:29] [spirez] doc saved: 50_4f34ae24.pdf (116 KB)
[14:19:29] [spirez] doc saved: 22-23_fbcc9e4c.pdf (215 KB)
[14:19:29] [spirez] doc saved: 46-47-48-49_0a0fc56a.pdf (471 KB)
[14:19:29] [spirez] doc saved: 18-19_80a6ef98.pdf (251 KB)
[14:19:29] [spirez] doc saved: 36-37_081d74d6.pdf (279 KB)
[14:19:30] [spirez] doc saved: 4_2eb30f3f.pdf (139 KB)
[14:19:30] [zcks] doc saved: كوردستان-د-مه_جلسێ-مه_بعووسانێ-ئوسمانیدا-1908-1920-ڤه_كولینه_كا-مێژوویى_ca7a0e21.pdf (30165 KB)
[14:19:30] [spirez] doc saved: 40-41_61fef664.pdf (220 KB)
[14:19:30] [spirez] doc saved: 6-7_5b01bd68.pdf (271 KB)
[14:19:30] [spirez] doc saved: 8-9-10-11_dfd7fc33.pdf (745 KB)
[14:19:30] [spirez] doc saved: 26-27_584257dc.pdf (241 KB)
[14:19:30] [spirez] doc saved: 32-33_a4e7a3b8.pdf (231 KB)
[14:19:30] [spirez] doc saved: 12-13_19b5f0a7.pdf (305 KB)
[14:19:31] [spirez] doc saved: 20-21_4f19238a.pdf (250 KB)
[14:19:31] [spirez] doc saved: 14-15_8da2760d.pdf (193 KB)
[14:19:31] [spirez] doc saved: 44-45_976cbf05.pdf (217 KB)
[14:19:31] [spirez] doc saved: 28-29_5c8ab16d.pdf (288 KB)
[14:19:31] [spirez] doc saved: 16-17_44fdabff.pdf (239 KB)
[14:19:31] [spirez] doc saved: 34-35_4001c7a2.pdf (222 KB)
[14:19:31] [spirez] doc saved: 51_56dd4273.pdf (181 KB)
[14:19:31] [spirez] doc saved: 5_746ba465.pdf (145 KB)
[14:19:32] [zcks] doc saved: یوسف-زڤنگی_9c68fb55.pdf (13489 KB)
[14:19:32] [spirez] doc saved: 38-39_ff219c7c.pdf (229 KB)
[14:19:32] [spirez] doc saved: 24-25_5dd24317.pdf (221 KB)
[14:19:32] [spirez] doc saved: 22-23_cd5efe90.pdf (429 KB)
[14:19:32] [spirez] doc saved: 12_cb0388a1.pdf (233 KB)
[14:19:32] [spirez] doc saved: 13_e29f64a4.pdf (239 KB)
[14:19:32] [spirez] doc saved: 4-5_de02271c.pdf (447 KB)
[14:19:32] [spirez] doc saved: 20-21_e050b266.pdf (472 KB)
[14:19:32] [spirez] doc saved: 19_e2509b17.pdf (255 KB)
[14:19:33] [spirez] doc saved: 14-15_2ab0a938.pdf (344 KB)
[14:19:33] [spirez] doc saved: 11_47c96d12.pdf (258 KB)
[14:19:33] [spirez] doc saved: 16_8ed353d2.pdf (226 KB)
[14:19:33] [spirez] doc saved: 6-9_53dda3b5.pdf (920 KB)
[14:19:33] [spirez] doc saved: 2_17b2c8db.pdf (294 KB)
[14:19:33] [spirez] doc saved: 18_e7473fe7.pdf (196 KB)
[14:19:33] [spirez] doc saved: 24-26_04175ee8.pdf (701 KB)
[14:19:33] [spirez] doc saved: 27_e7cf5733.pdf (236 KB)
[14:19:34] [spirez] doc saved: 3_cdc56aa8.pdf (341 KB)
[14:19:34] [spirez] doc saved: 17_cc91d5b9.pdf (280 KB)
[14:19:34] [spirez] doc saved: 10_d90aec9c.pdf (242 KB)
[14:19:34] [spirez] doc saved: 10_419439a3.pdf (272 KB)
[14:19:34] [spirez] doc saved: 3_98806ad0.pdf (360 KB)
[14:19:34] [spirez] doc saved: 13_072aee8d.pdf (217 KB)
[14:19:34] [spirez] doc saved: 17_69d34eb8.pdf (255 KB)
[14:19:35] [spirez] doc saved: 20-21_27bbb38a.pdf (3594 KB)
[14:19:35] [spirez] doc saved: 2_78fc6db6.pdf (301 KB)
[14:19:35] [spirez] doc saved: 16_a1e5165e.pdf (228 KB)
[14:19:35] [spirez] doc saved: 4-5_a5933a14.pdf (410 KB)
[14:19:35] [spirez] doc saved: 18_2716c9e4.pdf (194 KB)
[14:19:35] [spirez] doc saved: 14-15_8f1200c0.pdf (329 KB)
[14:19:35] [spirez] doc saved: 22-23_e84db4ab.pdf (2806 KB)
[14:19:36] [spirez] doc saved: 27_bd31cfd6.pdf (223 KB)
[14:19:36] [spirez] doc saved: 12_c31f467a.pdf (222 KB)
[14:19:36] [spirez] doc saved: 24-26_a6b418d5.pdf (704 KB)
[14:19:36] [zcks] doc saved: مەولودناما-نورەدین-سندی_69a6acdf.pdf (9504 KB)
[14:19:36] [spirez] doc saved: 19_ecc14880.pdf (250 KB)
[14:19:36] [spirez] doc saved: 6-9_014a334f.pdf (4544 KB)
[14:19:37] [spirez] doc saved: 11_823bf3f5.pdf (210 KB)
[14:19:37] [spirez] doc saved: 4-5_16b1a4f3.pdf (235 KB)
[14:19:37] [spirez] doc saved: 18_b53f2695.pdf (119 KB)
[14:19:37] [spirez] doc saved: 17_54c88edd.pdf (146 KB)
[14:19:37] [spirez] doc saved: 14-15_cdd052ab.pdf (309 KB)
[14:19:37] [spirez] doc saved: 27_39fdd9ec.pdf (148 KB)
[14:19:37] [spirez] doc saved: 10_8ddb92cc.pdf (174 KB)
[14:19:37] [spirez] doc saved: 2_61f319c7.pdf (203 KB)
[14:19:38] [zcks] doc saved: نایف-بوسەلی-1_6c2f4770.pdf (7593 KB)
[14:19:38] [spirez] doc saved: 11_f1b306c7.pdf (153 KB)
[14:19:38] [spirez] doc saved: 12_9af4fabf.pdf (85 KB)
[14:19:38] [spirez] doc saved: 24-25_de789afe.pdf (248 KB)
[14:19:38] [zcks] doc saved: گولا-نارنجی_ad4e3e5e.pdf (4789 KB)
[14:19:38] [spirez] doc saved: 22-23_1e0f478f.pdf (304 KB)
[14:19:38] [spirez] doc saved: 20-21_e7e85484.pdf (310 KB)
[14:19:38] [spirez] doc saved: 13_f5b0c484.pdf (149 KB)
[14:19:39] [spirez] doc saved: 19_91e4fdfc.pdf (133 KB)
[14:19:39] [spirez] doc saved: 26_c691d21a.pdf (138 KB)
[14:19:39] [spirez] doc saved: 16_d0b4fc1b.pdf (90 KB)
[14:19:39] [spirez] doc saved: 6-9_e75d7871.pdf (740 KB)
[14:19:39] [spirez] doc saved: 10_e8e02566.pdf (159 KB)
[14:19:39] [spirez] doc saved: 3_08324126.pdf (200 KB)
[14:19:40] [spirez] doc saved: 17_c788eec8.pdf (128 KB)
[14:19:40] [spirez] doc saved: 20-21_badb6ac1.pdf (256 KB)
[14:19:40] [spirez] doc saved: 16_3311698b.pdf (119 KB)
[14:19:40] [spirez] doc saved: 3_002095bb.pdf (214 KB)
[14:19:40] [spirez] doc saved: 22-23_6b9a3aeb.pdf (260 KB)
[14:19:40] [spirez] doc saved: 11_5efc4a34.pdf (131 KB)
[14:19:40] [spirez] doc saved: 13_edbc576e.pdf (119 KB)
[14:19:40] [spirez] doc saved: 12_9ebd1ad9.pdf (121 KB)
[14:19:41] [spirez] doc saved: 6-9_db66a0a0.pdf (513 KB)
[14:19:41] [spirez] doc saved: 4-5_a6820abc.pdf (236 KB)
[14:19:41] [spirez] doc saved: 18_206a23bf.pdf (110 KB)
[14:19:41] [spirez] doc saved: 2_5b8e9747.pdf (124 KB)
[14:19:41] [zcks] doc saved: رۆمانا-مێژووییا-كوردی-رۆمانێن-محه_مه_د-سه_لیم-سواری-وه_ك-نموونه__f5d29184.pdf (4958 KB)
[14:19:41] [spirez] doc saved: 27_aa139c62.pdf (134 KB)
[14:19:41] [spirez] doc saved: 19_f6774bda.pdf (132 KB)
[14:19:41] [spirez] doc saved: 14-15_0a89e288.pdf (242 KB)
[14:19:41] [spirez] doc saved: 26_1976f9c7.pdf (138 KB)
[14:19:42] [spirez] doc saved: 24-25_b8d91de4.pdf (233 KB)
[14:19:42] [spirez] doc saved: 27_3d7e08d9.pdf (128 KB)
[14:19:42] [spirez] doc saved: 24-25_fdcb7767.pdf (224 KB)
[14:19:42] [spirez] doc saved: 2_31638d7d.pdf (164 KB)
[14:19:42] [spirez] doc saved: 13_8fb69c55.pdf (134 KB)
[14:19:42] [spirez] doc saved: 22-23_e7fe4349.pdf (224 KB)
[14:19:42] [spirez] doc saved: 12_245a827d.pdf (115 KB)
[14:19:43] [spirez] doc saved: 6-9_e8abc444.pdf (471 KB)
[14:19:43] [spirez] doc saved: 18_2acab60e.pdf (109 KB)
[14:19:43] [spirez] doc saved: 26_ab37de5a.pdf (120 KB)
[14:19:43] [zcks] doc saved: سياسة-الترحيل-و-التعريب-في-منطقة-بهدينان-3_3ea543af.pdf (1774 KB)
[14:19:43] [spirez] doc saved: 16_de6b49ad.pdf (118 KB)
[14:19:43] [spirez] doc saved: 4-5_95d17b0f.pdf (199 KB)
[14:19:43] [spirez] doc saved: 20-21_662ec622.pdf (251 KB)
[14:19:43] [spirez] doc saved: 19_063f4c5e.pdf (134 KB)
[14:19:43] [spirez] doc saved: 10_8fbfebcb.pdf (151 KB)
[14:19:44] [spirez] doc saved: 14-15_29639ab7.pdf (224 KB)
[14:19:44] [spirez] doc saved: 11_3ad67b81.pdf (140 KB)
[14:19:44] [spirez] doc saved: 17_11d60dd8.pdf (123 KB)
[14:19:44] [spirez] doc saved: 3_80d67c92.pdf (208 KB)
[14:19:44] [spirez] doc saved: 4-5_5f017159.pdf (311 KB)
[14:19:44] [spirez] doc saved: 12_79a475cc.pdf (179 KB)
[14:19:44] [spirez] doc saved: 13_785f6b0c.pdf (223 KB)
[14:19:44] [spirez] doc saved: 2_64ca02b7.pdf (260 KB)
[14:19:45] [spirez] doc saved: 24-25_7444c22f.pdf (343 KB)
[14:19:45] [spirez] doc saved: 26_803afedc.pdf (173 KB)
[14:19:45] [spirez] doc saved: 17_947d11ef.pdf (218 KB)
[14:19:45] [spirez] doc saved: 3_8320e68e.pdf (350 KB)
[14:19:45] [spirez] doc saved: 18_7f8bdb26.pdf (191 KB)
[14:19:45] [spirez] doc saved: 6-9_93e37a75.pdf (846 KB)
[14:19:45] [spirez] doc saved: 22-23_66598b18.pdf (396 KB)
[14:19:45] [spirez] doc saved: 19_6c292a01.pdf (221 KB)
[14:19:45] [spirez] doc saved: 11_d49c74a5.pdf (226 KB)
[14:19:46] [spirez] doc saved: 27_6c6ec40e.pdf (222 KB)
[14:19:46] [spirez] doc saved: 10_da6c7d45.pdf (212 KB)
[14:19:46] [spirez] doc saved: 20-21_0cdf8f5c.pdf (484 KB)
[14:19:46] [spirez] doc saved: 14-15_358901ab.pdf (399 KB)
[14:19:46] [spirez] doc saved: 16_29c0ca57.pdf (199 KB)
[14:19:46] [spirez] doc saved: 26-27_b7d95007.pdf (241 KB)
[14:19:46] [spirez] doc saved: 3_88015a40.pdf (125 KB)
[14:19:46] [spirez] doc saved: 24-25_2f3053a1.pdf (302 KB)
[14:19:47] [spirez] doc saved: 30-31_b116336a.pdf (290 KB)
[14:19:47] [spirez] doc saved: 16-17_bb8b11e5.pdf (336 KB)
[14:19:47] [spirez] doc saved: 14-15_d2af62e7.pdf (252 KB)
[14:19:47] [zcks] doc saved: همزه_-آغا-منگور_691f390c.pdf (2360 KB)
[14:19:47] [spirez] doc saved: 34-37_5b69e20a.pdf (488 KB)
[14:19:47] [spirez] doc saved: 4-5_a93aa2af.pdf (345 KB)
[14:19:47] [spirez] doc saved: 42_6ba952cc.pdf (134 KB)
[14:19:47] [spirez] doc saved: 12-13_2fcf69c5.pdf (210 KB)
[14:19:47] [spirez] doc saved: 28-29_fe095aad.pdf (298 KB)
[14:19:48] [spirez] doc saved: 21_1f4aff18.pdf (145 KB)
[14:19:48] [spirez] doc saved: 2_6c7fedae.pdf (182 KB)
[14:19:48] [spirez] doc saved: 6-9_c8d9e8b8.pdf (734 KB)
[14:19:48] [spirez] doc saved: 38-39_301132df.pdf (273 KB)
[14:19:48] [spirez] doc saved: 10-11_76d9600b.pdf (392 KB)
[14:19:48] [zcks] doc saved: آشوريو-هكارى-في-العراق_2677a339.pdf (2623 KB)
[14:19:48] [spirez] doc saved: 43_bce302c7.pdf (186 KB)
[14:19:48] [spirez] doc saved: 20_bcb0682a.pdf (138 KB)
[14:19:49] [spirez] doc saved: 40-41_555eb042.pdf (229 KB)
[14:19:49] [spirez] doc saved: 32-33_47852944.pdf (221 KB)
[14:19:49] [spirez] doc saved: 22-23_85a2d743.pdf (309 KB)
[14:19:49] [spirez] doc saved: 18_cda598e5.pdf (121 KB)
[14:19:49] [spirez] doc saved: 19_a4a277d2.pdf (142 KB)
[14:19:49] [spirez] doc saved: 4-5_3d393e52.pdf (229 KB)
[14:19:49] [zcks] doc saved: ئاڤاكرنا-كه_سايه_تييێ-د-چيرۆكێن-يوونس-ئه_حمه_ديدا_48a4db3a.pdf (1026 KB)
[14:19:49] [spirez] doc saved: 18-19_71ecb80b.pdf (346 KB)
[14:19:50] [spirez] doc saved: 3_d7a5edcf.pdf (217 KB)
[14:19:50] [spirez] doc saved: 13_04934f07.pdf (119 KB)
[14:19:50] [spirez] doc saved: 17_2159b1cb.pdf (129 KB)
[14:19:50] [zcks] doc saved: العلماء-الكرد-و-علماء-المدن-الكردية_8352ca42.pdf (898 KB)
[14:19:50] [spirez] doc saved: 20-21_600cdeea.pdf (348 KB)
[14:19:50] [spirez] doc saved: 16_84a060b6.pdf (126 KB)
[14:19:50] [spirez] doc saved: 10_5a3a2a01.pdf (147 KB)
[14:19:50] [spirez] doc saved: 2_f146c722.pdf (188 KB)
[14:19:51] [spirez] doc saved: 11_1f558490.pdf (151 KB)
[14:19:51] [spirez] doc saved: 12_7c81e214.pdf (128 KB)
[14:19:51] [spirez] doc saved: 22-23_38384005.pdf (281 KB)
[14:19:51] [spirez] doc saved: 27_a817670b.pdf (138 KB)
[14:19:51] [spirez] doc saved: 26_78cdb2eb.pdf (131 KB)
[14:19:51] [spirez] doc saved: 24-25_52dbe899.pdf (257 KB)
[14:19:51] [spirez] doc saved: 14-15_b7ec4be1.pdf (271 KB)
[14:19:51] [spirez] doc saved: 6-9_e22bed71.pdf (654 KB)
[14:19:51] [spirez] doc saved: 12_c7b933fb.pdf (199 KB)
[14:19:52] [spirez] doc saved: 6-9_20205b61.pdf (1044 KB)
[14:19:52] [spirez] doc saved: 13_54f97947.pdf (188 KB)
[14:19:52] [spirez] doc saved: 11_4ad4d34f.pdf (244 KB)
[14:19:52] [spirez] doc saved: 27_8a830fef.pdf (239 KB)
[14:19:52] [spirez] doc saved: 10_3f7b35ce.pdf (243 KB)
[14:19:52] [spirez] doc saved: 24-26_b0a7f3a2.pdf (492 KB)
[14:19:52] [spirez] doc saved: 19_0eec95e8.pdf (234 KB)
[14:19:52] [spirez] doc saved: 2_5ea520b0.pdf (270 KB)
[14:19:53] [spirez] doc saved: 17_ae6d451b.pdf (203 KB)
[14:19:53] [spirez] doc saved: 22-23_06ff750e.pdf (397 KB)
[14:19:53] [spirez] doc saved: 3_6fbfa84d.pdf (353 KB)
[14:19:53] [spirez] doc saved: 18_d65a9300.pdf (198 KB)
[14:19:53] [zcks] doc saved: اللباب-في-علم-الحساب-و-الجبر-و-المساحة_cc890901.pdf (2697 KB)
[14:19:53] [spirez] doc saved: 16_a92d001f.pdf (214 KB)
[14:19:53] [spirez] doc saved: 4-5_b99ac5c6.pdf (457 KB)
[14:19:54] [spirez] doc saved: 20-21_fdcd902e.pdf (458 KB)
[14:19:54] [spirez] doc saved: 14-15_648ad928.pdf (2964 KB)
[14:19:54] [spirez] doc saved: 2_1bd1a49f.pdf (205 KB)
[14:19:54] [spirez] doc saved: 27_0b1e1a5d.pdf (181 KB)
[14:19:54] [spirez] doc saved: 19_fc449a06.pdf (126 KB)
[14:19:54] [spirez] doc saved: 22-23_e1bbbe11.pdf (254 KB)
[14:19:54] [spirez] doc saved: 4-5_5b45273a.pdf (183 KB)
[14:19:55] [spirez] doc saved: 10_b7297efa.pdf (164 KB)
[14:19:55] [spirez] doc saved: 6-9_94d6acf1.pdf (649 KB)
[14:19:55] [spirez] doc saved: 17_f11cfa71.pdf (121 KB)
[14:19:55] [spirez] doc saved: 20-21_fe944e41.pdf (347 KB)
[14:19:55] [spirez] doc saved: 18_c25d13d2.pdf (120 KB)
[14:19:55] [spirez] doc saved: 24-25_832e0f88.pdf (249 KB)
[14:19:55] [spirez] doc saved: 26_0a2b6493.pdf (121 KB)
[14:19:55] [spirez] doc saved: 11_7f5f476b.pdf (162 KB)
[14:19:55] [spirez] doc saved: 13_1103154b.pdf (117 KB)
[14:19:56] [spirez] doc saved: 16_62ee55b6.pdf (82 KB)
[14:19:56] [spirez] doc saved: 14-15_81b139dc.pdf (276 KB)
[14:19:56] [spirez] doc saved: 3_3769cee6.pdf (178 KB)
[14:19:56] [spirez] doc saved: 12_cc696017.pdf (77 KB)
[14:19:56] [spirez] doc saved: 20-21_7417396e.pdf (499 KB)
[14:19:56] [spirez] doc saved: 16_64bd6646.pdf (206 KB)
[14:19:56] [spirez] doc saved: 19_9b789315.pdf (226 KB)
[14:19:56] [spirez] doc saved: 18_87c5ad03.pdf (187 KB)
[14:19:57] [spirez] doc saved: 22-23_e8ce018b.pdf (391 KB)
[14:19:57] [spirez] doc saved: 4-5_99d0fac3.pdf (327 KB)
[14:19:57] [spirez] doc saved: 2_dfa59ddf.pdf (277 KB)
[14:19:57] [spirez] doc saved: 24-25_402551d1.pdf (338 KB)
[14:19:57] [spirez] doc saved: 6-9_d2f24fa9.pdf (886 KB)
[14:19:57] [spirez] doc saved: 13_550f3223.pdf (180 KB)
[14:19:57] [spirez] doc saved: 12_847cfe14.pdf (197 KB)
[14:19:57] [spirez] doc saved: 11_d6d0c83c.pdf (246 KB)
[14:19:58] [spirez] doc saved: 14-15_ed6dae7d.pdf (347 KB)
[14:19:58] [spirez] doc saved: 3_faed0005.pdf (355 KB)
[14:19:58] [spirez] doc saved: 17_db989c86.pdf (191 KB)
[14:19:58] [spirez] doc saved: 10_771d7b13.pdf (217 KB)
[14:19:58] [spirez] doc saved: 27_1620d6a8.pdf (202 KB)
[14:19:58] [spirez] doc saved: 9_afbc497b.pdf (232 KB)
[14:19:58] [spirez] doc saved: 23_439147a1.pdf (129 KB)
[14:19:58] [spirez] doc saved: 1_7a40fadd.pdf (309 KB)
[14:19:59] [spirez] doc saved: 28_a94ca524.pdf (178 KB)
[14:19:59] [spirez] doc saved: 19_bf941767.pdf (253 KB)
[14:19:59] [spirez] doc saved: 3_c1aba82e.pdf (117 KB)
[14:19:59] [spirez] doc saved: 25_90cc4d28.pdf (273 KB)
[14:19:59] [spirez] doc saved: 7_e7d5110d.pdf (206 KB)
[14:19:59] [spirez] doc saved: 8_035aa82a.pdf (224 KB)
[14:19:59] [spirez] doc saved: 14_d781058f.pdf (324 KB)
[14:19:59] [spirez] doc saved: 10_b1879288.pdf (252 KB)
[14:20:00] [spirez] doc saved: 27_a722e773.pdf (143 KB)
[14:20:00] [spirez] doc saved: 26_9365f17a.pdf (275 KB)
[14:20:00] [spirez] doc saved: 6_e61a03e2.pdf (320 KB)
[14:20:00] [spirez] doc saved: 17_8223763d.pdf (205 KB)
[14:20:00] [spirez] doc saved: 16_9b6641a3.pdf (218 KB)
[14:20:00] [spirez] doc saved: 5_3c7eaa6d.pdf (487 KB)
[14:20:00] [spirez] doc saved: 13_28edbb88.pdf (274 KB)
[14:20:01] [spirez] doc saved: 15_ee8da6ad.pdf (239 KB)
[14:20:01] [spirez] doc saved: 11_b86c54d0.pdf (214 KB)
[14:20:01] [spirez] doc saved: 12_c313c6c7.pdf (234 KB)
[14:20:01] [spirez] doc saved: 2_70c48776.pdf (113 KB)
[14:20:01] [spirez] doc saved: 21_378b1c86.pdf (161 KB)
[14:20:01] [spirez] doc saved: 24_74da2dcb.pdf (100 KB)
[14:20:02] [spirez] doc saved: 18_d4d754c6.pdf (314 KB)
[14:20:02] [spirez] doc saved: 22_d1b54fa9.pdf (187 KB)
[14:20:02] [spirez] doc saved: 20_b569a53a.pdf (94 KB)
[14:20:02] [spirez] doc saved: 4_a3f00aaf.pdf (330 KB)
[14:20:02] [spirez] doc saved: 18-19_1515670f.pdf (406 KB)
[14:20:02] [spirez] doc saved: 14_f661a021.pdf (239 KB)
[14:20:02] [spirez] doc saved: 23_6970666f.pdf (226 KB)
[14:20:03] [spirez] doc saved: 10_5ef14996.pdf (309 KB)
[14:20:03] [spirez] doc saved: 15_0b2dd84f.pdf (236 KB)
[14:20:03] [spirez] doc saved: 20-22_fc95e9b5.pdf (592 KB)
[14:20:03] [spirez] doc saved: 6-8_64a81e28.pdf (830 KB)
[14:20:03] [spirez] doc saved: 12-13_053370c2.pdf (503 KB)
[14:20:03] [zcks] 200 pages, 127 docs, queue=669
[14:20:03] [spirez] doc saved: 17_e84e3043.pdf (252 KB)
[14:20:03] [spirez] doc saved: 16_55e312c2.pdf (204 KB)
[14:20:03] [spirez] doc saved: 4-5_f3d678ee.pdf (431 KB)
[14:20:04] [spirez] doc saved: 11_88dde4f1.pdf (237 KB)
[14:20:04] [spirez] doc saved: 9_aa8159a9.pdf (203 KB)
[14:20:04] [spirez] doc saved: 2_845cf305.pdf (269 KB)
[14:20:04] [spirez] doc saved: 3_3b5751ee.pdf (317 KB)
[14:20:04] [spirez] doc saved: 11_d056747d.pdf (161 KB)
[14:20:04] [spirez] doc saved: 12-13_0e9126ee.pdf (212 KB)
[14:20:04] [spirez] doc saved: 14_a73fac6c.pdf (184 KB)
[14:20:05] [spirez] doc saved: 4-5_fbab1ef8.pdf (212 KB)
[14:20:05] [zcks] doc saved: ڕه_نگڤه_دانا-هه_بوونگه_ریێ-د-هه_لبه_ستا-هه_ڤچه_رخا-كوردیدا-دیوانا-ل-به_ر-سفكا-مه_-به_فر-دبارت-یا-محسن-قوچان-ى-وه_ك-نموونه__47c56866.pdf (4193 KB)
[14:20:05] [zcks] doc saved: هه_لويستێ-ئه_مريكا-ژ-نه_خۆشيا-مه_لا-مسته_فا-بارزانى_a0da2570.pdf (2140 KB)
[14:20:05] [spirez] doc saved: 2_3e95982e.pdf (188 KB)
[14:20:05] [spirez] doc saved: 3_cce8762c.pdf (233 KB)
[14:20:05] [spirez] doc saved: 15_05cadc36.pdf (172 KB)
[14:20:05] [spirez] doc saved: 18-19_e2201fd1.pdf (284 KB)
[14:20:05] [zcks] doc saved: كۆزا-په_ندان-ژ-شار-و-گوندان_f6fe1549.pdf (1161 KB)
[14:20:05] [spirez] doc saved: 16_21b2f1fa.pdf (114 KB)
[14:20:05] [spirez] doc saved: 17_c1b597e6.pdf (139 KB)
[14:20:05] [spirez] doc saved: 20-22_617d175c.pdf (462 KB)
[14:20:05] [spirez] doc saved: 23_243bc0cd.pdf (140 KB)
[14:20:06] [spirez] doc saved: 10_7495032c.pdf (210 KB)
[14:20:06] [spirez] doc saved: 9_9db7a7aa.pdf (125 KB)
[14:20:06] [spirez] doc saved: 6-8_2c013f99.pdf (484 KB)
[14:20:06] [spirez] doc saved: 12_71a45db3.pdf (87 KB)
[14:20:06] [spirez] doc saved: 22-23_7532c3c5.pdf (269 KB)
[14:20:06] [spirez] doc saved: 14-15_4c742181.pdf (256 KB)
[14:20:06] [spirez] doc saved: 27_8cb9efaa.pdf (178 KB)
[14:20:06] [spirez] doc saved: 26_12c5fbd3.pdf (121 KB)
[14:20:07] [zcks] doc saved: منهج-العلامة-السيرتي-في-التصوف-خلال-منظومته__24e64c35.pdf (1262 KB)
[14:20:07] [zcks] doc saved: الكورد-الگوران_1ab36cfc.pdf (1852 KB)
[14:20:07] [spirez] doc saved: 24-25_b3de7e03.pdf (242 KB)
[14:20:07] [spirez] doc saved: 11_2c6970af.pdf (153 KB)
[14:20:07] [spirez] doc saved: 20-21_50966466.pdf (299 KB)
[14:20:07] [spirez] doc saved: 6-9_9502a8f0.pdf (596 KB)
[14:20:07] [zcks] doc saved: هونه_رێ-چيرۆكنڤيسينێ-ل-جه_م-نووره_دين-زازاى_9ed56b89.pdf (1136 KB)
[14:20:07] [spirez] doc saved: 16_5629f685.pdf (72 KB)
[14:20:07] [spirez] doc saved: 13_e1fcdecf.pdf (124 KB)
[14:20:07] [spirez] doc saved: 3_672e1d86.pdf (205 KB)
[14:20:08] [spirez] doc saved: 17_9146a085.pdf (136 KB)
[14:20:08] [spirez] doc saved: 10_3fdb29cd.pdf (167 KB)
[14:20:08] [spirez] doc saved: 4-5_22fb67ef.pdf (234 KB)
[14:20:08] [spirez] doc saved: 2_20ef31a9.pdf (202 KB)
[14:20:08] [spirez] doc saved: 18-19_31698e03.pdf (249 KB)
[14:20:08] [spirez] doc saved: 2_e0e72d60.pdf (157 KB)
[14:20:08] [spirez] doc saved: 20-22_56cad779.pdf (240 KB)
[14:20:08] [spirez] doc saved: 6-8_568794a6.pdf (367 KB)
[14:20:08] [spirez] doc saved: 4-5_8097b043.pdf (209 KB)
[14:20:09] [spirez] doc saved: 12_9c79100a.pdf (124 KB)
[14:20:09] [spirez] doc saved: 10_232e7e4f.pdf (178 KB)
[14:20:09] [spirez] doc saved: 15_0cee6c05.pdf (126 KB)
[14:20:09] [spirez] doc saved: 3_b0b89c9e.pdf (202 KB)
[14:20:09] [spirez] doc saved: 9_883a4f0d.pdf (129 KB)
[14:20:09] [spirez] doc saved: 17_3cbf9739.pdf (138 KB)
[14:20:09] [spirez] doc saved: 16_c9cac9ed.pdf (113 KB)
[14:20:09] [spirez] doc saved: 23_ba9677b0.pdf (173 KB)
[14:20:10] [spirez] doc saved: 18-19_65f4af58.pdf (234 KB)
[14:20:10] [spirez] doc saved: 13-14_fc5a1505.pdf (283 KB)
[14:20:10] [spirez] doc saved: 11_aa67eab4.pdf (125 KB)
[14:20:10] [spirez] doc saved: 32-33_d36a027b.pdf (203 KB)
[14:20:10] [spirez] doc saved: 4_de233a81.pdf (102 KB)
[14:20:10] [spirez] doc saved: 16-17_3c085dda.pdf (233 KB)
[14:20:10] [spirez] doc saved: 5_a1331023.pdf (91 KB)
[14:20:10] [spirez] doc saved: 22-23_6ccfe671.pdf (236 KB)
[14:20:11] [spirez] doc saved: 20-21_26d48192.pdf (280 KB)
[14:20:11] [spirez] doc saved: 2-3_faeba6bf.pdf (294 KB)
[14:20:11] [zcks] doc saved: مدينة-دنيسر-الكردية_f664a6f7.pdf (1106 KB)
[14:20:11] [spirez] doc saved: 40-41_6b72d457.pdf (239 KB)
[14:20:11] [spirez] doc saved: 34-35_c98e17d2.pdf (193 KB)
[14:20:11] [spirez] doc saved: 36-37_19ca52d0.pdf (236 KB)
[14:20:11] [zcks] doc saved: موقف-الصحافة-العراقية-من-القضية-الكردية-2_89cb2564.pdf (2179 KB)
[14:20:11] [spirez] doc saved: 44-45_c04afc1a.pdf (221 KB)
[14:20:12] [spirez] doc saved: 14-15_7b67dd30.pdf (210 KB)
[14:20:12] [spirez] doc saved: 28-29_1bf0a529.pdf (262 KB)
[14:20:12] [spirez] doc saved: 51_3992c446.pdf (181 KB)
[14:20:12] [spirez] doc saved: 6-7_829f4273.pdf (263 KB)
[14:20:12] [spirez] doc saved: 46-47_bbba4efd.pdf (266 KB)
[14:20:12] [spirez] doc saved: 50_3d022314.pdf (116 KB)
[14:20:12] [spirez] doc saved: 18-19_f3d0177c.pdf (243 KB)
[14:20:13] [spirez] doc saved: 48-49_34752583.pdf (245 KB)
[14:20:13] [spirez] doc saved: 38-39_ee65f465.pdf (258 KB)
[14:20:13] [spirez] doc saved: 26-27_7c42f413.pdf (237 KB)
[14:20:13] [spirez] doc saved: 30-31_cc344054.pdf (190 KB)
[14:20:13] [spirez] doc saved: 12-13_9c2d5308.pdf (306 KB)
[14:20:13] [spirez] doc saved: 8-11_da33e159.pdf (614 KB)
[14:20:14] [spirez] doc saved: 24-25_6455a8cc.pdf (243 KB)
[14:20:14] [spirez] doc saved: 3_4a0ab7a5.pdf (212 KB)
[14:20:14] [spirez] doc saved: 2_295575cc.pdf (192 KB)
[14:20:14] [spirez] doc saved: 6-9_34b0dc1f.pdf (601 KB)
[14:20:14] [spirez] doc saved: 11_d7c13a8a.pdf (154 KB)
[14:20:14] [spirez] doc saved: 19_1eb251cf.pdf (134 KB)
[14:20:14] [spirez] doc saved: 42-43_b03f5b4d.pdf (162 KB)
[14:20:15] [spirez] doc saved: 13_84291cb9.pdf (134 KB)
[14:20:15] [spirez] doc saved: 18_9f5e04e6.pdf (121 KB)
[14:20:15] [spirez] doc saved: 17_256d479c.pdf (136 KB)
[14:20:15] [spirez] doc saved: 14-15_b8dd53d9.pdf (310 KB)
[14:20:15] [spirez] doc saved: 4-5_e0b702f4.pdf (223 KB)
[14:20:15] [spirez] doc saved: 16_5d550ba6.pdf (92 KB)
[14:20:15] [spirez] doc saved: 22-23_e5f6b1f7.pdf (255 KB)
[14:20:15] [spirez] doc saved: 12_b23ccf62.pdf (92 KB)
[14:20:15] [spirez] doc saved: 26_ddca9ae4.pdf (119 KB)
[14:20:15] [spirez] doc saved: 24-25_e8228b92.pdf (239 KB)
[14:20:16] [spirez] doc saved: 20-21_b8fb6079.pdf (340 KB)
[14:20:16] [spirez] doc saved: 10_cbcd8dda.pdf (174 KB)
[14:20:16] [spirez] doc saved: 27_8e611b17.pdf (131 KB)
[14:20:16] [spirez] doc saved: 36-37_42352aca.pdf (230 KB)
[14:20:16] [spirez] doc saved: 42-43-44-45_5d411092.pdf (444 KB)
[14:20:16] [spirez] doc saved: 6-7_ecaca1de.pdf (276 KB)
[14:20:16] [spirez] doc saved: 30-31_e1bc1723.pdf (281 KB)
[14:20:16] [spirez] doc saved: 48_55f51195.pdf (119 KB)
[14:20:17] [spirez] doc saved: 5_172d0534.pdf (138 KB)
[14:20:17] [spirez] doc saved: 46_7a029f58.pdf (99 KB)
[14:20:17] [spirez] doc saved: 14-15_debe9d66.pdf (212 KB)
[14:20:17] [spirez] doc saved: 12-13_1152af83.pdf (309 KB)
[14:20:17] [spirez] doc saved: 2-3_4c274943.pdf (290 KB)
[14:20:17] [spirez] doc saved: 20-21_3de921ad.pdf (239 KB)
[14:20:17] [spirez] doc saved: 38-39_a93d549d.pdf (164 KB)
[14:20:17] [spirez] doc saved: 16-17_89890d6d.pdf (236 KB)
[14:20:18] [spirez] doc saved: 8-9-10-11_56b2fc22.pdf (519 KB)
[14:20:18] [spirez] doc saved: 22-23_1b59dd12.pdf (210 KB)
[14:20:18] [spirez] doc saved: 4_b0adfa5d.pdf (135 KB)
[14:20:18] [spirez] doc saved: 18-19_40e89136.pdf (261 KB)
[14:20:18] [spirez] doc saved: 28-29_effdf96d.pdf (191 KB)
[14:20:18] [spirez] doc saved: 24-25_b37b4f01.pdf (232 KB)
[14:20:18] [spirez] doc saved: 47_94247d02.pdf (183 KB)
[14:20:18] [spirez] doc saved: 26-27_cbe7c100.pdf (334 KB)
[14:20:19] [spirez] doc saved: 32-33_241e9a72.pdf (332 KB)
[14:20:19] [spirez] doc saved: 34-35_2b53c295.pdf (269 KB)
[14:20:19] [spirez] doc saved: 40-41_1f16a16a.pdf (195 KB)
[14:20:19] [spirez] doc saved: 12-13_3aaa134a.pdf (282 KB)
[14:20:19] [spirez] doc saved: 28-29_8a8e2cd2.pdf (256 KB)
[14:20:19] [spirez] doc saved: 3_630c1af0.pdf (138 KB)
[14:20:19] [spirez] doc saved: 20-21_467aa95f.pdf (279 KB)
[14:20:19] [spirez] doc saved: 10-11_ac0ee9ea.pdf (357 KB)
[14:20:19] [spirez] doc saved: 26-27_da2763ae.pdf (287 KB)
[14:20:20] [spirez] doc saved: 18-19_b0c9027a.pdf (288 KB)
[14:20:20] [spirez] doc saved: 14_4fb29b44.pdf (123 KB)
[14:20:20] [spirez] doc saved: 15_7fcbabf3.pdf (134 KB)
[14:20:20] [spirez] doc saved: 38_c8ec22be.pdf (154 KB)
[14:20:20] [spirez] doc saved: 30-31_9dad2252.pdf (213 KB)
[14:20:20] [spirez] doc saved: 39_8124e9fd.pdf (181 KB)
[14:20:20] [spirez] doc saved: 2_3125932d.pdf (174 KB)
[14:20:20] [spirez] doc saved: 4-5_6e1533fd.pdf (299 KB)
[14:20:21] [spirez] doc saved: 22-23_b2e6c192.pdf (315 KB)
[14:20:21] [spirez] doc saved: 6-9_485c48dd.pdf (552 KB)
[14:20:21] [spirez] doc saved: 36-37_724ddb5f.pdf (167 KB)
[14:20:21] [spirez] doc saved: 16-17_ecddb078.pdf (208 KB)
[14:20:21] [spirez] doc saved: 24-25_fca0dc30.pdf (261 KB)
[14:20:21] [spirez] doc saved: 34-35_fefba1ce.pdf (264 KB)
[14:20:21] [spirez] doc saved: 32-33_0925fa60.pdf (261 KB)
[14:20:21] [spirez] doc saved: 6-8_4e0ee2e2.pdf (901 KB)
[14:20:22] [spirez] doc saved: 11_4d518b76.pdf (230 KB)
[14:20:22] [spirez] doc saved: 20-22_9936629e.pdf (672 KB)
[14:20:22] [spirez] doc saved: 18-19_6a42108c.pdf (373 KB)
[14:20:22] [spirez] doc saved: 15_51ae64df.pdf (243 KB)
[14:20:22] [spirez] doc saved: 10_313f9890.pdf (226 KB)
[14:20:22] [spirez] doc saved: 17_2c6fed61.pdf (3220 KB)
[14:20:22] [spirez] doc saved: 9_daeedf74.pdf (218 KB)
[14:20:22] [spirez] doc saved: 4-5_81432efe.pdf (423 KB)
[14:20:23] [spirez] doc saved: 16_1517c187.pdf (197 KB)
[14:20:23] [spirez] doc saved: 14_2135fdb4.pdf (241 KB)
[14:20:23] [spirez] doc saved: 12-13_7f117fa8.pdf (466 KB)
[14:20:23] [spirez] doc saved: 3_57cbcceb.pdf (349 KB)
[14:20:23] [spirez] doc saved: 23_6748cbc3.pdf (224 KB)
[14:20:23] [spirez] doc saved: 2_291b0491.pdf (282 KB)
[14:20:23] [spirez] doc saved: 14-15_31178d66.pdf (438 KB)
[14:20:23] [spirez] doc saved: 18_fb64499f.pdf (204 KB)
[14:20:24] [spirez] doc saved: 27_2fd18247.pdf (242 KB)
[14:20:24] [spirez] doc saved: 20-21_cddda4d9.pdf (494 KB)
[14:20:24] [spirez] doc saved: 11_15e2d473.pdf (200 KB)
[14:20:24] [spirez] doc saved: 4-5_a8fe5fb1.pdf (369 KB)
[14:20:24] [spirez] doc saved: 12_e0d3f518.pdf (205 KB)
[14:20:24] [spirez] doc saved: 10_f7a3d433.pdf (229 KB)
[14:20:24] [spirez] doc saved: 22-23_2612b07f.pdf (409 KB)
[14:20:24] [spirez] doc saved: 19_a3654916.pdf (236 KB)
[14:20:25] [zcks] doc saved: دور-المرأة-في-الحياة-السياسية-و-الاجتماعية-و-الثقافية_9f2b207d.pdf (2353 KB)
[14:20:25] [spirez] doc saved: 2_1d19a545.pdf (283 KB)
[14:20:25] [spirez] doc saved: 13_bde2d35b.pdf (190 KB)
[14:20:25] [spirez] doc saved: 16_30174990.pdf (200 KB)
[14:20:25] [spirez] doc saved: 6-9_3c477eee.pdf (966 KB)
[14:20:25] [zcks] doc saved: ڕه_خنه_يا-پراكيتكى_297b6a9e.pdf (641 KB)
[14:20:25] [spirez] doc saved: 24-26_d06051a9.pdf (764 KB)
[14:20:25] [spirez] doc saved: 17_dd478d94.pdf (202 KB)
[14:20:25] [spirez] doc saved: 3_92a43110.pdf (351 KB)
[14:20:26] [spirez] doc saved: 11_f6ed62f7.pdf (144 KB)
[14:20:26] [spirez] doc saved: 10_6c17661d.pdf (166 KB)
[14:20:26] [spirez] doc saved: 18-19_3582f7c9.pdf (259 KB)
[14:20:26] [spirez] doc saved: 16_3cdcbfdd.pdf (102 KB)
[14:20:26] [spirez] doc saved: 6-8_b61a6267.pdf (349 KB)
[14:20:26] [spirez] doc saved: 20-22_f2de2ec5.pdf (290 KB)
[14:20:26] [spirez] doc saved: 4-5_732b0794.pdf (215 KB)
[14:20:26] [spirez] doc saved: 9_4f142090.pdf (132 KB)
[14:20:27] [spirez] doc saved: 2_c3e9bbb9.pdf (162 KB)
[14:20:27] [spirez] doc saved: 3_a6fd0d0e.pdf (186 KB)
[14:20:27] [spirez] doc saved: 15_43692a91.pdf (135 KB)
[14:20:27] [spirez] doc saved: 17_412c1b48.pdf (153 KB)
[14:20:27] [spirez] doc saved: 14_e36b679e.pdf (165 KB)
[14:20:27] [spirez] doc saved: 12-13_46dc7abd.pdf (201 KB)
[14:20:27] [spirez] doc saved: 11_7d452c7b.pdf (220 KB)
[14:20:27] [spirez] doc saved: 10_50418fa7.pdf (204 KB)
[14:20:28] [spirez] doc saved: 18_d4ddbb8a.pdf (191 KB)
[14:20:28] [spirez] doc saved: 19_1cb87abe.pdf (220 KB)
[14:20:28] [spirez] doc saved: 2_a3cc1c43.pdf (267 KB)
[14:20:28] [spirez] doc saved: 12_4ff7e01e.pdf (221 KB)
[14:20:28] [spirez] doc saved: 16_1dbac2a7.pdf (212 KB)
[14:20:28] [spirez] doc saved: 22-23_7f150bcd.pdf (393 KB)
[14:20:28] [spirez] doc saved: 4-5_7922ac63.pdf (420 KB)
[14:20:28] [spirez] doc saved: 3_9f60b02b.pdf (351 KB)
[14:20:29] [spirez] doc saved: 6-9_0dd8a68d.pdf (899 KB)
[14:20:29] [spirez] doc saved: 14-15_7e2016b5.pdf (452 KB)
[14:20:29] [spirez] doc saved: 17_cad5ba3c.pdf (226 KB)
[14:20:29] [spirez] doc saved: 13_cad1c06e.pdf (191 KB)
[14:20:29] [spirez] doc saved: 20-21_75fbe289.pdf (499 KB)
[14:20:29] [spirez] doc saved: 27_5f5d8bbb.pdf (242 KB)
[14:20:29] [spirez] doc saved: 24-26_042f6ce0.pdf (583 KB)
[14:20:29] [spirez] doc saved: 12_4d28b95b.pdf (90 KB)
[14:20:30] [spirez] doc saved: 14-15_50212d1f.pdf (316 KB)
[14:20:30] [spirez] doc saved: 20-21_e8e98706.pdf (328 KB)
[14:20:30] [spirez] doc saved: 16_ce5cd4d0.pdf (89 KB)
[14:20:30] [spirez] doc saved: 22-23_93833b54.pdf (254 KB)
[14:20:30] [spirez] doc saved: 26_929857a0.pdf (108 KB)
[14:20:30] [spirez] doc saved: 10_8102c339.pdf (145 KB)
[14:20:30] [spirez] doc saved: 17_2186af02.pdf (152 KB)
[14:20:30] [spirez] doc saved: 3_54357ace.pdf (211 KB)
[14:20:31] [spirez] doc saved: 13_52dff912.pdf (127 KB)
[14:20:31] [spirez] doc saved: 18_61c1609f.pdf (125 KB)
[14:20:31] [spirez] doc saved: 19_22e9a775.pdf (134 KB)
[14:20:31] [spirez] doc saved: 27_4b8b0780.pdf (143 KB)
[14:20:31] [spirez] doc saved: 4-5_c19f48f8.pdf (242 KB)
[14:20:31] [spirez] doc saved: 24-25_d5cb9249.pdf (248 KB)
[14:20:31] [spirez] doc saved: 6-9_9ce5817e.pdf (643 KB)
[14:20:31] [spirez] doc saved: 11_6ba552f0.pdf (167 KB)
[14:20:32] [spirez] doc saved: 2_4e709b99.pdf (208 KB)
[14:20:32] [spirez] doc saved: 22-23_dee8b993.pdf (354 KB)
[14:20:32] [spirez] doc saved: 10-11_d694478c.pdf (351 KB)
[14:20:32] [spirez] doc saved: 6-9_926f1b81.pdf (652 KB)
[14:20:32] [spirez] doc saved: 12-13_e4da9bf8.pdf (220 KB)
[14:20:32] [spirez] doc saved: 32-33_9d149ab2.pdf (262 KB)
[14:20:32] [spirez] doc saved: 28-29_2716d28d.pdf (275 KB)
[14:20:32] [spirez] doc saved: 20_6155df4c.pdf (133 KB)
[14:20:33] [spirez] doc saved: 21_61edb3de.pdf (136 KB)
[14:20:33] [spirez] doc saved: 30-31_e3ccd14a.pdf (269 KB)
[14:20:33] [spirez] doc saved: 4-5_38760bf7.pdf (207 KB)
[14:20:33] [spirez] doc saved: 42_19178a42.pdf (144 KB)
[14:20:33] [spirez] doc saved: 26-27_163b427d.pdf (288 KB)
[14:20:33] [spirez] doc saved: 18-19_75abfa67.pdf (275 KB)
[14:20:33] [spirez] doc saved: 24-25_ebb90f67.pdf (305 KB)
[14:20:33] [spirez] doc saved: 40-41_f2b9d9fc.pdf (222 KB)
[14:20:34] [spirez] doc saved: 43_854b5443.pdf (180 KB)
[14:20:34] [spirez] doc saved: 38-39_f5963380.pdf (300 KB)
[14:20:34] [spirez] doc saved: 3_ef546104.pdf (119 KB)
[14:20:34] [spirez] doc saved: 34-37_a75bb259.pdf (544 KB)
[14:20:34] [spirez] doc saved: 14-15_9f8c742e.pdf (261 KB)
[14:20:34] [spirez] doc saved: 2_5fa2d2a9.pdf (173 KB)
[14:20:34] [spirez] doc saved: 14-15_9340df43.pdf (279 KB)
[14:20:35] [spirez] doc saved: 6-9_82c46463.pdf (694 KB)
[14:20:35] [spirez] doc saved: 2_be63c8ac.pdf (182 KB)
[14:20:35] [spirez] doc saved: 38-39_f49388cf.pdf (325 KB)
[14:20:35] [spirez] doc saved: 30-31_78f99997.pdf (227 KB)
[14:20:35] [spirez] doc saved: 16-17_1bb2de21.pdf (294 KB)
[14:20:36] [spirez] doc saved: 28-29_827eae9b.pdf (313 KB)
[14:20:36] [spirez] doc saved: 16-17_2d7dbab2.pdf (276 KB)
[14:20:36] [spirez] doc saved: 21_9b5a28b6.pdf (137 KB)
[14:20:36] [spirez] doc saved: 24-25_c65b842a.pdf (326 KB)
[14:20:36] [spirez] doc saved: 26-27_9ce9a008.pdf (293 KB)
[14:20:36] [spirez] doc saved: 43_f8fbe2c1.pdf (185 KB)
[14:20:36] [spirez] doc saved: 40-41_d479aaba.pdf (258 KB)
[14:20:37] [spirez] doc saved: 22-23_8da309f5.pdf (308 KB)
[14:20:37] [spirez] doc saved: 34-37_f2e0c16b.pdf (583 KB)
[14:20:37] [spirez] doc saved: 42_3146cced.pdf (151 KB)
[14:20:37] [spirez] doc saved: 12-13_a8ad6f39.pdf (226 KB)
[14:20:37] [spirez] doc saved: 20_2477e2aa.pdf (138 KB)
[14:20:37] [spirez] doc saved: 3_7025a09d.pdf (138 KB)
[14:20:37] [spirez] doc saved: 18-19_f5fed544.pdf (264 KB)
[14:20:37] [spirez] doc saved: 4-5_ddc39dbd.pdf (264 KB)
[14:20:38] [spirez] doc saved: 32-33_b8513d9b.pdf (256 KB)
[14:20:38] [spirez] doc saved: 10-11_f829a751.pdf (354 KB)
[14:20:38] [spirez] doc saved: 18-19_8e4c2832.pdf (1673 KB)
[14:20:38] [spirez] doc saved: 48_44662dac.pdf (887 KB)
[14:20:39] [spirez] doc saved: 2-3_656e59b2.pdf (2468 KB)
[14:20:39] [spirez] doc saved: 5_70e6e188.pdf (1063 KB)
[14:20:39] [spirez] doc saved: 36-37_52161d4b.pdf (2397 KB)
[14:20:39] [spirez] doc saved: 8-13_0eb521bc.pdf (6212 KB)
[14:20:39] [spirez] doc saved: 22-23_3b66b119.pdf (2194 KB)
[14:20:40] [spirez] doc saved: 38-39_2bb942ef.pdf (1451 KB)
[14:20:40] [spirez] doc saved: 28-31_5f65dbbb.pdf (4386 KB)
[14:20:40] [spirez] doc saved: 42-45_9e004357.pdf (2958 KB)
[14:20:40] [spirez] doc saved: 20-21_2d59643c.pdf (1520 KB)
[14:20:41] [spirez] doc saved: 34-35_2d028057.pdf (1649 KB)
[14:20:41] [spirez] doc saved: 32-33_44b7bd04.pdf (1331 KB)
[14:20:41] [spirez] doc saved: 40-41_bcba99cf.pdf (1484 KB)
[14:20:41] [spirez] doc saved: 24-25_0eeb6815.pdf (2295 KB)
[14:20:41] [spirez] doc saved: 4_546734e0.pdf (1021 KB)
[14:20:42] [spirez] doc saved: 6-7_77dc0c74.pdf (2219 KB)
[14:20:42] [spirez] doc saved: 47_e299b792.pdf (1626 KB)
[14:20:42] [spirez] doc saved: 26-27_0e6870ad.pdf (1912 KB)
[14:20:42] [spirez] doc saved: 16-17_659e316c.pdf (1209 KB)
[14:20:42] [spirez] doc saved: 14-15_73993e6b.pdf (2027 KB)
[14:20:43] [spirez] doc saved: 46_a4655390.pdf (770 KB)
[14:20:43] [spirez] doc saved: 24-25_2474c669.pdf (1798 KB)
[14:20:43] [spirez] doc saved: 48_19783198.pdf (1145 KB)
[14:20:43] [spirez] doc saved: 42-45_d406d9d1.pdf (2789 KB)
[14:20:43] [spirez] doc saved: 18-19_ccc9bf63.pdf (1565 KB)
[14:20:43] [spirez] doc saved: 16-17_1bc25309.pdf (1116 KB)
[14:20:44] [spirez] doc saved: 6-7_a613f8c9.pdf (2072 KB)
[14:20:44] [spirez] doc saved: 4_34635c85.pdf (1079 KB)
[14:20:44] [spirez] doc saved: 38-39_9d187dec.pdf (1256 KB)
[14:20:45] [spirez] doc saved: 26-27_0415cd35.pdf (1058 KB)
[14:20:45] [spirez] doc saved: 22-23_f847ae35.pdf (2488 KB)
[14:20:45] [spirez] doc saved: 14-15_5b02fb45.pdf (2032 KB)
[14:20:45] [spirez] doc saved: 32-33_996ca671.pdf (1739 KB)
[14:20:45] [zcks] doc saved: كاریگه_رییا-ته_مه_نى-ل-سه_ر-زمانێ-په_یوه_ندیكرنێ_6b3c1d9e.pdf (5439 KB)
[14:20:45] [spirez] doc saved: 5_b7bf8058.pdf (1174 KB)
[14:20:45] [spirez] doc saved: 40-41_8549d7fe.pdf (1565 KB)
[14:20:46] [spirez] doc saved: 46_d398d481.pdf (655 KB)
[14:20:46] [spirez] doc saved: 2-3_30fce0f3.pdf (2505 KB)
[14:20:46] [spirez] doc saved: 30-31_7b3b16fd.pdf (1739 KB)
[14:20:46] [spirez] doc saved: 20-21_778f7ae8.pdf (1484 KB)
[14:20:46] [spirez] doc saved: 36-37_0a9cc7c7.pdf (1098 KB)
[14:20:46] [spirez] doc saved: 34-35_43262e44.pdf (2624 KB)
[14:20:47] [spirez] doc saved: 47_b1dcae66.pdf (1684 KB)
[14:20:47] [spirez] doc saved: 28-29_299de4fc.pdf (1208 KB)
[14:20:47] [spirez] doc saved: 38-39_bf28bb09.pdf (259 KB)
[14:20:47] [spirez] doc saved: 28-29_14069a1e.pdf (278 KB)
[14:20:47] [spirez] doc saved: 8-13_43463d20.pdf (5867 KB)
[14:20:47] [spirez] doc saved: 6-9_c956abaa.pdf (631 KB)
[14:20:47] [spirez] doc saved: 42_4dc8b1a5.pdf (148 KB)
[14:20:48] [spirez] doc saved: 43_34ae6401.pdf (178 KB)
[14:20:48] [zcks] doc saved: 76co6_e20f389a.pdf (612 KB)
[14:20:48] [spirez] doc saved: 32-33_bd005762.pdf (221 KB)
[14:20:48] [spirez] doc saved: 34-37_59d9b664.pdf (497 KB)
[14:20:48] [spirez] doc saved: 4-5_eb481611.pdf (233 KB)
[14:20:48] [spirez] doc saved: 18-19_0fe6f8d2.pdf (265 KB)
[14:20:48] [zcks] doc saved: 59co6_7558ea55.pdf (535 KB)
[14:20:48] [spirez] doc saved: 2_0193c033.pdf (176 KB)
[14:20:48] [spirez] doc saved: 26-27_5571e1e4.pdf (265 KB)
[14:20:48] [spirez] doc saved: 3_a903a3f6.pdf (133 KB)
[14:20:48] [zcks] doc saved: 49co6_dce21655.pdf (560 KB)
[14:20:49] [spirez] doc saved: 22-23_00f84716.pdf (270 KB)
[14:20:49] [spirez] doc saved: 12-13_b3bfea72.pdf (231 KB)
[14:20:49] [spirez] doc saved: 24-25_ab3129e1.pdf (322 KB)
[14:20:49] [spirez] doc saved: 21_5a476235.pdf (130 KB)
[14:20:49] [zcks] doc saved: 47co6_ac84b8c9.pdf (740 KB)
[14:20:49] [spirez] doc saved: 40-41_f0d9a09e.pdf (240 KB)
[14:20:49] [spirez] doc saved: 10-11_291ffae7.pdf (376 KB)
[14:20:49] [zcks] doc saved: 62co6_33f0f86f.pdf (973 KB)
[14:20:49] [spirez] doc saved: 16-17_58a6382c.pdf (281 KB)
[14:20:49] [spirez] doc saved: 14-15_af335ac0.pdf (282 KB)
[14:20:50] [spirez] doc saved: 20_ca9bac64.pdf (133 KB)
[14:20:50] [zcks] doc saved: 56co6_ffee84af.pdf (1276 KB)
[14:20:50] [spirez] doc saved: 30-31_e9a0a9e3.pdf (267 KB)
[14:20:50] [zcks] doc saved: 51co6_2b608761.pdf (838 KB)
[14:20:50] [spirez] doc saved: 26-27_8496a20b.pdf (307 KB)
[14:20:50] [spirez] doc saved: 50_296cc147.pdf (130 KB)
[14:20:50] [spirez] doc saved: 48-49_fe7862e3.pdf (267 KB)
[14:20:50] [zcks] doc saved: 74co6_4439cf6f.pdf (732 KB)
[14:20:50] [spirez] doc saved: 2_dbed3524.pdf (152 KB)
[14:20:50] [zcks] doc saved: 78co6_4c38f98e.pdf (696 KB)
[14:20:50] [spirez] doc saved: 46-47_e55af62a.pdf (263 KB)
[14:20:50] [spirez] doc saved: 3_67229c44.pdf (157 KB)
[14:20:51] [zcks] doc saved: 72co6_ee17f7f6.pdf (696 KB)
[14:20:51] [zcks] doc saved: 60co6_e00109ff.pdf (485 KB)
[14:20:51] [spirez] doc saved: 18-19_e002cedd.pdf (252 KB)
[14:20:51] [spirez] doc saved: 36-37_7dd491b9.pdf (221 KB)
[14:20:51] [spirez] doc saved: 4-5_a66a3a74.pdf (300 KB)
[14:20:51] [spirez] doc saved: 32-33_ff550191.pdf (227 KB)
[14:20:51] [zcks] doc saved: 54co6_b6fb0bed.pdf (465 KB)
[14:20:51] [zcks] doc saved: 48co6_8e8ee2d5.pdf (476 KB)
[14:20:51] [zcks] doc saved: 63co6_3ac2d3d2.pdf (600 KB)
[14:20:51] [spirez] doc saved: 30-31_d198999d.pdf (223 KB)
[14:20:51] [spirez] doc saved: 22-23_d49ce65e.pdf (250 KB)
[14:20:51] [spirez] doc saved: 44_7157bf1f.pdf (106 KB)
[14:20:51] [zcks] doc saved: 69co6_46e7a137.pdf (763 KB)
[14:20:51] [zcks] doc saved: 50co6_dd92aa7b.pdf (425 KB)
[14:20:52] [zcks] doc saved: 77co6_8c7a52d3.pdf (1272 KB)
[14:20:52] [spirez] doc saved: 6_333d88a5.pdf (112 KB)
[14:20:52] [zcks] doc saved: 67co6_63788207.pdf (486 KB)
[14:20:52] [spirez] doc saved: 16-17_53767c82.pdf (192 KB)
[14:20:52] [spirez] doc saved: 38-39_e4a8dcc7.pdf (274 KB)
[14:20:52] [zcks] doc saved: peshkeshkrn-co6_d8916dea.pdf (310 KB)
[14:20:52] [zcks] doc saved: 65co6_be7b4136.pdf (471 KB)
[14:20:52] [spirez] doc saved: 51_fd3f51aa.pdf (187 KB)
[14:20:52] [zcks] doc saved: 57co6_0dfa77f2.pdf (786 KB)
[14:20:52] [spirez] doc saved: 28-29_f788aaed.pdf (307 KB)
[14:20:52] [spirez] doc saved: 7_b6647efe.pdf (120 KB)
[14:20:52] [spirez] doc saved: 8-9_c2868488.pdf (282 KB)
[14:20:53] [spirez] doc saved: 14-15_e53edffb.pdf (309 KB)
[14:20:53] [zcks] doc saved: 55co6_51818ae3.pdf (650 KB)
[14:20:53] [zcks] doc saved: 73co6_de89e16c.pdf (519 KB)
[14:20:53] [spirez] doc saved: 45_e2ff3dad.pdf (91 KB)
[14:20:53] [spirez] doc saved: 10-13_302cb87f.pdf (496 KB)
[14:20:53] [spirez] doc saved: 20-21_4132de55.pdf (278 KB)
[14:20:53] [zcks] doc saved: 68co6_b8895fb2.pdf (1174 KB)
[14:20:53] [zcks] doc saved: 82co6_7ba49b8a.pdf (454 KB)
[14:20:53] [zcks] doc saved: 64co6_529a174b.pdf (700 KB)
[14:20:53] [spirez] doc saved: 24-25_2627d346.pdf (228 KB)
[14:20:53] [spirez] doc saved: 34-35_ddc8f57d.pdf (230 KB)
[14:20:53] [spirez] doc saved: 22_c57598da.pdf (135 KB)
[14:20:53] [zcks] doc saved: 81co6_7d18b831.pdf (554 KB)
[14:20:53] [spirez] doc saved: 23_9d8d4104.pdf (131 KB)
[14:20:54] [zcks] doc saved: 46co6_5ff9c340.pdf (504 KB)
[14:20:54] [zcks] doc saved: 79co6_8bd23178.pdf (559 KB)
[14:20:54] [spirez] doc saved: 36-37_5c6dd691.pdf (265 KB)
[14:20:54] [spirez] doc saved: 32-33_347cb152.pdf (218 KB)
[14:20:54] [spirez] doc saved: 40-43_007013bb.pdf (428 KB)
[14:20:54] [zcks] doc saved: 61co6_6b5f7145.pdf (857 KB)
[14:20:54] [spirez] doc saved: 28-29_22a0e610.pdf (285 KB)
[14:20:54] [zcks] doc saved: 70co6_652c7523.pdf (552 KB)
[14:20:54] [spirez] doc saved: 12-13_a7f7b88b.pdf (220 KB)
[14:20:54] [zcks] doc saved: 71co6_1d18732c.pdf (568 KB)
[14:20:54] [zcks] doc saved: 53co6_c7ebd8ea.pdf (647 KB)
[14:20:54] [spirez] doc saved: 24-25_702dd1bd.pdf (269 KB)
[14:20:54] [spirez] doc saved: 4-5_25ade4fc.pdf (284 KB)
[14:20:54] [spirez] doc saved: 16-17_b100959a.pdf (260 KB)
[14:20:55] [spirez] doc saved: 46_3c478b70.pdf (146 KB)
[14:20:55] [zcks] doc saved: 80co6_16b85d52.pdf (864 KB)
[14:20:55] [zcks] doc saved: 52co6_a83c3039.pdf (470 KB)
[14:20:55] [zcks] doc saved: 58co6_bc3338a2.pdf (399 KB)
[14:20:55] [spirez] doc saved: 20-21_35418e35.pdf (251 KB)
[14:20:55] [spirez] doc saved: 3_a1cfcfc2.pdf (127 KB)
[14:20:55] [spirez] doc saved: 38-39_0ac31c9e.pdf (304 KB)
[14:20:55] [zcks] doc saved: 83co6_41073d23.pdf (519 KB)
[14:20:55] [zcks] doc saved: 66co6_20fedce1.pdf (681 KB)
[14:20:55] [spirez] doc saved: 14-15_1ceb9e9a.pdf (290 KB)
[14:20:55] [zcks] doc saved: 75co6_e8c08eab.pdf (569 KB)
[14:20:55] [spirez] doc saved: 47_3104bbaa.pdf (182 KB)
[14:20:55] [spirez] doc saved: 2_d5678d03.pdf (170 KB)
[14:20:55] [spirez] doc saved: 26-27_f3cae376.pdf (316 KB)
[14:20:55] [zcks] doc saved: 4co5_5970bb1a.pdf (486 KB)
[14:20:56] [zcks] doc saved: 28co5_d8751a16.pdf (564 KB)
[14:20:56] [spirez] doc saved: 18-19_057a86d2.pdf (263 KB)
[14:20:56] [zcks] doc saved: 20co5_c2f77fca.pdf (688 KB)
[14:20:56] [spirez] doc saved: 10-11_ab689e83.pdf (355 KB)
[14:20:56] [zcks] doc saved: 21co5_dc259399.pdf (558 KB)
[14:20:56] [spirez] doc saved: 30-31_eccb98aa.pdf (278 KB)
[14:20:56] [spirez] doc saved: 44-45_b8b5cd68.pdf (243 KB)
[14:20:56] [zcks] doc saved: 10co5_1badf3e8.pdf (730 KB)
[14:20:56] [zcks] doc saved: 12co5_1fda0eac.pdf (872 KB)
[14:20:56] [spirez] doc saved: 6-9_a6f1af5f.pdf (599 KB)
[14:20:56] [spirez] doc saved: 34-35_5e2023eb.pdf (343 KB)
[14:20:57] [spirez] doc saved: 6-9_1c063bca.pdf (1016 KB)
[14:20:57] [zcks] doc saved: 7co5_38189880.pdf (2085 KB)
[14:20:57] [spirez] doc saved: 18_6962268e.pdf (194 KB)
[14:20:57] [spirez] doc saved: 14-15_16f800d8.pdf (389 KB)
[14:20:57] [zcks] doc saved: 14co5_6182d96c.pdf (471 KB)
[14:20:57] [spirez] doc saved: 27_a486fb71.pdf (231 KB)
[14:20:57] [spirez] doc saved: 10_b30ef975.pdf (236 KB)
[14:20:57] [spirez] doc saved: 22-23_193506b0.pdf (374 KB)
[14:20:58] [spirez] doc saved: 19_b9f85a29.pdf (230 KB)
[14:20:58] [zcks] doc saved: 6co5_9b695923.pdf (1153 KB)
[14:20:58] [spirez] doc saved: 26_dfa9b5f3.pdf (179 KB)
[14:20:58] [spirez] doc saved: 20-21_e83dc847.pdf (424 KB)
[14:20:58] [spirez] doc saved: 11_67fb31e5.pdf (236 KB)
[14:20:58] [spirez] doc saved: 3_90f3667d.pdf (360 KB)
[14:20:58] [zcks] doc saved: 15co5_72ad6864.pdf (1360 KB)
[14:20:58] [spirez] doc saved: 13_dcddaa17.pdf (178 KB)
[14:20:58] [spirez] doc saved: 12_26b72096.pdf (207 KB)
[14:20:58] [spirez] doc saved: 4-5_8e104eb7.pdf (328 KB)
[14:20:59] [zcks] doc saved: 24co5_b4b12f62.pdf (770 KB)
[14:20:59] [spirez] doc saved: 17_8b87b3ab.pdf (205 KB)
[14:20:59] [zcks] doc saved: 19co5_26778f70.pdf (846 KB)
[14:20:59] [spirez] doc saved: 24-25_6f090fa6.pdf (397 KB)
[14:20:59] [spirez] doc saved: 2_eea61401.pdf (287 KB)
[14:20:59] [spirez] doc saved: 16_f2981c03.pdf (206 KB)
[14:20:59] [zcks] doc saved: کونفرانس-٥پیشکیشکرن_036fe782.pdf (320 KB)
[14:20:59] [spirez] doc saved: 9_92252dd5.pdf (257 KB)
[14:20:59] [spirez] doc saved: 10_fd1815e9.pdf (226 KB)
[14:20:59] [zcks] doc saved: 22co5_8438c72c.pdf (1172 KB)
[14:20:59] [spirez] doc saved: 14_583ad239.pdf (248 KB)
[14:20:59] [spirez] doc saved: 11_e2432404.pdf (208 KB)
[14:20:59] [zcks] doc saved: 16co5_632fde87.pdf (607 KB)
[14:21:00] [zcks] doc saved: 2con5_432e0f70.pdf (604 KB)
[14:21:00] [spirez] doc saved: 16_67426534.pdf (196 KB)
[14:21:00] [spirez] doc saved: 23_d54fbf02.pdf (227 KB)
[14:21:00] [spirez] doc saved: 4-5_48ae219f.pdf (410 KB)
[14:21:00] [zcks] doc saved: 5co5_0ae12d3f.pdf (497 KB)
[14:21:00] [spirez] doc saved: 12-13_b83c1c70.pdf (540 KB)
[14:21:00] [spirez] doc saved: 3_af849fcd.pdf (339 KB)
[14:21:00] [spirez] doc saved: 20-22_fc34f9be.pdf (635 KB)
[14:21:00] [spirez] doc saved: 18-19_24b26ec9.pdf (415 KB)
[14:21:00] [zcks] doc saved: 1-co5_f8baeac0.pdf (723 KB)
[14:21:00] [spirez] doc saved: 2_fd59fafd.pdf (295 KB)
[14:21:00] [zcks] doc saved: 18co5_cc21274d.pdf (442 KB)
[14:21:01] [zcks] doc saved: 25co5_95bfa932.pdf (856 KB)
[14:21:01] [spirez] doc saved: 6-8_52aa03ff.pdf (711 KB)
[14:21:01] [zcks] doc saved: 13co5_2656983e.pdf (740 KB)
[14:21:01] [spirez] doc saved: 15_617b7768.pdf (266 KB)
[14:21:01] [spirez] doc saved: 17_6e12e07e.pdf (270 KB)
[14:21:01] [zcks] doc saved: 3co5_bc54645f.pdf (566 KB)
[14:21:01] [zcks] doc saved: 11co5_6186b0f6.pdf (910 KB)
[14:21:01] [spirez] doc saved: 18-19_9a24c967.pdf (1555 KB)
[14:21:01] [zcks] doc saved: 9co5_db566eba.pdf (842 KB)
[14:21:01] [spirez] doc saved: 52_7fc82085.pdf (817 KB)
[14:21:02] [zcks] doc saved: 26co5_c170e52a.pdf (922 KB)
[14:21:02] [zcks] doc saved: 27co5_3ad396d4.pdf (703 KB)
[14:21:02] [zcks] doc saved: 8co5_9029c454.pdf (513 KB)
[14:21:02] [spirez] doc saved: 4_fdf294e9.pdf (1017 KB)
[14:21:02] [spirez] doc saved: 32-33_7d7a5693.pdf (1548 KB)
[14:21:02] [zcks] doc saved: باشور-التقديم_4dbaafa6.pdf (307 KB)
[14:21:02] [spirez] doc saved: 5_fa7f56a4.pdf (1202 KB)
[14:21:02] [zcks] doc saved: 17co5_6cd1c3b6.pdf (766 KB)
[14:21:02] [spirez] doc saved: 12-13_0cb0d29e.pdf (1874 KB)
[14:21:03] [zcks] doc saved: 23co5_5e1d5da4.pdf (893 KB)
[14:21:03] [zcks] doc saved: 37_9282a9f5.pdf (1274 KB)
[14:21:03] [spirez] doc saved: 50_b42059b5.pdf (626 KB)
[14:21:03] [spirez] doc saved: 38-39_0973b5d0.pdf (1687 KB)
[14:21:03] [spirez] doc saved: 28-29_f1c19689.pdf (2460 KB)
[14:21:03] [zcks] doc saved: 5-1_25270287.pdf (1638 KB)
[14:21:03] [zcks] doc saved: 43_8ad8daa3.pdf (1712 KB)
[14:21:04] [zcks] doc saved: 29_626e13b9.pdf (1802 KB)
[14:21:04] [spirez] doc saved: 40-41_d1820547.pdf (1454 KB)
[14:21:04] [spirez] doc saved: 34-35_64df437b.pdf (1461 KB)
[14:21:05] [zcks] doc saved: 28_45e4d50e.pdf (2787 KB)
[14:21:05] [spirez] doc saved: 22-23_9a712bc9.pdf (1947 KB)
[14:21:05] [spirez] doc saved: 8-11_ca6216ad.pdf (4113 KB)
[14:21:05] [zcks] doc saved: 6-1_7c081c76.pdf (1465 KB)
[14:21:05] [zcks] doc saved: 26_66e8990c.pdf (2717 KB)
[14:21:05] [zcks] doc saved: 8_1844382f.pdf (2048 KB)
[14:21:05] [spirez] doc saved: 51_c9ec04f6.pdf (1661 KB)
[14:21:06] [zcks] doc saved: 36_77beea6e.pdf (1249 KB)
[14:21:06] [zcks] doc saved: presentation_047c1436.pdf (324 KB)
[14:21:06] [spirez] doc saved: 42-43_bdd377eb.pdf (1180 KB)
[14:21:06] [spirez] doc saved: 2_b6dec3bb.pdf (2563 KB)
[14:21:06] [zcks] doc saved: 39_f24ac280.pdf (1617 KB)
[14:21:06] [spirez] doc saved: 30-31_6ad5e379.pdf (1220 KB)
[14:21:06] [spirez] doc saved: 20-21_73019319.pdf (2559 KB)
[14:21:06] [zcks] doc saved: 46_90029af1.pdf (694 KB)
[14:21:07] [zcks] doc saved: 10_936e45a0.pdf (1966 KB)
[14:21:07] [spirez] doc saved: 14-15_7e5c2445.pdf (1242 KB)
[14:21:07] [zcks] doc saved: 9_b3e9790c.pdf (3800 KB)
[14:21:07] [zcks] doc saved: 50_aa6438a5.pdf (1049 KB)
[14:21:07] [spirez] doc saved: 36-37_6076922b.pdf (2225 KB)
[14:21:07] [spirez] doc saved: 26-27_e8ba0664.pdf (1877 KB)
[14:21:08] [spirez] doc saved: 46-49_a641ae20.pdf (2800 KB)
[14:21:08] [zcks] doc saved: 22_09db60d8.pdf (3382 KB)
[14:21:08] [zcks] doc saved: 21_bbf39c0f.pdf (1227 KB)
[14:21:08] [zcks] doc saved: 13-1_37b3560c.pdf (1675 KB)
[14:21:08] [spirez] doc saved: 16-17_090ed1d3.pdf (1632 KB)
[14:21:08] [spirez] doc saved: 24-25_3a05a8dd.pdf (1498 KB)
[14:21:09] [zcks] doc saved: 18_e486af2e.pdf (2609 KB)
[14:21:09] [zcks] doc saved: 48_7c122c50.pdf (1383 KB)
[14:21:09] [spirez] doc saved: 6-8_27bd9879.pdf (412 KB)
[14:21:09] [spirez] doc saved: 44-45_556c49b4.pdf (1539 KB)
[14:21:09] [spirez] doc saved: 6-7_25b93179.pdf (2517 KB)
[14:21:09] [spirez] doc saved: 20-22_88e509ba.pdf (295 KB)
[14:21:09] [zcks] doc saved: 17_a0c42718.pdf (1160 KB)
[14:21:09] [spirez] doc saved: 18-19_86b22928.pdf (225 KB)
[14:21:09] [zcks] doc saved: 11_c1163248.pdf (1063 KB)
[14:21:09] [spirez] doc saved: 12-13_4e39dae6.pdf (176 KB)
[14:21:10] [spirez] doc saved: 4-5_7514368c.pdf (243 KB)
[14:21:10] [spirez] doc saved: 17_8bbc0bea.pdf (139 KB)
[14:21:10] [zcks] doc saved: پێشگوتن-1_5f19f0bd.pdf (4977 KB)
[14:21:10] [zcks] doc saved: 14_f45116a6.pdf (1718 KB)
[14:21:10] [spirez] doc saved: 2_bd493885.pdf (150 KB)
[14:21:10] [spirez] doc saved: 9_733cbcdb.pdf (109 KB)
[14:21:10] [zcks] doc saved: 51_aeb422de.pdf (806 KB)
[14:21:10] [spirez] doc saved: 23_f55c7407.pdf (132 KB)
[14:21:10] [spirez] doc saved: 15_50453811.pdf (127 KB)
[14:21:10] [spirez] doc saved: 3_efab341a.pdf (187 KB)
[14:21:10] [zcks] doc saved: 31_1509305a.pdf (2747 KB)
[14:21:10] [zcks] doc saved: 44_248c2f33.pdf (1201 KB)
[14:21:10] [spirez] doc saved: 16_746bd1ad.pdf (109 KB)
[14:21:11] [spirez] doc saved: 14_bc05e80b.pdf (157 KB)
[14:21:11] [spirez] doc saved: 11_8a5ad727.pdf (136 KB)
[14:21:11] [zcks] doc saved: 30_6dfefcbd.pdf (1583 KB)
[14:21:11] [zcks] doc saved: 7-1_68bd12d2.pdf (1813 KB)
[14:21:11] [spirez] doc saved: 10_8443a48a.pdf (176 KB)
[14:21:11] [zcks] doc saved: 32_8f308ebe.pdf (1180 KB)
[14:21:11] [spirez] doc saved: 27_ab0310eb.pdf (226 KB)
[14:21:11] [spirez] doc saved: 18_6bb53c3f.pdf (195 KB)
[14:21:11] [zcks] doc saved: 1-2_5d813e2d.pdf (1374 KB)
[14:21:11] [zcks] doc saved: 49_c37c9c3b.pdf (1189 KB)
[14:21:11] [zcks] doc saved: 2-1_2fcbecf0.pdf (1009 KB)
[14:21:11] [spirez] doc saved: 24-26_eeeca8f7.pdf (584 KB)
[14:21:11] [spirez] doc saved: 4-5_e4523586.pdf (372 KB)
[14:21:12] [zcks] doc saved: 27_710444a9.pdf (1425 KB)
[14:21:12] [spirez] doc saved: 6-9_8a927044.pdf (1027 KB)
[14:21:12] [spirez] doc saved: 12_f2eeaf7b.pdf (178 KB)
[14:21:12] [zcks] doc saved: 25_29b4cdb5.pdf (1249 KB)
[14:21:12] [zcks] doc saved: 16_3323fac7.pdf (1102 KB)
[14:21:12] [spirez] doc saved: 10_d6cd450d.pdf (228 KB)
[14:21:12] [spirez] doc saved: 16_4f9231c2.pdf (211 KB)
[14:21:12] [zcks] doc saved: 19_42c5a58d.pdf (1681 KB)
[14:21:12] [zcks] doc saved: 47_7ffb2c1f.pdf (911 KB)
[14:21:12] [spirez] doc saved: 11_c69eaec7.pdf (224 KB)
[14:21:12] [spirez] doc saved: 22_2d55e547.pdf (180 KB)
[14:21:12] [zcks] doc saved: 53_d21b0758.pdf (730 KB)
[14:21:12] [zcks] doc saved: 45_3c7c3f76.pdf (960 KB)
[14:21:12] [spirez] doc saved: 2_71807abf.pdf (248 KB)
[14:21:12] [spirez] doc saved: 17_350f2fac.pdf (218 KB)
[14:21:13] [zcks] doc saved: 12_fa871c90.pdf (1234 KB)
[14:21:13] [spirez] doc saved: 3_1078979e.pdf (333 KB)
[14:21:13] [spirez] doc saved: 14-15_ce9e38a1.pdf (370 KB)
[14:21:13] [spirez] doc saved: 19_eee5cbd1.pdf (221 KB)
[14:21:13] [spirez] doc saved: 13_5f4e6a77.pdf (193 KB)
[14:21:13] [zcks] doc saved: 3-1_6ea3309a.pdf (1844 KB)
[14:21:13] [spirez] doc saved: 2-3_4b822342.pdf (414 KB)
[14:21:13] [zcks] doc saved: 34_8997fd77.pdf (3115 KB)
[14:21:14] [spirez] doc saved: 44-45_6a9e13da.pdf (332 KB)
[14:21:14] [spirez] doc saved: 12-13_4e7e4753.pdf (459 KB)
[14:21:14] [zcks] doc saved: 41_68655864.pdf (1600 KB)
[14:21:14] [zcks] doc saved: 24_602eb05a.pdf (1288 KB)
[14:21:14] [spirez] doc saved: 20-21_f8ab3f24.pdf (3650 KB)
[14:21:14] [spirez] doc saved: 8-11_6cad9f9f.pdf (1068 KB)
[14:21:14] [zcks] doc saved: 40_839b5fac.pdf (1856 KB)
[14:21:14] [spirez] doc saved: 46-47_1e5704f1.pdf (393 KB)
[14:21:14] [spirez] doc saved: 48-49_ac832563.pdf (421 KB)
[14:21:14] [zcks] doc saved: 52_e23f96ed.pdf (767 KB)
[14:21:14] [zcks] doc saved: 33_c0b2d2f1.pdf (2460 KB)
[14:21:15] [spirez] doc saved: 28-29_a2081fc3.pdf (332 KB)
[14:21:15] [spirez] doc saved: 38-39_a201f204.pdf (418 KB)
[14:21:15] [spirez] doc saved: 32-33_ad322fa6.pdf (315 KB)
[14:21:15] [spirez] doc saved: 14-15_9cd122be.pdf (405 KB)
[14:21:15] [zcks] doc saved: 23_9936016c.pdf (1089 KB)
[14:21:15] [spirez] doc saved: 42-43_5d2565f6.pdf (240 KB)
[14:21:15] [zcks] doc saved: 42_58818062.pdf (2662 KB)
[14:21:15] [spirez] doc saved: 22-23_3fd779b8.pdf (299 KB)
[14:21:15] [zcks] doc saved: 4-1_cb232c5e.pdf (1222 KB)
[14:21:15] [spirez] doc saved: 5_1dec0f6b.pdf (158 KB)
[14:21:15] [zcks] doc saved: التقديم_3685ef68.pdf (456 KB)
[14:21:16] [spirez] doc saved: 51_22031fc0.pdf (247 KB)
[14:21:16] [spirez] doc saved: 36-37_1c1a1191.pdf (414 KB)
[14:21:16] [zcks] doc saved: 20_5006fdc4.pdf (1619 KB)
[14:21:16] [spirez] doc saved: 26-27_11b4f791.pdf (307 KB)
[14:21:16] [zcks] doc saved: 38_2bf329a6.pdf (1885 KB)
[14:21:16] [spirez] doc saved: 30-31_22755ee7.pdf (341 KB)
[14:21:16] [zcks] doc saved: 15-1_8354b0fd.pdf (2110 KB)
[14:21:16] [spirez] doc saved: 4_755f380e.pdf (153 KB)
[14:21:16] [spirez] doc saved: 6-7_665db065.pdf (388 KB)
[14:21:17] [zcks] doc saved: 40co7_b47666f6.pdf (782 KB)
[14:21:17] [zcks] doc saved: 35_a1dc3000.pdf (4574 KB)
[14:21:17] [spirez] doc saved: 16-17_a3b59594.pdf (353 KB)
[14:21:17] [spirez] doc saved: 20-21_08949efc.pdf (352 KB)
[14:21:17] [zcks] doc saved: 47co7_60339a62.pdf (732 KB)
[14:21:17] [spirez] doc saved: 34-35_1efcd962.pdf (248 KB)
[14:21:17] [zcks] doc saved: پیشگوتن-co7_33a7117e.pdf (211 KB)
[14:21:17] [spirez] doc saved: 40-41_620b0366.pdf (321 KB)
[14:21:17] [zcks] doc saved: 5co7-1_db180624.pdf (407 KB)
[14:21:17] [zcks] doc saved: 45co7_4912ca73.pdf (703 KB)
[14:21:17] [spirez] doc saved: 24-25_095c1bd6.pdf (343 KB)
[14:21:17] [spirez] doc saved: 50_bfd64263.pdf (168 KB)
[14:21:17] [spirez] doc saved: 18-19_cd8dec0f.pdf (357 KB)
[14:21:17] [spirez] DONE: {"site": "spirez", "base": "https://spirez.org/", "pages_total": 163, "pages_ok": 161, "documents": 2291, "doc_bytes": 1557885186, "errors": 5, "stopped_reason": "queue exhausted (complete)", "duration_s": 408.2}
[14:21:17] [zcks] doc saved: 35co7_7493ecf2.pdf (598 KB)
[14:21:17] [zcks] doc saved: 22co7_0ac77bea.pdf (3071 KB)
[14:21:18] [zcks] doc saved: 14co7_48e2015d.pdf (434 KB)
[14:21:18] [zcks] doc saved: 21co7_91808b80.pdf (465 KB)
[14:21:18] [zcks] doc saved: 9co7_88c4530b.pdf (635 KB)
[14:21:18] [zcks] doc saved: 23co7_5dffb4a6.pdf (655 KB)
[14:21:18] [zcks] doc saved: 38co7_40060b1f.pdf (458 KB)
[14:21:18] [zcks] doc saved: 19co7_3e69b4f7.pdf (628 KB)
[14:21:18] [zcks] doc saved: 49co7_e4a0474e.pdf (742 KB)
[14:21:18] [zcks] doc saved: 29co7_92dc7937.pdf (432 KB)
[14:21:18] [zcks] doc saved: 37co7_815dc4e2.pdf (729 KB)
[14:21:19] [zcks] doc saved: 16co7_563e5351.pdf (500 KB)
[14:21:19] [zcks] doc saved: 1co7_ff80c28a.pdf (401 KB)
[14:21:19] [zcks] doc saved: تقديم_72cd2129.pdf (534 KB)
[14:21:19] [zcks] doc saved: 13co7_0d648d6a.pdf (419 KB)
[14:21:19] [zcks] doc saved: 15co7_9ec18d0b.pdf (393 KB)
[14:21:20] [zcks] doc saved: 20co7_1645917f.pdf (639 KB)
[14:21:20] [zcks] doc saved: 33co7_3369edd9.pdf (541 KB)
[14:21:20] [zcks] doc saved: 2co7-1_e3eadbad.pdf (626 KB)
[14:21:20] [zcks] doc saved: 42co7_4b929f65.pdf (561 KB)
[14:21:21] [zcks] doc saved: 32co7_0a9c49d5.pdf (641 KB)
[14:21:21] [zcks] doc saved: 4co7_4e97eace.pdf (473 KB)
[14:21:22] [zcks] doc saved: 3co7_69400d69.pdf (24093 KB)
[14:21:22] [zcks] doc saved: 11co7_4bc851a9.pdf (513 KB)
[14:21:22] [zcks] doc saved: 10co7_e509b136.pdf (3716 KB)
[14:21:23] [zcks] doc saved: 34co7_18eafe21.pdf (785 KB)
[14:21:23] [zcks] doc saved: 50co7_c20536f3.pdf (581 KB)
[14:21:24] [zcks] doc saved: 8co7_c0e924c5.pdf (18049 KB)
[14:21:24] [zcks] doc saved: 12co7_b3146e62.pdf (466 KB)
[14:21:24] [zcks] doc saved: 31co7_cb5a0162.pdf (714 KB)
[14:21:24] [zcks] doc saved: 43co7_4e77e40e.pdf (747 KB)
[14:21:24] [zcks] doc saved: 25co7_1900fbe8.pdf (665 KB)
[14:21:25] [zcks] doc saved: 36co7_2fcaa89e.pdf (780 KB)
[14:21:25] [zcks] doc saved: 7co7-1_01db8369.pdf (459 KB)
[14:21:25] [zcks] doc saved: 17co7_f5c061d7.pdf (433 KB)
[14:21:25] [zcks] doc saved: 6co7_510f3765.pdf (8002 KB)
[14:21:26] [zcks] doc saved: 27co7_a0060cdd.pdf (477 KB)
[14:21:26] [zcks] doc saved: 26co7_cd6f572b.pdf (1067 KB)
[14:21:26] [zcks] doc saved: 48co7_296ba6d1.pdf (811 KB)
[14:21:26] [zcks] doc saved: 30co7_048cc51f.pdf (984 KB)
[14:21:26] [zcks] doc saved: 44co7_59bef14b.pdf (704 KB)
[14:21:26] [zcks] doc saved: 46co7_1dcc4b90.pdf (677 KB)
[14:21:26] [zcks] doc saved: 39co7_4deeef83.pdf (711 KB)
[14:21:27] [zcks] doc saved: 41co7_4720e884.pdf (548 KB)
[14:21:27] [zcks] doc saved: 24co7_6d8e87a0.pdf (664 KB)
[14:21:27] [zcks] doc saved: 28co7_53d729a9.pdf (739 KB)
[14:21:27] [zcks] doc saved: 18co7_15e54cad.pdf (692 KB)
[14:21:28] [zcks] doc saved: 29co3_64d75257.pdf (693 KB)
[14:21:28] [zcks] doc saved: 14co3_9195e443.pdf (1583 KB)
[14:21:28] [zcks] doc saved: 12co3_41b751ca.pdf (2058 KB)
[14:21:28] [zcks] doc saved: تقديمco3_257a1c39.pdf (410 KB)
[14:21:29] [zcks] doc saved: پیشکیشکرن-co3_7bb9fdf6.pdf (536 KB)
[14:21:29] [zcks] doc saved: 25co3_edec59b4.pdf (938 KB)
[14:21:30] [zcks] doc saved: 26co3_5886154d.pdf (2519 KB)
[14:21:31] [zcks] doc saved: 5co3_712f0cac.pdf (2187 KB)
[14:21:31] [zcks] doc saved: 2co3_81985b51.pdf (2840 KB)
[14:21:31] [zcks] doc saved: 31co3_f1816b5a.pdf (853 KB)
[14:21:32] [zcks] doc saved: 11co3_7f52c1bd.pdf (2034 KB)
[14:21:32] [zcks] doc saved: 10co3_958472d1.pdf (19630 KB)
[14:21:32] [zcks] doc saved: introduction-co3_0237aace.pdf (163 KB)
[14:21:33] [zcks] doc saved: 13co3_4b458679.pdf (2335 KB)
[14:21:33] [zcks] doc saved: 6co3_db1e8d7e.pdf (2068 KB)
[14:21:33] [zcks] doc saved: 19co3_730752cf.pdf (1323 KB)
[14:21:33] [zcks] doc saved: 21co3_3e096103.pdf (1679 KB)
[14:21:33] [zcks] doc saved: 20co3_ded9ccde.pdf (1973 KB)
[14:21:34] [zcks] doc saved: 23co3_2fe4e8fa.pdf (1442 KB)
[14:21:34] [zcks] doc saved: 24co3_02822165.pdf (1870 KB)
[14:21:35] [zcks] doc saved: 17co3_9c3eb137.pdf (1903 KB)
[14:21:36] [zcks] doc saved: 3co3_59085cb1.pdf (5210 KB)
[14:21:37] [zcks] doc saved: 9co3_0576b130.pdf (4159 KB)
[14:21:37] [zcks] doc saved: 27co3_edc17e6a.pdf (5902 KB)
[14:21:38] [zcks] doc saved: 4co3_bf122a80.pdf (1768 KB)
[14:21:39] [zcks] doc saved: 1co3_268ef9e6.pdf (6882 KB)
[14:21:39] [zcks] doc saved: 16co3_1ed9932f.pdf (1093 KB)
[14:21:40] [zcks] doc saved: 22co3_2430441a.pdf (1574 KB)
[14:21:40] [zcks] doc saved: 32co3_73fe5583.pdf (7910 KB)
[14:21:40] [zcks] doc saved: 8co3_aaf084f2.pdf (2117 KB)
[14:21:40] [zcks] doc saved: 30c03_6260b6f6.pdf (773 KB)
[14:21:41] [zcks] doc saved: 28co3_f13c7a08.pdf (2768 KB)
[14:21:41] [zcks] doc saved: 7co3_4e0081e3.pdf (1621 KB)
[14:21:41] [zcks] doc saved: 18co3_eea003aa.pdf (1430 KB)
[14:21:41] [zcks] doc saved: 14co6_114c96a8.pdf (878 KB)
[14:21:42] [zcks] doc saved: 28co6_37eb7ed0.pdf (926 KB)
[14:21:42] [zcks] doc saved: 22co6_22c8bb4d.pdf (606 KB)
[14:21:42] [zcks] doc saved: 18co6_dd55a848.pdf (767 KB)
[14:21:42] [zcks] doc saved: 1co6_c33b6ef3.pdf (951 KB)
[14:21:42] [zcks] doc saved: 21co6_c6f1679f.pdf (726 KB)
[14:21:43] [zcks] doc saved: 39co6_b90c5f99.pdf (919 KB)
[14:21:43] [zcks] doc saved: 33co6_6aa3ee84.pdf (788 KB)
[14:21:43] [zcks] doc saved: 42co6_5bc6dbfd.pdf (1145 KB)
[14:21:43] [zcks] doc saved: 35co6_2d38c449.pdf (714 KB)
[14:21:43] [zcks] doc saved: 25co6_edc8c45e.pdf (878 KB)
[14:21:44] [zcks] doc saved: 38co6_168da9fa.pdf (1076 KB)
[14:21:44] [zcks] doc saved: 19co6_89864e4b.pdf (2093 KB)
[14:21:44] [zcks] doc saved: 15co3_0ce04ddc.pdf (57844 KB)
[14:21:44] [zcks] doc saved: 4co6_c41922b0.pdf (874 KB)
[14:21:44] [zcks] doc saved: 23co6_1b9a5b99.pdf (1034 KB)
[14:21:44] [zcks] doc saved: پیشکیشکرن_58d963cd.pdf (244 KB)
[14:21:44] [zcks] doc saved: 40co6_8040ccbe.pdf (658 KB)
[14:21:44] [zcks] doc saved: 37co6_39ee172d.pdf (741 KB)
[14:21:45] [zcks] doc saved: 31co6_1bd8f5be.pdf (868 KB)
[14:21:45] [zcks] doc saved: 10co6_1772a47b.pdf (768 KB)
[14:21:45] [zcks] doc saved: 2co6_41f220eb.pdf (875 KB)
[14:21:45] [zcks] doc saved: 8co6_1d10037c.pdf (596 KB)
[14:21:45] [zcks] doc saved: 17co6_e55631a3.pdf (1143 KB)
[14:21:45] [zcks] doc saved: 16co6_9abc2389.pdf (509 KB)
[14:21:45] [zcks] doc saved: 29co6_bc2faf02.pdf (1081 KB)
[14:21:45] [zcks] doc saved: 24co6_334820e7.pdf (680 KB)
[14:21:45] [zcks] doc saved: 3co6_d475c6f2.pdf (554 KB)
[14:21:46] [zcks] doc saved: 11co6_bd76a1cb.pdf (1171 KB)
[14:21:46] [zcks] doc saved: 34co6_c2f4fd60.pdf (908 KB)
[14:21:46] [zcks] doc saved: 5co6_54e054ab.pdf (939 KB)
[14:21:46] [zcks] doc saved: 26co6_406059ca.pdf (556 KB)
[14:21:46] [zcks] doc saved: 44co6_147deb69.pdf (551 KB)
[14:21:46] [zcks] doc saved: 32co6_a9bf3315.pdf (885 KB)
[14:21:46] [zcks] doc saved: 20co6_ec51cee5.pdf (976 KB)
[14:21:46] [zcks] doc saved: 9co6_56ef4bc5.pdf (730 KB)
[14:21:47] [zcks] doc saved: 7co6_a8e32ec3.pdf (1088 KB)
[14:21:47] [zcks] doc saved: 12co6_e7a59d02.pdf (1210 KB)
[14:21:47] [zcks] doc saved: 43co6_03940d81.pdf (588 KB)
[14:21:47] [zcks] doc saved: 45co6_9a8807a3.pdf (855 KB)
[14:21:47] [zcks] doc saved: 15co6_8f4ae974.pdf (664 KB)
[14:21:47] [zcks] doc saved: 36co6_c5840ddb.pdf (1035 KB)
[14:21:47] [zcks] doc saved: 41co6_6ba95488.pdf (786 KB)
[14:21:48] [zcks] doc saved: 30co6_ea234c03.pdf (872 KB)
[14:21:48] [zcks] doc saved: 13co6_cb92e5e3.pdf (1067 KB)
[14:21:48] [zcks] doc saved: 27co6_419b6127.pdf (993 KB)
[14:21:48] [zcks] doc saved: 6co6-1_3eb48596.pdf (471 KB)
[14:21:48] [zcks] doc saved: 7co1_a2a7c78d.pdf (1188 KB)
[14:21:49] [zcks] doc saved: 12co1_568be3a6.pdf (1254 KB)
[14:21:49] [zcks] doc saved: 9co1_93ea31e5.pdf (1087 KB)
[14:21:50] [zcks] doc saved: 15co1_69cc9dd6.pdf (1333 KB)
[14:21:50] [zcks] doc saved: 5co1_b7750d6a.pdf (1250 KB)
[14:21:50] [zcks] doc saved: 11co1_557d484d.pdf (1316 KB)
[14:21:51] [zcks] doc saved: 6co1_67e13bd8.pdf (1127 KB)
[14:21:51] [zcks] doc saved: 2co1_21880f5c.pdf (1113 KB)
[14:21:51] [zcks] doc saved: 3co1_f05fbe18.pdf (1668 KB)
[14:21:51] [zcks] doc saved: 8co1_2ec8a236.pdf (982 KB)
[14:21:52] [zcks] doc saved: 10co1_4b60a864.pdf (1233 KB)
[14:21:52] [zcks] doc saved: 13co1_dd31dfc0.pdf (1375 KB)
[14:21:53] [zcks] doc saved: 14co1_be5dfa3e.pdf (1210 KB)
[14:21:53] [zcks] doc saved: 1co1_45e541ca.pdf (1777 KB)
[14:21:53] [zcks] doc saved: 5co2_9c966609.pdf (497 KB)
[14:21:53] [zcks] doc saved: 6co2_bd235dd9.pdf (515 KB)
[14:21:53] [zcks] doc saved: 14co2_7d04a2cf.pdf (376 KB)
[14:21:53] [zcks] doc saved: 4co1_15f3e75a.pdf (1096 KB)
[14:21:53] [zcks] doc saved: 10co2_161580a0.pdf (746 KB)
[14:21:53] [zcks] doc saved: 4co2_44d48f39.pdf (572 KB)
[14:21:54] [zcks] doc saved: 13co2_3bfc83e8.pdf (340 KB)
[14:21:54] [zcks] doc saved: 7co2_31e9d447.pdf (586 KB)
[14:21:54] [zcks] doc saved: 1co2_59b9aea3.pdf (419 KB)
[14:21:54] [zcks] doc saved: 12co2_48ffe15a.pdf (454 KB)
[14:21:54] [zcks] doc saved: 9co2_95a85f2f.pdf (451 KB)
[14:21:54] [zcks] doc saved: 8co2_db1afa07.pdf (525 KB)
[14:21:54] [zcks] doc saved: 11co2_4f72b60b.pdf (379 KB)
[14:21:54] [zcks] doc saved: 3co2_a2e78a93.pdf (472 KB)
[14:21:54] [zcks] doc saved: 2co2_451274de.pdf (466 KB)
[14:21:55] [zcks] doc saved: 69co7_3feffdc6.pdf (565 KB)
[14:21:55] [zcks] doc saved: peshgotn-co7_82571716.pdf (246 KB)
[14:21:55] [zcks] doc saved: 66co7_00be1374.pdf (431 KB)
[14:21:55] [zcks] doc saved: 72co7_9c0f3a78.pdf (511 KB)
[14:21:56] [zcks] doc saved: 74co7_6638f397.pdf (571 KB)
[14:21:56] [zcks] doc saved: 70co7_52d8b235.pdf (461 KB)
[14:21:56] [zcks] doc saved: 67co7_eecafe97.pdf (590 KB)
[14:21:56] [zcks] doc saved: 76co7_e7cd33e2.pdf (8214 KB)
[14:21:56] [zcks] doc saved: 63co7_c55904f5.pdf (622 KB)
[14:21:57] [zcks] doc saved: 62co7_1ec5554d.pdf (487 KB)
[14:21:57] [zcks] doc saved: 57co7_521b58c7.pdf (363 KB)
[14:21:57] [zcks] doc saved: 75co7_192f2e83.pdf (415 KB)
[14:21:57] [zcks] doc saved: 59co7_f212c816.pdf (765 KB)
[14:21:57] [zcks] doc saved: 73co7_00c985a6.pdf (450 KB)
[14:21:57] [zcks] doc saved: 54co7_001f9748.pdf (767 KB)
[14:21:57] [zcks] doc saved: 64co7_5156cfcd.pdf (703 KB)
[14:21:57] [zcks] doc saved: 51co7_a45c47ca.pdf (392 KB)
[14:21:57] [zcks] doc saved: 58co7_5cce5045.pdf (422 KB)
[14:21:58] [zcks] doc saved: 68co7_89ca3d4b.pdf (2274 KB)
[14:21:58] [zcks] doc saved: 53co7_b15628b8.pdf (1293 KB)
[14:21:58] [zcks] doc saved: 71co7_bd01907a.pdf (466 KB)
[14:21:59] [zcks] doc saved: 52co7_1f1870e8.pdf (4731 KB)
[14:21:59] [zcks] doc saved: 61co7_26e5357e.pdf (528 KB)
[14:21:59] [zcks] doc saved: 60co7_264af99d.pdf (533 KB)
[14:21:59] [zcks] doc saved: 55co7_a9d90c6a.pdf (403 KB)
[14:21:59] [zcks] doc saved: 56co7_f5b0abb5.pdf (509 KB)
[14:21:59] [zcks] doc saved: 65co7_10ce04c8.pdf (552 KB)
[14:22:00] [zcks] doc saved: 21co8_4be35eee.pdf (1054 KB)
[14:22:00] [zcks] doc saved: 22co8_785f5963.pdf (1401 KB)
[14:22:00] [zcks] doc saved: 17co8_8bae5374.pdf (1828 KB)
[14:22:00] [zcks] doc saved: 29co8_f416e240.pdf (741 KB)
[14:22:00] [zcks] doc saved: 1co8_ad1f1693.pdf (1270 KB)
[14:22:00] [zcks] doc saved: 41co8_c4de0e57.pdf (685 KB)
[14:22:01] [zcks] doc saved: 19co8_4c6e9e79.pdf (1260 KB)
[14:22:01] [zcks] doc saved: 4co8_87db8cad.pdf (789 KB)
[14:22:01] [zcks] doc saved: 27co8_3c50ac9d.pdf (969 KB)
[14:22:01] [zcks] doc saved: 2co8_7cc3054f.pdf (1094 KB)
[14:22:02] [zcks] doc saved: 39co8_f86da81d.pdf (630 KB)
[14:22:02] [zcks] doc saved: 23co8_ab93dcc2.pdf (2943 KB)
[14:22:02] [zcks] doc saved: 24co8_ed96e5ac.pdf (1771 KB)
[14:22:03] [zcks] doc saved: 15co8_5cb57fb2.pdf (1739 KB)
[14:22:03] [zcks] doc saved: 25co8_bc0a5bc7.pdf (1270 KB)
[14:22:03] [zcks] doc saved: 9co8_12f1dc77.pdf (1040 KB)
[14:22:03] [zcks] doc saved: 18co8_0012af9b.pdf (1156 KB)
[14:22:03] [zcks] doc saved: 20co8_605c3305.pdf (1175 KB)
[14:22:04] [zcks] doc saved: 7co8_7625c956.pdf (2673 KB)
[14:22:04] [zcks] doc saved: 3co8_8f6dfe7f.pdf (1027 KB)
[14:22:04] [zcks] doc saved: 28co8_8ca443c3.pdf (803 KB)
[14:22:04] [zcks] doc saved: 38co8_a12012ef.pdf (1704 KB)
[14:22:05] [zcks] doc saved: 5co8_5504dcc2.pdf (1192 KB)
[14:22:05] [zcks] doc saved: 16co8_fe011e36.pdf (1626 KB)
[14:22:05] [zcks] doc saved: 8co8_560cc883.pdf (1134 KB)
[14:22:05] [zcks] doc saved: پیشکیشکرن-co8_0abde188.pdf (248 KB)
[14:22:05] [zcks] doc saved: 11co8_7c2e0d67.pdf (985 KB)
[14:22:05] [zcks] doc saved: 35co8_1a095a91.pdf (1890 KB)
[14:22:05] [zcks] doc saved: 10co8_66603d3a.pdf (1124 KB)
[14:22:05] [zcks] doc saved: 33co8_a716c2b4.pdf (1218 KB)
[14:22:06] [zcks] doc saved: 36co8_c8b39a04.pdf (1132 KB)
[14:22:06] [zcks] doc saved: 26co8_572c4312.pdf (1912 KB)
[14:22:06] [zcks] doc saved: التقديم-1_3e0b641a.pdf (242 KB)
[14:22:07] [zcks] doc saved: 30co8_f29094eb.pdf (879 KB)
[14:22:07] [zcks] doc saved: 31co8_31a33aa2.pdf (2532 KB)
[14:22:07] [zcks] doc saved: 40co8_55636c97.pdf (3466 KB)
[14:22:07] [zcks] doc saved: peshkish_03893f2f.pdf (325 KB)
[14:22:07] [zcks] doc saved: 32co8_aed5ffdf.pdf (2787 KB)
[14:22:08] [zcks] doc saved: 13co8_7d9d2a57.pdf (1592 KB)
[14:22:08] [zcks] doc saved: 34co8_49dd7b0f.pdf (882 KB)
[14:22:08] [zcks] doc saved: 6co8_1a64ac40.pdf (2978 KB)
[14:22:08] [zcks] doc saved: 37co8_1b8e4de2.pdf (1431 KB)
[14:22:09] [zcks] doc saved: 14co8_6118ce11.pdf (1064 KB)
[14:22:09] [zcks] doc saved: 12co8_a80fed4e.pdf (1459 KB)
[14:22:37] [zcks] doc saved: هینکەرێ-زمانێ-کوردی-رێبەرێ-زمانی-هەردوو-کوردی-کورمانجی-بابانی_9985bffe.pdf (4505 KB)
[14:22:38] [zcks] doc saved: بەراوردییا-گرنگیدان-ب-ئەدەبیاتا-نڤیسكى-یا-زارۆكان-د-ناڤبەرا-نڤیسەرێن-كوردستانێ-و-ئیرانێدا_41fff81f.pdf (2391 KB)
[14:22:38] [zcks] doc saved: داستانا-کەلا-دم-دم-خواندنەکا-بەراوردکاری-دناڤبەرا-هزرا-نەتەوایەتییا-داستانێ-و-ئەوروپیدا_0494b78f.pdf (3786 KB)
[14:22:38] [zcks] doc saved: تێكەلبوونا-ڕویدانێن-شەڕێن-دمدمێ-ئێكێ-و-دوویێ-و-سێیێ-د-داستانا-كەلا-دمدما-دەڤەرا-هەكاریاندا-1-10_f743c746.pdf (3905 KB)
[14:22:39] [zcks] doc saved: خەییامێ-نیشابوورى-د-ناڤبەرا-وەرگێڕان-و-داهێنانا-شاعرێن-کورددا_f05fbbbf.pdf (3019 KB)
[14:22:39] [zcks] doc saved: نوژداری-و-نوژدار-و-ڕەوشا-ساخلەمییێ-ل-باشوورێ-كوردستانێ-ل-سەردەمێ-ئوسمانی_53b05895.pdf (7847 KB)
[14:22:40] [zcks] doc saved: جەنەڕال-فاسۆم-و-ڕێزمانا-ئەوی-یا-کوردی_240d44ac.pdf (2936 KB)
[14:22:41] [zcks] doc saved: كەڤنترین-بەلگەنامەیا-دیرۆكی-سەبارەت-٢٨-هوزێن-كوردان-د-سەدەیێ-٧-مش-١٣ز-خواندنەكا-مێژووی-شروڤەكاری-2-15-2_553fc627.pdf (2638 KB)
[14:22:47] [zcks] doc saved: شمس-الدینێ-ئەخاڵتى-جارەكا-دن-وریچ-وریچا-بولبولى_b53d5768.pdf (18677 KB)
[14:22:49] [zcks] doc saved: مەلا-مەحموود-بیلگه-١٩٠٤-١٩٧٤-موفتيیێ-جزیرێ-یێ-بەرێ_5885e112.pdf (34664 KB)
[14:22:51] [zcks] doc saved: هەولێن-ئێکگرتنا-میرگـەهێن-کوردی-و-دەولەتا-عوسـمـانی_1604655e.pdf (36472 KB)
[14:22:51] [zcks] doc saved: مەلا-یاسین-توپراك-١٩٠٦-١٩٩٤_77576dd5.pdf (13425 KB)
[14:22:52] [zcks] doc saved: هۆزا-مامەش_e017b852.pdf (34720 KB)
[14:22:55] [zcks] doc saved: ساریا-مسـتـەفا-بـازیـدا-دۆسكی-١٩٠٢-١٩٨٨_7fb354be.pdf (18604 KB)
[14:22:57] [zcks] doc saved: مەلا-حوسێنێ-بۆتانی-شاعرەكێ-دى-ژ-كلاسیكا-كوردى_a65bb484.pdf (28264 KB)
[14:22:58] [zcks] doc saved: كلمتي-الجاهلية-والأمية-حسب-المفهوم-القرآني_4e046b05.pdf (1032 KB)
[14:22:58] [zcks] doc saved: خواندنەك-بۆ-دیمەن-و-وێنه-و-دەربڕینێن-سترانا-سەعیدێ-ئەحمەد-ئاغایێ-عەشیرەتا-ڕەمان_d92a8b28.pdf (9859 KB)
[14:22:59] [zcks] doc saved: میرەكتییا-بدلیس-پشتى-كوشتنا-میر-شەرەفخانێ-دیرۆكـــنڤیس_06a67ff4.pdf (13615 KB)
[14:22:59] [zcks] doc saved: نەخشەسازی-یا-زمانی_cd092dd5.pdf (1199 KB)
[14:22:59] [zcks] doc saved: حەمیدی-ئەرێ-حەمیدی-شاعیرەکێ-کـــوردێ-ســــەدێ-١٦ز-یە__82c7a4d3.pdf (7061 KB)
[14:22:59] [zcks] doc saved: دهوک-و-انحائها-في-المصادرالسريانية_93f20447.pdf (745 KB)
[14:22:59] [zcks] doc saved: كوردستان.سوريا_3aca490d.pdf (756 KB)
[14:22:59] [zcks] doc saved: helwist_888da3d6.pdf (186 KB)
[14:23:00] [zcks] doc saved: فێربوونا-ئەکتیڤ_f58615f3.pdf (668 KB)
[14:23:00] [zcks] doc saved: گرنگیا-پەیاما-زانکۆیێ_3e168985.pdf (689 KB)
[14:23:01] [zcks] doc saved: العسل-والنحل-لأبي-حنيفة-الدينوري_9c7117b3.pdf (612 KB)
[14:23:01] [zcks] doc saved: أمريكا-وحرب-الفيتنام-١٩٥٦-١٩٧٥-دراسة-تاريخية-تحليلية_d196769f.pdf (719 KB)
[14:23:01] [zcks] doc saved: نبذة-عن-المحكمة-الجنائية-الدولية_1d056158.pdf (348 KB)
[14:23:02] [zcks] doc saved: زمانڤانیا-گشتی_8fb68872.pdf (2786 KB)
[14:23:03] [zcks] doc saved: ژ-ئێکەمین-ئنجحلێن-ب-زمانێ-کوردی_88f6223b.pdf (653 KB)
[14:23:03] [zcks] doc saved: دەنگێن-زمانی-و-ئەندازیاریا-موزیکێ_18a65d62.pdf (1077 KB)
[14:23:03] [zcks] doc saved: بنەمایێن-هەڤکاریێ-وگریمانێن-پێشەکیێ-د-پرۆسا-ئاخڤتنێ-دا_df3eb113.pdf (663 KB)
[14:23:04] [zcks] doc saved: هەلبژارتنا-کەسایەتێن-چیروکێ_d6ee41ac.pdf (628 KB)
[14:23:04] [zcks] doc saved: تەکنیکا-ڤەگێرانێ-د-کورتە-چیروکێن-مەیدانا-کووچان-ا-ئیسماعیل-هاجانی-دا_fe94eb9c.pdf (2169 KB)
[14:23:04] [zcks] doc saved: تورێن-تەلەفۆنێن-خانەیی-شبكات-الهواتف-الخلوية_53c618c6.pdf (706 KB)
[14:23:04] [zcks] doc saved: اللغة-.-ومجالات-بحثها_c5ec0d3c.pdf (385 KB)
[14:23:04] [zcks] doc saved: چالاکی_42580025.pdf (1720 KB)
[14:23:05] [zcks] doc saved: تراژیدیا-و-جۆرێن-وێ_9075f3ca.pdf (942 KB)
[14:23:07] [zcks] doc saved: ژ-گرفتێن-پێناسەکرنا-رەخنا-ئەدەبی_4aaf2678.pdf (586 KB)
[14:23:07] [zcks] doc saved: میر-مستەفا-هەکاری-پەرتو-خواندنەکا-مێژوویی_2787b72a.pdf (909 KB)
[14:23:08] [zcks] doc saved: پەیدابوونا-ئاریشان-دناڤ-پولێ-دا-هوکار-و-رێکێن-چارە-سەرکرنێ_1dd28e0b.pdf (492 KB)
[14:23:09] [zcks] doc saved: مەلا-علی-بوتانی_1eaf361f.pdf (4868 KB)
[14:23:10] [zcks] doc saved: مەولودناما-سلیمان-دوسكی_2ba4960d.pdf (7805 KB)
[14:23:36] [zcks] doc saved: محمد-سعید_b3bd3abf.pdf (11338 KB)
[14:23:37] [zcks] 300 pages, 540 docs, queue=359
[14:23:37] [zcks] doc saved: فەخرەدین-دوسكی_eea5a48f.pdf (8963 KB)
[14:23:38] [zcks] doc saved: مەلا-بەنینانی_97eb0467.pdf (5628 KB)
[14:23:42] [zcks] doc saved: عیسا-زیباری_a8c3ed4d.pdf (10911 KB)
[14:23:42] [zcks] doc saved: علی-كەشانی_4849c2e3.pdf (12679 KB)
[14:23:44] [zcks] doc saved: محمد-امین-حسو_a545e133.pdf (11846 KB)
[14:23:44] [zcks] doc saved: محموود-دیرشەوی_b959195a.pdf (8538 KB)
[14:23:45] [zcks] doc saved: محمود-هالو_e000abf7.pdf (11087 KB)
[14:23:47] [zcks] doc saved: ڕێزمانا-كرمانجكى-زازاكیێ-به_راوردكرن-لگه_ل-كرمانجیێ_98d84f8a.pdf (8112 KB)
[14:24:00] [zcks] doc saved: الإقطاع-في-ك_ردستان-334-656-هـ945-1258م_f93368cf.pdf (5508 KB)
[14:24:00] [zcks] doc saved: موقف-بريتانيا-من-قضية-الكردية-في-العراق_54e2be3d.pdf (9856 KB)
[14:24:03] [zcks] doc saved: الك_رد-في-المصادر-الأدبية-العربية-خلال-العصر-العباسي-132-ــ-656هـ750-ــ-1258م-دراسة-تاريخية-تحليلية_c1e390f1.pdf (10363 KB)
[14:24:03] [zcks] doc saved: إمارة-بدليس-في-العهد-العثماني-1514-ــ-1665م-دراسة-تاريخية-وثائقية_498dfc24.pdf (15364 KB)
[14:24:36] [zcks] doc saved: سید-علی_6cc6c5de.pdf (3206 KB)
[14:24:36] [zcks] doc saved: سەدرودین-كادانی_2ae31444.pdf (8075 KB)
[14:24:36] [zcks] doc saved: عبدالرحمن-خندقی_a1e17397.pdf (10750 KB)
[14:24:39] [zcks] doc saved: سەعدوللا-بامەرنی-1_6f31f1c0.pdf (7982 KB)
[14:24:41] [zcks] doc saved: سلیمان-دوسكی_3044efcd.pdf (9917 KB)
[14:24:49] [zcks] doc saved: سلمان-شوشی_de6e4339.pdf (9174 KB)
[14:24:50] [zcks] doc saved: سبغەتوللا-مزیری_4de68137.pdf (7643 KB)
[14:24:57] [zcks] doc saved: دیوانا-نورەدین-سندی-1_f3c949f4.pdf (10011 KB)
[14:24:57] [zcks] doc saved: حمید-سلیفانی_d5f01795.pdf (12127 KB)
[14:24:59] [zcks] doc saved: اغا-ئاكرەی_1ed461a0.pdf (7773 KB)
[14:24:59] [zcks] doc saved: احمد-عرب_aa6d470c.pdf (13019 KB)
[14:25:01] [zcks] doc saved: احمد-حاجی-برواری-3_453f9ec7.pdf (11272 KB)
[14:25:01] [zcks] doc saved: زكری-نیروەی_320aaf19.pdf (11733 KB)
[14:25:24] [zcks] doc saved: حةيدةر-مةتيني_81e0774f.pdf (5270 KB)
[14:25:25] [zcks] doc saved: دیوانا-بازەلی-1_d4d29ab5.pdf (5982 KB)
[14:26:08] [zcks] doc saved: بەلاڤووکێن-ئەمریکا-ب-زمانێ-کوردى-و-هـەلـۆیـسـتـێ-وەلاتــێـن-هــەرێــمــى-نیسانا-١٩٥٠-ئەیلۆاڵ-١٩٥٠_0aba34a3.pdf (136354 KB)
[14:26:14] [zcks] doc saved: مـەدرەسـەیـا-سـەییدخان-جەدیده-زانا-و-دەستنڤیس-و-شاگردێن-ئەوێ_dbab77cf.pdf (136353 KB)
[14:26:19] [zcks] doc saved: مەلا-ئەحمەد-حلمی-قوغییێ-دیاربەکری_d0edad37.pdf (136354 KB)
[14:26:23] [zcks] doc saved: هۆزا-زەرزا_6d1171da.pdf (136354 KB)
[14:26:56] [zcks] doc saved: نامەیا-سولتانێ-عوسمانی-بۆ-خــانــێ-لــەپــزێـریـن-١٦٠٩_e40b765f.pdf (136353 KB)
[14:27:00] [zcks] doc saved: وەسیەتا-بەدیعول-زەمانی-و-مـەزارێ-ئـەوی_492ac7df.pdf (136354 KB)
[14:27:04] [zcks] doc saved: نەهێلانا-مژێ-ل-سەر-هۆزانڤانییا-پــەرتـو-بـەگێ-هـەکـاری_fa405fb0.pdf (9249 KB)
[14:27:06] [zcks] doc saved: مەعرووف-چیاووک-بەرگريکرن-ژ-مافێن-كوردان-د-روژنامەیا-البلاد-دا_507a7de0.pdf (136354 KB)
[14:27:09] [zcks] doc saved: دەنگبێژى-و-ڕستا-ژنا-کورد-د-نــاڤ-جـڤـاکـێ-کـوردیدا_7e9254eb.pdf (136354 KB)
[14:27:10] [zcks] doc saved: سنورێ-جوگرافیێ-ده_ڤه_را-داسن-ل-سه_رده_مێ-ئوسمانیدا_966416f3.pdf (1603 KB)
[14:27:12] [zcks] doc saved: ده_رباره_یێ-چارەنڤیسێ-میر-ئیماده_دینێ-هه_كاری-یان-ژی-سه_بووری-به_لگه_یه_كه_-نوو_2648f74d.pdf (6937 KB)
[14:27:13] [zcks] doc saved: میره_كتیا-بدلیس-پشتى-كوشتنا-میر-شه_ره_فخانێ-دیرۆكنڤیس-١٦٠١-١٦١٧پشکا-دوویێ_35a2b292.pdf (2649 KB)
[14:27:13] [zcks] doc saved: پێشه_كییا-په_رتووكا-شه_رفنامه_-یا-دیرۆكنڤیسێ-كورد-شه_ره_فخانێ-به_دلیسی-خواندنه_ك-بۆ-ناڤه_ڕۆكا-ئەوێ_c8ecde12.pdf (2801 KB)
[14:27:14] [zcks] doc saved: مه_لا-یووسفێ-زڤنگی_8a5f424c.pdf (5099 KB)
[14:27:14] [zcks] doc saved: یاسین-ئه_لعومه_رى-و-میرگەها-بەهدینان_fa5e6689.pdf (3461 KB)
[14:27:15] [zcks] doc saved: نه_هێلانا-مژێ-ل-سه_ر-هوزانڤانیا-شێخ-شەمسەدین-ئەخلاتی_149131fd.pdf (6457 KB)
[14:27:16] [zcks] doc saved: شێخ-موحەمەد-نووروللاهـ-سەیدا-ئەلجەزەری-١٩٤٩-١٩٨٥_4707380c.pdf (2217 KB)
[14:27:22] [zcks] doc saved: شێخ-محه_مه_د-عه_سكه_ریێ-ئاقته_پی_128385be.pdf (42656 KB)
[14:27:23] [zcks] doc saved: پلانا-چاکسازییا-ڕۆژهەلات_1d2f93d7.pdf (136353 KB)
[14:27:34] [zcks] doc saved: الدومنيكان-وأثرهم-في-تغيير-الخارطة-المذهبية-لمسيحي-منطقة-زاخو-والعمادية-ئاميدي_687d9dd5.pdf (1199 KB)
[14:27:35] [zcks] doc saved: هوزانا-ھەڤچەرخا-کوردی-دناڤبەرا-بەرپرسیارا-ھوزانڤانی-.-وەرگری-.-ورەخنەگریدا_49ce45ac.pdf (478 KB)
[14:27:35] [zcks] doc saved: چالاكى_7b89b4bc.pdf (995 KB)
[14:27:35] [zcks] doc saved: هەبوونا-کوردان-ل-مسرێ-ل-سەردەمێ-فاتمی-و-ئەیوبی-دا_f45440a3.pdf (1021 KB)
[14:27:36] [zcks] doc saved: H.G.-Wells-The-Country-of-the-Blind-and-the-Idea-of-Xenophobia_18be7e08.pdf (632 KB)
[14:27:36] [zcks] doc saved: Determination-of-EEG-for-Smell-Sensitive-Brains-Areas-by-Using-Chemical-Stimulators_92dec37d.pdf (873 KB)
[14:27:36] [zcks] doc saved: أهمية-تطبيق-الحكومة-الإلكترونية-في-إقليم-كردستان_b5d311b0.pdf (546 KB)
[14:27:37] [zcks] doc saved: مێژووی-شارۆچکەی-باوەنوور-لەنێوان-ساڵانی-١٩١٨-١٩٩٢_2aea0fd1.pdf (1512 KB)
[14:27:37] [zcks] doc saved: النظم-العسكرية-في-الإمارات-الكوردية_782c30ac.pdf (2932 KB)
[14:27:37] [zcks] doc saved: دێ-چەوا-بییە-مامۆستایەکێ-سەرکەفتی__df5ea50f.pdf (478 KB)
[14:27:38] [zcks] doc saved: بۆچی-دبێژنێ_-تێکستێ-ھەڤتەریب-.__81b49f20.pdf (1228 KB)
[14:27:38] [zcks] doc saved: زمانڤانییا-کارەکی_6af07266.pdf (886 KB)
[14:27:39] [zcks] doc saved: Ergativity-in-Northern-Kurmanji_d710c34c.pdf (2008 KB)
[14:27:39] [zcks] doc saved: نبذة-عن-الطوائف-والمراتب-المسيحية-في-العصور-الوسطى_80d21ce9.pdf (804 KB)
[14:27:39] [zcks] doc saved: ھۆزانا-سەربەستا-کوردی_ab9bf1e0.pdf (925 KB)
[14:27:40] [zcks] doc saved: رێبازێن-ئەدەبی-ریالیزم-و-سیمبولیزم_5163e7d7.pdf (1008 KB)
[14:27:40] [zcks] doc saved: الجذور-التاريخية-لسلسلة-النبوي-الشريف_de43d229.pdf (1312 KB)
[14:27:40] [zcks] doc saved: واتاسازییا-کارەکی_c2b596ae.pdf (1097 KB)
[14:27:41] [zcks] doc saved: سه-مفونيا-خه-مان-و-رومانسيه-تا-گوران-يدا-پاييز_ada8e77b.pdf (557 KB)
[14:27:41] [zcks] doc saved: نشأة-الحياة-الحزبية-في-تركيا_9e810606.pdf (860 KB)
[14:27:41] [zcks] doc saved: کورتە-چیروک-پشکا-ئێکێ_8124f9eb.pdf (1359 KB)
[14:27:41] [zcks] doc saved: میر-و-ھۆزانڤان-عمادالدين-ھەکاری-١٦٣٢-١٦٣٩_006bd51c.pdf (1147 KB)
[14:27:41] [zcks] doc saved: زمان-و-ھزر-پەیوەندی-و-ژێکجودابوون_e8430781.pdf (489 KB)
[14:27:41] [zcks] doc saved: مدى-تأثر-مضمون-الدستور-الاردني-بالحقوق-الواردة-في-الاعلان-العالمي-لحقوق-الانسان-١٩٤٨_ca9021dd.pdf (627 KB)
[14:27:42] [zcks] doc saved: گرفتا-پاشڤەمانا-خواندنێ-دناڤبەرا-تێگەھشتن-و-رووبەرووبوونێ-دا_22be414d.pdf (403 KB)
[14:27:42] [zcks] doc saved: بەڵاڤبوونا-جوهیاتییێ-ل-کوردستانێ_c748647e.pdf (1421 KB)
[14:27:42] [zcks] doc saved: جڤاکێ-زمانێ_ea98866a.pdf (748 KB)
[14:27:42] [zcks] doc saved: چیرۆک-د-گۆڤارێن-زارۆکاندا_a4b983f8.pdf (1335 KB)
[14:27:43] [zcks] doc saved: الکوردی-خالد-بکداش-زعیم_fa9e9ed3.pdf (642 KB)
[14:27:43] [zcks] doc saved: قۆتابخانا-لەندەن-یا-فونولوژی_2d49d8fd.pdf (1063 KB)
[14:27:43] [zcks] doc saved: تشکیل-الوحدات-الاداریە-فی-کوردستان-سوریا_24d19e06.pdf (685 KB)
[14:27:43] [zcks] doc saved: روانگەی-فەلسەفە-بۆ-هەڵوەشێنگەرایی_e36f37f2.pdf (807 KB)
[14:27:43] [zcks] doc saved: بابەکێ-خۆرەمێ-و-بزاڤا-وی-د-ژێدەرێن-ئیرانیدا_6c531e88.pdf (3083 KB)
[14:27:43] [zcks] doc saved: هۆناكا-زانستی_616f9046.pdf (975 KB)
[14:27:44] [zcks] doc saved: شێوازناسیا-ئەدەبیاتا-فارسی_0287bb32.pdf (1033 KB)
[14:27:44] [zcks] doc saved: دیتنا-فەلسەفێ-بۆ-ئەدەبی-لسەردەمێ-کلاسیزما-نوی-1_c88a7788.pdf (1329 KB)
[14:27:44] [zcks] doc saved: چالاکی-2_df98fd61.pdf (1557 KB)
[14:27:44] [zcks] doc saved: پەیوەندیا-دناڤبەرا-زمان-و-هزرکرنێدا_e1096544.pdf (855 KB)
[14:27:45] [zcks] doc saved: کورتە-چیرۆک-پشکا-دووێ-_b631daf5.pdf (2244 KB)
[14:27:45] [zcks] doc saved: شەرمکرن_1b2e8b29.pdf (656 KB)
[14:27:45] [zcks] doc saved: فەلسەفە-د-قۆناغێن-نوو-دا_9358f924.pdf (1908 KB)
[14:27:45] [zcks] doc saved: شیوخ-بارزان-فی-کتابات-الیهود_1379f075.pdf (2993 KB)
[14:27:45] [zcks] doc saved: greetings-in-badini-dialect_8c38c54e.pdf (1066 KB)
[14:27:46] [zcks] doc saved: english-kurish-arabic-code-switching-in-mobile-messages_674c79ee.pdf (1494 KB)
[14:27:46] [zcks] doc saved: مفهوم-کلمە-الٳسلام-فی-القرآن-الکریم_a00f4046.pdf (788 KB)
[14:27:46] [zcks] doc saved: پەیوەندیێن-ئیران-و-ئەوروپا-لسەردەمێ-ئیلخانیدا_f790faaf.pdf (2039 KB)
[14:27:46] [zcks] doc saved: هۆزانێن-بەرزە-د-دیوانێن-سەبری-بوتانیدا_502250b3.pdf (1074 KB)
[14:27:46] [zcks] doc saved: پەروەردەکرن-و-فێرکرن-د-شارستانییەتێن-کەڤندا_0819e18f.pdf (436 KB)
[14:27:46] [zcks] doc saved: داستانا-فارسی_a6a41d25.pdf (1574 KB)
[14:27:47] [zcks] doc saved: a-general-overview-of-diglossia-and-code-switching_6b9ca83b.pdf (1796 KB)
[14:27:48] [zcks] doc saved: میر_محەمەدێ_رەواندوزى_د_بەلگەنامەیەك_نوى_دااا_8203a39e.pdf (5264 KB)
[14:27:48] [zcks] doc saved: ڕەوشا-زمانێ-كوردی-ل-توركیا_d3042665.pdf (4617 KB)
[14:27:49] [zcks] doc saved: میرێ-میرگەها-بەهدینان_bc86577c.pdf (4339 KB)
[14:27:49] [zcks] doc saved: میرگەها-جزیرێ-بوختى_f5033575.pdf (14395 KB)
[14:27:51] [zcks] doc saved: كوردستان_د_بیرەوەریێن_حاج_سەییاح_یدا_1_8_4-1_efc4bd2a.pdf (3101 KB)
[14:27:51] [zcks] doc saved: میرنشینا-برادۆست-۱٦۰۹-١٥١٠ز_99c48d42.pdf (10807 KB)
[14:27:52] [zcks] doc saved: دوسکی-و-سندی-دوو-مەولوودنامەیێن-نوی_266063c3.pdf (6191 KB)
[14:27:52] [zcks] doc saved: مەولدێ-كردی_a6fc464e.pdf (8588 KB)
[14:27:52] [zcks] doc saved: ھندەک_لایەنێن_زارناسی_د_ناڤبەرا_گۆڤەرێن_دھوک_و_شنگالێ_دا_c6fe7453.pdf (1704 KB)
[14:27:53] [zcks] doc saved: شرۆڤەکرنا_وێنەی_لدویڤ_سیمایێن_واتایی_ڤەکۆلینەکا_سیمانتیکیە_6dcba9e2.pdf (1509 KB)
[14:27:53] [zcks] doc saved: صلاح_الدين_الأيوبي_ومواقف_إنسانية_خالدة_7c73547c.pdf (1419 KB)
[14:27:53] [zcks] doc saved: کێش_و_ڕیتم_د_دیوانا_سەید_قەدریێ_جزيرى_دا_34709c10.pdf (1249 KB)
[14:27:53] [zcks] doc saved: رستە-وەک-یەکەیا-وەرگێرانێ_3a85e433.pdf (742 KB)
[14:27:54] [zcks] doc saved: پۆست-مۆدێرنیزم_8733c89b.pdf (981 KB)
[14:27:54] [zcks] doc saved: نيمچه_بزوێن_د_زمانێ_کوردیدا_گۆڤەرا_بەھدینی_وەکو_نموونە_fe39cc3e.pdf (1611 KB)
[14:27:54] [zcks] doc saved: وصية_مولانا_خالد_لخليفته_سيد_طه_النهري_c09f30c9.pdf (897 KB)
[14:27:55] [zcks] doc saved: شانۆ-و-دەرمان_f8a49d09.pdf (1206 KB)
[14:27:55] [zcks] doc saved: الفساد_الإداري_والمالي_المفهوم_وآثار_الفساد_الإداري_وطرق_المعالجة_5f37f2b5.pdf (1013 KB)
[14:27:55] [zcks] doc saved: سوسیولۆژیا-ئەدەب_ef5d83f0.pdf (1800 KB)
[14:27:55] [zcks] doc saved: مفهوم_كلمة_الكرد_في_المصادر_العربية_الإسلامية_b94057b6.pdf (993 KB)
[14:27:56] [zcks] doc saved: پلاندانان_د_پروسێسا_وانەگووتنێ_دا_c9e1aaad.pdf (688 KB)
[14:27:56] [zcks] doc saved: Is-Global-Warming-Caused-by-Human-Activity_693bc151.pdf (1270 KB)
[14:27:56] [zcks] doc saved: کارل_مارکس_ژیانا_سیاسی_و_رەوشەنبیری_4840022e.pdf (3544 KB)
[14:27:56] [zcks] doc saved: گەشتێن_دەسپێکێ_یێن_ئەمریکی_بو_چیایێ_ئارارات_3f55e818.pdf (2713 KB)
[14:27:57] [zcks] doc saved: Thermonuclear-Fusion_af7a2544.pdf (790 KB)
[14:27:57] [zcks] doc saved: ابن_الرزاز_الجزري_البوتاني_وأثره_في_تقدم_علم_الميكانيك_f6852e18.pdf (1847 KB)
[14:27:57] [zcks] doc saved: سەروا-د-گازیا-بەلەنگازان-دا_5e2cca80.pdf (1635 KB)
[14:27:57] [zcks] doc saved: پێشمەرگەی_کوردستان_و_ئاسایشی_نەتەوەی_کورد_183dd024.pdf (1562 KB)
[14:27:57] [zcks] doc saved: بزاڤا_بابەکێ_خوڕەمی_د_ژێدەرێن_ئیرانیدا_234c338f.pdf (2470 KB)
[14:27:57] [zcks] doc saved: المحكمة_الاتحادية_العليا_في_العراق_ec514752.pdf (1650 KB)
[14:27:58] [zcks] doc saved: چەند_جوداهى_دناڤبەرا_زمانێ_ھوزانێ_و_زمانێ_رۆژانەدا_e97229fc.pdf (559 KB)
[14:27:58] [zcks] doc saved: ھەڤڕکییا-زمانان_400ef8aa.pdf (1894 KB)
[14:27:58] [zcks] doc saved: چالاكی_0c256a49.pdf (380 KB)
[14:27:59] [zcks] doc saved: فەلسەفا_فیتگنشتاینی_ئەو_تشتێن_نەھێنە_گوتن_db231881.pdf (1423 KB)
[14:27:59] [zcks] doc saved: تەکنیکێن-ڤەگێڕانێ-د-کۆمەڵا-کورتە-چیرۆکێن-جەمسەرێ-سیێ-و-یا-خالد-سالح-یدا_f5ea69ff.pdf (3989 KB)
[14:27:59] [zcks] doc saved: سوزناما-نشتیمانی-یا-ئاشوری_a284975e.pdf (2891 KB)
[14:28:00] [zcks] doc saved: گوڕستان-ژێدەرێن-گرنگن-ژ-ژێدەرێن-دیروکی_0d2d9269.pdf (8430 KB)
[14:28:01] [zcks] doc saved: میرێن-سەنجەقا-سندی-سلێڤانی-زاخۆ-ل-سەر-دەمێ-عوسمانی-١٥٣٨-١٨١_f9c65860.pdf (6248 KB)
[14:28:01] [zcks] doc saved: ژ-زانایێن-دەڤەرا-زاخو-ل-سەر-دەمێ-میرگەها-بەهدینان-١٥١٤-١٨٤٢ز_bd1eb501.pdf (4575 KB)
[14:28:02] [zcks] doc saved: پەیوەندی-نێوان-کورد-و-سوڤیەت_5089f7af.pdf (4062 KB)
[14:28:02] [zcks] doc saved: کەلهێن-زاخۆ-الحسنية-و-دوروبەرێن-وێ_541c041d.pdf (6780 KB)
[14:28:02] [zcks] doc saved: شێخ-موشەڕڕەفێ-خونوکی-ل-زاخو_7e9ad481.pdf (7553 KB)
[14:28:04] [zcks] doc saved: هۆزانڤان-حەسەن-و-دانەیەکا-نویا-هۆزانا-وی_4d6afdad.pdf (5016 KB)
[14:28:07] [zcks] doc saved: شاعرەكێ-دى-ژ-كلاسیكێن-كوردى-میر-عەبدولڵاهـ-خان-بەگێ-هەكارى-عارف_d227670e.pdf (13837 KB)
[14:28:08] [zcks] doc saved: پیشەسازیا-چێكرنا-گۆسك-و-جەڕكان-ل-گوندێ-درگنى_503ad14c.pdf (16770 KB)
[14:28:08] [zcks] doc saved: د-سالا-١٩٧١-ده-ل-حاجی-ئومرانێ-_e19e4a4f.pdf (9532 KB)
[14:28:09] [zcks] doc saved: د-تێكۆشینا-كوردستانێده-شەڕڤانەكی-قەوین-مەلا-محەمەدێ-پالۆ_7e41c65b.pdf (16451 KB)
[14:28:11] [zcks] doc saved: پڕسا-کوردى-دبەلگەنامەیەک-هەوالگێرییا-ئەمریکا-دا-ل-ساڵا-١٩٥٩ێ_aed7923b.pdf (15598 KB)
[14:28:12] [zcks] doc saved: گۆمبەدا-شێخ-عەلیێ-هەكاری-ل-باژێڕێ-زاخۆ-_7d269860.pdf (14817 KB)
[14:28:15] [zcks] doc saved: هۆزا-ملان_9e1568df.pdf (10487 KB)
[14:28:16] [zcks] doc saved: بەلگەیێن-نوی-ل-دۆر-كوشتنا-شەرەفخانێ-بــــــەدلیسی-_72e47af3.pdf (10287 KB)
[14:28:17] [zcks] doc saved: شوكرى-بەدلیسى_b680daea.pdf (17969 KB)
[14:28:17] [zcks] doc saved: مێژوویا-سیاسى-یا-باژارێ-ئەربیل-هەولێر-لسەر-دەمێ-ناڤین_1f978f9e.pdf (28657 KB)
[14:28:18] [zcks] doc saved: زاخۆ-د-چاڤێن-گەڕۆکێ-ئەمریکی-ئەی-لوکەری-دا-۱٨٦٨_38d74dca.pdf (7969 KB)
[14:28:21] [zcks] doc saved: پرسیار-و-بەرسڤ-دناڤبەرا-مەلایێ-جزیرى_e7f8bc93.pdf (14986 KB)
[14:28:21] [zcks] doc saved: زارۆ-ئاغایێ-موتکی_12862ccc.pdf (10307 KB)
[14:28:22] [zcks] doc saved: مێژوویەكا-دابەشكری-وەك-گەلێ-وێ-نڤێسینا-مێژوویێ-ل-عێراقێ-كەیسا-كوردى_6f05793c.pdf (9871 KB)
[14:28:23] [zcks] doc saved: پەیوەندیێن-کورد-و-ئەمریکا_a45520a3.pdf (3536 KB)
[14:28:23] [zcks] doc saved: هۆزا-شکاک_3fe0b6b3.pdf (26796 KB)
[14:28:24] [zcks] doc saved: شێخ-یووسفێ-زاخویی-د-بەلگەنامەیين-عوسمانی-دا-_d633a701.pdf (5289 KB)
[14:28:25] [zcks] doc saved: ژ-پێشەنگا-رو-ۆژنامەگەریا-بەهدینان-گوڤارا_-پێشکەوتن-التقدم-١٩٥٨-١٩٦٣_65d4dc43.pdf (3516 KB)
[14:28:25] [zcks] doc saved: کورد-و-کوردستان-لسەر-دەمێ-گەلان_1ce5e5d8.pdf (15108 KB)
[14:28:26] [zcks] doc saved: چەند-لایەنەک-ژ-مێژوویا-زاخۆ-لسەردەمێ-عوسمانیان_d4a75fae.pdf (4032 KB)
[14:28:29] [zcks] doc saved: ناڤێ-کوردستان-لژێر-روناهیا-زمان-و-بەلگەنامێن-عوسمانی_04080307.pdf (11779 KB)
[14:28:29] [zcks] doc saved: پەیکەرێ-خوداوەندا-دایک-ل-باژێرێ-زاخۆ_95c55e8c.pdf (13786 KB)
[14:28:30] [zcks] doc saved: ئاستەنگێن-کارگێریا-عوسمانی-ل-کوردستانێ-پشتی-کەفتنا-میرگەهێن-کوردی_d800363a.pdf (24081 KB)
[14:28:42] [zcks] 400 pages, 702 docs, queue=116
[14:29:18] [zcks] doc saved: خواندنگەها-بێبۆ_1e3e10d8.pdf (6406 KB)
[14:29:19] [zcks] doc saved: میرگەها-ئەردەلان-د-پەرتووكا-شەرەفخانێ-بەدلیسیدا_4418cb65.pdf (5953 KB)
[14:29:20] [zcks] doc saved: كورد-ل-پارێزگەها-سەلاحەدین-تكریتا-جاران-1_f2475240.pdf (6063 KB)
[14:29:20] [zcks] doc saved: بزاڤێن-مەهدییێ-ساخته-ل-بەهدینان-خـوانـدنـەك-د-بـەلـگەنامەیێن-عوسمانیدا-1_127f3f6a.pdf (10026 KB)
[14:29:21] [zcks] doc saved: گەنگەشە-لسەر-دێرەكا-هەلبەستێ_fc4f91fc.pdf (2512 KB)
[14:29:21] [zcks] doc saved: چیرۆکێن-سەرزارێ-گیانەوەران-د-فۆلکلۆرێ-كـوردیدا_405ed0ab.pdf (3322 KB)
[14:29:22] [zcks] doc saved: فۆلکلۆر-و-فلمنامە-سیناریۆ_990fbe32.pdf (6968 KB)
[14:29:22] [zcks] doc saved: شێخ-موحەمەد-ئەمینێ-حەیدەری_f379f37a.pdf (8556 KB)
[14:29:22] [zcks] doc saved: سەیید-ڕزا_-دێرسم-و-دوو-نامە_df46d7a3.pdf (6176 KB)
[14:29:27] [zcks] doc saved: اسراء-وميعراج-1_2467934d.pdf (5595 KB)
[14:30:34] [zcks] doc saved: پرۆگرام_979d34f1.pdf (4936 KB)
[14:31:06] [zcks] 500 pages, 713 docs, queue=9
[14:31:48] [zcks] DONE: {"site": "zcks", "base": "https://zcks.uoz.edu.krd/", "pages_total": 657, "pages_ok": 539, "documents": 713, "doc_bytes": 4286857508, "errors": 118, "stopped_reason": "queue exhausted (complete)", "duration_s": 1038.4}
ALL DONE
