url,source_page,file,bytes,content_type
https://zcks.uoz.edu.krd/wp-content/uploads/Khalid-Sindory-18-01-2025-1-12-1.pdf,https://zcks.uoz.edu.krd/,Khalid-Sindory-18-01-2025-1-12-1_3884febc.pdf,274893,application/pdf
https://zcks.uoz.edu.krd/wp-content/uploads/CV-Abdulsalam-N.-Abdullah.pdf,https://zcks.uoz.edu.krd/,CV-Abdulsalam-N.-Abdullah_f4506555.pdf,398478,application/pdf
https://zcks.uoz.edu.krd/wp-content/uploads/3-Paragraph-Book-1-9.pdf,https://zcks.uoz.edu.krd/,3-Paragraph-Book-1-9_7849b896.pdf,223638,application/pdf
https://zcks.uoz.edu.krd/wp-content/uploads/4-11-Stories-Book-1-6.pdf,https://zcks.uoz.edu.krd/,4-11-Stories-Book-1-6_29c8a94c.pdf,413203,application/pdf
https://zcks.uoz.edu.krd/wp-content/uploads/Reqib-Akreyi-Design-18-1-2025-1-12.pdf,https://zcks.uoz.edu.krd/,Reqib-Akreyi-Design-18-1-2025-1-12_2d86b4a9.pdf,531108,application/pdf
https://zcks.uoz.edu.krd/wp-content/uploads/Kurdish-1.pdf,https://zcks.uoz.edu.krd/?p=6590,Kurdish-1_078576ca.pdf,10614402,application/pdf
https://zcks.uoz.edu.krd/wp-content/uploads/CONFRANCE-PROGRAM-LATINI-1.pdf,https://zcks.uoz.edu.krd/?p=6590,CONFRANCE-PROGRAM-LATINI-1_b748892f.pdf,10589087,application/pdf
https://zcks.uoz.edu.krd/wp-content/uploads/English-1.pdf,https://zcks.uoz.edu.krd/?p=6590,English-1_b4431fd1.pdf,12811040,application/pdf
https://zcks.uoz.edu.krd/wp-content/uploads/Arabic.pdf,https://zcks.uoz.edu.krd/?p=6590,Arabic_0dd36db5.pdf,10276291,application/pdf
https://zcks.uoz.edu.krd/wp-content/uploads/Turkish.pdf,https://zcks.uoz.edu.krd/?p=6590,Turkish_dddbf179.pdf,10635563,application/pdf
https://zcks.uoz.edu.krd/wp-content/uploads/Persian-1.pdf,https://zcks.uoz.edu.krd/?p=6590,Persian-1_7d76cfe5.pdf,10299857,application/pdf
https://zcks.uoz.edu.krd/wp-content/uploads/دراسات-في-تاريخ-الكُرد-السياسي-والحضاري-عبر-عصور-مختلفة.pdf,https://zcks.uoz.edu.krd/?product=%D9%86%DA%A4%D9%8A%D8%B3%D9%8A%D9%86%D8%A7-%D9%BE%DB%95%D8%B1%DB%95%DA%AF%D8%B1%D8%A7%D9%81%D8%A7-%D8%A6%DB%95%D9%83%D8%A7%D8%AF%D9%8A%D9%85%D9%89,دراسات-في-تاريخ-الك_رد-السياسي-والحضاري-عبر-عصور-مختلفة_29e52fc7.pdf,5723188,application/pdf
https://zcks.uoz.edu.krd/wp-content/uploads/الــكُـــــــــــــرد-في-السودان-دراسة-تاريخية.pdf,https://zcks.uoz.edu.krd/?product=%D9%86%DA%A4%D9%8A%D8%B3%D9%8A%D9%86%D8%A7-%D9%BE%DB%95%D8%B1%DB%95%DA%AF%D8%B1%D8%A7%D9%81%D8%A7-%D8%A6%DB%95%D9%83%D8%A7%D8%AF%D9%8A%D9%85%D9%89,الــك_ـــــــــــــرد-في-السودان-دراسة-تاريخية_1c623c6c.pdf,66201382,application/pdf
https://zcks.uoz.edu.krd/wp-content/uploads/مقدمة-في-تاريخ-زاخو-خلال-العهد-العثماني-1515-1918-دراسة-تاريخية-وثائقية.pdf,https://zcks.uoz.edu.krd/?product=%D9%86%DA%A4%D9%8A%D8%B3%D9%8A%D9%86%D8%A7-%D9%BE%DB%95%D8%B1%DB%95%DA%AF%D8%B1%D8%A7%D9%81%D8%A7-%D8%A6%DB%95%D9%83%D8%A7%D8%AF%D9%8A%D9%85%D9%89,مقدمة-في-تاريخ-زاخو-خلال-العهد-العثماني-1515-1918-دراسة-تاريخية-وثائقية_12bd377b.pdf,202982036,application/pdf
https://zcks.uoz.edu.krd/wp-content/uploads/كاریگه‌رییا-بكارهینانا-ستراتیژیا-هژاندنا-هزرا-و-رێكا-گه‌نگه‌شێ.pdf,https://zcks.uoz.edu.krd/?product=%D8%AF%DB%8C%D9%80%D9%88%D8%A7%D9%86%D8%A7-%D8%AE%D9%80%D8%A7%D9%84%D9%80%D9%80%D8%AF-%D8%B3%D9%86%D8%AF%DB%86%D8%B1%DB%8C,كاریگه_رییا-بكارهینانا-ستراتیژیا-هژاندنا-هزرا-و-رێكا-گه_نگه_شێ_645dd4ae.pdf,7614953,application/pdf
https://zcks.uoz.edu.krd/wp-content/uploads/Shoresha-Elone.pdf,https://zcks.uoz.edu.krd/?product=%D8%AF%DB%8C%D9%80%D9%88%D8%A7%D9%86%D8%A7-%D8%AE%D9%80%D8%A7%D9%84%D9%80%D9%80%D8%AF-%D8%B3%D9%86%D8%AF%DB%86%D8%B1%DB%8C,Shoresha-Elone_2f93b077.pdf,5848461,application/pdf
https://zcks.uoz.edu.krd/wp-content/uploads/تقانة-حصاد-المياه-في-حوضي-كومل-و-روكرم-واستثماراتها-في-محافظة-دهوك.pdf,https://zcks.uoz.edu.krd/?product=%D8%AF%DB%8C%D9%80%D9%88%D8%A7%D9%86%D8%A7-%D8%AE%D9%80%D8%A7%D9%84%D9%80%D9%80%D8%AF-%D8%B3%D9%86%D8%AF%DB%86%D8%B1%DB%8C,تقانة-حصاد-المياه-في-حوضي-كومل-و-روكرم-واستثماراتها-في-محافظة-دهوك_e880d29e.pdf,80779382,application/pdf
https://zcks.uoz.edu.krd/wp-content/uploads/KURT-MEDRESELER-ZAHO-SIRNAK-3.pdf,https://zcks.uoz.edu.krd/?p=7214,KURT-MEDRESELER-ZAHO-SIRNAK-3_0898067b.pdf,13042712,application/pdf
https://zcks.uoz.edu.krd/wp-content/uploads/The-Kurdish-Traditional-Madrasa-in-the-Modern-and-Contemporary-Era-2.pdf,https://zcks.uoz.edu.krd/?p=7214,The-Kurdish-Traditional-Madrasa-in-the-Modern-and-Contemporary-Era-2_3e1eef2d.pdf,13117170,application/pdf
https://zcks.uoz.edu.krd/wp-content/uploads/مه_دره_سه_يێن-كوردى-ل-سه_رده_مێن-نوى-و-هه_ڤچه_رخ-2.pdf,https://zcks.uoz.edu.krd/?p=7214,مه_دره_سه_يێن-كوردى-ل-سه_رده_مێن-نوى-و-هه_ڤچه_رخ-2_be6da1e0.pdf,19064609,application/pdf
https://zcks.uoz.edu.krd/wp-content/uploads/ڕۆلێ-هه‌ڤتێكستیێ-و-جۆرێن-وێ-د-ئاڤاكرنا-تێكستێ-هوزانا-كرمانجیا-ژووریدا.pdf,https://zcks.uoz.edu.krd/?product=%D8%AF%DB%95%D9%87%DB%95%D9%85%DB%8C%D9%86-%DA%A9%DB%86%D9%86%D9%81%DA%95%D8%A7%D9%86%D8%B3%DB%8E-%D9%85%DB%95%D8%AF%D8%B1%DB%95%D8%B3%DB%95%DB%8C%DB%8E%D9%86-%DA%A9%D9%88%D8%B1%D8%AF%DB%8C-%D9%84,ڕۆلێ-هه_ڤتێكستیێ-و-جۆرێن-وێ-د-ئاڤاكرنا-تێكستێ-هوزانا-كرمانجیا-ژووریدا_4c2cd84c.pdf,7014002,application/pdf
https://zcks.uoz.edu.krd/wp-content/uploads/الـكُــــــرد-بحوث-ودراسات-في-تاريخهم-الحديث-والمعاصر.pdf,https://zcks.uoz.edu.krd/?product=%D8%AF%DB%95%D9%87%DB%95%D9%85%DB%8C%D9%86-%DA%A9%DB%86%D9%86%D9%81%DA%95%D8%A7%D9%86%D8%B3%DB%8E-%D9%85%DB%95%D8%AF%D8%B1%DB%95%D8%B3%DB%95%DB%8C%DB%8E%D9%86-%DA%A9%D9%88%D8%B1%D8%AF%DB%8C-%D9%84,الـك_ــــــرد-بحوث-ودراسات-في-تاريخهم-الحديث-والمعاصر_fcf58905.pdf,9628113,application/pdf
https://zcks.uoz.edu.krd/wp-content/uploads/Test.svg_.pdf,https://zcks.uoz.edu.krd/?p=6806,Test.svg__3df08190.pdf,154754,application/pdf
https://zcks.uoz.edu.krd/wp-content/uploads/CONFRANCE-PROGRAM-FARSI-1.pdf,https://zcks.uoz.edu.krd/?p=5908,CONFRANCE-PROGRAM-FARSI-1_edf06d99.pdf,10801553,application/pdf
https://zcks.uoz.edu.krd/wp-content/uploads/CONFRANCE-PROGRAM-KURDISH-1.pdf,https://zcks.uoz.edu.krd/?p=5908,CONFRANCE-PROGRAM-KURDISH-1_ab423f70.pdf,10915931,application/pdf
https://zcks.uoz.edu.krd/wp-content/uploads/CONFRANCE-PROGRAM-ARABIC-1.pdf,https://zcks.uoz.edu.krd/?p=5908,CONFRANCE-PROGRAM-ARABIC-1_3f8abb2b.pdf,10783437,application/pdf
https://zcks.uoz.edu.krd/wp-content/uploads/CONFRANCE-PROGRAM-TIRKISH-1.pdf,https://zcks.uoz.edu.krd/?p=5908,CONFRANCE-PROGRAM-TIRKISH-1_0646ec78.pdf,10602925,application/pdf
https://zcks.uoz.edu.krd/wp-content/uploads/CONFRANCE-PROGRAM-ENGLISH-1.pdf,https://zcks.uoz.edu.krd/?p=5908,CONFRANCE-PROGRAM-ENGLISH-1_77882889.pdf,10662750,application/pdf
https://zcks.uoz.edu.krd/wp-content/uploads/ڤه‌ڕه‌ڤاندنا-مژداریێ-ب-ڕێكا-كه‌رستێن-نه‌كه‌رتی.pdf,https://zcks.uoz.edu.krd/?product=%D9%A1%D9%A1-%DA%86%DB%8C%D8%B1%DB%86%DA%A9%DB%8E%D9%86-%D9%87%D8%B2%D8%B1%DA%A9%D8%B1%D9%86%DB%8E,ڤه_ڕه_ڤاندنا-مژداریێ-ب-ڕێكا-كه_رستێن-نه_كه_رتی_12a6b4e9.pdf,6590647,application/pdf
https://zcks.uoz.edu.krd/wp-content/uploads/18-ڕه‌نگدانه‌وه‌ى-ئه‌فسانه‌ى-شاماران-له‌-تابلۆكانى-ئاغاله‌دا.pdf,https://zcks.uoz.edu.krd/?product=%D8%A6%DB%95%DA%A4%D8%B3%D8%A7%D9%86%DB%95%DB%8C%D8%A7-%DA%A9%D9%88%D8%B1%D8%AF%DB%8C-%D8%A6%DB%95%D8%AF%DB%95%D8%A8%D8%8C%D8%B2%D9%85%D8%A7%D9%86%D8%8C%D8%AF%DB%8C%D8%B1%DB%86%DA%A9-%D9%88-%D8%AC,18-ڕه_نگدانه_وه_ى-ئه_فسانه_ى-شاماران-له_-تابلۆكانى-ئاغاله_دا_89b47de6.pdf,2300971,application/pdf
https://zcks.uoz.edu.krd/wp-content/uploads/المـــــرأة-الـــكُـــــرديــة-ودورها-في-خدمة-الحديث-النبوي-الشريف-من-القرن6-9هـ12-15م.pdf,https://zcks.uoz.edu.krd/?product=%D9%A1%D9%A1-%DA%86%DB%8C%D8%B1%DB%86%DA%A9%DB%8E%D9%86-%D9%87%D8%B2%D8%B1%DA%A9%D8%B1%D9%86%DB%8E,المـــــرأة-الـــك_ـــــرديــة-ودورها-في-خدمة-الحديث-النبوي-الشريف-من-القرن6-9هـ12-15م_0339982e.pdf,4922121,application/pdf
https://zcks.uoz.edu.krd/wp-content/uploads/المقدمە.pdf,https://zcks.uoz.edu.krd/?product=%D8%A6%DB%95%DA%A4%D8%B3%D8%A7%D9%86%DB%95%DB%8C%D8%A7-%DA%A9%D9%88%D8%B1%D8%AF%DB%8C-%D8%A6%DB%95%D8%AF%DB%95%D8%A8%D8%8C%D8%B2%D9%85%D8%A7%D9%86%D8%8C%D8%AF%DB%8C%D8%B1%DB%86%DA%A9-%D9%88-%D8%AC,المقدمە_3e35852f.pdf,467937,application/pdf
https://zcks.uoz.edu.krd/wp-content/uploads/39-دوانەی-ڕێگر-و-یاریدەدەر-لە-گێڕانەوەناسیی-گریماس‌داکوڕەکەچەڵ-لە-ئەفسانەی-کوردیدا-بە-نموونە.pdf,https://zcks.uoz.edu.krd/?product=%D8%A6%DB%95%DA%A4%D8%B3%D8%A7%D9%86%DB%95%DB%8C%D8%A7-%DA%A9%D9%88%D8%B1%D8%AF%DB%8C-%D8%A6%DB%95%D8%AF%DB%95%D8%A8%D8%8C%D8%B2%D9%85%D8%A7%D9%86%D8%8C%D8%AF%DB%8C%D8%B1%DB%86%DA%A9-%D9%88-%D8%AC,39-دوانەی-ڕێگر-و-یاریدەدەر-لە-گێڕانەوەناسیی-گریماس_داکوڕەکەچەڵ-لە-ئەفسانەی-کوردیدا-بە-نموونە_1e731667.pdf,1471765,application/pdf
https://zcks.uoz.edu.krd/wp-content/uploads/44-كسر-البيضة-الكونية-دراسة-مقارنة-بين-اسطورة-الخلق-الصينية-والايزيدية.pdf,https://zcks.uoz.edu.krd/?product=%D8%A6%DB%95%DA%A4%D8%B3%D8%A7%D9%86%DB%95%DB%8C%D8%A7-%DA%A9%D9%88%D8%B1%D8%AF%DB%8C-%D8%A6%DB%95%D8%AF%DB%95%D8%A8%D8%8C%D8%B2%D9%85%D8%A7%D9%86%D8%8C%D8%AF%DB%8C%D8%B1%DB%86%DA%A9-%D9%88-%D8%AC,44-كسر-البيضة-الكونية-دراسة-مقارنة-بين-اسطورة-الخلق-الصينية-والايزيدية_619688a0.pdf,1722130,application/pdf
https://zcks.uoz.edu.krd/wp-content/uploads/9-خواندنەکا-ڕەخنەیی-بۆ-ئەفساناکولۆخک-ل-دویڤ-بنەمایێن-تیۆرا-ڕەخنەیا-ئەفسانەیی.pdf,https://zcks.uoz.edu.krd/?product=%D8%A6%DB%95%DA%A4%D8%B3%D8%A7%D9%86%DB%95%DB%8C%D8%A7-%DA%A9%D9%88%D8%B1%D8%AF%DB%8C-%D8%A6%DB%95%D8%AF%DB%95%D8%A8%D8%8C%D8%B2%D9%85%D8%A7%D9%86%D8%8C%D8%AF%DB%8C%D8%B1%DB%86%DA%A9-%D9%88-%D8%AC,9-خواندنەکا-ڕەخنەیی-بۆ-ئەفساناکولۆخک-ل-دویڤ-بنەمایێن-تیۆرا-ڕەخنەیا-ئەفسانەیی_52b9476e.pdf,1281053,application/pdf
https://zcks.uoz.edu.krd/wp-content/uploads/12-تایبه‌تمه‌ندییه‌كانی-ئه‌فسانه‌ی-كوردیی-خۆراسان.pdf,https://zcks.uoz.edu.krd/?product=%D8%A6%DB%95%DA%A4%D8%B3%D8%A7%D9%86%DB%95%DB%8C%D8%A7-%DA%A9%D9%88%D8%B1%D8%AF%DB%8C-%D8%A6%DB%95%D8%AF%DB%95%D8%A8%D8%8C%D8%B2%D9%85%D8%A7%D9%86%D8%8C%D8%AF%DB%8C%D8%B1%DB%86%DA%A9-%D9%88-%D8%AC,12-تایبه_تمه_ندییه_كانی-ئه_فسانه_ی-كوردیی-خۆراسان_cf2ecfc5.pdf,1518557,application/pdf
https://zcks.uoz.edu.krd/wp-content/uploads/15-ڕۆلێ-گيانه‌وه‌ران-د-پێشدا‌برنا-ڕويدانێن-ئه‌فسانه‌يا-فۆلكلۆرييا-كورديدا-ئه‌فسانه‌يا-ده‌روێش-و-حاكم-وه‌ك-نموونه.pdf,https://zcks.uoz.edu.krd/?product=%D8%A6%DB%95%DA%A4%D8%B3%D8%A7%D9%86%DB%95%DB%8C%D8%A7-%DA%A9%D9%88%D8%B1%D8%AF%DB%8C-%D8%A6%DB%95%D8%AF%DB%95%D8%A8%D8%8C%D8%B2%D9%85%D8%A7%D9%86%D8%8C%D8%AF%DB%8C%D8%B1%DB%86%DA%A9-%D9%88-%D8%AC,15-ڕۆلێ-گيانه_وه_ران-د-پێشدا_برنا-ڕويدانێن-ئه_فسانه_يا-فۆلكلۆرييا-كورديدا-ئه_فسانه_يا-ده_روێش-و-حاكم-وه_ك-نموونه_5581f0c7.pdf,1277873,application/pdf
https://zcks.uoz.edu.krd/wp-content/uploads/54-Heroism-in-Aeschyluss-Prometheus-Bound-and-Ferdowsis-Shahnameh-Kawa-the-Blacksmith.pdf,https://zcks.uoz.edu.krd/?product=%D8%A6%DB%95%DA%A4%D8%B3%D8%A7%D9%86%DB%95%DB%8C%D8%A7-%DA%A9%D9%88%D8%B1%D8%AF%DB%8C-%D8%A6%DB%95%D8%AF%DB%95%D8%A8%D8%8C%D8%B2%D9%85%D8%A7%D9%86%D8%8C%D8%AF%DB%8C%D8%B1%DB%86%DA%A9-%D9%88-%D8%AC,54-Heroism-in-Aeschyluss-Prometheus-Bound-and-Ferdowsis-Shahnameh-Kawa-the-Blacksmith_62f8a0db.pdf,1289490,application/pdf
https://zcks.uoz.edu.krd/wp-content/uploads/38-شیکردنەوەی-شێوازی-بەکارهێنانی-زمان-لە-دەقی-ئەفسانەی-کوردی-ئەفسانەی-سەلیمی-جەوهەریی-بە-نموونە.pdf,https://zcks.uoz.edu.krd/?product=%D8%A6%DB%95%DA%A4%D8%B3%D8%A7%D9%86%DB%95%DB%8C%D8%A7-%DA%A9%D9%88%D8%B1%D8%AF%DB%8C-%D8%A6%DB%95%D8%AF%DB%95%D8%A8%D8%8C%D8%B2%D9%85%D8%A7%D9%86%D8%8C%D8%AF%DB%8C%D8%B1%DB%86%DA%A9-%D9%88-%D8%AC,38-شیکردنەوەی-شێوازی-بەکارهێنانی-زمان-لە-دەقی-ئەفسانەی-کوردی-ئەفسانەی-سەلیمی-جەوهەریی-بە-نموونە_9e2e845f.pdf,1524359,application/pdf
https://zcks.uoz.edu.krd/wp-content/uploads/20-ئەفسانەی-کوردیی-شاماران-لە-ڕوانگەی-ئارکیتایپەکانی-کارڵ-گۆستاڤ-یۆنگەوە-لێكولينه‌وه‌يه‌كى-ده‌رونشيكارى.pdf,https://zcks.uoz.edu.krd/?product=%D8%A6%DB%95%DA%A4%D8%B3%D8%A7%D9%86%DB%95%DB%8C%D8%A7-%DA%A9%D9%88%D8%B1%D8%AF%DB%8C-%D8%A6%DB%95%D8%AF%DB%95%D8%A8%D8%8C%D8%B2%D9%85%D8%A7%D9%86%D8%8C%D8%AF%DB%8C%D8%B1%DB%86%DA%A9-%D9%88-%D8%AC,20-ئەفسانەی-کوردیی-شاماران-لە-ڕوانگەی-ئارکیتایپەکانی-کارڵ-گۆستاڤ-یۆنگەوە-لێكولينه_وه_يه_كى-ده_رونشيكارى_9323fc41.pdf,1567438,application/pdf
https://zcks.uoz.edu.krd/wp-content/uploads/23-خێر-و-شەڕ-د-ئەفسانەیا-ئه‌و-مریێ-خزمه‌تا-ساخان-كرى-دا-ل-گۆرەی-ئۆلا-ئێزدییان-و-چەمکێن-دەروونییێن-کارل-گۆستاڤ-یۆنگ.pdf,https://zcks.uoz.edu.krd/?product=%D8%A6%DB%95%DA%A4%D8%B3%D8%A7%D9%86%DB%95%DB%8C%D8%A7-%DA%A9%D9%88%D8%B1%D8%AF%DB%8C-%D8%A6%DB%95%D8%AF%DB%95%D8%A8%D8%8C%D8%B2%D9%85%D8%A7%D9%86%D8%8C%D8%AF%DB%8C%D8%B1%DB%86%DA%A9-%D9%88-%D8%AC,23-خێر-و-شەڕ-د-ئەفسانەیا-ئه_و-مریێ-خزمه_تا-ساخان-كرى-دا-ل-گۆرەی-ئۆلا-ئێزدییان-و-چەمکێن-دەروونییێن-کارل-گۆستاڤ-یۆنگ_4049c64e.pdf,1584362,application/pdf
https://zcks.uoz.edu.krd/wp-content/uploads/پێشگوتن.pdf,https://zcks.uoz.edu.krd/?product=%D8%A6%DB%95%DA%A4%D8%B3%D8%A7%D9%86%DB%95%DB%8C%D8%A7-%DA%A9%D9%88%D8%B1%D8%AF%DB%8C-%D8%A6%DB%95%D8%AF%DB%95%D8%A8%D8%8C%D8%B2%D9%85%D8%A7%D9%86%D8%8C%D8%AF%DB%8C%D8%B1%DB%86%DA%A9-%D9%88-%D8%AC,پێشگوتن_01f26462.pdf,1797697,application/pdf
https://zcks.uoz.edu.krd/wp-content/uploads/37-نه‌خشه‌كرنا-میتافۆرێن-چه‌مكییێن-ده‌مى-د‌-ئه‌فسانه‌یێن-كوردیدا.pdf,https://zcks.uoz.edu.krd/?product=%D8%A6%DB%95%DA%A4%D8%B3%D8%A7%D9%86%DB%95%DB%8C%D8%A7-%DA%A9%D9%88%D8%B1%D8%AF%DB%8C-%D8%A6%DB%95%D8%AF%DB%95%D8%A8%D8%8C%D8%B2%D9%85%D8%A7%D9%86%D8%8C%D8%AF%DB%8C%D8%B1%DB%86%DA%A9-%D9%88-%D8%AC,37-نه_خشه_كرنا-میتافۆرێن-چه_مكییێن-ده_مى-د_-ئه_فسانه_یێن-كوردیدا_acc89b2f.pdf,1584791,application/pdf
https://zcks.uoz.edu.krd/wp-content/uploads/24-سیما-و-دەرکەوتەکانی-ئایین-لە-نێو-ئەفسانەی-کوردیدا.pdf,https://zcks.uoz.edu.krd/?product=%D8%A6%DB%95%DA%A4%D8%B3%D8%A7%D9%86%DB%95%DB%8C%D8%A7-%DA%A9%D9%88%D8%B1%D8%AF%DB%8C-%D8%A6%DB%95%D8%AF%DB%95%D8%A8%D8%8C%D8%B2%D9%85%D8%A7%D9%86%D8%8C%D8%AF%DB%8C%D8%B1%DB%86%DA%A9-%D9%88-%D8%AC,24-سیما-و-دەرکەوتەکانی-ئایین-لە-نێو-ئەفسانەی-کوردیدا_0322aa8a.pdf,1377346,application/pdf
https://zcks.uoz.edu.krd/wp-content/uploads/29-ئەفسانە-له-نێو-جووەكان-له-هەرێمی-كوردستان.pdf,https://zcks.uoz.edu.krd/?product=%D8%A6%DB%95%DA%A4%D8%B3%D8%A7%D9%86%DB%95%DB%8C%D8%A7-%DA%A9%D9%88%D8%B1%D8%AF%DB%8C-%D8%A6%DB%95%D8%AF%DB%95%D8%A8%D8%8C%D8%B2%D9%85%D8%A7%D9%86%D8%8C%D8%AF%DB%8C%D8%B1%DB%86%DA%A9-%D9%88-%D8%AC,29-ئەفسانە-له-نێو-جووەكان-له-هەرێمی-كوردستان_7d99cb2a.pdf,1912573,application/pdf
https://zcks.uoz.edu.krd/wp-content/uploads/35-کاریگەری-وڕەنگدانەوەی-ئەفسانەی-ئۆدیب-لەسەر-ئەفسانەی-شاعەباس-وچارەنوسی-کوردی-شێوەزاری-لوڕیدا.pdf,https://zcks.uoz.edu.krd/?product=%D8%A6%DB%95%DA%A4%D8%B3%D8%A7%D9%86%DB%95%DB%8C%D8%A7-%DA%A9%D9%88%D8%B1%D8%AF%DB%8C-%D8%A6%DB%95%D8%AF%DB%95%D8%A8%D8%8C%D8%B2%D9%85%D8%A7%D9%86%D8%8C%D8%AF%DB%8C%D8%B1%DB%86%DA%A9-%D9%88-%D8%AC,35-کاریگەری-وڕەنگدانەوەی-ئەفسانەی-ئۆدیب-لەسەر-ئەفسانەی-شاعەباس-وچارەنوسی-کوردی-شێوەزاری-لوڕیدا_cb992a4e.pdf,1313543,application/pdf
https://zcks.uoz.edu.krd/wp-content/uploads/22-دەرکەوتەکانى-ئەنیما-و-ئەنیمۆس-لە-حەکایەتى-کورديدا.pdf,https://zcks.uoz.edu.krd/?product=%D8%A6%DB%95%DA%A4%D8%B3%D8%A7%D9%86%DB%95%DB%8C%D8%A7-%DA%A9%D9%88%D8%B1%D8%AF%DB%8C-%D8%A6%DB%95%D8%AF%DB%95%D8%A8%D8%8C%D8%B2%D9%85%D8%A7%D9%86%D8%8C%D8%AF%DB%8C%D8%B1%DB%86%DA%A9-%D9%88-%D8%AC,22-دەرکەوتەکانى-ئەنیما-و-ئەنیمۆس-لە-حەکایەتى-کورديدا_8f16c98b.pdf,851459,application/pdf
https://zcks.uoz.edu.krd/wp-content/uploads/31-پێشدادییێن-زاگروسی-و-کەیانییێن-میدیهەڤبەندیا-ئەفسانەیا-گەلێن-ئیرانی-دگەل-دیرۆکا-دێرینا-کوردستانێ.pdf,https://zcks.uoz.edu.krd/?product=%D8%A6%DB%95%DA%A4%D8%B3%D8%A7%D9%86%DB%95%DB%8C%D8%A7-%DA%A9%D9%88%D8%B1%D8%AF%DB%8C-%D8%A6%DB%95%D8%AF%DB%95%D8%A8%D8%8C%D8%B2%D9%85%D8%A7%D9%86%D8%8C%D8%AF%DB%8C%D8%B1%DB%86%DA%A9-%D9%88-%D8%AC,31-پێشدادییێن-زاگروسی-و-کەیانییێن-میدیهەڤبەندیا-ئەفسانەیا-گەلێن-ئیرانی-دگەل-دیرۆکا-دێرینا-کوردستانێ_356cc663.pdf,1386324,application/pdf
https://zcks.uoz.edu.krd/wp-content/uploads/28-ڕۆڵی-ئەفسانە-لە-پاراستنی-مێژوو-و-کەلەپووری-کۆنی-کوردی.pdf,https://zcks.uoz.edu.krd/?product=%D8%A6%DB%95%DA%A4%D8%B3%D8%A7%D9%86%DB%95%DB%8C%D8%A7-%DA%A9%D9%88%D8%B1%D8%AF%DB%8C-%D8%A6%DB%95%D8%AF%DB%95%D8%A8%D8%8C%D8%B2%D9%85%D8%A7%D9%86%D8%8C%D8%AF%DB%8C%D8%B1%DB%86%DA%A9-%D9%88-%D8%AC,28-ڕۆڵی-ئەفسانە-لە-پاراستنی-مێژوو-و-کەلەپووری-کۆنی-کوردی_8fe9bd7a.pdf,1438409,application/pdf
https://zcks.uoz.edu.krd/wp-content/uploads/25-ئه‌فسانه‌یا-ساخكرنا-مریان-ل-په‌یى-ئه‌ده‌بیاتا-ئێزدیان.pdf,https://zcks.uoz.edu.krd/?product=%D8%A6%DB%95%DA%A4%D8%B3%D8%A7%D9%86%DB%95%DB%8C%D8%A7-%DA%A9%D9%88%D8%B1%D8%AF%DB%8C-%D8%A6%DB%95%D8%AF%DB%95%D8%A8%D8%8C%D8%B2%D9%85%D8%A7%D9%86%D8%8C%D8%AF%DB%8C%D8%B1%DB%86%DA%A9-%D9%88-%D8%AC,25-ئه_فسانه_یا-ساخكرنا-مریان-ل-په_یى-ئه_ده_بیاتا-ئێزدیان_38cbd952.pdf,1725325,application/pdf
https://zcks.uoz.edu.krd/wp-content/uploads/47-دور-الأسطورة-في-الحفاظ-على-هوية-اللغات-الأساطير-الكوردية-نموذجا.pdf,https://zcks.uoz.edu.krd/?product=%D8%A6%DB%95%DA%A4%D8%B3%D8%A7%D9%86%DB%95%DB%8C%D8%A7-%DA%A9%D9%88%D8%B1%D8%AF%DB%8C-%D8%A6%DB%95%D8%AF%DB%95%D8%A8%D8%8C%D8%B2%D9%85%D8%A7%D9%86%D8%8C%D8%AF%DB%8C%D8%B1%DB%86%DA%A9-%D9%88-%D8%AC,47-دور-الأسطورة-في-الحفاظ-على-هوية-اللغات-الأساطير-الكوردية-نموذجا_092a2f13.pdf,1505002,application/pdf
https://zcks.uoz.edu.krd/wp-content/uploads/11-ئه‌زموون-و-بنیاتی-وێنه‌ی-ئاوه‌زی-له‌-ئه‌فسانه‌ی-كوردیدائه‌فسانه‌كانی-شه‌وی-گاڤاره‌وه‌كۆڵ-و-چه‌ند-ئه‌فسانه‌یه‌كی-‌.pdf,https://zcks.uoz.edu.krd/?product=%D8%A6%DB%95%DA%A4%D8%B3%D8%A7%D9%86%DB%95%DB%8C%D8%A7-%DA%A9%D9%88%D8%B1%D8%AF%DB%8C-%D8%A6%DB%95%D8%AF%DB%95%D8%A8%D8%8C%D8%B2%D9%85%D8%A7%D9%86%D8%8C%D8%AF%DB%8C%D8%B1%DB%86%DA%A9-%D9%88-%D8%AC,11-ئه_زموون-و-بنیاتی-وێنه_ی-ئاوه_زی-له_-ئه_فسانه_ی-كوردیدائه_فسانه_كانی-شه_وی-گاڤاره_وه_كۆڵ-و-چه_ند-ئه_فسانه_یه_كی-__86f6d6db.pdf,1725640,application/pdf
https://zcks.uoz.edu.krd/wp-content/uploads/52-MOTIFEN-JINE-U-YEN-DINI-DI-EFSANEYA-SAHMARANE-DE.pdf,https://zcks.uoz.edu.krd/?product=%D8%A6%DB%95%DA%A4%D8%B3%D8%A7%D9%86%DB%95%DB%8C%D8%A7-%DA%A9%D9%88%D8%B1%D8%AF%DB%8C-%D8%A6%DB%95%D8%AF%DB%95%D8%A8%D8%8C%D8%B2%D9%85%D8%A7%D9%86%D8%8C%D8%AF%DB%8C%D8%B1%DB%86%DA%A9-%D9%88-%D8%AC,52-MOTIFEN-JINE-U-YEN-DINI-DI-EFSANEYA-SAHMARANE-DE_42f56a1a.pdf,746320,application/pdf
https://zcks.uoz.edu.krd/wp-content/uploads/49-ریخت‌-شناسی-افسانة-فولکلور-بی‌بی-سه‌شنبه-براساس-دیدگاه-پراپ-و-عجین-شدن-آن-با-باورهای-مذهبی-کردهای-کلهر-کرمانشاه.pdf,https://zcks.uoz.edu.krd/?product=%D8%A6%DB%95%DA%A4%D8%B3%D8%A7%D9%86%DB%95%DB%8C%D8%A7-%DA%A9%D9%88%D8%B1%D8%AF%DB%8C-%D8%A6%DB%95%D8%AF%DB%95%D8%A8%D8%8C%D8%B2%D9%85%D8%A7%D9%86%D8%8C%D8%AF%DB%8C%D8%B1%DB%86%DA%A9-%D9%88-%D8%AC,49-ریخت_-شناسی-افسانة-فولکلور-بی_بی-سه_شنبه-براساس-دیدگاه-پراپ-و-عجین-شدن-آن-با-باورهای-مذهبی-کردهای-کلهر-کرمانشاه_7c1eaaf1.pdf,1582842,application/pdf
https://zcks.uoz.edu.krd/wp-content/uploads/27-کاریگەریی-ئەفسانەی-ڕۆدۆپیسی-میسڕی-کۆن-لەسەر-ئەفسانەی-دادە-ماسیی-زاری-لوڕیی-کوردیدا-توێژینەوەیەکی-بەراوردی-ئەدەبییە-.pdf,https://zcks.uoz.edu.krd/?product=%D8%A6%DB%95%DA%A4%D8%B3%D8%A7%D9%86%DB%95%DB%8C%D8%A7-%DA%A9%D9%88%D8%B1%D8%AF%DB%8C-%D8%A6%DB%95%D8%AF%DB%95%D8%A8%D8%8C%D8%B2%D9%85%D8%A7%D9%86%D8%8C%D8%AF%DB%8C%D8%B1%DB%86%DA%A9-%D9%88-%D8%AC,27-کاریگەریی-ئەفسانەی-ڕۆدۆپیسی-میسڕی-کۆن-لەسەر-ئەفسانەی-دادە-ماسیی-زاری-لوڕیی-کوردیدا-توێژینەوەیەکی-بەراوردی-ئەدەبییە-_56aa67e8.pdf,1218990,application/pdf
https://zcks.uoz.edu.krd/wp-content/uploads/51-Miqayesekirina-Mitosa-Afirandine-ya-Ezidiyan-bi-Qurana-Piroz-ra.pdf,https://zcks.uoz.edu.krd/?product=%D8%A6%DB%95%DA%A4%D8%B3%D8%A7%D9%86%DB%95%DB%8C%D8%A7-%DA%A9%D9%88%D8%B1%D8%AF%DB%8C-%D8%A6%DB%95%D8%AF%DB%95%D8%A8%D8%8C%D8%B2%D9%85%D8%A7%D9%86%D8%8C%D8%AF%DB%8C%D8%B1%DB%86%DA%A9-%D9%88-%D8%AC,51-Miqayesekirina-Mitosa-Afirandine-ya-Ezidiyan-bi-Qurana-Piroz-ra_bddb42c3.pdf,1020470,application/pdf
https://zcks.uoz.edu.krd/wp-content/uploads/55-ZEMBILFROS-EFSANESINDEKI-MOTIFLERIN-HZ.-YUSUF-KISSASIYLA-MUKAYESESI.pdf,https://zcks.uoz.edu.krd/?product=%D8%A6%DB%95%DA%A4%D8%B3%D8%A7%D9%86%DB%95%DB%8C%D8%A7-%DA%A9%D9%88%D8%B1%D8%AF%DB%8C-%D8%A6%DB%95%D8%AF%DB%95%D8%A8%D8%8C%D8%B2%D9%85%D8%A7%D9%86%D8%8C%D8%AF%DB%8C%D8%B1%DB%86%DA%A9-%D9%88-%D8%AC,55-ZEMBILFROS-EFSANESINDEKI-MOTIFLERIN-HZ.-YUSUF-KISSASIYLA-MUKAYESESI_8daf3a25.pdf,1013820,application/pdf
https://zcks.uoz.edu.krd/wp-content/uploads/3-کووردیلمونکی-ئەفسانەی-بەهەشتی-سۆمەری.pdf,https://zcks.uoz.edu.krd/?product=%D8%A6%DB%95%DA%A4%D8%B3%D8%A7%D9%86%DB%95%DB%8C%D8%A7-%DA%A9%D9%88%D8%B1%D8%AF%DB%8C-%D8%A6%DB%95%D8%AF%DB%95%D8%A8%D8%8C%D8%B2%D9%85%D8%A7%D9%86%D8%8C%D8%AF%DB%8C%D8%B1%DB%86%DA%A9-%D9%88-%D8%AC,3-کووردیلمونکی-ئەفسانەی-بەهەشتی-سۆمەری_7844c9b6.pdf,1474681,application/pdf
https://zcks.uoz.edu.krd/wp-content/uploads/6-ئیستاتیکایا-رویدانێ-د-ئەفسانەیا-کوردیدا-ئەفسانەیا-لاوێ-بەهدینی-وەک-نمونە.pdf,https://zcks.uoz.edu.krd/?product=%D8%A6%DB%95%DA%A4%D8%B3%D8%A7%D9%86%DB%95%DB%8C%D8%A7-%DA%A9%D9%88%D8%B1%D8%AF%DB%8C-%D8%A6%DB%95%D8%AF%DB%95%D8%A8%D8%8C%D8%B2%D9%85%D8%A7%D9%86%D8%8C%D8%AF%DB%8C%D8%B1%DB%86%DA%A9-%D9%88-%D8%AC,6-ئیستاتیکایا-رویدانێ-د-ئەفسانەیا-کوردیدا-ئەفسانەیا-لاوێ-بەهدینی-وەک-نمونە_bff00efe.pdf,1349971,application/pdf
https://zcks.uoz.edu.krd/wp-content/uploads/14-بنەمایێن-ئەفسانەیی-د-داستانا-شێخێ-سەنعانییا-فەقیێ-تەیراندا-ل-دویڤ-پیڤەرێن-میرچا-ئیلیادەیی.pdf,https://zcks.uoz.edu.krd/?product=%D8%A6%DB%95%DA%A4%D8%B3%D8%A7%D9%86%DB%95%DB%8C%D8%A7-%DA%A9%D9%88%D8%B1%D8%AF%DB%8C-%D8%A6%DB%95%D8%AF%DB%95%D8%A8%D8%8C%D8%B2%D9%85%D8%A7%D9%86%D8%8C%D8%AF%DB%8C%D8%B1%DB%86%DA%A9-%D9%88-%D8%AC,14-بنەمایێن-ئەفسانەیی-د-داستانا-شێخێ-سەنعانییا-فەقیێ-تەیراندا-ل-دویڤ-پیڤەرێن-میرچا-ئیلیادەیی_1c489671.pdf,830971,application/pdf
https://zcks.uoz.edu.krd/wp-content/uploads/46-إنعكاس-الصراعات-علی-الأساطیر-الكوردستانیة-القدیمة-الأساطیرالحوریة-المیتانیة-انموذجأ-نظرة-تحليلية.pdf,https://zcks.uoz.edu.krd/?product=%D8%A6%DB%95%DA%A4%D8%B3%D8%A7%D9%86%DB%95%DB%8C%D8%A7-%DA%A9%D9%88%D8%B1%D8%AF%DB%8C-%D8%A6%DB%95%D8%AF%DB%95%D8%A8%D8%8C%D8%B2%D9%85%D8%A7%D9%86%D8%8C%D8%AF%DB%8C%D8%B1%DB%86%DA%A9-%D9%88-%D8%AC,46-إنعكاس-الصراعات-علی-الأساطیر-الكوردستانیة-القدیمة-الأساطیرالحوریة-المیتانیة-انموذجأ-نظرة-تحليلية_962bf73f.pdf,1522904,application/pdf
https://zcks.uoz.edu.krd/wp-content/uploads/30-ڕه‌هه‌نده‌-ئه‌فسانه‌ییه‌كانی-حیكایه‌تی-زوحاك-و-كاوه‌ی-ئاسنگه‌ر.pdf,https://zcks.uoz.edu.krd/?product=%D8%A6%DB%95%DA%A4%D8%B3%D8%A7%D9%86%DB%95%DB%8C%D8%A7-%DA%A9%D9%88%D8%B1%D8%AF%DB%8C-%D8%A6%DB%95%D8%AF%DB%95%D8%A8%D8%8C%D8%B2%D9%85%D8%A7%D9%86%D8%8C%D8%AF%DB%8C%D8%B1%DB%86%DA%A9-%D9%88-%D8%AC,30-ڕه_هه_نده_-ئه_فسانه_ییه_كانی-حیكایه_تی-زوحاك-و-كاوه_ی-ئاسنگه_ر_094cb4e9.pdf,1189567,application/pdf
https://zcks.uoz.edu.krd/wp-content/uploads/10-جوانناسى-خەیاڵ-لە-ئەفسانەى-کوردیدائەفسانەکانى-سیحر-وجادوو-بەنموونە.pdf,https://zcks.uoz.edu.krd/?product=%D8%A6%DB%95%DA%A4%D8%B3%D8%A7%D9%86%DB%95%DB%8C%D8%A7-%DA%A9%D9%88%D8%B1%D8%AF%DB%8C-%D8%A6%DB%95%D8%AF%DB%95%D8%A8%D8%8C%D8%B2%D9%85%D8%A7%D9%86%D8%8C%D8%AF%DB%8C%D8%B1%DB%86%DA%A9-%D9%88-%D8%AC,10-جوانناسى-خەیاڵ-لە-ئەفسانەى-کوردیدائەفسانەکانى-سیحر-وجادوو-بەنموونە_afa433bb.pdf,1159582,application/pdf
https://zcks.uoz.edu.krd/wp-content/uploads/4-ئەفسانەی-کوردی-وەک-هەنگاوی-یەکەم-بەرەو-بەهەشتی-سۆمەری.pdf,https://zcks.uoz.edu.krd/?product=%D8%A6%DB%95%DA%A4%D8%B3%D8%A7%D9%86%DB%95%DB%8C%D8%A7-%DA%A9%D9%88%D8%B1%D8%AF%DB%8C-%D8%A6%DB%95%D8%AF%DB%95%D8%A8%D8%8C%D8%B2%D9%85%D8%A7%D9%86%D8%8C%D8%AF%DB%8C%D8%B1%DB%86%DA%A9-%D9%88-%D8%AC,4-ئەفسانەی-کوردی-وەک-هەنگاوی-یەکەم-بەرەو-بەهەشتی-سۆمەری_fd67556d.pdf,970364,application/pdf
https://zcks.uoz.edu.krd/wp-content/uploads/45-أسطورة-الخلق-في-الديانة-الزردشتية.pdf,https://zcks.uoz.edu.krd/?product=%D8%A6%DB%95%DA%A4%D8%B3%D8%A7%D9%86%DB%95%DB%8C%D8%A7-%DA%A9%D9%88%D8%B1%D8%AF%DB%8C-%D8%A6%DB%95%D8%AF%DB%95%D8%A8%D8%8C%D8%B2%D9%85%D8%A7%D9%86%D8%8C%D8%AF%DB%8C%D8%B1%DB%86%DA%A9-%D9%88-%D8%AC,45-أسطورة-الخلق-في-الديانة-الزردشتية_c14010a0.pdf,1838893,application/pdf
https://zcks.uoz.edu.krd/wp-content/uploads/7-ئەفسانە-و-جێگرەوەی-ئەفسانە-لە-حیکایەتی-کوردیدا.pdf,https://zcks.uoz.edu.krd/?product=%D8%A6%DB%95%DA%A4%D8%B3%D8%A7%D9%86%DB%95%DB%8C%D8%A7-%DA%A9%D9%88%D8%B1%D8%AF%DB%8C-%D8%A6%DB%95%D8%AF%DB%95%D8%A8%D8%8C%D8%B2%D9%85%D8%A7%D9%86%D8%8C%D8%AF%DB%8C%D8%B1%DB%86%DA%A9-%D9%88-%D8%AC,7-ئەفسانە-و-جێگرەوەی-ئەفسانە-لە-حیکایەتی-کوردیدا_1250b226.pdf,1260866,application/pdf
https://zcks.uoz.edu.krd/wp-content/uploads/21-لایه‌نێ-ئه‌فسانه‌یی-د-حیكایه‌تا-فۆلكلۆریا-كوردیدا-ل-دویڤ-تیورا-ده‌روونشیكاریا-یونگی،-چیرۆكا-خه‌ونا-خونكاری-وه‌ك-نموونه‌.pdf,https://zcks.uoz.edu.krd/?product=%D8%A6%DB%95%DA%A4%D8%B3%D8%A7%D9%86%DB%95%DB%8C%D8%A7-%DA%A9%D9%88%D8%B1%D8%AF%DB%8C-%D8%A6%DB%95%D8%AF%DB%95%D8%A8%D8%8C%D8%B2%D9%85%D8%A7%D9%86%D8%8C%D8%AF%DB%8C%D8%B1%DB%86%DA%A9-%D9%88-%D8%AC,21-لایه_نێ-ئه_فسانه_یی-د-حیكایه_تا-فۆلكلۆریا-كوردیدا-ل-دویڤ-تیورا-ده_روونشیكاریا-یونگی_-چیرۆكا-خه_ونا-خونكاری-وه_ك-نموونه__e7ee1f5b.pdf,1336594,application/pdf
https://zcks.uoz.edu.krd/wp-content/uploads/19-ئەفسانا-شاهماران-دناڤبەرا-ڤەگێڕانێن-كوردی-و-نەتەوێن-دیدا-ڤه‌كۆلينه‌كا-به‌راوردكارى.pdf,https://zcks.uoz.edu.krd/?product=%D8%A6%DB%95%DA%A4%D8%B3%D8%A7%D9%86%DB%95%DB%8C%D8%A7-%DA%A9%D9%88%D8%B1%D8%AF%DB%8C-%D8%A6%DB%95%D8%AF%DB%95%D8%A8%D8%8C%D8%B2%D9%85%D8%A7%D9%86%D8%8C%D8%AF%DB%8C%D8%B1%DB%86%DA%A9-%D9%88-%D8%AC,19-ئەفسانا-شاهماران-دناڤبەرا-ڤەگێڕانێن-كوردی-و-نەتەوێن-دیدا-ڤه_كۆلينه_كا-به_راوردكارى_889ce788.pdf,867777,application/pdf
https://zcks.uoz.edu.krd/wp-content/uploads/8-تێما-لە-ئەفسانەی-کوردیدا-هێلکەی-نامێبە-نموونە.pdf,https://zcks.uoz.edu.krd/?product=%D8%A6%DB%95%DA%A4%D8%B3%D8%A7%D9%86%DB%95%DB%8C%D8%A7-%DA%A9%D9%88%D8%B1%D8%AF%DB%8C-%D8%A6%DB%95%D8%AF%DB%95%D8%A8%D8%8C%D8%B2%D9%85%D8%A7%D9%86%D8%8C%D8%AF%DB%8C%D8%B1%DB%86%DA%A9-%D9%88-%D8%AC,8-تێما-لە-ئەفسانەی-کوردیدا-هێلکەی-نامێبە-نموونە_0981b91b.pdf,1302532,application/pdf
https://zcks.uoz.edu.krd/wp-content/uploads/1-مۆدیلا-تاکگەراییا-قەهرەمانا-ژن-د-ئەفسانەیا-دندک-هنارێدا-ل-دویڤ-مۆدێلا-مۆرێن-مۆرداکێ.pdf,https://zcks.uoz.edu.krd/?product=%D8%A6%DB%95%DA%A4%D8%B3%D8%A7%D9%86%DB%95%DB%8C%D8%A7-%DA%A9%D9%88%D8%B1%D8%AF%DB%8C-%D8%A6%DB%95%D8%AF%DB%95%D8%A8%D8%8C%D8%B2%D9%85%D8%A7%D9%86%D8%8C%D8%AF%DB%8C%D8%B1%DB%86%DA%A9-%D9%88-%D8%AC,1-مۆدیلا-تاکگەراییا-قەهرەمانا-ژن-د-ئەفسانەیا-دندک-هنارێدا-ل-دویڤ-مۆدێلا-مۆرێن-مۆرداکێ_5916b934.pdf,1757143,application/pdf
https://zcks.uoz.edu.krd/wp-content/uploads/41-ڕەنگ-لە-کۆمەڵە-ئەفسانەی-هێلکەی-نامێدا-لێکۆڵینەوەیەکی-زمانەوانییە.pdf,https://zcks.uoz.edu.krd/?product=%D8%A6%DB%95%DA%A4%D8%B3%D8%A7%D9%86%DB%95%DB%8C%D8%A7-%DA%A9%D9%88%D8%B1%D8%AF%DB%8C-%D8%A6%DB%95%D8%AF%DB%95%D8%A8%D8%8C%D8%B2%D9%85%D8%A7%D9%86%D8%8C%D8%AF%DB%8C%D8%B1%DB%86%DA%A9-%D9%88-%D8%AC,41-ڕەنگ-لە-کۆمەڵە-ئەفسانەی-هێلکەی-نامێدا-لێکۆڵینەوەیەکی-زمانەوانییە_c8e54384.pdf,1440728,application/pdf
https://zcks.uoz.edu.krd/wp-content/uploads/داستانا-كه‌لا-دمدم-و-خانێ-له‌پزێرین-ڤه‌كۆلینه‌كا-ئه‌‌ده‌بی-و-دیرۆكی.pdf,https://zcks.uoz.edu.krd/?product=%D8%A6%DB%95%DA%A4%D8%B3%D8%A7%D9%86%DB%95%DB%8C%D8%A7-%DA%A9%D9%88%D8%B1%D8%AF%DB%8C-%D8%A6%DB%95%D8%AF%DB%95%D8%A8%D8%8C%D8%B2%D9%85%D8%A7%D9%86%D8%8C%D8%AF%DB%8C%D8%B1%DB%86%DA%A9-%D9%88-%D8%AC,داستانا-كه_لا-دمدم-و-خانێ-له_پزێرین-ڤه_كۆلینه_كا-ئه_ده_بی-و-دیرۆكی_00d40aa6.pdf,4782196,application/pdf
https://zcks.uoz.edu.krd/wp-content/uploads/43-المرأة-في-الاساطيرالكوردستانية-القديمة.pdf,https://zcks.uoz.edu.krd/?product=%D8%A6%DB%95%DA%A4%D8%B3%D8%A7%D9%86%DB%95%DB%8C%D8%A7-%DA%A9%D9%88%D8%B1%D8%AF%DB%8C-%D8%A6%DB%95%D8%AF%DB%95%D8%A8%D8%8C%D8%B2%D9%85%D8%A7%D9%86%D8%8C%D8%AF%DB%8C%D8%B1%DB%86%DA%A9-%D9%88-%D8%AC,43-المرأة-في-الاساطيرالكوردستانية-القديمة_ad655306.pdf,1487916,application/pdf
https://zcks.uoz.edu.krd/wp-content/uploads/بونیادگه‌رییا-پێكهاته‌یی-و-پراكتیزه‌كرنا-ئه‌وێ-ل-سه‌ر-رۆمانا-ئالێ-دی-یێ-پرێ.pdf,https://zcks.uoz.edu.krd/?product=%D8%A6%DB%95%DA%A4%D8%B3%D8%A7%D9%86%DB%95%DB%8C%D8%A7-%DA%A9%D9%88%D8%B1%D8%AF%DB%8C-%D8%A6%DB%95%D8%AF%DB%95%D8%A8%D8%8C%D8%B2%D9%85%D8%A7%D9%86%D8%8C%D8%AF%DB%8C%D8%B1%DB%86%DA%A9-%D9%88-%D8%AC,بونیادگه_رییا-پێكهاته_یی-و-پراكتیزه_كرنا-ئه_وێ-ل-سه_ر-رۆمانا-ئالێ-دی-یێ-پرێ_36213313.pdf,4734088,application/pdf
https://zcks.uoz.edu.krd/wp-content/uploads/36-ئه‌فسانه‌یا-نه‌ژادێ-كوردى-د-په‌رتووكێن-زانا-و-نڤیسه‌ر-و-دیرۆكناساندا،-ڤه‌كۆلینه‌كا-مێژوویى-ره‌خنه‌یى-شرۆڤه‌كارى.pdf,https://zcks.uoz.edu.krd/?product=%D8%A6%DB%95%DA%A4%D8%B3%D8%A7%D9%86%DB%95%DB%8C%D8%A7-%DA%A9%D9%88%D8%B1%D8%AF%DB%8C-%D8%A6%DB%95%D8%AF%DB%95%D8%A8%D8%8C%D8%B2%D9%85%D8%A7%D9%86%D8%8C%D8%AF%DB%8C%D8%B1%DB%86%DA%A9-%D9%88-%D8%AC,36-ئه_فسانه_یا-نه_ژادێ-كوردى-د-په_رتووكێن-زانا-و-نڤیسه_ر-و-دیرۆكناساندا_-ڤه_كۆلینه_كا-مێژوویى-ره_خنه_یى-شرۆڤه_كارى_5d6b8831.pdf,1767746,application/pdf
https://zcks.uoz.edu.krd/wp-content/uploads/53-Jinavecuna-Hin-Bir-Baweri-u-Agahiyen-Diroki-yen-Kurmancen-Xerzan-ji-ber-Windabuna-Efsaneyen-Wan.pdf,https://zcks.uoz.edu.krd/?product=%D8%A6%DB%95%DA%A4%D8%B3%D8%A7%D9%86%DB%95%DB%8C%D8%A7-%DA%A9%D9%88%D8%B1%D8%AF%DB%8C-%D8%A6%DB%95%D8%AF%DB%95%D8%A8%D8%8C%D8%B2%D9%85%D8%A7%D9%86%D8%8C%D8%AF%DB%8C%D8%B1%DB%86%DA%A9-%D9%88-%D8%AC,53-Jinavecuna-Hin-Bir-Baweri-u-Agahiyen-Diroki-yen-Kurmancen-Xerzan-ji-ber-Windabuna-Efsaneyen-Wan_856eede3.pdf,1194043,application/pdf
https://zcks.uoz.edu.krd/wp-content/uploads/48-الأسطورة-والتاريخ-والأنساق-الذهنية-الأخرى-بلاد-ما-بين-النهرين-نموذجاً.pdf,https://zcks.uoz.edu.krd/?product=%D8%A6%DB%95%DA%A4%D8%B3%D8%A7%D9%86%DB%95%DB%8C%D8%A7-%DA%A9%D9%88%D8%B1%D8%AF%DB%8C-%D8%A6%DB%95%D8%AF%DB%95%D8%A8%D8%8C%D8%B2%D9%85%D8%A7%D9%86%D8%8C%D8%AF%DB%8C%D8%B1%DB%86%DA%A9-%D9%88-%D8%AC,48-الأسطورة-والتاريخ-والأنساق-الذهنية-الأخرى-بلاد-ما-بين-النهرين-نموذجا__52f5834a.pdf,1453722,application/pdf
https://zcks.uoz.edu.krd/wp-content/uploads/5-تراژیدیای-ناشادیی-بوونایەتیی-لە-نێوان-مەم-و-زینی-خانی-و-ئەفسانەی-تراژیدی-یۆنانێدا.pdf,https://zcks.uoz.edu.krd/?product=%D8%A6%DB%95%DA%A4%D8%B3%D8%A7%D9%86%DB%95%DB%8C%D8%A7-%DA%A9%D9%88%D8%B1%D8%AF%DB%8C-%D8%A6%DB%95%D8%AF%DB%95%D8%A8%D8%8C%D8%B2%D9%85%D8%A7%D9%86%D8%8C%D8%AF%DB%8C%D8%B1%DB%86%DA%A9-%D9%88-%D8%AC,5-تراژیدیای-ناشادیی-بوونایەتیی-لە-نێوان-مەم-و-زینی-خانی-و-ئەفسانەی-تراژیدی-یۆنانێدا_80f293e4.pdf,1489664,application/pdf
https://zcks.uoz.edu.krd/wp-content/uploads/33-ئەفسانەیا-ئاڤاڕەش-تۆفانـێ-د-ئەدەبییاتا-ئۆلا-ئێزدییاندا.pdf,https://zcks.uoz.edu.krd/?product=%D8%A6%DB%95%DA%A4%D8%B3%D8%A7%D9%86%DB%95%DB%8C%D8%A7-%DA%A9%D9%88%D8%B1%D8%AF%DB%8C-%D8%A6%DB%95%D8%AF%DB%95%D8%A8%D8%8C%D8%B2%D9%85%D8%A7%D9%86%D8%8C%D8%AF%DB%8C%D8%B1%DB%86%DA%A9-%D9%88-%D8%AC,33-ئەفسانەیا-ئاڤاڕەش-تۆفانـێ-د-ئەدەبییاتا-ئۆلا-ئێزدییاندا_ddcd5a6b.pdf,1464169,application/pdf
https://zcks.uoz.edu.krd/wp-content/uploads/32-ئافراندنا-کنیاتێ-دناڤبەرا-ئەفسانە-و-باوەرییێن-ئۆلیدا-قەولێ-زەبوونێ-دل-مەکسوور-و-شێخوبەکر-وەکو-نموونە.pdf,https://zcks.uoz.edu.krd/?product=%D8%A6%DB%95%DA%A4%D8%B3%D8%A7%D9%86%DB%95%DB%8C%D8%A7-%DA%A9%D9%88%D8%B1%D8%AF%DB%8C-%D8%A6%DB%95%D8%AF%DB%95%D8%A8%D8%8C%D8%B2%D9%85%D8%A7%D9%86%D8%8C%D8%AF%DB%8C%D8%B1%DB%86%DA%A9-%D9%88-%D8%AC,32-ئافراندنا-کنیاتێ-دناڤبەرا-ئەفسانە-و-باوەرییێن-ئۆلیدا-قەولێ-زەبوونێ-دل-مەکسوور-و-شێخوبەکر-وەکو-نموونە_c024c1a0.pdf,1286747,application/pdf
https://zcks.uoz.edu.krd/wp-content/uploads/2گەشتی-پاڵەوان-لە-ئەفسانەی-ئینانا-و-شاماراندا.pdf,https://zcks.uoz.edu.krd/?product=%D8%A6%DB%95%DA%A4%D8%B3%D8%A7%D9%86%DB%95%DB%8C%D8%A7-%DA%A9%D9%88%D8%B1%D8%AF%DB%8C-%D8%A6%DB%95%D8%AF%DB%95%D8%A8%D8%8C%D8%B2%D9%85%D8%A7%D9%86%D8%8C%D8%AF%DB%8C%D8%B1%DB%86%DA%A9-%D9%88-%D8%AC,2گەشتی-پاڵەوان-لە-ئەفسانەی-ئینانا-و-شاماراندا_eb5bc593.pdf,1379293,application/pdf
https://zcks.uoz.edu.krd/wp-content/uploads/introduction-.pdf,https://zcks.uoz.edu.krd/?product=%D8%A6%DB%95%DA%A4%D8%B3%D8%A7%D9%86%DB%95%DB%8C%D8%A7-%DA%A9%D9%88%D8%B1%D8%AF%DB%8C-%D8%A6%DB%95%D8%AF%DB%95%D8%A8%D8%8C%D8%B2%D9%85%D8%A7%D9%86%D8%8C%D8%AF%DB%8C%D8%B1%DB%86%DA%A9-%D9%88-%D8%AC,introduction-_572c5f8a.pdf,891618,application/pdf
https://zcks.uoz.edu.krd/wp-content/uploads/17-نواندنا-دوالیزما-ئەنیما-و-ئەنیمۆس-د-ئەفسانەیا-شاهمارانێدا.pdf,https://zcks.uoz.edu.krd/?product=%D8%A6%DB%95%DA%A4%D8%B3%D8%A7%D9%86%DB%95%DB%8C%D8%A7-%DA%A9%D9%88%D8%B1%D8%AF%DB%8C-%D8%A6%DB%95%D8%AF%DB%95%D8%A8%D8%8C%D8%B2%D9%85%D8%A7%D9%86%D8%8C%D8%AF%DB%8C%D8%B1%DB%86%DA%A9-%D9%88-%D8%AC,17-نواندنا-دوالیزما-ئەنیما-و-ئەنیمۆس-د-ئەفسانەیا-شاهمارانێدا_c7752f07.pdf,1700940,application/pdf
https://zcks.uoz.edu.krd/wp-content/uploads/26-پەنابردن-بۆ-چاک-و-شەخس-وەکو-پاشماوەی-بیری-ئەفسانەیی.pdf,https://zcks.uoz.edu.krd/?product=%D8%A6%DB%95%DA%A4%D8%B3%D8%A7%D9%86%DB%95%DB%8C%D8%A7-%DA%A9%D9%88%D8%B1%D8%AF%DB%8C-%D8%A6%DB%95%D8%AF%DB%95%D8%A8%D8%8C%D8%B2%D9%85%D8%A7%D9%86%D8%8C%D8%AF%DB%8C%D8%B1%DB%86%DA%A9-%D9%88-%D8%AC,26-پەنابردن-بۆ-چاک-و-شەخس-وەکو-پاشماوەی-بیری-ئەفسانەیی_87be2354.pdf,1609944,application/pdf
https://zcks.uoz.edu.krd/wp-content/uploads/40-ئەفسانەی-شێخ-فەرخ-و-خاتوون-ئەستی-لەڕووی-فۆنۆلۆژی،-مورفۆلۆژی،-سینتاکس-و-سیمانتیکسدا.pdf,https://zcks.uoz.edu.krd/?product=%D8%A6%DB%95%DA%A4%D8%B3%D8%A7%D9%86%DB%95%DB%8C%D8%A7-%DA%A9%D9%88%D8%B1%D8%AF%DB%8C-%D8%A6%DB%95%D8%AF%DB%95%D8%A8%D8%8C%D8%B2%D9%85%D8%A7%D9%86%D8%8C%D8%AF%DB%8C%D8%B1%DB%86%DA%A9-%D9%88-%D8%AC,40-ئەفسانەی-شێخ-فەرخ-و-خاتوون-ئەستی-لەڕووی-فۆنۆلۆژی_-مورفۆلۆژی_-سینتاکس-و-سیمانتیکسدا_d9764767.pdf,1210811,application/pdf
https://zcks.uoz.edu.krd/wp-content/uploads/42-الروايات-الاسطورية-للأصل-الكوردي-دراسة-نقدية-تحليلية.pdf,https://zcks.uoz.edu.krd/?product=%D8%A6%DB%95%DA%A4%D8%B3%D8%A7%D9%86%DB%95%DB%8C%D8%A7-%DA%A9%D9%88%D8%B1%D8%AF%DB%8C-%D8%A6%DB%95%D8%AF%DB%95%D8%A8%D8%8C%D8%B2%D9%85%D8%A7%D9%86%D8%8C%D8%AF%DB%8C%D8%B1%DB%86%DA%A9-%D9%88-%D8%AC,42-الروايات-الاسطورية-للأصل-الكوردي-دراسة-نقدية-تحليلية_4fa2da7c.pdf,1033522,application/pdf
https://zcks.uoz.edu.krd/wp-content/uploads/50-بازتاب-اسطوره-در-ادبیات-فولکلور-کردی.pdf,https://zcks.uoz.edu.krd/?product=%D8%A6%DB%95%DA%A4%D8%B3%D8%A7%D9%86%DB%95%DB%8C%D8%A7-%DA%A9%D9%88%D8%B1%D8%AF%DB%8C-%D8%A6%DB%95%D8%AF%DB%95%D8%A8%D8%8C%D8%B2%D9%85%D8%A7%D9%86%D8%8C%D8%AF%DB%8C%D8%B1%DB%86%DA%A9-%D9%88-%D8%AC,50-بازتاب-اسطوره-در-ادبیات-فولکلور-کردی_1984eeeb.pdf,1355043,application/pdf
https://zcks.uoz.edu.krd/wp-content/uploads/13-بنەما-هونەرییەکانی-ئەفسانەی-کوردی-بەنموونەی-چەند-ئەفسانەیەکی-ناوچەی-پشدەر.pdf,https://zcks.uoz.edu.krd/?product=%D8%A6%DB%95%DA%A4%D8%B3%D8%A7%D9%86%DB%95%DB%8C%D8%A7-%DA%A9%D9%88%D8%B1%D8%AF%DB%8C-%D8%A6%DB%95%D8%AF%DB%95%D8%A8%D8%8C%D8%B2%D9%85%D8%A7%D9%86%D8%8C%D8%AF%DB%8C%D8%B1%DB%86%DA%A9-%D9%88-%D8%AC,13-بنەما-هونەرییەکانی-ئەفسانەی-کوردی-بەنموونەی-چەند-ئەفسانەیەکی-ناوچەی-پشدەر_e58bce03.pdf,1162108,application/pdf
https://zcks.uoz.edu.krd/wp-content/uploads/16-کۆتر-وەک-هێما-د-ئەفسانەیێن-کوردیدا.pdf,https://zcks.uoz.edu.krd/?product=%D8%A6%DB%95%DA%A4%D8%B3%D8%A7%D9%86%DB%95%DB%8C%D8%A7-%DA%A9%D9%88%D8%B1%D8%AF%DB%8C-%D8%A6%DB%95%D8%AF%DB%95%D8%A8%D8%8C%D8%B2%D9%85%D8%A7%D9%86%D8%8C%D8%AF%DB%8C%D8%B1%DB%86%DA%A9-%D9%88-%D8%AC,16-کۆتر-وەک-هێما-د-ئەفسانەیێن-کوردیدا_23234498.pdf,1610593,application/pdf
https://zcks.uoz.edu.krd/wp-content/uploads/بارزان.pdf,https://zcks.uoz.edu.krd/?product=%D8%A8%D8%A7%D8%B2%D8%AA%D8%A7%D8%A8-%D9%82%DB%8C%D8%A7%D9%85-%D8%A7%DB%8C%D9%84%D9%88%D9%84-%D8%A8%DB%95%D8%B1%D9%87%D8%A8%D8%B1%DB%8C-%D9%85%D9%84%D8%A7-%D9%85%D8%B5%D8%B7%D9%81%DB%8C-%D8%A8%D8%A7,بارزان_f96078fe.pdf,46443860,application/pdf
https://zcks.uoz.edu.krd/wp-content/uploads/4.pdf,https://zcks.uoz.edu.krd/?product=%DA%AF%DB%86%DA%A4%D8%A7%D8%B1%D8%A7-%D8%B1%D9%88%D9%88%DA%AF%DB%95%D9%87%D9%80-%DA%98%D9%85%D8%A7%D8%B1%DB%95-%D9%A1%D9%A8-%D8%A6%D8%A7%D8%AF%D8%A7%D8%B1%D8%A7-%D9%A2%D9%A0%D9%A2%D9%A5,4_8ec60cd2.pdf,9969219,application/pdf
https://zcks.uoz.edu.krd/wp-content/uploads/باغێ-ئیره‌م-گه‌شته‌ك-د-ناڤ-گولزارا-شعرا-كرمانجى-دا.pdf,https://zcks.uoz.edu.krd/?product=%D8%AF%D9%8A%D9%88%D8%A7%D9%86%D8%A7-%DA%95%D9%87-%D9%82%D9%8A%D8%A8-%D8%A6%D8%A7%D9%83%D8%B1%D9%87-%D9%8A%D9%89,باغێ-ئیره_م-گه_شته_ك-د-ناڤ-گولزارا-شعرا-كرمانجى-دا_1cd72f55.pdf,40073159,application/pdf
https://zcks.uoz.edu.krd/wp-content/uploads/3.pdf,https://zcks.uoz.edu.krd/?product=%DA%AF%DB%86%DA%A4%D8%A7%D8%B1%D8%A7-%D8%B1%D9%88%D9%88%DA%AF%DB%95%D9%87%D9%80-%DA%98%D9%85%D8%A7%D8%B1%DB%95-%D9%A1%D9%A8-%D8%A6%D8%A7%D8%AF%D8%A7%D8%B1%D8%A7-%D9%A2%D9%A0%D9%A2%D9%A5,3_496992a4.pdf,33145389,application/pdf
https://zcks.uoz.edu.krd/wp-content/uploads/7.pdf,https://zcks.uoz.edu.krd/?product=%DA%AF%DB%86%DA%A4%D8%A7%D8%B1%D8%A7-%D8%B1%D9%88%D9%88%DA%AF%DB%95%D9%87%D9%80-%DA%98%D9%85%D8%A7%D8%B1%DB%95-%D9%A1%D9%A8-%D8%A6%D8%A7%D8%AF%D8%A7%D8%B1%D8%A7-%D9%A2%D9%A0%D9%A2%D9%A5,7_093385ce.pdf,28630685,application/pdf
https://zcks.uoz.edu.krd/wp-content/uploads/2.pdf,https://zcks.uoz.edu.krd/?product=%DA%AF%DB%86%DA%A4%D8%A7%D8%B1%D8%A7-%D8%B1%D9%88%D9%88%DA%AF%DB%95%D9%87%D9%80-%DA%98%D9%85%D8%A7%D8%B1%DB%95-%D9%A1%D9%A8-%D8%A6%D8%A7%D8%AF%D8%A7%D8%B1%D8%A7-%D9%A2%D9%A0%D9%A2%D9%A5,2_229a2359.pdf,62763966,application/pdf
https://zcks.uoz.edu.krd/wp-content/uploads/1-1.pdf,https://zcks.uoz.edu.krd/?product=%DA%AF%DB%86%DA%A4%D8%A7%D8%B1%D8%A7-%D8%B1%D9%88%D9%88%DA%AF%DB%95%D9%87%D9%80-%DA%98%D9%85%D8%A7%D8%B1%DB%95-%D9%A1%D9%A8-%D8%A6%D8%A7%D8%AF%D8%A7%D8%B1%D8%A7-%D9%A2%D9%A0%D9%A2%D9%A5,1-1_7a171c41.pdf,26107795,application/pdf
https://zcks.uoz.edu.krd/wp-content/uploads/6.pdf,https://zcks.uoz.edu.krd/?product=%DA%AF%DB%86%DA%A4%D8%A7%D8%B1%D8%A7-%D8%B1%D9%88%D9%88%DA%AF%DB%95%D9%87%D9%80-%DA%98%D9%85%D8%A7%D8%B1%DB%95-%D9%A1%D9%A8-%D8%A6%D8%A7%D8%AF%D8%A7%D8%B1%D8%A7-%D9%A2%D9%A0%D9%A2%D9%A5,6_61b13db2.pdf,19798971,application/pdf
https://zcks.uoz.edu.krd/wp-content/uploads/2022/11/Turkish-Programs-3-10-2022.pdf,https://zcks.uoz.edu.krd/?p=2495,Turkish-Programs-3-10-2022_47ea4217.pdf,12302343,application/pdf
https://zcks.uoz.edu.krd/wp-content/uploads/5.pdf,https://zcks.uoz.edu.krd/?product=%DA%AF%DB%86%DA%A4%D8%A7%D8%B1%D8%A7-%D8%B1%D9%88%D9%88%DA%AF%DB%95%D9%87%D9%80-%DA%98%D9%85%D8%A7%D8%B1%DB%95-%D9%A1%D9%A8-%D8%A6%D8%A7%D8%AF%D8%A7%D8%B1%D8%A7-%D9%A2%D9%A0%D9%A2%D9%A5,5_2071eb25.pdf,75585382,application/pdf
https://zcks.uoz.edu.krd/wp-content/uploads/2022/11/Latini-Poster-3-10-2022.pdf,https://zcks.uoz.edu.krd/?p=2495,Latini-Poster-3-10-2022_17d44857.pdf,12036213,application/pdf
https://zcks.uoz.edu.krd/wp-content/uploads/2022/11/English-Programs-3-10-2022.pdf,https://zcks.uoz.edu.krd/?p=2495,English-Programs-3-10-2022_05429c05.pdf,12317535,application/pdf
https://zcks.uoz.edu.krd/wp-content/uploads/2022/11/Persian-Program-20-9-2022-1.pdf,https://zcks.uoz.edu.krd/?p=2495,Persian-Program-20-9-2022-1_f26796b3.pdf,12308850,application/pdf
https://zcks.uoz.edu.krd/wp-content/uploads/2022/11/Kurdish-Program-20-9-2022-1.pdf,https://zcks.uoz.edu.krd/?p=2495,Kurdish-Program-20-9-2022-1_dd2d7672.pdf,11339086,application/pdf
https://zcks.uoz.edu.krd/wp-content/uploads/2022/11/Arabic-Programs-20-9-2022-4.pdf,https://zcks.uoz.edu.krd/?p=2495,Arabic-Programs-20-9-2022-4_0680783a.pdf,12342592,application/pdf
https://zcks.uoz.edu.krd/wp-content/uploads/جهگهۆرینا-كه‌رستان-د-رستێدا-گۆڤه‌را-به‌هدینى.pdf,https://zcks.uoz.edu.krd/?product=%D8%AF%D8%B1%D8%A7%D8%B3%D8%A7%D8%AA-%D9%81%D9%8A-%D8%AA%D8%A7%D8%B1%D9%8A%D8%AE-%D8%A7%D9%84%D9%83%D9%8F%D8%B1%D8%AF-%D8%A7%D9%84%D8%B3%D9%8A%D8%A7%D8%B3%D9%8A-%D9%88%D8%A7%D9%84%D8%AD%D8%B6%D8%A7,جهگهۆرینا-كه_رستان-د-رستێدا-گۆڤه_را-به_هدینى_c081989a.pdf,6062016,application/pdf
https://zcks.uoz.edu.krd/wp-content/uploads/2-Darishtin-Book-1-10.pdf,https://zcks.uoz.edu.krd/?pa_%D8%B3%D8%A7%D9%84=%D9%A2%D9%A0%D9%A2%D9%A5,2-Darishtin-Book-1-10_05c7b6bd.pdf,257585,application/pdf
https://zcks.uoz.edu.krd/wp-content/uploads/1-Capoki-Book-1-7-6.pdf,https://zcks.uoz.edu.krd/?pa_%D8%B3%D8%A7%D9%84=%D9%A2%D9%A0%D9%A2%D9%A5,1-Capoki-Book-1-7-6_b3c3fcb9.pdf,329836,application/pdf
https://zcks.uoz.edu.krd/wp-content/uploads/به_راوردكرنا-كارێ-بكه_رنه_ديار-د-ناڤبه_را-زمانێ-كوردى-و-فارسيدا.pdf,https://zcks.uoz.edu.krd/?pa_%D8%A8%D8%A7%D8%A8%DB%95%D8%AA=%D8%B2%D9%85%D8%A7%D9%86,به_راوردكرنا-كارێ-بكه_رنه_ديار-د-ناڤبه_را-زمانێ-كوردى-و-فارسيدا_2dbc7d5f.pdf,754370,application/pdf
https://zcks.uoz.edu.krd/wp-content/uploads/تایبه‌تمه‌ندیێن-فۆنۆڵۆژى-و-ڕێزمانى-د-ده‌ڤۆكا-زاخۆدا.pdf,https://zcks.uoz.edu.krd/?pa_%D8%A8%D8%A7%D8%A8%DB%95%D8%AA=%D8%B2%D9%85%D8%A7%D9%86,تایبه_تمه_ندیێن-فۆنۆڵۆژى-و-ڕێزمانى-د-ده_ڤۆكا-زاخۆدا_629ed2a9.pdf,9775255,application/pdf
https://zcks.uoz.edu.krd/wp-content/uploads/شــڕۆڤـــه‌كـــرنا-زمانێ-ڕیكلامێن-بازرگانى.pdf,https://zcks.uoz.edu.krd/?pa_%D9%86%DA%A4%DB%8C%D8%B3%DB%95%D8%B1=%D8%AF-%D8%B9%DB%95%D8%A8%D8%AF%D9%88%D9%84%D8%B3%DB%95%D9%84%D8%A7%D9%85-%D9%86%DB%95%D8%AC%D9%85%DB%95%D8%AF%DB%8C%D9%86-%D8%B9%DB%95%D8%A8%D8%AF%D9%88%DA%B5%DA%B5%D8%A7,شــڕۆڤـــه_كـــرنا-زمانێ-ڕیكلامێن-بازرگانى_870e1682.pdf,10724331,application/pdf
https://zcks.uoz.edu.krd/wp-content/uploads/كاریگه‌رییا-لاساییكرنێ-لسه‌ر-وێنه‌یێ-شعرا-كلاسیكییا-كوردى.pdf,https://zcks.uoz.edu.krd/?product=%D8%A7%D9%84%D9%80%D9%80%D9%83%D9%8F%D9%80%D9%80%D9%80%D9%80%D9%80%D9%80%D9%80%D9%80%D9%80%D9%80%D9%80%D9%80%D9%80%D8%B1%D8%AF-%D9%81%D9%8A-%D8%A7%D9%84%D8%B3%D9%88%D8%AF%D8%A7%D9%86-%D8%AF%D8%B1,كاریگه_رییا-لاساییكرنێ-لسه_ر-وێنه_یێ-شعرا-كلاسیكییا-كوردى_841bef92.pdf,8201975,application/pdf
https://zcks.uoz.edu.krd/wp-content/uploads/زاخــــــــــــۆ-14-ى-تیرمه‌ها-1958ێ-ــ-6-ى-ئادارا-1975ێ-ڤه‌كۆلینه‌كا-مێژوویى-ــ-سیاسى.pdf,https://zcks.uoz.edu.krd/?product=%D8%A7%D9%84%D9%80%D9%80%D9%83%D9%8F%D9%80%D9%80%D9%80%D9%80%D9%80%D9%80%D9%80%D9%80%D9%80%D9%80%D9%80%D9%80%D9%80%D8%B1%D8%AF-%D9%81%D9%8A-%D8%A7%D9%84%D8%B3%D9%88%D8%AF%D8%A7%D9%86-%D8%AF%D8%B1,زاخــــــــــــۆ-14-ى-تیرمه_ها-1958ێ-ــ-6-ى-ئادارا-1975ێ-ڤه_كۆلینه_كا-مێژوویى-ــ-سیاسى_4ae1812f.pdf,12489027,application/pdf
https://zcks.uoz.edu.krd/wp-content/uploads/رۆژناما-كوردستان-زمانحالێ-حزبا-دیموكراتى-كوردستان-ئیران-11-كانوونا-دووێ-3-چرییا-ئێكێ-1946-ڤه‌كۆلینه‌كا-مێژوویى.pdf,https://zcks.uoz.edu.krd/?product=%D8%AA%D9%82%D8%A7%D9%86%D8%A9-%D8%AD%D8%B5%D8%A7%D8%AF-%D8%A7%D9%84%D9%85%D9%8A%D8%A7%D9%87-%D9%81%D9%8A-%D8%AD%D9%88%D8%B6%D9%8A-%D9%83%D9%88%D9%85%D9%84-%D9%88-%D8%B1%D9%88%D9%83%D8%B1%D9%85-%D9%88,رۆژناما-كوردستان-زمانحالێ-حزبا-دیموكراتى-كوردستان-ئیران-11-كانوونا-دووێ-3-چرییا-ئێكێ-1946-ڤه_كۆلینه_كا-مێژوویى_9375eaab.pdf,23719812,application/pdf
https://zcks.uoz.edu.krd/wp-content/uploads/كى-كشه_؟.pdf,https://zcks.uoz.edu.krd/?pa_%D8%A8%D8%A7%D8%A8%DB%95%D8%AA=%D8%A6%DB%95%D8%AF%DB%95%D8%A8,كى-كشه___967f3bfd.pdf,1470173,application/pdf
https://zcks.uoz.edu.krd/wp-content/uploads/ڕه_گه_زه_كانى-چيرۆك-له_-داستانى-مه_م-و-زينى-خانيدا.pdf,https://zcks.uoz.edu.krd/?pa_%D8%A8%D8%A7%D8%A8%DB%95%D8%AA=%D8%A6%DB%95%D8%AF%DB%95%D8%A8,ڕه_گه_زه_كانى-چيرۆك-له_-داستانى-مه_م-و-زينى-خانيدا_3b858914.pdf,1012925,application/pdf
https://zcks.uoz.edu.krd/wp-content/uploads/كوردستان-د-مه‌جلسێ-مه‌بعووسانێ-ئوسمانیدا-1908-1920-ڤه‌كولینه‌كا-مێژوویى.pdf,https://zcks.uoz.edu.krd/?product=%D9%83%D8%A7%D8%B1%DB%8C%DA%AF%D9%87%D8%B1%DB%8C%DB%8C%D8%A7-%D8%A8%D9%83%D8%A7%D8%B1%D9%87%DB%8C%D9%86%D8%A7%D9%86%D8%A7-%D8%B3%D8%AA%D8%B1%D8%A7%D8%AA%DB%8C%DA%98%DB%8C%D8%A7-%D9%87%DA%98,كوردستان-د-مه_جلسێ-مه_بعووسانێ-ئوسمانیدا-1908-1920-ڤه_كولینه_كا-مێژوویى_ca7a0e21.pdf,30888455,application/pdf
https://zcks.uoz.edu.krd/wp-content/uploads/یوسف-زڤنگی.pdf,https://zcks.uoz.edu.krd/?pa_%D8%A8%DB%95%D8%B1%D9%87%DB%95%DA%A4%DA%A9%D8%B1%D9%86=%D8%AF-%D9%81%D8%A7%D8%AE%D8%B1-%D8%AD%DB%95%D8%B3%DB%95%D9%86-%DB%8C%D9%88%D9%88%D8%B3%D9%81,یوسف-زڤنگی_9c68fb55.pdf,13812581,application/pdf
https://zcks.uoz.edu.krd/wp-content/uploads/مەولودناما-نورەدین-سندی.pdf,https://zcks.uoz.edu.krd/?pa_%D8%A8%DB%95%D8%B1%D9%87%DB%95%DA%A4%DA%A9%D8%B1%D9%86=%D8%AF-%D9%81%D8%A7%D8%AE%D8%B1-%D8%AD%DB%95%D8%B3%DB%95%D9%86-%DB%8C%D9%88%D9%88%D8%B3%D9%81,مەولودناما-نورەدین-سندی_69a6acdf.pdf,9731898,application/pdf
https://zcks.uoz.edu.krd/wp-content/uploads/نایف-بوسەلی-1.pdf,https://zcks.uoz.edu.krd/?pa_%D8%A8%DB%95%D8%B1%D9%87%DB%95%DA%A4%DA%A9%D8%B1%D9%86=%D8%AF-%D9%81%D8%A7%D8%AE%D8%B1-%D8%AD%DB%95%D8%B3%DB%95%D9%86-%DB%8C%D9%88%D9%88%D8%B3%D9%81,نایف-بوسەلی-1_6c2f4770.pdf,7775608,application/pdf
https://zcks.uoz.edu.krd/wp-content/uploads/گولا-نارنجی.pdf,https://zcks.uoz.edu.krd/?pa_%D8%A8%DB%95%D8%B1%D9%87%DB%95%DA%A4%DA%A9%D8%B1%D9%86=%D8%AF-%D9%81%D8%A7%D8%AE%D8%B1-%D8%AD%DB%95%D8%B3%DB%95%D9%86-%DB%8C%D9%88%D9%88%D8%B3%D9%81,گولا-نارنجی_ad4e3e5e.pdf,4903919,application/pdf
https://zcks.uoz.edu.krd/wp-content/uploads/رۆمانا-مێژووییا-كوردی-رۆمانێن-محه‌مه‌د-سه‌لیم-سواری-وه‌ك-نموونه‌.pdf,https://zcks.uoz.edu.krd/?product=%D8%B4%D9%88%D8%B1%D9%87%D8%B4%D8%A7-%D8%A6%DB%8C%D9%84%D9%88%D9%86%DB%8E-%D9%84-%D8%AF%D9%87%DA%A4%D9%87%D8%B1%D8%A7-%D8%A8%D9%87%D9%87%D8%AF%DB%8C%D9%86%D8%A7,رۆمانا-مێژووییا-كوردی-رۆمانێن-محه_مه_د-سه_لیم-سواری-وه_ك-نموونه__f5d29184.pdf,5077239,application/pdf
https://zcks.uoz.edu.krd/wp-content/uploads/سياسة-الترحيل-و-التعريب-في-منطقة-بهدينان-3.pdf,https://zcks.uoz.edu.krd/?post_type=product&paged=4,سياسة-الترحيل-و-التعريب-في-منطقة-بهدينان-3_3ea543af.pdf,1816883,application/pdf
https://zcks.uoz.edu.krd/wp-content/uploads/همزه_-آغا-منگور.pdf,https://zcks.uoz.edu.krd/?post_type=product&paged=4,همزه_-آغا-منگور_691f390c.pdf,2416755,application/pdf
https://zcks.uoz.edu.krd/wp-content/uploads/آشوريو-هكارى-في-العراق.pdf,https://zcks.uoz.edu.krd/?post_type=product&paged=4,آشوريو-هكارى-في-العراق_2677a339.pdf,2685941,application/pdf
https://zcks.uoz.edu.krd/wp-content/uploads/ئاڤاكرنا-كه_سايه_تييێ-د-چيرۆكێن-يوونس-ئه_حمه_ديدا.pdf,https://zcks.uoz.edu.krd/?post_type=product&paged=4,ئاڤاكرنا-كه_سايه_تييێ-د-چيرۆكێن-يوونس-ئه_حمه_ديدا_48a4db3a.pdf,1050243,application/pdf
https://zcks.uoz.edu.krd/wp-content/uploads/العلماء-الكرد-و-علماء-المدن-الكردية.pdf,https://zcks.uoz.edu.krd/?post_type=product&paged=4,العلماء-الكرد-و-علماء-المدن-الكردية_8352ca42.pdf,919875,application/pdf
https://zcks.uoz.edu.krd/wp-content/uploads/اللباب-في-علم-الحساب-و-الجبر-و-المساحة.pdf,https://zcks.uoz.edu.krd/?post_type=product&paged=4,اللباب-في-علم-الحساب-و-الجبر-و-المساحة_cc890901.pdf,2761244,application/pdf
https://zcks.uoz.edu.krd/wp-content/uploads/ڕه‌نگڤه‌دانا-هه‌بوونگه‌ریێ-د-هه‌لبه‌ستا-هه‌ڤچه‌رخا-كوردیدا-دیوانا-ل-به‌ر-سفكا-مه‌-به‌فر-دبارت-یا-محسن-قوچان-ى-وه‌ك-نموونه‌.pdf,https://zcks.uoz.edu.krd/?post_type=product&paged=13,ڕه_نگڤه_دانا-هه_بوونگه_ریێ-د-هه_لبه_ستا-هه_ڤچه_رخا-كوردیدا-دیوانا-ل-به_ر-سفكا-مه_-به_فر-دبارت-یا-محسن-قوچان-ى-وه_ك-نموونه__47c56866.pdf,4293490,application/pdf
https://zcks.uoz.edu.krd/wp-content/uploads/هه_لويستێ-ئه_مريكا-ژ-نه_خۆشيا-مه_لا-مسته_فا-بارزانى.pdf,https://zcks.uoz.edu.krd/?post_type=product&paged=3,هه_لويستێ-ئه_مريكا-ژ-نه_خۆشيا-مه_لا-مسته_فا-بارزانى_a0da2570.pdf,2190996,application/pdf
https://zcks.uoz.edu.krd/wp-content/uploads/كۆزا-په_ندان-ژ-شار-و-گوندان.pdf,https://zcks.uoz.edu.krd/?post_type=product&paged=3,كۆزا-په_ندان-ژ-شار-و-گوندان_f6fe1549.pdf,1188674,application/pdf
https://zcks.uoz.edu.krd/wp-content/uploads/منهج-العلامة-السيرتي-في-التصوف-خلال-منظومته_.pdf,https://zcks.uoz.edu.krd/?post_type=product&paged=3,منهج-العلامة-السيرتي-في-التصوف-خلال-منظومته__24e64c35.pdf,1291910,application/pdf
https://zcks.uoz.edu.krd/wp-content/uploads/الكورد-الگوران.pdf,https://zcks.uoz.edu.krd/?post_type=product&paged=3,الكورد-الگوران_1ab36cfc.pdf,1896196,application/pdf
https://zcks.uoz.edu.krd/wp-content/uploads/هونه_رێ-چيرۆكنڤيسينێ-ل-جه_م-نووره_دين-زازاى.pdf,https://zcks.uoz.edu.krd/?post_type=product&paged=3,هونه_رێ-چيرۆكنڤيسينێ-ل-جه_م-نووره_دين-زازاى_9ed56b89.pdf,1163657,application/pdf
https://zcks.uoz.edu.krd/wp-content/uploads/مدينة-دنيسر-الكردية.pdf,https://zcks.uoz.edu.krd/?post_type=product&paged=3,مدينة-دنيسر-الكردية_f664a6f7.pdf,1132985,application/pdf
https://zcks.uoz.edu.krd/wp-content/uploads/موقف-الصحافة-العراقية-من-القضية-الكردية-2.pdf,https://zcks.uoz.edu.krd/?post_type=product&paged=3,موقف-الصحافة-العراقية-من-القضية-الكردية-2_89cb2564.pdf,2231417,application/pdf
https://zcks.uoz.edu.krd/wp-content/uploads/دور-المرأة-في-الحياة-السياسية-و-الاجتماعية-و-الثقافية.pdf,https://zcks.uoz.edu.krd/?post_type=product&paged=2,دور-المرأة-في-الحياة-السياسية-و-الاجتماعية-و-الثقافية_9f2b207d.pdf,2409244,application/pdf
https://zcks.uoz.edu.krd/wp-content/uploads/ڕه_خنه_يا-پراكيتكى.pdf,https://zcks.uoz.edu.krd/?post_type=product&paged=2,ڕه_خنه_يا-پراكيتكى_297b6a9e.pdf,656850,application/pdf
https://zcks.uoz.edu.krd/wp-content/uploads/كاریگه‌رییا-ته‌مه‌نى-ل-سه‌ر-زمانێ-په‌یوه‌ندیكرنێ.pdf,https://zcks.uoz.edu.krd/?product=%D8%A7%D9%84%D9%80%D9%83%D9%8F%D9%80%D9%80%D9%80%D9%80%D9%80%D9%80%D8%B1%D8%AF-%D8%A8%D8%AD%D9%88%D8%AB-%D9%88%D8%AF%D8%B1%D8%A7%D8%B3%D8%A7%D8%AA-%D9%81%D9%8A-%D8%AA%D8%A7%D8%B1%D9%8A%D8%AE%D9%87,كاریگه_رییا-ته_مه_نى-ل-سه_ر-زمانێ-په_یوه_ندیكرنێ_6b3c1d9e.pdf,5570004,application/pdf
https://zcks.uoz.edu.krd/wp-content/uploads/76co6.pdf,https://zcks.uoz.edu.krd/?product=%D9%81%DB%86%D9%84%DA%A9%D9%84%DB%86%D8%B1%DB%8E-%DA%A9%D9%88%D8%B1%D8%AF%DB%8C-%D8%A8%DB%95%D8%B1%DA%AF%DB%8E-%D8%AF%D9%88%D9%88%DB%8C%DB%8E,76co6_e20f389a.pdf,626570,application/pdf
https://zcks.uoz.edu.krd/wp-content/uploads/59co6.pdf,https://zcks.uoz.edu.krd/?product=%D9%81%DB%86%D9%84%DA%A9%D9%84%DB%86%D8%B1%DB%8E-%DA%A9%D9%88%D8%B1%D8%AF%DB%8C-%D8%A8%DB%95%D8%B1%DA%AF%DB%8E-%D8%AF%D9%88%D9%88%DB%8C%DB%8E,59co6_7558ea55.pdf,548034,application/pdf
https://zcks.uoz.edu.krd/wp-content/uploads/49co6.pdf,https://zcks.uoz.edu.krd/?product=%D9%81%DB%86%D9%84%DA%A9%D9%84%DB%86%D8%B1%DB%8E-%DA%A9%D9%88%D8%B1%D8%AF%DB%8C-%D8%A8%DB%95%D8%B1%DA%AF%DB%8E-%D8%AF%D9%88%D9%88%DB%8C%DB%8E,49co6_dce21655.pdf,573915,application/pdf
https://zcks.uoz.edu.krd/wp-content/uploads/47co6.pdf,https://zcks.uoz.edu.krd/?product=%D9%81%DB%86%D9%84%DA%A9%D9%84%DB%86%D8%B1%DB%8E-%DA%A9%D9%88%D8%B1%D8%AF%DB%8C-%D8%A8%DB%95%D8%B1%DA%AF%DB%8E-%D8%AF%D9%88%D9%88%DB%8C%DB%8E,47co6_ac84b8c9.pdf,757830,application/pdf
https://zcks.uoz.edu.krd/wp-content/uploads/62co6.pdf,https://zcks.uoz.edu.krd/?product=%D9%81%DB%86%D9%84%DA%A9%D9%84%DB%86%D8%B1%DB%8E-%DA%A9%D9%88%D8%B1%D8%AF%DB%8C-%D8%A8%DB%95%D8%B1%DA%AF%DB%8E-%D8%AF%D9%88%D9%88%DB%8C%DB%8E,62co6_33f0f86f.pdf,996102,application/pdf
https://zcks.uoz.edu.krd/wp-content/uploads/56co6.pdf,https://zcks.uoz.edu.krd/?product=%D9%81%DB%86%D9%84%DA%A9%D9%84%DB%86%D8%B1%DB%8E-%DA%A9%D9%88%D8%B1%D8%AF%DB%8C-%D8%A8%DB%95%D8%B1%DA%AF%DB%8E-%D8%AF%D9%88%D9%88%DB%8C%DB%8E,56co6_ffee84af.pdf,1306873,application/pdf
https://zcks.uoz.edu.krd/wp-content/uploads/51co6.pdf,https://zcks.uoz.edu.krd/?product=%D9%81%DB%86%D9%84%DA%A9%D9%84%DB%86%D8%B1%DB%8E-%DA%A9%D9%88%D8%B1%D8%AF%DB%8C-%D8%A8%DB%95%D8%B1%DA%AF%DB%8E-%D8%AF%D9%88%D9%88%DB%8C%DB%8E,51co6_2b608761.pdf,857947,application/pdf
https://zcks.uoz.edu.krd/wp-content/uploads/74co6.pdf,https://zcks.uoz.edu.krd/?product=%D9%81%DB%86%D9%84%DA%A9%D9%84%DB%86%D8%B1%DB%8E-%DA%A9%D9%88%D8%B1%D8%AF%DB%8C-%D8%A8%DB%95%D8%B1%DA%AF%DB%8E-%D8%AF%D9%88%D9%88%DB%8C%DB%8E,74co6_4439cf6f.pdf,749955,application/pdf
https://zcks.uoz.edu.krd/wp-content/uploads/78co6.pdf,https://zcks.uoz.edu.krd/?product=%D9%81%DB%86%D9%84%DA%A9%D9%84%DB%86%D8%B1%DB%8E-%DA%A9%D9%88%D8%B1%D8%AF%DB%8C-%D8%A8%DB%95%D8%B1%DA%AF%DB%8E-%D8%AF%D9%88%D9%88%DB%8C%DB%8E,78co6_4c38f98e.pdf,712266,application/pdf
https://zcks.uoz.edu.krd/wp-content/uploads/72co6.pdf,https://zcks.uoz.edu.krd/?product=%D9%81%DB%86%D9%84%DA%A9%D9%84%DB%86%D8%B1%DB%8E-%DA%A9%D9%88%D8%B1%D8%AF%DB%8C-%D8%A8%DB%95%D8%B1%DA%AF%DB%8E-%D8%AF%D9%88%D9%88%DB%8C%DB%8E,72co6_ee17f7f6.pdf,712683,application/pdf
https://zcks.uoz.edu.krd/wp-content/uploads/60co6.pdf,https://zcks.uoz.edu.krd/?product=%D9%81%DB%86%D9%84%DA%A9%D9%84%DB%86%D8%B1%DB%8E-%DA%A9%D9%88%D8%B1%D8%AF%DB%8C-%D8%A8%DB%95%D8%B1%DA%AF%DB%8E-%D8%AF%D9%88%D9%88%DB%8C%DB%8E,60co6_e00109ff.pdf,497145,application/pdf
https://zcks.uoz.edu.krd/wp-content/uploads/54co6.pdf,https://zcks.uoz.edu.krd/?product=%D9%81%DB%86%D9%84%DA%A9%D9%84%DB%86%D8%B1%DB%8E-%DA%A9%D9%88%D8%B1%D8%AF%DB%8C-%D8%A8%DB%95%D8%B1%DA%AF%DB%8E-%D8%AF%D9%88%D9%88%DB%8C%DB%8E,54co6_b6fb0bed.pdf,475922,application/pdf
https://zcks.uoz.edu.krd/wp-content/uploads/48co6.pdf,https://zcks.uoz.edu.krd/?product=%D9%81%DB%86%D9%84%DA%A9%D9%84%DB%86%D8%B1%DB%8E-%DA%A9%D9%88%D8%B1%D8%AF%DB%8C-%D8%A8%DB%95%D8%B1%DA%AF%DB%8E-%D8%AF%D9%88%D9%88%DB%8C%DB%8E,48co6_8e8ee2d5.pdf,487008,application/pdf
https://zcks.uoz.edu.krd/wp-content/uploads/63co6.pdf,https://zcks.uoz.edu.krd/?product=%D9%81%DB%86%D9%84%DA%A9%D9%84%DB%86%D8%B1%DB%8E-%DA%A9%D9%88%D8%B1%D8%AF%DB%8C-%D8%A8%DB%95%D8%B1%DA%AF%DB%8E-%D8%AF%D9%88%D9%88%DB%8C%DB%8E,63co6_3ac2d3d2.pdf,614409,application/pdf
https://zcks.uoz.edu.krd/wp-content/uploads/69co6.pdf,https://zcks.uoz.edu.krd/?product=%D9%81%DB%86%D9%84%DA%A9%D9%84%DB%86%D8%B1%DB%8E-%DA%A9%D9%88%D8%B1%D8%AF%DB%8C-%D8%A8%DB%95%D8%B1%DA%AF%DB%8E-%D8%AF%D9%88%D9%88%DB%8C%DB%8E,69co6_46e7a137.pdf,781153,application/pdf
https://zcks.uoz.edu.krd/wp-content/uploads/50co6.pdf,https://zcks.uoz.edu.krd/?product=%D9%81%DB%86%D9%84%DA%A9%D9%84%DB%86%D8%B1%DB%8E-%DA%A9%D9%88%D8%B1%D8%AF%DB%8C-%D8%A8%DB%95%D8%B1%DA%AF%DB%8E-%D8%AF%D9%88%D9%88%DB%8C%DB%8E,50co6_dd92aa7b.pdf,435132,application/pdf
https://zcks.uoz.edu.krd/wp-content/uploads/77co6.pdf,https://zcks.uoz.edu.krd/?product=%D9%81%DB%86%D9%84%DA%A9%D9%84%DB%86%D8%B1%DB%8E-%DA%A9%D9%88%D8%B1%D8%AF%DB%8C-%D8%A8%DB%95%D8%B1%DA%AF%DB%8E-%D8%AF%D9%88%D9%88%DB%8C%DB%8E,77co6_8c7a52d3.pdf,1302591,application/pdf
https://zcks.uoz.edu.krd/wp-content/uploads/67co6.pdf,https://zcks.uoz.edu.krd/?product=%D9%81%DB%86%D9%84%DA%A9%D9%84%DB%86%D8%B1%DB%8E-%DA%A9%D9%88%D8%B1%D8%AF%DB%8C-%D8%A8%DB%95%D8%B1%DA%AF%DB%8E-%D8%AF%D9%88%D9%88%DB%8C%DB%8E,67co6_63788207.pdf,497201,application/pdf
https://zcks.uoz.edu.krd/wp-content/uploads/peshkeshkrn-co6.pdf,https://zcks.uoz.edu.krd/?product=%D9%81%DB%86%D9%84%DA%A9%D9%84%DB%86%D8%B1%DB%8E-%DA%A9%D9%88%D8%B1%D8%AF%DB%8C-%D8%A8%DB%95%D8%B1%DA%AF%DB%8E-%D8%AF%D9%88%D9%88%DB%8C%DB%8E,peshkeshkrn-co6_d8916dea.pdf,317626,application/pdf
https://zcks.uoz.edu.krd/wp-content/uploads/65co6.pdf,https://zcks.uoz.edu.krd/?product=%D9%81%DB%86%D9%84%DA%A9%D9%84%DB%86%D8%B1%DB%8E-%DA%A9%D9%88%D8%B1%D8%AF%DB%8C-%D8%A8%DB%95%D8%B1%DA%AF%DB%8E-%D8%AF%D9%88%D9%88%DB%8C%DB%8E,65co6_be7b4136.pdf,482320,application/pdf
https://zcks.uoz.edu.krd/wp-content/uploads/57co6.pdf,https://zcks.uoz.edu.krd/?product=%D9%81%DB%86%D9%84%DA%A9%D9%84%DB%86%D8%B1%DB%8E-%DA%A9%D9%88%D8%B1%D8%AF%DB%8C-%D8%A8%DB%95%D8%B1%DA%AF%DB%8E-%D8%AF%D9%88%D9%88%DB%8C%DB%8E,57co6_0dfa77f2.pdf,805137,application/pdf
https://zcks.uoz.edu.krd/wp-content/uploads/55co6.pdf,https://zcks.uoz.edu.krd/?product=%D9%81%DB%86%D9%84%DA%A9%D9%84%DB%86%D8%B1%DB%8E-%DA%A9%D9%88%D8%B1%D8%AF%DB%8C-%D8%A8%DB%95%D8%B1%DA%AF%DB%8E-%D8%AF%D9%88%D9%88%DB%8C%DB%8E,55co6_51818ae3.pdf,665296,application/pdf
https://zcks.uoz.edu.krd/wp-content/uploads/73co6.pdf,https://zcks.uoz.edu.krd/?product=%D9%81%DB%86%D9%84%DA%A9%D9%84%DB%86%D8%B1%DB%8E-%DA%A9%D9%88%D8%B1%D8%AF%DB%8C-%D8%A8%DB%95%D8%B1%DA%AF%DB%8E-%D8%AF%D9%88%D9%88%DB%8C%DB%8E,73co6_de89e16c.pdf,531483,application/pdf
https://zcks.uoz.edu.krd/wp-content/uploads/68co6.pdf,https://zcks.uoz.edu.krd/?product=%D9%81%DB%86%D9%84%DA%A9%D9%84%DB%86%D8%B1%DB%8E-%DA%A9%D9%88%D8%B1%D8%AF%DB%8C-%D8%A8%DB%95%D8%B1%DA%AF%DB%8E-%D8%AF%D9%88%D9%88%DB%8C%DB%8E,68co6_b8895fb2.pdf,1202660,application/pdf
https://zcks.uoz.edu.krd/wp-content/uploads/82co6.pdf,https://zcks.uoz.edu.krd/?product=%D9%81%DB%86%D9%84%DA%A9%D9%84%DB%86%D8%B1%DB%8E-%DA%A9%D9%88%D8%B1%D8%AF%DB%8C-%D8%A8%DB%95%D8%B1%DA%AF%DB%8E-%D8%AF%D9%88%D9%88%DB%8C%DB%8E,82co6_7ba49b8a.pdf,465319,application/pdf
https://zcks.uoz.edu.krd/wp-content/uploads/64co6.pdf,https://zcks.uoz.edu.krd/?product=%D9%81%DB%86%D9%84%DA%A9%D9%84%DB%86%D8%B1%DB%8E-%DA%A9%D9%88%D8%B1%D8%AF%DB%8C-%D8%A8%DB%95%D8%B1%DA%AF%DB%8E-%D8%AF%D9%88%D9%88%DB%8C%DB%8E,64co6_529a174b.pdf,716815,application/pdf
https://zcks.uoz.edu.krd/wp-content/uploads/81co6.pdf,https://zcks.uoz.edu.krd/?product=%D9%81%DB%86%D9%84%DA%A9%D9%84%DB%86%D8%B1%DB%8E-%DA%A9%D9%88%D8%B1%D8%AF%DB%8C-%D8%A8%DB%95%D8%B1%DA%AF%DB%8E-%D8%AF%D9%88%D9%88%DB%8C%DB%8E,81co6_7d18b831.pdf,567282,application/pdf
https://zcks.uoz.edu.krd/wp-content/uploads/46co6.pdf,https://zcks.uoz.edu.krd/?product=%D9%81%DB%86%D9%84%DA%A9%D9%84%DB%86%D8%B1%DB%8E-%DA%A9%D9%88%D8%B1%D8%AF%DB%8C-%D8%A8%DB%95%D8%B1%DA%AF%DB%8E-%D8%AF%D9%88%D9%88%DB%8C%DB%8E,46co6_5ff9c340.pdf,515954,application/pdf
https://zcks.uoz.edu.krd/wp-content/uploads/79co6.pdf,https://zcks.uoz.edu.krd/?product=%D9%81%DB%86%D9%84%DA%A9%D9%84%DB%86%D8%B1%DB%8E-%DA%A9%D9%88%D8%B1%D8%AF%DB%8C-%D8%A8%DB%95%D8%B1%DA%AF%DB%8E-%D8%AF%D9%88%D9%88%DB%8C%DB%8E,79co6_8bd23178.pdf,572477,application/pdf
https://zcks.uoz.edu.krd/wp-content/uploads/61co6.pdf,https://zcks.uoz.edu.krd/?product=%D9%81%DB%86%D9%84%DA%A9%D9%84%DB%86%D8%B1%DB%8E-%DA%A9%D9%88%D8%B1%D8%AF%DB%8C-%D8%A8%DB%95%D8%B1%DA%AF%DB%8E-%D8%AF%D9%88%D9%88%DB%8C%DB%8E,61co6_6b5f7145.pdf,877204,application/pdf
https://zcks.uoz.edu.krd/wp-content/uploads/70co6.pdf,https://zcks.uoz.edu.krd/?product=%D9%81%DB%86%D9%84%DA%A9%D9%84%DB%86%D8%B1%DB%8E-%DA%A9%D9%88%D8%B1%D8%AF%DB%8C-%D8%A8%DB%95%D8%B1%DA%AF%DB%8E-%D8%AF%D9%88%D9%88%DB%8C%DB%8E,70co6_652c7523.pdf,564836,application/pdf
https://zcks.uoz.edu.krd/wp-content/uploads/71co6.pdf,https://zcks.uoz.edu.krd/?product=%D9%81%DB%86%D9%84%DA%A9%D9%84%DB%86%D8%B1%DB%8E-%DA%A9%D9%88%D8%B1%D8%AF%DB%8C-%D8%A8%DB%95%D8%B1%DA%AF%DB%8E-%D8%AF%D9%88%D9%88%DB%8C%DB%8E,71co6_1d18732c.pdf,581181,application/pdf
https://zcks.uoz.edu.krd/wp-content/uploads/53co6.pdf,https://zcks.uoz.edu.krd/?product=%D9%81%DB%86%D9%84%DA%A9%D9%84%DB%86%D8%B1%DB%8E-%DA%A9%D9%88%D8%B1%D8%AF%DB%8C-%D8%A8%DB%95%D8%B1%DA%AF%DB%8E-%D8%AF%D9%88%D9%88%DB%8C%DB%8E,53co6_c7ebd8ea.pdf,662413,application/pdf
https://zcks.uoz.edu.krd/wp-content/uploads/80co6.pdf,https://zcks.uoz.edu.krd/?product=%D9%81%DB%86%D9%84%DA%A9%D9%84%DB%86%D8%B1%DB%8E-%DA%A9%D9%88%D8%B1%D8%AF%DB%8C-%D8%A8%DB%95%D8%B1%DA%AF%DB%8E-%D8%AF%D9%88%D9%88%DB%8C%DB%8E,80co6_16b85d52.pdf,884524,application/pdf
https://zcks.uoz.edu.krd/wp-content/uploads/52co6.pdf,https://zcks.uoz.edu.krd/?product=%D9%81%DB%86%D9%84%DA%A9%D9%84%DB%86%D8%B1%DB%8E-%DA%A9%D9%88%D8%B1%D8%AF%DB%8C-%D8%A8%DB%95%D8%B1%DA%AF%DB%8E-%D8%AF%D9%88%D9%88%DB%8C%DB%8E,52co6_a83c3039.pdf,480875,application/pdf
https://zcks.uoz.edu.krd/wp-content/uploads/58co6.pdf,https://zcks.uoz.edu.krd/?product=%D9%81%DB%86%D9%84%DA%A9%D9%84%DB%86%D8%B1%DB%8E-%DA%A9%D9%88%D8%B1%D8%AF%DB%8C-%D8%A8%DB%95%D8%B1%DA%AF%DB%8E-%D8%AF%D9%88%D9%88%DB%8C%DB%8E,58co6_bc3338a2.pdf,408920,application/pdf
https://zcks.uoz.edu.krd/wp-content/uploads/83co6.pdf,https://zcks.uoz.edu.krd/?product=%D9%81%DB%86%D9%84%DA%A9%D9%84%DB%86%D8%B1%DB%8E-%DA%A9%D9%88%D8%B1%D8%AF%DB%8C-%D8%A8%DB%95%D8%B1%DA%AF%DB%8E-%D8%AF%D9%88%D9%88%DB%8C%DB%8E,83co6_41073d23.pdf,531305,application/pdf
https://zcks.uoz.edu.krd/wp-content/uploads/66co6.pdf,https://zcks.uoz.edu.krd/?product=%D9%81%DB%86%D9%84%DA%A9%D9%84%DB%86%D8%B1%DB%8E-%DA%A9%D9%88%D8%B1%D8%AF%DB%8C-%D8%A8%DB%95%D8%B1%DA%AF%DB%8E-%D8%AF%D9%88%D9%88%DB%8C%DB%8E,66co6_20fedce1.pdf,697518,application/pdf
https://zcks.uoz.edu.krd/wp-content/uploads/75co6.pdf,https://zcks.uoz.edu.krd/?product=%D9%81%DB%86%D9%84%DA%A9%D9%84%DB%86%D8%B1%DB%8E-%DA%A9%D9%88%D8%B1%D8%AF%DB%8C-%D8%A8%DB%95%D8%B1%DA%AF%DB%8E-%D8%AF%D9%88%D9%88%DB%8C%DB%8E,75co6_e8c08eab.pdf,582572,application/pdf
https://zcks.uoz.edu.krd/wp-content/uploads/4co5.pdf,https://zcks.uoz.edu.krd/?product=%D8%A8%D8%A7%D8%B4%D9%88%D9%88%D8%B1%DB%8E-%DA%A9%D9%88%D8%B1%D8%AF%D8%B3%D8%AA%D8%A7%D9%86%DB%8E-%D9%88-%D8%A8%DB%95%D8%BA%D8%AF%D8%A7,4co5_5970bb1a.pdf,497618,application/pdf
https://zcks.uoz.edu.krd/wp-content/uploads/28co5.pdf,https://zcks.uoz.edu.krd/?product=%D8%A8%D8%A7%D8%B4%D9%88%D9%88%D8%B1%DB%8E-%DA%A9%D9%88%D8%B1%D8%AF%D8%B3%D8%AA%D8%A7%D9%86%DB%8E-%D9%88-%D8%A8%DB%95%D8%BA%D8%AF%D8%A7,28co5_d8751a16.pdf,577053,application/pdf
https://zcks.uoz.edu.krd/wp-content/uploads/20co5.pdf,https://zcks.uoz.edu.krd/?product=%D8%A8%D8%A7%D8%B4%D9%88%D9%88%D8%B1%DB%8E-%DA%A9%D9%88%D8%B1%D8%AF%D8%B3%D8%AA%D8%A7%D9%86%DB%8E-%D9%88-%D8%A8%DB%95%D8%BA%D8%AF%D8%A7,20co5_c2f77fca.pdf,704479,application/pdf
https://zcks.uoz.edu.krd/wp-content/uploads/21co5.pdf,https://zcks.uoz.edu.krd/?product=%D8%A8%D8%A7%D8%B4%D9%88%D9%88%D8%B1%DB%8E-%DA%A9%D9%88%D8%B1%D8%AF%D8%B3%D8%AA%D8%A7%D9%86%DB%8E-%D9%88-%D8%A8%DB%95%D8%BA%D8%AF%D8%A7,21co5_dc259399.pdf,571329,application/pdf
https://zcks.uoz.edu.krd/wp-content/uploads/10co5.pdf,https://zcks.uoz.edu.krd/?product=%D8%A8%D8%A7%D8%B4%D9%88%D9%88%D8%B1%DB%8E-%DA%A9%D9%88%D8%B1%D8%AF%D8%B3%D8%AA%D8%A7%D9%86%DB%8E-%D9%88-%D8%A8%DB%95%D8%BA%D8%AF%D8%A7,10co5_1badf3e8.pdf,747706,application/pdf
https://zcks.uoz.edu.krd/wp-content/uploads/12co5.pdf,https://zcks.uoz.edu.krd/?product=%D8%A8%D8%A7%D8%B4%D9%88%D9%88%D8%B1%DB%8E-%DA%A9%D9%88%D8%B1%D8%AF%D8%B3%D8%AA%D8%A7%D9%86%DB%8E-%D9%88-%D8%A8%DB%95%D8%BA%D8%AF%D8%A7,12co5_1fda0eac.pdf,893226,application/pdf
https://zcks.uoz.edu.krd/wp-content/uploads/7co5.pdf,https://zcks.uoz.edu.krd/?product=%D8%A8%D8%A7%D8%B4%D9%88%D9%88%D8%B1%DB%8E-%DA%A9%D9%88%D8%B1%D8%AF%D8%B3%D8%AA%D8%A7%D9%86%DB%8E-%D9%88-%D8%A8%DB%95%D8%BA%D8%AF%D8%A7,7co5_38189880.pdf,2134555,application/pdf
https://zcks.uoz.edu.krd/wp-content/uploads/14co5.pdf,https://zcks.uoz.edu.krd/?product=%D8%A8%D8%A7%D8%B4%D9%88%D9%88%D8%B1%DB%8E-%DA%A9%D9%88%D8%B1%D8%AF%D8%B3%D8%AA%D8%A7%D9%86%DB%8E-%D9%88-%D8%A8%DB%95%D8%BA%D8%AF%D8%A7,14co5_6182d96c.pdf,482030,application/pdf
https://zcks.uoz.edu.krd/wp-content/uploads/6co5.pdf,https://zcks.uoz.edu.krd/?product=%D8%A8%D8%A7%D8%B4%D9%88%D9%88%D8%B1%DB%8E-%DA%A9%D9%88%D8%B1%D8%AF%D8%B3%D8%AA%D8%A7%D9%86%DB%8E-%D9%88-%D8%A8%DB%95%D8%BA%D8%AF%D8%A7,6co5_9b695923.pdf,1180719,application/pdf
https://zcks.uoz.edu.krd/wp-content/uploads/15co5.pdf,https://zcks.uoz.edu.krd/?product=%D8%A8%D8%A7%D8%B4%D9%88%D9%88%D8%B1%DB%8E-%DA%A9%D9%88%D8%B1%D8%AF%D8%B3%D8%AA%D8%A7%D9%86%DB%8E-%D9%88-%D8%A8%DB%95%D8%BA%D8%AF%D8%A7,15co5_72ad6864.pdf,1392969,application/pdf
https://zcks.uoz.edu.krd/wp-content/uploads/24co5.pdf,https://zcks.uoz.edu.krd/?product=%D8%A8%D8%A7%D8%B4%D9%88%D9%88%D8%B1%DB%8E-%DA%A9%D9%88%D8%B1%D8%AF%D8%B3%D8%AA%D8%A7%D9%86%DB%8E-%D9%88-%D8%A8%DB%95%D8%BA%D8%AF%D8%A7,24co5_b4b12f62.pdf,788487,application/pdf
https://zcks.uoz.edu.krd/wp-content/uploads/19co5.pdf,https://zcks.uoz.edu.krd/?product=%D8%A8%D8%A7%D8%B4%D9%88%D9%88%D8%B1%DB%8E-%DA%A9%D9%88%D8%B1%D8%AF%D8%B3%D8%AA%D8%A7%D9%86%DB%8E-%D9%88-%D8%A8%DB%95%D8%BA%D8%AF%D8%A7,19co5_26778f70.pdf,866618,application/pdf
https://zcks.uoz.edu.krd/wp-content/uploads/کونفرانس-٥پیشکیشکرن.pdf,https://zcks.uoz.edu.krd/?product=%D8%A8%D8%A7%D8%B4%D9%88%D9%88%D8%B1%DB%8E-%DA%A9%D9%88%D8%B1%D8%AF%D8%B3%D8%AA%D8%A7%D9%86%DB%8E-%D9%88-%D8%A8%DB%95%D8%BA%D8%AF%D8%A7,کونفرانس-٥پیشکیشکرن_036fe782.pdf,327698,application/pdf
https://zcks.uoz.edu.krd/wp-content/uploads/22co5.pdf,https://zcks.uoz.edu.krd/?product=%D8%A8%D8%A7%D8%B4%D9%88%D9%88%D8%B1%DB%8E-%DA%A9%D9%88%D8%B1%D8%AF%D8%B3%D8%AA%D8%A7%D9%86%DB%8E-%D9%88-%D8%A8%DB%95%D8%BA%D8%AF%D8%A7,22co5_8438c72c.pdf,1200000,application/pdf
https://zcks.uoz.edu.krd/wp-content/uploads/16co5.pdf,https://zcks.uoz.edu.krd/?product=%D8%A8%D8%A7%D8%B4%D9%88%D9%88%D8%B1%DB%8E-%DA%A9%D9%88%D8%B1%D8%AF%D8%B3%D8%AA%D8%A7%D9%86%DB%8E-%D9%88-%D8%A8%DB%95%D8%BA%D8%AF%D8%A7,16co5_632fde87.pdf,621714,application/pdf
https://zcks.uoz.edu.krd/wp-content/uploads/2con5.pdf,https://zcks.uoz.edu.krd/?product=%D8%A8%D8%A7%D8%B4%D9%88%D9%88%D8%B1%DB%8E-%DA%A9%D9%88%D8%B1%D8%AF%D8%B3%D8%AA%D8%A7%D9%86%DB%8E-%D9%88-%D8%A8%DB%95%D8%BA%D8%AF%D8%A7,2con5_432e0f70.pdf,618130,application/pdf
https://zcks.uoz.edu.krd/wp-content/uploads/5co5.pdf,https://zcks.uoz.edu.krd/?product=%D8%A8%D8%A7%D8%B4%D9%88%D9%88%D8%B1%DB%8E-%DA%A9%D9%88%D8%B1%D8%AF%D8%B3%D8%AA%D8%A7%D9%86%DB%8E-%D9%88-%D8%A8%DB%95%D8%BA%D8%AF%D8%A7,5co5_0ae12d3f.pdf,508575,application/pdf
https://zcks.uoz.edu.krd/wp-content/uploads/1-co5.pdf,https://zcks.uoz.edu.krd/?product=%D8%A8%D8%A7%D8%B4%D9%88%D9%88%D8%B1%DB%8E-%DA%A9%D9%88%D8%B1%D8%AF%D8%B3%D8%AA%D8%A7%D9%86%DB%8E-%D9%88-%D8%A8%DB%95%D8%BA%D8%AF%D8%A7,1-co5_f8baeac0.pdf,740074,application/pdf
https://zcks.uoz.edu.krd/wp-content/uploads/18co5.pdf,https://zcks.uoz.edu.krd/?product=%D8%A8%D8%A7%D8%B4%D9%88%D9%88%D8%B1%DB%8E-%DA%A9%D9%88%D8%B1%D8%AF%D8%B3%D8%AA%D8%A7%D9%86%DB%8E-%D9%88-%D8%A8%DB%95%D8%BA%D8%AF%D8%A7,18co5_cc21274d.pdf,452262,application/pdf
https://zcks.uoz.edu.krd/wp-content/uploads/25co5.pdf,https://zcks.uoz.edu.krd/?product=%D8%A8%D8%A7%D8%B4%D9%88%D9%88%D8%B1%DB%8E-%DA%A9%D9%88%D8%B1%D8%AF%D8%B3%D8%AA%D8%A7%D9%86%DB%8E-%D9%88-%D8%A8%DB%95%D8%BA%D8%AF%D8%A7,25co5_95bfa932.pdf,876071,application/pdf
https://zcks.uoz.edu.krd/wp-content/uploads/13co5.pdf,https://zcks.uoz.edu.krd/?product=%D8%A8%D8%A7%D8%B4%D9%88%D9%88%D8%B1%DB%8E-%DA%A9%D9%88%D8%B1%D8%AF%D8%B3%D8%AA%D8%A7%D9%86%DB%8E-%D9%88-%D8%A8%DB%95%D8%BA%D8%AF%D8%A7,13co5_2656983e.pdf,757521,application/pdf
https://zcks.uoz.edu.krd/wp-content/uploads/3co5.pdf,https://zcks.uoz.edu.krd/?product=%D8%A8%D8%A7%D8%B4%D9%88%D9%88%D8%B1%DB%8E-%DA%A9%D9%88%D8%B1%D8%AF%D8%B3%D8%AA%D8%A7%D9%86%DB%8E-%D9%88-%D8%A8%DB%95%D8%BA%D8%AF%D8%A7,3co5_bc54645f.pdf,580057,application/pdf
https://zcks.uoz.edu.krd/wp-content/uploads/11co5.pdf,https://zcks.uoz.edu.krd/?product=%D8%A8%D8%A7%D8%B4%D9%88%D9%88%D8%B1%DB%8E-%DA%A9%D9%88%D8%B1%D8%AF%D8%B3%D8%AA%D8%A7%D9%86%DB%8E-%D9%88-%D8%A8%DB%95%D8%BA%D8%AF%D8%A7,11co5_6186b0f6.pdf,931688,application/pdf
https://zcks.uoz.edu.krd/wp-content/uploads/9co5.pdf,https://zcks.uoz.edu.krd/?product=%D8%A8%D8%A7%D8%B4%D9%88%D9%88%D8%B1%DB%8E-%DA%A9%D9%88%D8%B1%D8%AF%D8%B3%D8%AA%D8%A7%D9%86%DB%8E-%D9%88-%D8%A8%DB%95%D8%BA%D8%AF%D8%A7,9co5_db566eba.pdf,862611,application/pdf
https://zcks.uoz.edu.krd/wp-content/uploads/26co5.pdf,https://zcks.uoz.edu.krd/?product=%D8%A8%D8%A7%D8%B4%D9%88%D9%88%D8%B1%DB%8E-%DA%A9%D9%88%D8%B1%D8%AF%D8%B3%D8%AA%D8%A7%D9%86%DB%8E-%D9%88-%D8%A8%DB%95%D8%BA%D8%AF%D8%A7,26co5_c170e52a.pdf,943762,application/pdf
https://zcks.uoz.edu.krd/wp-content/uploads/27co5.pdf,https://zcks.uoz.edu.krd/?product=%D8%A8%D8%A7%D8%B4%D9%88%D9%88%D8%B1%DB%8E-%DA%A9%D9%88%D8%B1%D8%AF%D8%B3%D8%AA%D8%A7%D9%86%DB%8E-%D9%88-%D8%A8%DB%95%D8%BA%D8%AF%D8%A7,27co5_3ad396d4.pdf,720009,application/pdf
https://zcks.uoz.edu.krd/wp-content/uploads/8co5.pdf,https://zcks.uoz.edu.krd/?product=%D8%A8%D8%A7%D8%B4%D9%88%D9%88%D8%B1%DB%8E-%DA%A9%D9%88%D8%B1%D8%AF%D8%B3%D8%AA%D8%A7%D9%86%DB%8E-%D9%88-%D8%A8%DB%95%D8%BA%D8%AF%D8%A7,8co5_9029c454.pdf,525681,application/pdf
https://zcks.uoz.edu.krd/wp-content/uploads/باشور-التقديم.pdf,https://zcks.uoz.edu.krd/?product=%D8%A8%D8%A7%D8%B4%D9%88%D9%88%D8%B1%DB%8E-%DA%A9%D9%88%D8%B1%D8%AF%D8%B3%D8%AA%D8%A7%D9%86%DB%8E-%D9%88-%D8%A8%DB%95%D8%BA%D8%AF%D8%A7,باشور-التقديم_4dbaafa6.pdf,314079,application/pdf
https://zcks.uoz.edu.krd/wp-content/uploads/17co5.pdf,https://zcks.uoz.edu.krd/?product=%D8%A8%D8%A7%D8%B4%D9%88%D9%88%D8%B1%DB%8E-%DA%A9%D9%88%D8%B1%D8%AF%D8%B3%D8%AA%D8%A7%D9%86%DB%8E-%D9%88-%D8%A8%DB%95%D8%BA%D8%AF%D8%A7,17co5_6cd1c3b6.pdf,784168,application/pdf
https://zcks.uoz.edu.krd/wp-content/uploads/23co5.pdf,https://zcks.uoz.edu.krd/?product=%D8%A8%D8%A7%D8%B4%D9%88%D9%88%D8%B1%DB%8E-%DA%A9%D9%88%D8%B1%D8%AF%D8%B3%D8%AA%D8%A7%D9%86%DB%8E-%D9%88-%D8%A8%DB%95%D8%BA%D8%AF%D8%A7,23co5_5e1d5da4.pdf,914777,application/pdf
https://zcks.uoz.edu.krd/wp-content/uploads/37.pdf,https://zcks.uoz.edu.krd/?product=%D9%83%D9%88%D8%B1%D8%AF-%D9%88-%D9%87%DB%95%D8%B1%DB%8E%D9%85%D8%A7-%D8%AC%DB%95%D8%B2%DB%8C%D8%B1%D8%A7-%D9%81%D9%88%D8%B1%D8%A7%D8%AA,37_9282a9f5.pdf,1305051,application/pdf
https://zcks.uoz.edu.krd/wp-content/uploads/5-1.pdf,https://zcks.uoz.edu.krd/?product=%D9%83%D9%88%D8%B1%D8%AF-%D9%88-%D9%87%DB%95%D8%B1%DB%8E%D9%85%D8%A7-%D8%AC%DB%95%D8%B2%DB%8C%D8%B1%D8%A7-%D9%81%D9%88%D8%B1%D8%A7%D8%AA,5-1_25270287.pdf,1677055,application/pdf
https://zcks.uoz.edu.krd/wp-content/uploads/43.pdf,https://zcks.uoz.edu.krd/?product=%D9%83%D9%88%D8%B1%D8%AF-%D9%88-%D9%87%DB%95%D8%B1%DB%8E%D9%85%D8%A7-%D8%AC%DB%95%D8%B2%DB%8C%D8%B1%D8%A7-%D9%81%D9%88%D8%B1%D8%A7%D8%AA,43_8ad8daa3.pdf,1753425,application/pdf
https://zcks.uoz.edu.krd/wp-content/uploads/29.pdf,https://zcks.uoz.edu.krd/?product=%D9%83%D9%88%D8%B1%D8%AF-%D9%88-%D9%87%DB%95%D8%B1%DB%8E%D9%85%D8%A7-%D8%AC%DB%95%D8%B2%DB%8C%D8%B1%D8%A7-%D9%81%D9%88%D8%B1%D8%A7%D8%AA,29_626e13b9.pdf,1845608,application/pdf
https://zcks.uoz.edu.krd/wp-content/uploads/28.pdf,https://zcks.uoz.edu.krd/?product=%D9%83%D9%88%D8%B1%D8%AF-%D9%88-%D9%87%DB%95%D8%B1%DB%8E%D9%85%D8%A7-%D8%AC%DB%95%D8%B2%DB%8C%D8%B1%D8%A7-%D9%81%D9%88%D8%B1%D8%A7%D8%AA,28_45e4d50e.pdf,2854073,application/pdf
https://zcks.uoz.edu.krd/wp-content/uploads/6-1.pdf,https://zcks.uoz.edu.krd/?product=%D9%83%D9%88%D8%B1%D8%AF-%D9%88-%D9%87%DB%95%D8%B1%DB%8E%D9%85%D8%A7-%D8%AC%DB%95%D8%B2%DB%8C%D8%B1%D8%A7-%D9%81%D9%88%D8%B1%D8%A7%D8%AA,6-1_7c081c76.pdf,1500208,application/pdf
https://zcks.uoz.edu.krd/wp-content/uploads/26.pdf,https://zcks.uoz.edu.krd/?product=%D9%83%D9%88%D8%B1%D8%AF-%D9%88-%D9%87%DB%95%D8%B1%DB%8E%D9%85%D8%A7-%D8%AC%DB%95%D8%B2%DB%8C%D8%B1%D8%A7-%D9%81%D9%88%D8%B1%D8%A7%D8%AA,26_66e8990c.pdf,2782204,application/pdf
https://zcks.uoz.edu.krd/wp-content/uploads/8.pdf,https://zcks.uoz.edu.krd/?product=%D9%83%D9%88%D8%B1%D8%AF-%D9%88-%D9%87%DB%95%D8%B1%DB%8E%D9%85%D8%A7-%D8%AC%DB%95%D8%B2%DB%8C%D8%B1%D8%A7-%D9%81%D9%88%D8%B1%D8%A7%D8%AA,8_1844382f.pdf,2097192,application/pdf
https://zcks.uoz.edu.krd/wp-content/uploads/36.pdf,https://zcks.uoz.edu.krd/?product=%D9%83%D9%88%D8%B1%D8%AF-%D9%88-%D9%87%DB%95%D8%B1%DB%8E%D9%85%D8%A7-%D8%AC%DB%95%D8%B2%DB%8C%D8%B1%D8%A7-%D9%81%D9%88%D8%B1%D8%A7%D8%AA,36_77beea6e.pdf,1278620,application/pdf
https://zcks.uoz.edu.krd/wp-content/uploads/presentation.pdf,https://zcks.uoz.edu.krd/?product=%D9%83%D9%88%D8%B1%D8%AF-%D9%88-%D9%87%DB%95%D8%B1%DB%8E%D9%85%D8%A7-%D8%AC%DB%95%D8%B2%DB%8C%D8%B1%D8%A7-%D9%81%D9%88%D8%B1%D8%A7%D8%AA,presentation_047c1436.pdf,331808,application/pdf
https://zcks.uoz.edu.krd/wp-content/uploads/39.pdf,https://zcks.uoz.edu.krd/?product=%D9%83%D9%88%D8%B1%D8%AF-%D9%88-%D9%87%DB%95%D8%B1%DB%8E%D9%85%D8%A7-%D8%AC%DB%95%D8%B2%DB%8C%D8%B1%D8%A7-%D9%81%D9%88%D8%B1%D8%A7%D8%AA,39_f24ac280.pdf,1656103,application/pdf
https://zcks.uoz.edu.krd/wp-content/uploads/46.pdf,https://zcks.uoz.edu.krd/?product=%D9%83%D9%88%D8%B1%D8%AF-%D9%88-%D9%87%DB%95%D8%B1%DB%8E%D9%85%D8%A7-%D8%AC%DB%95%D8%B2%DB%8C%D8%B1%D8%A7-%D9%81%D9%88%D8%B1%D8%A7%D8%AA,46_90029af1.pdf,711138,application/pdf
https://zcks.uoz.edu.krd/wp-content/uploads/10.pdf,https://zcks.uoz.edu.krd/?product=%D9%83%D9%88%D8%B1%D8%AF-%D9%88-%D9%87%DB%95%D8%B1%DB%8E%D9%85%D8%A7-%D8%AC%DB%95%D8%B2%DB%8C%D8%B1%D8%A7-%D9%81%D9%88%D8%B1%D8%A7%D8%AA,10_936e45a0.pdf,2013465,application/pdf
https://zcks.uoz.edu.krd/wp-content/uploads/9.pdf,https://zcks.uoz.edu.krd/?product=%D9%83%D9%88%D8%B1%D8%AF-%D9%88-%D9%87%DB%95%D8%B1%DB%8E%D9%85%D8%A7-%D8%AC%DB%95%D8%B2%DB%8C%D8%B1%D8%A7-%D9%81%D9%88%D8%B1%D8%A7%D8%AA,9_b3e9790c.pdf,3891162,application/pdf
https://zcks.uoz.edu.krd/wp-content/uploads/50.pdf,https://zcks.uoz.edu.krd/?product=%D9%83%D9%88%D8%B1%D8%AF-%D9%88-%D9%87%DB%95%D8%B1%DB%8E%D9%85%D8%A7-%D8%AC%DB%95%D8%B2%DB%8C%D8%B1%D8%A7-%D9%81%D9%88%D8%B1%D8%A7%D8%AA,50_aa6438a5.pdf,1074549,application/pdf
https://zcks.uoz.edu.krd/wp-content/uploads/22.pdf,https://zcks.uoz.edu.krd/?product=%D9%83%D9%88%D8%B1%D8%AF-%D9%88-%D9%87%DB%95%D8%B1%DB%8E%D9%85%D8%A7-%D8%AC%DB%95%D8%B2%DB%8C%D8%B1%D8%A7-%D9%81%D9%88%D8%B1%D8%A7%D8%AA,22_09db60d8.pdf,3462873,application/pdf
https://zcks.uoz.edu.krd/wp-content/uploads/21.pdf,https://zcks.uoz.edu.krd/?product=%D9%83%D9%88%D8%B1%D8%AF-%D9%88-%D9%87%DB%95%D8%B1%DB%8E%D9%85%D8%A7-%D8%AC%DB%95%D8%B2%DB%8C%D8%B1%D8%A7-%D9%81%D9%88%D8%B1%D8%A7%D8%AA,21_bbf39c0f.pdf,1256819,application/pdf
https://zcks.uoz.edu.krd/wp-content/uploads/13-1.pdf,https://zcks.uoz.edu.krd/?product=%D9%83%D9%88%D8%B1%D8%AF-%D9%88-%D9%87%DB%95%D8%B1%DB%8E%D9%85%D8%A7-%D8%AC%DB%95%D8%B2%DB%8C%D8%B1%D8%A7-%D9%81%D9%88%D8%B1%D8%A7%D8%AA,13-1_37b3560c.pdf,1715493,application/pdf
https://zcks.uoz.edu.krd/wp-content/uploads/18.pdf,https://zcks.uoz.edu.krd/?product=%D9%83%D9%88%D8%B1%D8%AF-%D9%88-%D9%87%DB%95%D8%B1%DB%8E%D9%85%D8%A7-%D8%AC%DB%95%D8%B2%DB%8C%D8%B1%D8%A7-%D9%81%D9%88%D8%B1%D8%A7%D8%AA,18_e486af2e.pdf,2671235,application/pdf
https://zcks.uoz.edu.krd/wp-content/uploads/48.pdf,https://zcks.uoz.edu.krd/?product=%D9%83%D9%88%D8%B1%D8%AF-%D9%88-%D9%87%DB%95%D8%B1%DB%8E%D9%85%D8%A7-%D8%AC%DB%95%D8%B2%DB%8C%D8%B1%D8%A7-%D9%81%D9%88%D8%B1%D8%A7%D8%AA,48_7c122c50.pdf,1416670,application/pdf
https://zcks.uoz.edu.krd/wp-content/uploads/17.pdf,https://zcks.uoz.edu.krd/?product=%D9%83%D9%88%D8%B1%D8%AF-%D9%88-%D9%87%DB%95%D8%B1%DB%8E%D9%85%D8%A7-%D8%AC%DB%95%D8%B2%DB%8C%D8%B1%D8%A7-%D9%81%D9%88%D8%B1%D8%A7%D8%AA,17_a0c42718.pdf,1188262,application/pdf
https://zcks.uoz.edu.krd/wp-content/uploads/11.pdf,https://zcks.uoz.edu.krd/?product=%D9%83%D9%88%D8%B1%D8%AF-%D9%88-%D9%87%DB%95%D8%B1%DB%8E%D9%85%D8%A7-%D8%AC%DB%95%D8%B2%DB%8C%D8%B1%D8%A7-%D9%81%D9%88%D8%B1%D8%A7%D8%AA,11_c1163248.pdf,1088338,application/pdf
https://zcks.uoz.edu.krd/wp-content/uploads/پێشگوتن-1.pdf,https://zcks.uoz.edu.krd/?product=%D9%83%D9%88%D8%B1%D8%AF-%D9%88-%D9%87%DB%95%D8%B1%DB%8E%D9%85%D8%A7-%D8%AC%DB%95%D8%B2%DB%8C%D8%B1%D8%A7-%D9%81%D9%88%D8%B1%D8%A7%D8%AA,پێشگوتن-1_5f19f0bd.pdf,5096332,application/pdf
https://zcks.uoz.edu.krd/wp-content/uploads/14.pdf,https://zcks.uoz.edu.krd/?product=%D9%83%D9%88%D8%B1%D8%AF-%D9%88-%D9%87%DB%95%D8%B1%DB%8E%D9%85%D8%A7-%D8%AC%DB%95%D8%B2%DB%8C%D8%B1%D8%A7-%D9%81%D9%88%D8%B1%D8%A7%D8%AA,14_f45116a6.pdf,1759130,application/pdf
https://zcks.uoz.edu.krd/wp-content/uploads/51.pdf,https://zcks.uoz.edu.krd/?product=%D9%83%D9%88%D8%B1%D8%AF-%D9%88-%D9%87%DB%95%D8%B1%DB%8E%D9%85%D8%A7-%D8%AC%DB%95%D8%B2%DB%8C%D8%B1%D8%A7-%D9%81%D9%88%D8%B1%D8%A7%D8%AA,51_aeb422de.pdf,825686,application/pdf
https://zcks.uoz.edu.krd/wp-content/uploads/31.pdf,https://zcks.uoz.edu.krd/?product=%D9%83%D9%88%D8%B1%D8%AF-%D9%88-%D9%87%DB%95%D8%B1%DB%8E%D9%85%D8%A7-%D8%AC%DB%95%D8%B2%DB%8C%D8%B1%D8%A7-%D9%81%D9%88%D8%B1%D8%A7%D8%AA,31_1509305a.pdf,2812688,application/pdf
https://zcks.uoz.edu.krd/wp-content/uploads/44.pdf,https://zcks.uoz.edu.krd/?product=%D9%83%D9%88%D8%B1%D8%AF-%D9%88-%D9%87%DB%95%D8%B1%DB%8E%D9%85%D8%A7-%D8%AC%DB%95%D8%B2%DB%8C%D8%B1%D8%A7-%D9%81%D9%88%D8%B1%D8%A7%D8%AA,44_248c2f33.pdf,1229351,application/pdf
https://zcks.uoz.edu.krd/wp-content/uploads/30.pdf,https://zcks.uoz.edu.krd/?product=%D9%83%D9%88%D8%B1%D8%AF-%D9%88-%D9%87%DB%95%D8%B1%DB%8E%D9%85%D8%A7-%D8%AC%DB%95%D8%B2%DB%8C%D8%B1%D8%A7-%D9%81%D9%88%D8%B1%D8%A7%D8%AA,30_6dfefcbd.pdf,1620884,application/pdf
https://zcks.uoz.edu.krd/wp-content/uploads/7-1.pdf,https://zcks.uoz.edu.krd/?product=%D9%83%D9%88%D8%B1%D8%AF-%D9%88-%D9%87%DB%95%D8%B1%DB%8E%D9%85%D8%A7-%D8%AC%DB%95%D8%B2%DB%8C%D8%B1%D8%A7-%D9%81%D9%88%D8%B1%D8%A7%D8%AA,7-1_68bd12d2.pdf,1856827,application/pdf
https://zcks.uoz.edu.krd/wp-content/uploads/32.pdf,https://zcks.uoz.edu.krd/?product=%D9%83%D9%88%D8%B1%D8%AF-%D9%88-%D9%87%DB%95%D8%B1%DB%8E%D9%85%D8%A7-%D8%AC%DB%95%D8%B2%DB%8C%D8%B1%D8%A7-%D9%81%D9%88%D8%B1%D8%A7%D8%AA,32_8f308ebe.pdf,1208398,application/pdf
https://zcks.uoz.edu.krd/wp-content/uploads/1-2.pdf,https://zcks.uoz.edu.krd/?product=%D9%83%D9%88%D8%B1%D8%AF-%D9%88-%D9%87%DB%95%D8%B1%DB%8E%D9%85%D8%A7-%D8%AC%DB%95%D8%B2%DB%8C%D8%B1%D8%A7-%D9%81%D9%88%D8%B1%D8%A7%D8%AA,1-2_5d813e2d.pdf,1407251,application/pdf
https://zcks.uoz.edu.krd/wp-content/uploads/49.pdf,https://zcks.uoz.edu.krd/?product=%D9%83%D9%88%D8%B1%D8%AF-%D9%88-%D9%87%DB%95%D8%B1%DB%8E%D9%85%D8%A7-%D8%AC%DB%95%D8%B2%DB%8C%D8%B1%D8%A7-%D9%81%D9%88%D8%B1%D8%A7%D8%AA,49_c37c9c3b.pdf,1217559,application/pdf
https://zcks.uoz.edu.krd/wp-content/uploads/2-1.pdf,https://zcks.uoz.edu.krd/?product=%D9%83%D9%88%D8%B1%D8%AF-%D9%88-%D9%87%DB%95%D8%B1%DB%8E%D9%85%D8%A7-%D8%AC%DB%95%D8%B2%DB%8C%D8%B1%D8%A7-%D9%81%D9%88%D8%B1%D8%A7%D8%AA,2-1_2fcbecf0.pdf,1033258,application/pdf
https://zcks.uoz.edu.krd/wp-content/uploads/27.pdf,https://zcks.uoz.edu.krd/?product=%D9%83%D9%88%D8%B1%D8%AF-%D9%88-%D9%87%DB%95%D8%B1%DB%8E%D9%85%D8%A7-%D8%AC%DB%95%D8%B2%DB%8C%D8%B1%D8%A7-%D9%81%D9%88%D8%B1%D8%A7%D8%AA,27_710444a9.pdf,1459365,application/pdf
https://zcks.uoz.edu.krd/wp-content/uploads/25.pdf,https://zcks.uoz.edu.krd/?product=%D9%83%D9%88%D8%B1%D8%AF-%D9%88-%D9%87%DB%95%D8%B1%DB%8E%D9%85%D8%A7-%D8%AC%DB%95%D8%B2%DB%8C%D8%B1%D8%A7-%D9%81%D9%88%D8%B1%D8%A7%D8%AA,25_29b4cdb5.pdf,1278923,application/pdf
https://zcks.uoz.edu.krd/wp-content/uploads/16.pdf,https://zcks.uoz.edu.krd/?product=%D9%83%D9%88%D8%B1%D8%AF-%D9%88-%D9%87%DB%95%D8%B1%DB%8E%D9%85%D8%A7-%D8%AC%DB%95%D8%B2%DB%8C%D8%B1%D8%A7-%D9%81%D9%88%D8%B1%D8%A7%D8%AA,16_3323fac7.pdf,1127963,application/pdf
https://zcks.uoz.edu.krd/wp-content/uploads/19.pdf,https://zcks.uoz.edu.krd/?product=%D9%83%D9%88%D8%B1%D8%AF-%D9%88-%D9%87%DB%95%D8%B1%DB%8E%D9%85%D8%A7-%D8%AC%DB%95%D8%B2%DB%8C%D8%B1%D8%A7-%D9%81%D9%88%D8%B1%D8%A7%D8%AA,19_42c5a58d.pdf,1721074,application/pdf
https://zcks.uoz.edu.krd/wp-content/uploads/47.pdf,https://zcks.uoz.edu.krd/?product=%D9%83%D9%88%D8%B1%D8%AF-%D9%88-%D9%87%DB%95%D8%B1%DB%8E%D9%85%D8%A7-%D8%AC%DB%95%D8%B2%DB%8C%D8%B1%D8%A7-%D9%81%D9%88%D8%B1%D8%A7%D8%AA,47_7ffb2c1f.pdf,933282,application/pdf
https://zcks.uoz.edu.krd/wp-content/uploads/53.pdf,https://zcks.uoz.edu.krd/?product=%D9%83%D9%88%D8%B1%D8%AF-%D9%88-%D9%87%DB%95%D8%B1%DB%8E%D9%85%D8%A7-%D8%AC%DB%95%D8%B2%DB%8C%D8%B1%D8%A7-%D9%81%D9%88%D8%B1%D8%A7%D8%AA,53_d21b0758.pdf,747217,application/pdf
https://zcks.uoz.edu.krd/wp-content/uploads/45.pdf,https://zcks.uoz.edu.krd/?product=%D9%83%D9%88%D8%B1%D8%AF-%D9%88-%D9%87%DB%95%D8%B1%DB%8E%D9%85%D8%A7-%D8%AC%DB%95%D8%B2%DB%8C%D8%B1%D8%A7-%D9%81%D9%88%D8%B1%D8%A7%D8%AA,45_3c7c3f76.pdf,983527,application/pdf
https://zcks.uoz.edu.krd/wp-content/uploads/12.pdf,https://zcks.uoz.edu.krd/?product=%D9%83%D9%88%D8%B1%D8%AF-%D9%88-%D9%87%DB%95%D8%B1%DB%8E%D9%85%D8%A7-%D8%AC%DB%95%D8%B2%DB%8C%D8%B1%D8%A7-%D9%81%D9%88%D8%B1%D8%A7%D8%AA,12_fa871c90.pdf,1263746,application/pdf
https://zcks.uoz.edu.krd/wp-content/uploads/3-1.pdf,https://zcks.uoz.edu.krd/?product=%D9%83%D9%88%D8%B1%D8%AF-%D9%88-%D9%87%DB%95%D8%B1%DB%8E%D9%85%D8%A7-%D8%AC%DB%95%D8%B2%DB%8C%D8%B1%D8%A7-%D9%81%D9%88%D8%B1%D8%A7%D8%AA,3-1_6ea3309a.pdf,1888028,application/pdf
https://zcks.uoz.edu.krd/wp-content/uploads/34.pdf,https://zcks.uoz.edu.krd/?product=%D9%83%D9%88%D8%B1%D8%AF-%D9%88-%D9%87%DB%95%D8%B1%DB%8E%D9%85%D8%A7-%D8%AC%DB%95%D8%B2%DB%8C%D8%B1%D8%A7-%D9%81%D9%88%D8%B1%D8%A7%D8%AA,34_8997fd77.pdf,3189510,application/pdf
https://zcks.uoz.edu.krd/wp-content/uploads/41.pdf,https://zcks.uoz.edu.krd/?product=%D9%83%D9%88%D8%B1%D8%AF-%D9%88-%D9%87%DB%95%D8%B1%DB%8E%D9%85%D8%A7-%D8%AC%DB%95%D8%B2%DB%8C%D8%B1%D8%A7-%D9%81%D9%88%D8%B1%D8%A7%D8%AA,41_68655864.pdf,1638899,application/pdf
https://zcks.uoz.edu.krd/wp-content/uploads/24.pdf,https://zcks.uoz.edu.krd/?product=%D9%83%D9%88%D8%B1%D8%AF-%D9%88-%D9%87%DB%95%D8%B1%DB%8E%D9%85%D8%A7-%D8%AC%DB%95%D8%B2%DB%8C%D8%B1%D8%A7-%D9%81%D9%88%D8%B1%D8%A7%D8%AA,24_602eb05a.pdf,1319221,application/pdf
https://zcks.uoz.edu.krd/wp-content/uploads/40.pdf,https://zcks.uoz.edu.krd/?product=%D9%83%D9%88%D8%B1%D8%AF-%D9%88-%D9%87%DB%95%D8%B1%DB%8E%D9%85%D8%A7-%D8%AC%DB%95%D8%B2%DB%8C%D8%B1%D8%A7-%D9%81%D9%88%D8%B1%D8%A7%D8%AA,40_839b5fac.pdf,1900604,application/pdf
https://zcks.uoz.edu.krd/wp-content/uploads/52.pdf,https://zcks.uoz.edu.krd/?product=%D9%83%D9%88%D8%B1%D8%AF-%D9%88-%D9%87%DB%95%D8%B1%DB%8E%D9%85%D8%A7-%D8%AC%DB%95%D8%B2%DB%8C%D8%B1%D8%A7-%D9%81%D9%88%D8%B1%D8%A7%D8%AA,52_e23f96ed.pdf,785034,application/pdf
https://zcks.uoz.edu.krd/wp-content/uploads/33.pdf,https://zcks.uoz.edu.krd/?product=%D9%83%D9%88%D8%B1%D8%AF-%D9%88-%D9%87%DB%95%D8%B1%DB%8E%D9%85%D8%A7-%D8%AC%DB%95%D8%B2%DB%8C%D8%B1%D8%A7-%D9%81%D9%88%D8%B1%D8%A7%D8%AA,33_c0b2d2f1.pdf,2519439,application/pdf
https://zcks.uoz.edu.krd/wp-content/uploads/23.pdf,https://zcks.uoz.edu.krd/?product=%D9%83%D9%88%D8%B1%D8%AF-%D9%88-%D9%87%DB%95%D8%B1%DB%8E%D9%85%D8%A7-%D8%AC%DB%95%D8%B2%DB%8C%D8%B1%D8%A7-%D9%81%D9%88%D8%B1%D8%A7%D8%AA,23_9936016c.pdf,1114685,application/pdf
https://zcks.uoz.edu.krd/wp-content/uploads/42.pdf,https://zcks.uoz.edu.krd/?product=%D9%83%D9%88%D8%B1%D8%AF-%D9%88-%D9%87%DB%95%D8%B1%DB%8E%D9%85%D8%A7-%D8%AC%DB%95%D8%B2%DB%8C%D8%B1%D8%A7-%D9%81%D9%88%D8%B1%D8%A7%D8%AA,42_58818062.pdf,2725513,application/pdf
https://zcks.uoz.edu.krd/wp-content/uploads/4-1.pdf,https://zcks.uoz.edu.krd/?product=%D9%83%D9%88%D8%B1%D8%AF-%D9%88-%D9%87%DB%95%D8%B1%DB%8E%D9%85%D8%A7-%D8%AC%DB%95%D8%B2%DB%8C%D8%B1%D8%A7-%D9%81%D9%88%D8%B1%D8%A7%D8%AA,4-1_cb232c5e.pdf,1251266,application/pdf
https://zcks.uoz.edu.krd/wp-content/uploads/التقديم.pdf,https://zcks.uoz.edu.krd/?product=%D9%83%D9%88%D8%B1%D8%AF-%D9%88-%D9%87%DB%95%D8%B1%DB%8E%D9%85%D8%A7-%D8%AC%DB%95%D8%B2%DB%8C%D8%B1%D8%A7-%D9%81%D9%88%D8%B1%D8%A7%D8%AA,التقديم_3685ef68.pdf,466661,application/pdf
https://zcks.uoz.edu.krd/wp-content/uploads/20.pdf,https://zcks.uoz.edu.krd/?product=%D9%83%D9%88%D8%B1%D8%AF-%D9%88-%D9%87%DB%95%D8%B1%DB%8E%D9%85%D8%A7-%D8%AC%DB%95%D8%B2%DB%8C%D8%B1%D8%A7-%D9%81%D9%88%D8%B1%D8%A7%D8%AA,20_5006fdc4.pdf,1657780,application/pdf
https://zcks.uoz.edu.krd/wp-content/uploads/38.pdf,https://zcks.uoz.edu.krd/?product=%D9%83%D9%88%D8%B1%D8%AF-%D9%88-%D9%87%DB%95%D8%B1%DB%8E%D9%85%D8%A7-%D8%AC%DB%95%D8%B2%DB%8C%D8%B1%D8%A7-%D9%81%D9%88%D8%B1%D8%A7%D8%AA,38_2bf329a6.pdf,1930520,application/pdf
https://zcks.uoz.edu.krd/wp-content/uploads/15-1.pdf,https://zcks.uoz.edu.krd/?product=%D9%83%D9%88%D8%B1%D8%AF-%D9%88-%D9%87%DB%95%D8%B1%DB%8E%D9%85%D8%A7-%D8%AC%DB%95%D8%B2%DB%8C%D8%B1%D8%A7-%D9%81%D9%88%D8%B1%D8%A7%D8%AA,15-1_8354b0fd.pdf,2160473,application/pdf
https://zcks.uoz.edu.krd/wp-content/uploads/40co7.pdf,https://zcks.uoz.edu.krd/?product=%D8%AF%DB%95%D9%88%D9%84%DB%95%D8%AA-%D9%88%D9%85%DB%8C%D8%B1%DA%AF%DB%95%DA%BE%DB%8E%D9%86-%DA%A9%D9%88%D8%B1%D8%AF%DB%8C-%D8%A8%DB%95%D8%B1%DA%AF%DB%8E-%D8%A6%DB%8E%DA%A9%DB%8E,40co7_b47666f6.pdf,800757,application/pdf
https://zcks.uoz.edu.krd/wp-content/uploads/35.pdf,https://zcks.uoz.edu.krd/?product=%D9%83%D9%88%D8%B1%D8%AF-%D9%88-%D9%87%DB%95%D8%B1%DB%8E%D9%85%D8%A7-%D8%AC%DB%95%D8%B2%DB%8C%D8%B1%D8%A7-%D9%81%D9%88%D8%B1%D8%A7%D8%AA,35_a1dc3000.pdf,4683566,application/pdf
https://zcks.uoz.edu.krd/wp-content/uploads/47co7.pdf,https://zcks.uoz.edu.krd/?product=%D8%AF%DB%95%D9%88%D9%84%DB%95%D8%AA-%D9%88%D9%85%DB%8C%D8%B1%DA%AF%DB%95%DA%BE%DB%8E%D9%86-%DA%A9%D9%88%D8%B1%D8%AF%DB%8C-%D8%A8%DB%95%D8%B1%DA%AF%DB%8E-%D8%A6%DB%8E%DA%A9%DB%8E,47co7_60339a62.pdf,749944,application/pdf
https://zcks.uoz.edu.krd/wp-content/uploads/پیشگوتن-co7.pdf,https://zcks.uoz.edu.krd/?product=%D8%AF%DB%95%D9%88%D9%84%DB%95%D8%AA-%D9%88%D9%85%DB%8C%D8%B1%DA%AF%DB%95%DA%BE%DB%8E%D9%86-%DA%A9%D9%88%D8%B1%D8%AF%DB%8C-%D8%A8%DB%95%D8%B1%DA%AF%DB%8E-%D8%A6%DB%8E%DA%A9%DB%8E,پیشگوتن-co7_33a7117e.pdf,215671,application/pdf
https://zcks.uoz.edu.krd/wp-content/uploads/5co7-1.pdf,https://zcks.uoz.edu.krd/?product=%D8%AF%DB%95%D9%88%D9%84%DB%95%D8%AA-%D9%88%D9%85%DB%8C%D8%B1%DA%AF%DB%95%DA%BE%DB%8E%D9%86-%DA%A9%D9%88%D8%B1%D8%AF%DB%8C-%D8%A8%DB%95%D8%B1%DA%AF%DB%8E-%D8%A6%DB%8E%DA%A9%DB%8E,5co7-1_db180624.pdf,416475,application/pdf
https://zcks.uoz.edu.krd/wp-content/uploads/45co7.pdf,https://zcks.uoz.edu.krd/?product=%D8%AF%DB%95%D9%88%D9%84%DB%95%D8%AA-%D9%88%D9%85%DB%8C%D8%B1%DA%AF%DB%95%DA%BE%DB%8E%D9%86-%DA%A9%D9%88%D8%B1%D8%AF%DB%8C-%D8%A8%DB%95%D8%B1%DA%AF%DB%8E-%D8%A6%DB%8E%DA%A9%DB%8E,45co7_4912ca73.pdf,719851,application/pdf
https://zcks.uoz.edu.krd/wp-content/uploads/35co7.pdf,https://zcks.uoz.edu.krd/?product=%D8%AF%DB%95%D9%88%D9%84%DB%95%D8%AA-%D9%88%D9%85%DB%8C%D8%B1%DA%AF%DB%95%DA%BE%DB%8E%D9%86-%DA%A9%D9%88%D8%B1%D8%AF%DB%8C-%D8%A8%DB%95%D8%B1%DA%AF%DB%8E-%D8%A6%DB%8E%DA%A9%DB%8E,35co7_7493ecf2.pdf,612285,application/pdf
https://zcks.uoz.edu.krd/wp-content/uploads/22co7.pdf,https://zcks.uoz.edu.krd/?product=%D8%AF%DB%95%D9%88%D9%84%DB%95%D8%AA-%D9%88%D9%85%DB%8C%D8%B1%DA%AF%DB%95%DA%BE%DB%8E%D9%86-%DA%A9%D9%88%D8%B1%D8%AF%DB%8C-%D8%A8%DB%95%D8%B1%DA%AF%DB%8E-%D8%A6%DB%8E%DA%A9%DB%8E,22co7_0ac77bea.pdf,3145075,application/pdf
https://zcks.uoz.edu.krd/wp-content/uploads/14co7.pdf,https://zcks.uoz.edu.krd/?product=%D8%AF%DB%95%D9%88%D9%84%DB%95%D8%AA-%D9%88%D9%85%DB%8C%D8%B1%DA%AF%DB%95%DA%BE%DB%8E%D9%86-%DA%A9%D9%88%D8%B1%D8%AF%DB%8C-%D8%A8%DB%95%D8%B1%DA%AF%DB%8E-%D8%A6%DB%8E%DA%A9%DB%8E,14co7_48e2015d.pdf,444395,application/pdf
https://zcks.uoz.edu.krd/wp-content/uploads/21co7.pdf,https://zcks.uoz.edu.krd/?product=%D8%AF%DB%95%D9%88%D9%84%DB%95%D8%AA-%D9%88%D9%85%DB%8C%D8%B1%DA%AF%DB%95%DA%BE%DB%8E%D9%86-%DA%A9%D9%88%D8%B1%D8%AF%DB%8C-%D8%A8%DB%95%D8%B1%DA%AF%DB%8E-%D8%A6%DB%8E%DA%A9%DB%8E,21co7_91808b80.pdf,475740,application/pdf
https://zcks.uoz.edu.krd/wp-content/uploads/9co7.pdf,https://zcks.uoz.edu.krd/?product=%D8%AF%DB%95%D9%88%D9%84%DB%95%D8%AA-%D9%88%D9%85%DB%8C%D8%B1%DA%AF%DB%95%DA%BE%DB%8E%D9%86-%DA%A9%D9%88%D8%B1%D8%AF%DB%8C-%D8%A8%DB%95%D8%B1%DA%AF%DB%8E-%D8%A6%DB%8E%DA%A9%DB%8E,9co7_88c4530b.pdf,650290,application/pdf
https://zcks.uoz.edu.krd/wp-content/uploads/23co7.pdf,https://zcks.uoz.edu.krd/?product=%D8%AF%DB%95%D9%88%D9%84%DB%95%D8%AA-%D9%88%D9%85%DB%8C%D8%B1%DA%AF%DB%95%DA%BE%DB%8E%D9%86-%DA%A9%D9%88%D8%B1%D8%AF%DB%8C-%D8%A8%DB%95%D8%B1%DA%AF%DB%8E-%D8%A6%DB%8E%DA%A9%DB%8E,23co7_5dffb4a6.pdf,670442,application/pdf
https://zcks.uoz.edu.krd/wp-content/uploads/38co7.pdf,https://zcks.uoz.edu.krd/?product=%D8%AF%DB%95%D9%88%D9%84%DB%95%D8%AA-%D9%88%D9%85%DB%8C%D8%B1%DA%AF%DB%95%DA%BE%DB%8E%D9%86-%DA%A9%D9%88%D8%B1%D8%AF%DB%8C-%D8%A8%DB%95%D8%B1%DA%AF%DB%8E-%D8%A6%DB%8E%DA%A9%DB%8E,38co7_40060b1f.pdf,468645,application/pdf
https://zcks.uoz.edu.krd/wp-content/uploads/19co7.pdf,https://zcks.uoz.edu.krd/?product=%D8%AF%DB%95%D9%88%D9%84%DB%95%D8%AA-%D9%88%D9%85%DB%8C%D8%B1%DA%AF%DB%95%DA%BE%DB%8E%D9%86-%DA%A9%D9%88%D8%B1%D8%AF%DB%8C-%D8%A8%DB%95%D8%B1%DA%AF%DB%8E-%D8%A6%DB%8E%DA%A9%DB%8E,19co7_3e69b4f7.pdf,642930,application/pdf
https://zcks.uoz.edu.krd/wp-content/uploads/49co7.pdf,https://zcks.uoz.edu.krd/?product=%D8%AF%DB%95%D9%88%D9%84%DB%95%D8%AA-%D9%88%D9%85%DB%8C%D8%B1%DA%AF%DB%95%DA%BE%DB%8E%D9%86-%DA%A9%D9%88%D8%B1%D8%AF%DB%8C-%D8%A8%DB%95%D8%B1%DA%AF%DB%8E-%D8%A6%DB%8E%DA%A9%DB%8E,49co7_e4a0474e.pdf,759708,application/pdf
https://zcks.uoz.edu.krd/wp-content/uploads/29co7.pdf,https://zcks.uoz.edu.krd/?product=%D8%AF%DB%95%D9%88%D9%84%DB%95%D8%AA-%D9%88%D9%85%DB%8C%D8%B1%DA%AF%DB%95%DA%BE%DB%8E%D9%86-%DA%A9%D9%88%D8%B1%D8%AF%DB%8C-%D8%A8%DB%95%D8%B1%DA%AF%DB%8E-%D8%A6%DB%8E%DA%A9%DB%8E,29co7_92dc7937.pdf,442593,application/pdf
https://zcks.uoz.edu.krd/wp-content/uploads/37co7.pdf,https://zcks.uoz.edu.krd/?product=%D8%AF%DB%95%D9%88%D9%84%DB%95%D8%AA-%D9%88%D9%85%DB%8C%D8%B1%DA%AF%DB%95%DA%BE%DB%8E%D9%86-%DA%A9%D9%88%D8%B1%D8%AF%DB%8C-%D8%A8%DB%95%D8%B1%DA%AF%DB%8E-%D8%A6%DB%8E%DA%A9%DB%8E,37co7_815dc4e2.pdf,746352,application/pdf
https://zcks.uoz.edu.krd/wp-content/uploads/16co7.pdf,https://zcks.uoz.edu.krd/?product=%D8%AF%DB%95%D9%88%D9%84%DB%95%D8%AA-%D9%88%D9%85%DB%8C%D8%B1%DA%AF%DB%95%DA%BE%DB%8E%D9%86-%DA%A9%D9%88%D8%B1%D8%AF%DB%8C-%D8%A8%DB%95%D8%B1%DA%AF%DB%8E-%D8%A6%DB%8E%DA%A9%DB%8E,16co7_563e5351.pdf,511564,application/pdf
https://zcks.uoz.edu.krd/wp-content/uploads/1co7.pdf,https://zcks.uoz.edu.krd/?product=%D8%AF%DB%95%D9%88%D9%84%DB%95%D8%AA-%D9%88%D9%85%DB%8C%D8%B1%DA%AF%DB%95%DA%BE%DB%8E%D9%86-%DA%A9%D9%88%D8%B1%D8%AF%DB%8C-%D8%A8%DB%95%D8%B1%DA%AF%DB%8E-%D8%A6%DB%8E%DA%A9%DB%8E,1co7_ff80c28a.pdf,410450,application/pdf
https://zcks.uoz.edu.krd/wp-content/uploads/تقديم.pdf,https://zcks.uoz.edu.krd/?product=%D8%AF%DB%95%D9%88%D9%84%DB%95%D8%AA-%D9%88%D9%85%DB%8C%D8%B1%DA%AF%DB%95%DA%BE%DB%8E%D9%86-%DA%A9%D9%88%D8%B1%D8%AF%DB%8C-%D8%A8%DB%95%D8%B1%DA%AF%DB%8E-%D8%A6%DB%8E%DA%A9%DB%8E,تقديم_72cd2129.pdf,546426,application/pdf
https://zcks.uoz.edu.krd/wp-content/uploads/13co7.pdf,https://zcks.uoz.edu.krd/?product=%D8%AF%DB%95%D9%88%D9%84%DB%95%D8%AA-%D9%88%D9%85%DB%8C%D8%B1%DA%AF%DB%95%DA%BE%DB%8E%D9%86-%DA%A9%D9%88%D8%B1%D8%AF%DB%8C-%D8%A8%DB%95%D8%B1%DA%AF%DB%8E-%D8%A6%DB%8E%DA%A9%DB%8E,13co7_0d648d6a.pdf,429169,application/pdf
https://zcks.uoz.edu.krd/wp-content/uploads/15co7.pdf,https://zcks.uoz.edu.krd/?product=%D8%AF%DB%95%D9%88%D9%84%DB%95%D8%AA-%D9%88%D9%85%DB%8C%D8%B1%DA%AF%DB%95%DA%BE%DB%8E%D9%86-%DA%A9%D9%88%D8%B1%D8%AF%DB%8C-%D8%A8%DB%95%D8%B1%DA%AF%DB%8E-%D8%A6%DB%8E%DA%A9%DB%8E,15co7_9ec18d0b.pdf,402800,application/pdf
https://zcks.uoz.edu.krd/wp-content/uploads/20co7.pdf,https://zcks.uoz.edu.krd/?product=%D8%AF%DB%95%D9%88%D9%84%DB%95%D8%AA-%D9%88%D9%85%DB%8C%D8%B1%DA%AF%DB%95%DA%BE%DB%8E%D9%86-%DA%A9%D9%88%D8%B1%D8%AF%DB%8C-%D8%A8%DB%95%D8%B1%DA%AF%DB%8E-%D8%A6%DB%8E%DA%A9%DB%8E,20co7_1645917f.pdf,653987,application/pdf
https://zcks.uoz.edu.krd/wp-content/uploads/33co7.pdf,https://zcks.uoz.edu.krd/?product=%D8%AF%DB%95%D9%88%D9%84%DB%95%D8%AA-%D9%88%D9%85%DB%8C%D8%B1%DA%AF%DB%95%DA%BE%DB%8E%D9%86-%DA%A9%D9%88%D8%B1%D8%AF%DB%8C-%D8%A8%DB%95%D8%B1%DA%AF%DB%8E-%D8%A6%DB%8E%DA%A9%DB%8E,33co7_3369edd9.pdf,553825,application/pdf
https://zcks.uoz.edu.krd/wp-content/uploads/2co7-1.pdf,https://zcks.uoz.edu.krd/?product=%D8%AF%DB%95%D9%88%D9%84%DB%95%D8%AA-%D9%88%D9%85%DB%8C%D8%B1%DA%AF%DB%95%DA%BE%DB%8E%D9%86-%DA%A9%D9%88%D8%B1%D8%AF%DB%8C-%D8%A8%DB%95%D8%B1%DA%AF%DB%8E-%D8%A6%DB%8E%DA%A9%DB%8E,2co7-1_e3eadbad.pdf,640685,application/pdf
https://zcks.uoz.edu.krd/wp-content/uploads/42co7.pdf,https://zcks.uoz.edu.krd/?product=%D8%AF%DB%95%D9%88%D9%84%DB%95%D8%AA-%D9%88%D9%85%DB%8C%D8%B1%DA%AF%DB%95%DA%BE%DB%8E%D9%86-%DA%A9%D9%88%D8%B1%D8%AF%DB%8C-%D8%A8%DB%95%D8%B1%DA%AF%DB%8E-%D8%A6%DB%8E%DA%A9%DB%8E,42co7_4b929f65.pdf,574786,application/pdf
https://zcks.uoz.edu.krd/wp-content/uploads/32co7.pdf,https://zcks.uoz.edu.krd/?product=%D8%AF%DB%95%D9%88%D9%84%DB%95%D8%AA-%D9%88%D9%85%DB%8C%D8%B1%DA%AF%DB%95%DA%BE%DB%8E%D9%86-%DA%A9%D9%88%D8%B1%D8%AF%DB%8C-%D8%A8%DB%95%D8%B1%DA%AF%DB%8E-%D8%A6%DB%8E%DA%A9%DB%8E,32co7_0a9c49d5.pdf,656405,application/pdf
https://zcks.uoz.edu.krd/wp-content/uploads/4co7.pdf,https://zcks.uoz.edu.krd/?product=%D8%AF%DB%95%D9%88%D9%84%DB%95%D8%AA-%D9%88%D9%85%DB%8C%D8%B1%DA%AF%DB%95%DA%BE%DB%8E%D9%86-%DA%A9%D9%88%D8%B1%D8%AF%DB%8C-%D8%A8%DB%95%D8%B1%DA%AF%DB%8E-%D8%A6%DB%8E%DA%A9%DB%8E,4co7_4e97eace.pdf,484000,application/pdf
https://zcks.uoz.edu.krd/wp-content/uploads/3co7.pdf,https://zcks.uoz.edu.krd/?product=%D8%AF%DB%95%D9%88%D9%84%DB%95%D8%AA-%D9%88%D9%85%DB%8C%D8%B1%DA%AF%DB%95%DA%BE%DB%8E%D9%86-%DA%A9%D9%88%D8%B1%D8%AF%DB%8C-%D8%A8%DB%95%D8%B1%DA%AF%DB%8E-%D8%A6%DB%8E%DA%A9%DB%8E,3co7_69400d69.pdf,24670862,application/pdf
https://zcks.uoz.edu.krd/wp-content/uploads/11co7.pdf,https://zcks.uoz.edu.krd/?product=%D8%AF%DB%95%D9%88%D9%84%DB%95%D8%AA-%D9%88%D9%85%DB%8C%D8%B1%DA%AF%DB%95%DA%BE%DB%8E%D9%86-%DA%A9%D9%88%D8%B1%D8%AF%DB%8C-%D8%A8%DB%95%D8%B1%DA%AF%DB%8E-%D8%A6%DB%8E%DA%A9%DB%8E,11co7_4bc851a9.pdf,525222,application/pdf
https://zcks.uoz.edu.krd/wp-content/uploads/10co7.pdf,https://zcks.uoz.edu.krd/?product=%D8%AF%DB%95%D9%88%D9%84%DB%95%D8%AA-%D9%88%D9%85%DB%8C%D8%B1%DA%AF%DB%95%DA%BE%DB%8E%D9%86-%DA%A9%D9%88%D8%B1%D8%AF%DB%8C-%D8%A8%DB%95%D8%B1%DA%AF%DB%8E-%D8%A6%DB%8E%DA%A9%DB%8E,10co7_e509b136.pdf,3805541,application/pdf
https://zcks.uoz.edu.krd/wp-content/uploads/34co7.pdf,https://zcks.uoz.edu.krd/?product=%D8%AF%DB%95%D9%88%D9%84%DB%95%D8%AA-%D9%88%D9%85%DB%8C%D8%B1%DA%AF%DB%95%DA%BE%DB%8E%D9%86-%DA%A9%D9%88%D8%B1%D8%AF%DB%8C-%D8%A8%DB%95%D8%B1%DA%AF%DB%8E-%D8%A6%DB%8E%DA%A9%DB%8E,34co7_18eafe21.pdf,803951,application/pdf
https://zcks.uoz.edu.krd/wp-content/uploads/50co7.pdf,https://zcks.uoz.edu.krd/?product=%D8%AF%DB%95%D9%88%D9%84%DB%95%D8%AA-%D9%88%D9%85%DB%8C%D8%B1%DA%AF%DB%95%DA%BE%DB%8E%D9%86-%DA%A9%D9%88%D8%B1%D8%AF%DB%8C-%D8%A8%DB%95%D8%B1%DA%AF%DB%8E-%D8%A6%DB%8E%DA%A9%DB%8E,50co7_c20536f3.pdf,594726,application/pdf
https://zcks.uoz.edu.krd/wp-content/uploads/8co7.pdf,https://zcks.uoz.edu.krd/?product=%D8%AF%DB%95%D9%88%D9%84%DB%95%D8%AA-%D9%88%D9%85%DB%8C%D8%B1%DA%AF%DB%95%DA%BE%DB%8E%D9%86-%DA%A9%D9%88%D8%B1%D8%AF%DB%8C-%D8%A8%DB%95%D8%B1%DA%AF%DB%8E-%D8%A6%DB%8E%DA%A9%DB%8E,8co7_c0e924c5.pdf,18481680,application/pdf
https://zcks.uoz.edu.krd/wp-content/uploads/12co7.pdf,https://zcks.uoz.edu.krd/?product=%D8%AF%DB%95%D9%88%D9%84%DB%95%D8%AA-%D9%88%D9%85%DB%8C%D8%B1%DA%AF%DB%95%DA%BE%DB%8E%D9%86-%DA%A9%D9%88%D8%B1%D8%AF%DB%8C-%D8%A8%DB%95%D8%B1%DA%AF%DB%8E-%D8%A6%DB%8E%DA%A9%DB%8E,12co7_b3146e62.pdf,477168,application/pdf
https://zcks.uoz.edu.krd/wp-content/uploads/31co7.pdf,https://zcks.uoz.edu.krd/?product=%D8%AF%DB%95%D9%88%D9%84%DB%95%D8%AA-%D9%88%D9%85%DB%8C%D8%B1%DA%AF%DB%95%DA%BE%DB%8E%D9%86-%DA%A9%D9%88%D8%B1%D8%AF%DB%8C-%D8%A8%DB%95%D8%B1%DA%AF%DB%8E-%D8%A6%DB%8E%DA%A9%DB%8E,31co7_cb5a0162.pdf,731077,application/pdf
https://zcks.uoz.edu.krd/wp-content/uploads/43co7.pdf,https://zcks.uoz.edu.krd/?product=%D8%AF%DB%95%D9%88%D9%84%DB%95%D8%AA-%D9%88%D9%85%DB%8C%D8%B1%DA%AF%DB%95%DA%BE%DB%8E%D9%86-%DA%A9%D9%88%D8%B1%D8%AF%DB%8C-%D8%A8%DB%95%D8%B1%DA%AF%DB%8E-%D8%A6%DB%8E%DA%A9%DB%8E,43co7_4e77e40e.pdf,764633,application/pdf
https://zcks.uoz.edu.krd/wp-content/uploads/25co7.pdf,https://zcks.uoz.edu.krd/?product=%D8%AF%DB%95%D9%88%D9%84%DB%95%D8%AA-%D9%88%D9%85%DB%8C%D8%B1%DA%AF%DB%95%DA%BE%DB%8E%D9%86-%DA%A9%D9%88%D8%B1%D8%AF%DB%8C-%D8%A8%DB%95%D8%B1%DA%AF%DB%8E-%D8%A6%DB%8E%DA%A9%DB%8E,25co7_1900fbe8.pdf,681289,application/pdf
https://zcks.uoz.edu.krd/wp-content/uploads/36co7.pdf,https://zcks.uoz.edu.krd/?product=%D8%AF%DB%95%D9%88%D9%84%DB%95%D8%AA-%D9%88%D9%85%DB%8C%D8%B1%DA%AF%DB%95%DA%BE%DB%8E%D9%86-%DA%A9%D9%88%D8%B1%D8%AF%DB%8C-%D8%A8%DB%95%D8%B1%DA%AF%DB%8E-%D8%A6%DB%8E%DA%A9%DB%8E,36co7_2fcaa89e.pdf,798327,application/pdf
https://zcks.uoz.edu.krd/wp-content/uploads/7co7-1.pdf,https://zcks.uoz.edu.krd/?product=%D8%AF%DB%95%D9%88%D9%84%DB%95%D8%AA-%D9%88%D9%85%DB%8C%D8%B1%DA%AF%DB%95%DA%BE%DB%8E%D9%86-%DA%A9%D9%88%D8%B1%D8%AF%DB%8C-%D8%A8%DB%95%D8%B1%DA%AF%DB%8E-%D8%A6%DB%8E%DA%A9%DB%8E,7co7-1_01db8369.pdf,470072,application/pdf
https://zcks.uoz.edu.krd/wp-content/uploads/17co7.pdf,https://zcks.uoz.edu.krd/?product=%D8%AF%DB%95%D9%88%D9%84%DB%95%D8%AA-%D9%88%D9%85%DB%8C%D8%B1%DA%AF%DB%95%DA%BE%DB%8E%D9%86-%DA%A9%D9%88%D8%B1%D8%AF%DB%8C-%D8%A8%DB%95%D8%B1%DA%AF%DB%8E-%D8%A6%DB%8E%DA%A9%DB%8E,17co7_f5c061d7.pdf,443501,application/pdf
https://zcks.uoz.edu.krd/wp-content/uploads/6co7.pdf,https://zcks.uoz.edu.krd/?product=%D8%AF%DB%95%D9%88%D9%84%DB%95%D8%AA-%D9%88%D9%85%DB%8C%D8%B1%DA%AF%DB%95%DA%BE%DB%8E%D9%86-%DA%A9%D9%88%D8%B1%D8%AF%DB%8C-%D8%A8%DB%95%D8%B1%DA%AF%DB%8E-%D8%A6%DB%8E%DA%A9%DB%8E,6co7_510f3765.pdf,8193686,application/pdf
https://zcks.uoz.edu.krd/wp-content/uploads/27co7.pdf,https://zcks.uoz.edu.krd/?product=%D8%AF%DB%95%D9%88%D9%84%DB%95%D8%AA-%D9%88%D9%85%DB%8C%D8%B1%DA%AF%DB%95%DA%BE%DB%8E%D9%86-%DA%A9%D9%88%D8%B1%D8%AF%DB%8C-%D8%A8%DB%95%D8%B1%DA%AF%DB%8E-%D8%A6%DB%8E%DA%A9%DB%8E,27co7_a0060cdd.pdf,488055,application/pdf
https://zcks.uoz.edu.krd/wp-content/uploads/26co7.pdf,https://zcks.uoz.edu.krd/?product=%D8%AF%DB%95%D9%88%D9%84%DB%95%D8%AA-%D9%88%D9%85%DB%8C%D8%B1%DA%AF%DB%95%DA%BE%DB%8E%D9%86-%DA%A9%D9%88%D8%B1%D8%AF%DB%8C-%D8%A8%DB%95%D8%B1%DA%AF%DB%8E-%D8%A6%DB%8E%DA%A9%DB%8E,26co7_cd6f572b.pdf,1092428,application/pdf
https://zcks.uoz.edu.krd/wp-content/uploads/48co7.pdf,https://zcks.uoz.edu.krd/?product=%D8%AF%DB%95%D9%88%D9%84%DB%95%D8%AA-%D9%88%D9%85%DB%8C%D8%B1%DA%AF%DB%95%DA%BE%DB%8E%D9%86-%DA%A9%D9%88%D8%B1%D8%AF%DB%8C-%D8%A8%DB%95%D8%B1%DA%AF%DB%8E-%D8%A6%DB%8E%DA%A9%DB%8E,48co7_296ba6d1.pdf,830847,application/pdf
https://zcks.uoz.edu.krd/wp-content/uploads/30co7.pdf,https://zcks.uoz.edu.krd/?product=%D8%AF%DB%95%D9%88%D9%84%DB%95%D8%AA-%D9%88%D9%85%DB%8C%D8%B1%DA%AF%DB%95%DA%BE%DB%8E%D9%86-%DA%A9%D9%88%D8%B1%D8%AF%DB%8C-%D8%A8%DB%95%D8%B1%DA%AF%DB%8E-%D8%A6%DB%8E%DA%A9%DB%8E,30co7_048cc51f.pdf,1007965,application/pdf
https://zcks.uoz.edu.krd/wp-content/uploads/44co7.pdf,https://zcks.uoz.edu.krd/?product=%D8%AF%DB%95%D9%88%D9%84%DB%95%D8%AA-%D9%88%D9%85%DB%8C%D8%B1%DA%AF%DB%95%DA%BE%DB%8E%D9%86-%DA%A9%D9%88%D8%B1%D8%AF%DB%8C-%D8%A8%DB%95%D8%B1%DA%AF%DB%8E-%D8%A6%DB%8E%DA%A9%DB%8E,44co7_59bef14b.pdf,720785,application/pdf
https://zcks.uoz.edu.krd/wp-content/uploads/46co7.pdf,https://zcks.uoz.edu.krd/?product=%D8%AF%DB%95%D9%88%D9%84%DB%95%D8%AA-%D9%88%D9%85%DB%8C%D8%B1%DA%AF%DB%95%DA%BE%DB%8E%D9%86-%DA%A9%D9%88%D8%B1%D8%AF%DB%8C-%D8%A8%DB%95%D8%B1%DA%AF%DB%8E-%D8%A6%DB%8E%DA%A9%DB%8E,46co7_1dcc4b90.pdf,692883,application/pdf
https://zcks.uoz.edu.krd/wp-content/uploads/39co7.pdf,https://zcks.uoz.edu.krd/?product=%D8%AF%DB%95%D9%88%D9%84%DB%95%D8%AA-%D9%88%D9%85%DB%8C%D8%B1%DA%AF%DB%95%DA%BE%DB%8E%D9%86-%DA%A9%D9%88%D8%B1%D8%AF%DB%8C-%D8%A8%DB%95%D8%B1%DA%AF%DB%8E-%D8%A6%DB%8E%DA%A9%DB%8E,39co7_4deeef83.pdf,728001,application/pdf
https://zcks.uoz.edu.krd/wp-content/uploads/41co7.pdf,https://zcks.uoz.edu.krd/?product=%D8%AF%DB%95%D9%88%D9%84%DB%95%D8%AA-%D9%88%D9%85%DB%8C%D8%B1%DA%AF%DB%95%DA%BE%DB%8E%D9%86-%DA%A9%D9%88%D8%B1%D8%AF%DB%8C-%D8%A8%DB%95%D8%B1%DA%AF%DB%8E-%D8%A6%DB%8E%DA%A9%DB%8E,41co7_4720e884.pdf,561019,application/pdf
https://zcks.uoz.edu.krd/wp-content/uploads/24co7.pdf,https://zcks.uoz.edu.krd/?product=%D8%AF%DB%95%D9%88%D9%84%DB%95%D8%AA-%D9%88%D9%85%DB%8C%D8%B1%DA%AF%DB%95%DA%BE%DB%8E%D9%86-%DA%A9%D9%88%D8%B1%D8%AF%DB%8C-%D8%A8%DB%95%D8%B1%DA%AF%DB%8E-%D8%A6%DB%8E%DA%A9%DB%8E,24co7_6d8e87a0.pdf,680347,application/pdf
https://zcks.uoz.edu.krd/wp-content/uploads/28co7.pdf,https://zcks.uoz.edu.krd/?product=%D8%AF%DB%95%D9%88%D9%84%DB%95%D8%AA-%D9%88%D9%85%DB%8C%D8%B1%DA%AF%DB%95%DA%BE%DB%8E%D9%86-%DA%A9%D9%88%D8%B1%D8%AF%DB%8C-%D8%A8%DB%95%D8%B1%DA%AF%DB%8E-%D8%A6%DB%8E%DA%A9%DB%8E,28co7_53d729a9.pdf,756687,application/pdf
https://zcks.uoz.edu.krd/wp-content/uploads/18co7.pdf,https://zcks.uoz.edu.krd/?product=%D8%AF%DB%95%D9%88%D9%84%DB%95%D8%AA-%D9%88%D9%85%DB%8C%D8%B1%DA%AF%DB%95%DA%BE%DB%8E%D9%86-%DA%A9%D9%88%D8%B1%D8%AF%DB%8C-%D8%A8%DB%95%D8%B1%DA%AF%DB%8E-%D8%A6%DB%8E%DA%A9%DB%8E,18co7_15e54cad.pdf,708863,application/pdf
https://zcks.uoz.edu.krd/wp-content/uploads/29co3.pdf,https://zcks.uoz.edu.krd/?product=%D8%B3%DB%8C%D8%A7%D8%B3%DB%95%D8%AA%D8%A7-%D8%A8%D8%B1%DB%8C%D8%AA%D8%A7%D9%86%DB%8C%D8%A7-%D9%84-%D9%87%DB%95%D9%85%D8%A8%DB%95%D8%B1-%DA%A9%DB%8E%D8%B4%DB%95%DB%8C%D8%A7-%DA%A9%D9%88%D8%B1%D8%AF,29co3_64d75257.pdf,709310,application/pdf
https://zcks.uoz.edu.krd/wp-content/uploads/14co3.pdf,https://zcks.uoz.edu.krd/?product=%D8%B3%DB%8C%D8%A7%D8%B3%DB%95%D8%AA%D8%A7-%D8%A8%D8%B1%DB%8C%D8%AA%D8%A7%D9%86%DB%8C%D8%A7-%D9%84-%D9%87%DB%95%D9%85%D8%A8%DB%95%D8%B1-%DA%A9%DB%8E%D8%B4%DB%95%DB%8C%D8%A7-%DA%A9%D9%88%D8%B1%D8%AF,14co3_9195e443.pdf,1621268,application/pdf
https://zcks.uoz.edu.krd/wp-content/uploads/12co3.pdf,https://zcks.uoz.edu.krd/?product=%D8%B3%DB%8C%D8%A7%D8%B3%DB%95%D8%AA%D8%A7-%D8%A8%D8%B1%DB%8C%D8%AA%D8%A7%D9%86%DB%8C%D8%A7-%D9%84-%D9%87%DB%95%D9%85%D8%A8%DB%95%D8%B1-%DA%A9%DB%8E%D8%B4%DB%95%DB%8C%D8%A7-%DA%A9%D9%88%D8%B1%D8%AF,12co3_41b751ca.pdf,2107272,application/pdf
https://zcks.uoz.edu.krd/wp-content/uploads/تقديمco3.pdf,https://zcks.uoz.edu.krd/?product=%D8%B3%DB%8C%D8%A7%D8%B3%DB%95%D8%AA%D8%A7-%D8%A8%D8%B1%DB%8C%D8%AA%D8%A7%D9%86%DB%8C%D8%A7-%D9%84-%D9%87%DB%95%D9%85%D8%A8%DB%95%D8%B1-%DA%A9%DB%8E%D8%B4%DB%95%DB%8C%D8%A7-%DA%A9%D9%88%D8%B1%D8%AF,تقديمco3_257a1c39.pdf,420249,application/pdf
https://zcks.uoz.edu.krd/wp-content/uploads/پیشکیشکرن-co3.pdf,https://zcks.uoz.edu.krd/?product=%D8%B3%DB%8C%D8%A7%D8%B3%DB%95%D8%AA%D8%A7-%D8%A8%D8%B1%DB%8C%D8%AA%D8%A7%D9%86%DB%8C%D8%A7-%D9%84-%D9%87%DB%95%D9%85%D8%A8%DB%95%D8%B1-%DA%A9%DB%8E%D8%B4%DB%95%DB%8C%D8%A7-%DA%A9%D9%88%D8%B1%D8%AF,پیشکیشکرن-co3_7bb9fdf6.pdf,549331,application/pdf
https://zcks.uoz.edu.krd/wp-content/uploads/25co3.pdf,https://zcks.uoz.edu.krd/?product=%D8%B3%DB%8C%D8%A7%D8%B3%DB%95%D8%AA%D8%A7-%D8%A8%D8%B1%DB%8C%D8%AA%D8%A7%D9%86%DB%8C%D8%A7-%D9%84-%D9%87%DB%95%D9%85%D8%A8%DB%95%D8%B1-%DA%A9%DB%8E%D8%B4%DB%95%DB%8C%D8%A7-%DA%A9%D9%88%D8%B1%D8%AF,25co3_edec59b4.pdf,960214,application/pdf
https://zcks.uoz.edu.krd/wp-content/uploads/26co3.pdf,https://zcks.uoz.edu.krd/?product=%D8%B3%DB%8C%D8%A7%D8%B3%DB%95%D8%AA%D8%A7-%D8%A8%D8%B1%DB%8C%D8%AA%D8%A7%D9%86%DB%8C%D8%A7-%D9%84-%D9%87%DB%95%D9%85%D8%A8%DB%95%D8%B1-%DA%A9%DB%8E%D8%B4%DB%95%DB%8C%D8%A7-%DA%A9%D9%88%D8%B1%D8%AF,26co3_5886154d.pdf,2579515,application/pdf
https://zcks.uoz.edu.krd/wp-content/uploads/5co3.pdf,https://zcks.uoz.edu.krd/?product=%D8%B3%DB%8C%D8%A7%D8%B3%DB%95%D8%AA%D8%A7-%D8%A8%D8%B1%DB%8C%D8%AA%D8%A7%D9%86%DB%8C%D8%A7-%D9%84-%D9%87%DB%95%D9%85%D8%A8%DB%95%D8%B1-%DA%A9%DB%8E%D8%B4%DB%95%DB%8C%D8%A7-%DA%A9%D9%88%D8%B1%D8%AF,5co3_712f0cac.pdf,2239404,application/pdf
https://zcks.uoz.edu.krd/wp-content/uploads/2co3.pdf,https://zcks.uoz.edu.krd/?product=%D8%B3%DB%8C%D8%A7%D8%B3%DB%95%D8%AA%D8%A7-%D8%A8%D8%B1%DB%8C%D8%AA%D8%A7%D9%86%DB%8C%D8%A7-%D9%84-%D9%87%DB%95%D9%85%D8%A8%DB%95%D8%B1-%DA%A9%DB%8E%D8%B4%DB%95%DB%8C%D8%A7-%DA%A9%D9%88%D8%B1%D8%AF,2co3_81985b51.pdf,2907760,application/pdf
https://zcks.uoz.edu.krd/wp-content/uploads/31co3.pdf,https://zcks.uoz.edu.krd/?product=%D8%B3%DB%8C%D8%A7%D8%B3%DB%95%D8%AA%D8%A7-%D8%A8%D8%B1%DB%8C%D8%AA%D8%A7%D9%86%DB%8C%D8%A7-%D9%84-%D9%87%DB%95%D9%85%D8%A8%DB%95%D8%B1-%DA%A9%DB%8E%D8%B4%DB%95%DB%8C%D8%A7-%DA%A9%D9%88%D8%B1%D8%AF,31co3_f1816b5a.pdf,873294,application/pdf
https://zcks.uoz.edu.krd/wp-content/uploads/11co3.pdf,https://zcks.uoz.edu.krd/?product=%D8%B3%DB%8C%D8%A7%D8%B3%DB%95%D8%AA%D8%A7-%D8%A8%D8%B1%DB%8C%D8%AA%D8%A7%D9%86%DB%8C%D8%A7-%D9%84-%D9%87%DB%95%D9%85%D8%A8%DB%95%D8%B1-%DA%A9%DB%8E%D8%B4%DB%95%DB%8C%D8%A7-%DA%A9%D9%88%D8%B1%D8%AF,11co3_7f52c1bd.pdf,2082876,application/pdf
https://zcks.uoz.edu.krd/wp-content/uploads/10co3.pdf,https://zcks.uoz.edu.krd/?product=%D8%B3%DB%8C%D8%A7%D8%B3%DB%95%D8%AA%D8%A7-%D8%A8%D8%B1%DB%8C%D8%AA%D8%A7%D9%86%DB%8C%D8%A7-%D9%84-%D9%87%DB%95%D9%85%D8%A8%DB%95%D8%B1-%DA%A9%DB%8E%D8%B4%DB%95%DB%8C%D8%A7-%DA%A9%D9%88%D8%B1%D8%AF,10co3_958472d1.pdf,20100914,application/pdf
https://zcks.uoz.edu.krd/wp-content/uploads/introduction-co3.pdf,https://zcks.uoz.edu.krd/?product=%D8%B3%DB%8C%D8%A7%D8%B3%DB%95%D8%AA%D8%A7-%D8%A8%D8%B1%DB%8C%D8%AA%D8%A7%D9%86%DB%8C%D8%A7-%D9%84-%D9%87%DB%95%D9%85%D8%A8%DB%95%D8%B1-%DA%A9%DB%8E%D8%B4%DB%95%DB%8C%D8%A7-%DA%A9%D9%88%D8%B1%D8%AF,introduction-co3_0237aace.pdf,167313,application/pdf
https://zcks.uoz.edu.krd/wp-content/uploads/13co3.pdf,https://zcks.uoz.edu.krd/?product=%D8%B3%DB%8C%D8%A7%D8%B3%DB%95%D8%AA%D8%A7-%D8%A8%D8%B1%DB%8C%D8%AA%D8%A7%D9%86%DB%8C%D8%A7-%D9%84-%D9%87%DB%95%D9%85%D8%A8%DB%95%D8%B1-%DA%A9%DB%8E%D8%B4%DB%95%DB%8C%D8%A7-%DA%A9%D9%88%D8%B1%D8%AF,13co3_4b458679.pdf,2390939,application/pdf
https://zcks.uoz.edu.krd/wp-content/uploads/6co3.pdf,https://zcks.uoz.edu.krd/?product=%D8%B3%DB%8C%D8%A7%D8%B3%DB%95%D8%AA%D8%A7-%D8%A8%D8%B1%DB%8C%D8%AA%D8%A7%D9%86%DB%8C%D8%A7-%D9%84-%D9%87%DB%95%D9%85%D8%A8%DB%95%D8%B1-%DA%A9%DB%8E%D8%B4%DB%95%DB%8C%D8%A7-%DA%A9%D9%88%D8%B1%D8%AF,6co3_db1e8d7e.pdf,2117220,application/pdf
https://zcks.uoz.edu.krd/wp-content/uploads/19co3.pdf,https://zcks.uoz.edu.krd/?product=%D8%B3%DB%8C%D8%A7%D8%B3%DB%95%D8%AA%D8%A7-%D8%A8%D8%B1%DB%8C%D8%AA%D8%A7%D9%86%DB%8C%D8%A7-%D9%84-%D9%87%DB%95%D9%85%D8%A8%DB%95%D8%B1-%DA%A9%DB%8E%D8%B4%DB%95%DB%8C%D8%A7-%DA%A9%D9%88%D8%B1%D8%AF,19co3_730752cf.pdf,1354826,application/pdf
https://zcks.uoz.edu.krd/wp-content/uploads/21co3.pdf,https://zcks.uoz.edu.krd/?product=%D8%B3%DB%8C%D8%A7%D8%B3%DB%95%D8%AA%D8%A7-%D8%A8%D8%B1%DB%8C%D8%AA%D8%A7%D9%86%DB%8C%D8%A7-%D9%84-%D9%87%DB%95%D9%85%D8%A8%DB%95%D8%B1-%DA%A9%DB%8E%D8%B4%DB%95%DB%8C%D8%A7-%DA%A9%D9%88%D8%B1%D8%AF,21co3_3e096103.pdf,1718799,application/pdf
https://zcks.uoz.edu.krd/wp-content/uploads/20co3.pdf,https://zcks.uoz.edu.krd/?product=%D8%B3%DB%8C%D8%A7%D8%B3%DB%95%D8%AA%D8%A7-%D8%A8%D8%B1%DB%8C%D8%AA%D8%A7%D9%86%DB%8C%D8%A7-%D9%84-%D9%87%DB%95%D9%85%D8%A8%DB%95%D8%B1-%DA%A9%DB%8E%D8%B4%DB%95%DB%8C%D8%A7-%DA%A9%D9%88%D8%B1%D8%AF,20co3_ded9ccde.pdf,2020668,application/pdf
https://zcks.uoz.edu.krd/wp-content/uploads/23co3.pdf,https://zcks.uoz.edu.krd/?product=%D8%B3%DB%8C%D8%A7%D8%B3%DB%95%D8%AA%D8%A7-%D8%A8%D8%B1%DB%8C%D8%AA%D8%A7%D9%86%DB%8C%D8%A7-%D9%84-%D9%87%DB%95%D9%85%D8%A8%DB%95%D8%B1-%DA%A9%DB%8E%D8%B4%DB%95%DB%8C%D8%A7-%DA%A9%D9%88%D8%B1%D8%AF,23co3_2fe4e8fa.pdf,1476140,application/pdf
https://zcks.uoz.edu.krd/wp-content/uploads/24co3.pdf,https://zcks.uoz.edu.krd/?product=%D8%B3%DB%8C%D8%A7%D8%B3%DB%95%D8%AA%D8%A7-%D8%A8%D8%B1%DB%8C%D8%AA%D8%A7%D9%86%DB%8C%D8%A7-%D9%84-%D9%87%DB%95%D9%85%D8%A8%DB%95%D8%B1-%DA%A9%DB%8E%D8%B4%DB%95%DB%8C%D8%A7-%DA%A9%D9%88%D8%B1%D8%AF,24co3_02822165.pdf,1914991,application/pdf
https://zcks.uoz.edu.krd/wp-content/uploads/17co3.pdf,https://zcks.uoz.edu.krd/?product=%D8%B3%DB%8C%D8%A7%D8%B3%DB%95%D8%AA%D8%A7-%D8%A8%D8%B1%DB%8C%D8%AA%D8%A7%D9%86%DB%8C%D8%A7-%D9%84-%D9%87%DB%95%D9%85%D8%A8%DB%95%D8%B1-%DA%A9%DB%8E%D8%B4%DB%95%DB%8C%D8%A7-%DA%A9%D9%88%D8%B1%D8%AF,17co3_9c3eb137.pdf,1948396,application/pdf
https://zcks.uoz.edu.krd/wp-content/uploads/3co3.pdf,https://zcks.uoz.edu.krd/?product=%D8%B3%DB%8C%D8%A7%D8%B3%DB%95%D8%AA%D8%A7-%D8%A8%D8%B1%DB%8C%D8%AA%D8%A7%D9%86%DB%8C%D8%A7-%D9%84-%D9%87%DB%95%D9%85%D8%A8%DB%95%D8%B1-%DA%A9%DB%8E%D8%B4%DB%95%DB%8C%D8%A7-%DA%A9%D9%88%D8%B1%D8%AF,3co3_59085cb1.pdf,5334796,application/pdf
https://zcks.uoz.edu.krd/wp-content/uploads/9co3.pdf,https://zcks.uoz.edu.krd/?product=%D8%B3%DB%8C%D8%A7%D8%B3%DB%95%D8%AA%D8%A7-%D8%A8%D8%B1%DB%8C%D8%AA%D8%A7%D9%86%DB%8C%D8%A7-%D9%84-%D9%87%DB%95%D9%85%D8%A8%DB%95%D8%B1-%DA%A9%DB%8E%D8%B4%DB%95%DB%8C%D8%A7-%DA%A9%D9%88%D8%B1%D8%AF,9co3_0576b130.pdf,4258396,application/pdf
https://zcks.uoz.edu.krd/wp-content/uploads/27co3.pdf,https://zcks.uoz.edu.krd/?product=%D8%B3%DB%8C%D8%A7%D8%B3%DB%95%D8%AA%D8%A7-%D8%A8%D8%B1%DB%8C%D8%AA%D8%A7%D9%86%DB%8C%D8%A7-%D9%84-%D9%87%DB%95%D9%85%D8%A8%DB%95%D8%B1-%DA%A9%DB%8E%D8%B4%DB%95%DB%8C%D8%A7-%DA%A9%D9%88%D8%B1%D8%AF,27co3_edc17e6a.pdf,6043823,application/pdf
https://zcks.uoz.edu.krd/wp-content/uploads/4co3.pdf,https://zcks.uoz.edu.krd/?product=%D8%B3%DB%8C%D8%A7%D8%B3%DB%95%D8%AA%D8%A7-%D8%A8%D8%B1%DB%8C%D8%AA%D8%A7%D9%86%DB%8C%D8%A7-%D9%84-%D9%87%DB%95%D9%85%D8%A8%DB%95%D8%B1-%DA%A9%DB%8E%D8%B4%DB%95%DB%8C%D8%A7-%DA%A9%D9%88%D8%B1%D8%AF,4co3_bf122a80.pdf,1810863,application/pdf
https://zcks.uoz.edu.krd/wp-content/uploads/1co3.pdf,https://zcks.uoz.edu.krd/?product=%D8%B3%DB%8C%D8%A7%D8%B3%DB%95%D8%AA%D8%A7-%D8%A8%D8%B1%DB%8C%D8%AA%D8%A7%D9%86%DB%8C%D8%A7-%D9%84-%D9%87%DB%95%D9%85%D8%A8%DB%95%D8%B1-%DA%A9%DB%8E%D8%B4%DB%95%DB%8C%D8%A7-%DA%A9%D9%88%D8%B1%D8%AF,1co3_268ef9e6.pdf,7046989,application/pdf
https://zcks.uoz.edu.krd/wp-content/uploads/16co3.pdf,https://zcks.uoz.edu.krd/?product=%D8%B3%DB%8C%D8%A7%D8%B3%DB%95%D8%AA%D8%A7-%D8%A8%D8%B1%DB%8C%D8%AA%D8%A7%D9%86%DB%8C%D8%A7-%D9%84-%D9%87%DB%95%D9%85%D8%A8%DB%95%D8%B1-%DA%A9%DB%8E%D8%B4%DB%95%DB%8C%D8%A7-%DA%A9%D9%88%D8%B1%D8%AF,16co3_1ed9932f.pdf,1119162,application/pdf
https://zcks.uoz.edu.krd/wp-content/uploads/22co3.pdf,https://zcks.uoz.edu.krd/?product=%D8%B3%DB%8C%D8%A7%D8%B3%DB%95%D8%AA%D8%A7-%D8%A8%D8%B1%DB%8C%D8%AA%D8%A7%D9%86%DB%8C%D8%A7-%D9%84-%D9%87%DB%95%D9%85%D8%A8%DB%95%D8%B1-%DA%A9%DB%8E%D8%B4%DB%95%DB%8C%D8%A7-%DA%A9%D9%88%D8%B1%D8%AF,22co3_2430441a.pdf,1612059,application/pdf
https://zcks.uoz.edu.krd/wp-content/uploads/32co3.pdf,https://zcks.uoz.edu.krd/?product=%D8%B3%DB%8C%D8%A7%D8%B3%DB%95%D8%AA%D8%A7-%D8%A8%D8%B1%DB%8C%D8%AA%D8%A7%D9%86%DB%8C%D8%A7-%D9%84-%D9%87%DB%95%D9%85%D8%A8%DB%95%D8%B1-%DA%A9%DB%8E%D8%B4%DB%95%DB%8C%D8%A7-%DA%A9%D9%88%D8%B1%D8%AF,32co3_73fe5583.pdf,8099926,application/pdf
https://zcks.uoz.edu.krd/wp-content/uploads/8co3.pdf,https://zcks.uoz.edu.krd/?product=%D8%B3%DB%8C%D8%A7%D8%B3%DB%95%D8%AA%D8%A7-%D8%A8%D8%B1%DB%8C%D8%AA%D8%A7%D9%86%DB%8C%D8%A7-%D9%84-%D9%87%DB%95%D9%85%D8%A8%DB%95%D8%B1-%DA%A9%DB%8E%D8%B4%DB%95%DB%8C%D8%A7-%DA%A9%D9%88%D8%B1%D8%AF,8co3_aaf084f2.pdf,2167828,application/pdf
https://zcks.uoz.edu.krd/wp-content/uploads/30c03.pdf,https://zcks.uoz.edu.krd/?product=%D8%B3%DB%8C%D8%A7%D8%B3%DB%95%D8%AA%D8%A7-%D8%A8%D8%B1%DB%8C%D8%AA%D8%A7%D9%86%DB%8C%D8%A7-%D9%84-%D9%87%DB%95%D9%85%D8%A8%DB%95%D8%B1-%DA%A9%DB%8E%D8%B4%DB%95%DB%8C%D8%A7-%DA%A9%D9%88%D8%B1%D8%AF,30c03_6260b6f6.pdf,791656,application/pdf
https://zcks.uoz.edu.krd/wp-content/uploads/28co3.pdf,https://zcks.uoz.edu.krd/?product=%D8%B3%DB%8C%D8%A7%D8%B3%DB%95%D8%AA%D8%A7-%D8%A8%D8%B1%DB%8C%D8%AA%D8%A7%D9%86%DB%8C%D8%A7-%D9%84-%D9%87%DB%95%D9%85%D8%A8%DB%95%D8%B1-%DA%A9%DB%8E%D8%B4%DB%95%DB%8C%D8%A7-%DA%A9%D9%88%D8%B1%D8%AF,28co3_f13c7a08.pdf,2834483,application/pdf
https://zcks.uoz.edu.krd/wp-content/uploads/7co3.pdf,https://zcks.uoz.edu.krd/?product=%D8%B3%DB%8C%D8%A7%D8%B3%DB%95%D8%AA%D8%A7-%D8%A8%D8%B1%DB%8C%D8%AA%D8%A7%D9%86%DB%8C%D8%A7-%D9%84-%D9%87%DB%95%D9%85%D8%A8%DB%95%D8%B1-%DA%A9%DB%8E%D8%B4%DB%95%DB%8C%D8%A7-%DA%A9%D9%88%D8%B1%D8%AF,7co3_4e0081e3.pdf,1660114,application/pdf
https://zcks.uoz.edu.krd/wp-content/uploads/18co3.pdf,https://zcks.uoz.edu.krd/?product=%D8%B3%DB%8C%D8%A7%D8%B3%DB%95%D8%AA%D8%A7-%D8%A8%D8%B1%DB%8C%D8%AA%D8%A7%D9%86%DB%8C%D8%A7-%D9%84-%D9%87%DB%95%D9%85%D8%A8%DB%95%D8%B1-%DA%A9%DB%8E%D8%B4%DB%95%DB%8C%D8%A7-%DA%A9%D9%88%D8%B1%D8%AF,18co3_eea003aa.pdf,1464084,application/pdf
https://zcks.uoz.edu.krd/wp-content/uploads/14co6.pdf,https://zcks.uoz.edu.krd/?product=%D9%81%DB%86%D9%84%DA%A9%D9%84%DB%86%D8%B1%DB%8E-%DA%A9%D9%88%D8%B1%D8%AF%DB%8C-%D8%A8%DB%95%D8%B1%DA%AF%DB%8E-%D8%A6%DB%8E%DA%A9%DB%8E,14co6_114c96a8.pdf,899471,application/pdf
https://zcks.uoz.edu.krd/wp-content/uploads/28co6.pdf,https://zcks.uoz.edu.krd/?product=%D9%81%DB%86%D9%84%DA%A9%D9%84%DB%86%D8%B1%DB%8E-%DA%A9%D9%88%D8%B1%D8%AF%DB%8C-%D8%A8%DB%95%D8%B1%DA%AF%DB%8E-%D8%A6%DB%8E%DA%A9%DB%8E,28co6_37eb7ed0.pdf,948357,application/pdf
https://zcks.uoz.edu.krd/wp-content/uploads/22co6.pdf,https://zcks.uoz.edu.krd/?product=%D9%81%DB%86%D9%84%DA%A9%D9%84%DB%86%D8%B1%DB%8E-%DA%A9%D9%88%D8%B1%D8%AF%DB%8C-%D8%A8%DB%95%D8%B1%DA%AF%DB%8E-%D8%A6%DB%8E%DA%A9%DB%8E,22co6_22c8bb4d.pdf,620548,application/pdf
https://zcks.uoz.edu.krd/wp-content/uploads/18co6.pdf,https://zcks.uoz.edu.krd/?product=%D9%81%DB%86%D9%84%DA%A9%D9%84%DB%86%D8%B1%DB%8E-%DA%A9%D9%88%D8%B1%D8%AF%DB%8C-%D8%A8%DB%95%D8%B1%DA%AF%DB%8E-%D8%A6%DB%8E%DA%A9%DB%8E,18co6_dd55a848.pdf,785588,application/pdf
https://zcks.uoz.edu.krd/wp-content/uploads/1co6.pdf,https://zcks.uoz.edu.krd/?product=%D9%81%DB%86%D9%84%DA%A9%D9%84%DB%86%D8%B1%DB%8E-%DA%A9%D9%88%D8%B1%D8%AF%DB%8C-%D8%A8%DB%95%D8%B1%DA%AF%DB%8E-%D8%A6%DB%8E%DA%A9%DB%8E,1co6_c33b6ef3.pdf,973668,application/pdf
https://zcks.uoz.edu.krd/wp-content/uploads/21co6.pdf,https://zcks.uoz.edu.krd/?product=%D9%81%DB%86%D9%84%DA%A9%D9%84%DB%86%D8%B1%DB%8E-%DA%A9%D9%88%D8%B1%D8%AF%DB%8C-%D8%A8%DB%95%D8%B1%DA%AF%DB%8E-%D8%A6%DB%8E%DA%A9%DB%8E,21co6_c6f1679f.pdf,743765,application/pdf
https://zcks.uoz.edu.krd/wp-content/uploads/39co6.pdf,https://zcks.uoz.edu.krd/?product=%D9%81%DB%86%D9%84%DA%A9%D9%84%DB%86%D8%B1%DB%8E-%DA%A9%D9%88%D8%B1%D8%AF%DB%8C-%D8%A8%DB%95%D8%B1%DA%AF%DB%8E-%D8%A6%DB%8E%DA%A9%DB%8E,39co6_b90c5f99.pdf,940981,application/pdf
https://zcks.uoz.edu.krd/wp-content/uploads/33co6.pdf,https://zcks.uoz.edu.krd/?product=%D9%81%DB%86%D9%84%DA%A9%D9%84%DB%86%D8%B1%DB%8E-%DA%A9%D9%88%D8%B1%D8%AF%DB%8C-%D8%A8%DB%95%D8%B1%DA%AF%DB%8E-%D8%A6%DB%8E%DA%A9%DB%8E,33co6_6aa3ee84.pdf,807147,application/pdf
https://zcks.uoz.edu.krd/wp-content/uploads/42co6.pdf,https://zcks.uoz.edu.krd/?product=%D9%81%DB%86%D9%84%DA%A9%D9%84%DB%86%D8%B1%DB%8E-%DA%A9%D9%88%D8%B1%D8%AF%DB%8C-%D8%A8%DB%95%D8%B1%DA%AF%DB%8E-%D8%A6%DB%8E%DA%A9%DB%8E,42co6_5bc6dbfd.pdf,1172530,application/pdf
https://zcks.uoz.edu.krd/wp-content/uploads/35co6.pdf,https://zcks.uoz.edu.krd/?product=%D9%81%DB%86%D9%84%DA%A9%D9%84%DB%86%D8%B1%DB%8E-%DA%A9%D9%88%D8%B1%D8%AF%DB%8C-%D8%A8%DB%95%D8%B1%DA%AF%DB%8E-%D8%A6%DB%8E%DA%A9%DB%8E,35co6_2d38c449.pdf,731443,application/pdf
https://zcks.uoz.edu.krd/wp-content/uploads/25co6.pdf,https://zcks.uoz.edu.krd/?product=%D9%81%DB%86%D9%84%DA%A9%D9%84%DB%86%D8%B1%DB%8E-%DA%A9%D9%88%D8%B1%D8%AF%DB%8C-%D8%A8%DB%95%D8%B1%DA%AF%DB%8E-%D8%A6%DB%8E%DA%A9%DB%8E,25co6_edc8c45e.pdf,898931,application/pdf
https://zcks.uoz.edu.krd/wp-content/uploads/38co6.pdf,https://zcks.uoz.edu.krd/?product=%D9%81%DB%86%D9%84%DA%A9%D9%84%DB%86%D8%B1%DB%8E-%DA%A9%D9%88%D8%B1%D8%AF%DB%8C-%D8%A8%DB%95%D8%B1%DA%AF%DB%8E-%D8%A6%DB%8E%DA%A9%DB%8E,38co6_168da9fa.pdf,1102022,application/pdf
https://zcks.uoz.edu.krd/wp-content/uploads/19co6.pdf,https://zcks.uoz.edu.krd/?product=%D9%81%DB%86%D9%84%DA%A9%D9%84%DB%86%D8%B1%DB%8E-%DA%A9%D9%88%D8%B1%D8%AF%DB%8C-%D8%A8%DB%95%D8%B1%DA%AF%DB%8E-%D8%A6%DB%8E%DA%A9%DB%8E,19co6_89864e4b.pdf,2143448,application/pdf
https://zcks.uoz.edu.krd/wp-content/uploads/15co3.pdf,https://zcks.uoz.edu.krd/?product=%D8%B3%DB%8C%D8%A7%D8%B3%DB%95%D8%AA%D8%A7-%D8%A8%D8%B1%DB%8C%D8%AA%D8%A7%D9%86%DB%8C%D8%A7-%D9%84-%D9%87%DB%95%D9%85%D8%A8%DB%95%D8%B1-%DA%A9%DB%8E%D8%B4%DB%95%DB%8C%D8%A7-%DA%A9%D9%88%D8%B1%D8%AF,15co3_0ce04ddc.pdf,59232327,application/pdf
https://zcks.uoz.edu.krd/wp-content/uploads/4co6.pdf,https://zcks.uoz.edu.krd/?product=%D9%81%DB%86%D9%84%DA%A9%D9%84%DB%86%D8%B1%DB%8E-%DA%A9%D9%88%D8%B1%D8%AF%DB%8C-%D8%A8%DB%95%D8%B1%DA%AF%DB%8E-%D8%A6%DB%8E%DA%A9%DB%8E,4co6_c41922b0.pdf,895052,application/pdf
https://zcks.uoz.edu.krd/wp-content/uploads/23co6.pdf,https://zcks.uoz.edu.krd/?product=%D9%81%DB%86%D9%84%DA%A9%D9%84%DB%86%D8%B1%DB%8E-%DA%A9%D9%88%D8%B1%D8%AF%DB%8C-%D8%A8%DB%95%D8%B1%DA%AF%DB%8E-%D8%A6%DB%8E%DA%A9%DB%8E,23co6_1b9a5b99.pdf,1058808,application/pdf
https://zcks.uoz.edu.krd/wp-content/uploads/پیشکیشکرن.pdf,https://zcks.uoz.edu.krd/?product=%D9%81%DB%86%D9%84%DA%A9%D9%84%DB%86%D8%B1%DB%8E-%DA%A9%D9%88%D8%B1%D8%AF%DB%8C-%D8%A8%DB%95%D8%B1%DA%AF%DB%8E-%D8%A6%DB%8E%DA%A9%DB%8E,پیشکیشکرن_58d963cd.pdf,249999,application/pdf
https://zcks.uoz.edu.krd/wp-content/uploads/40co6.pdf,https://zcks.uoz.edu.krd/?product=%D9%81%DB%86%D9%84%DA%A9%D9%84%DB%86%D8%B1%DB%8E-%DA%A9%D9%88%D8%B1%D8%AF%DB%8C-%D8%A8%DB%95%D8%B1%DA%AF%DB%8E-%D8%A6%DB%8E%DA%A9%DB%8E,40co6_8040ccbe.pdf,673708,application/pdf
https://zcks.uoz.edu.krd/wp-content/uploads/37co6.pdf,https://zcks.uoz.edu.krd/?product=%D9%81%DB%86%D9%84%DA%A9%D9%84%DB%86%D8%B1%DB%8E-%DA%A9%D9%88%D8%B1%D8%AF%DB%8C-%D8%A8%DB%95%D8%B1%DA%AF%DB%8E-%D8%A6%DB%8E%DA%A9%DB%8E,37co6_39ee172d.pdf,758728,application/pdf
https://zcks.uoz.edu.krd/wp-content/uploads/31co6.pdf,https://zcks.uoz.edu.krd/?product=%D9%81%DB%86%D9%84%DA%A9%D9%84%DB%86%D8%B1%DB%8E-%DA%A9%D9%88%D8%B1%D8%AF%DB%8C-%D8%A8%DB%95%D8%B1%DA%AF%DB%8E-%D8%A6%DB%8E%DA%A9%DB%8E,31co6_1bd8f5be.pdf,888396,application/pdf
https://zcks.uoz.edu.krd/wp-content/uploads/10co6.pdf,https://zcks.uoz.edu.krd/?product=%D9%81%DB%86%D9%84%DA%A9%D9%84%DB%86%D8%B1%DB%8E-%DA%A9%D9%88%D8%B1%D8%AF%DB%8C-%D8%A8%DB%95%D8%B1%DA%AF%DB%8E-%D8%A6%DB%8E%DA%A9%DB%8E,10co6_1772a47b.pdf,786172,application/pdf
https://zcks.uoz.edu.krd/wp-content/uploads/2co6.pdf,https://zcks.uoz.edu.krd/?product=%D9%81%DB%86%D9%84%DA%A9%D9%84%DB%86%D8%B1%DB%8E-%DA%A9%D9%88%D8%B1%D8%AF%DB%8C-%D8%A8%DB%95%D8%B1%DA%AF%DB%8E-%D8%A6%DB%8E%DA%A9%DB%8E,2co6_41f220eb.pdf,896457,application/pdf
https://zcks.uoz.edu.krd/wp-content/uploads/8co6.pdf,https://zcks.uoz.edu.krd/?product=%D9%81%DB%86%D9%84%DA%A9%D9%84%DB%86%D8%B1%DB%8E-%DA%A9%D9%88%D8%B1%D8%AF%DB%8C-%D8%A8%DB%95%D8%B1%DA%AF%DB%8E-%D8%A6%DB%8E%DA%A9%DB%8E,8co6_1d10037c.pdf,610557,application/pdf
https://zcks.uoz.edu.krd/wp-content/uploads/17co6.pdf,https://zcks.uoz.edu.krd/?product=%D9%81%DB%86%D9%84%DA%A9%D9%84%DB%86%D8%B1%DB%8E-%DA%A9%D9%88%D8%B1%D8%AF%DB%8C-%D8%A8%DB%95%D8%B1%DA%AF%DB%8E-%D8%A6%DB%8E%DA%A9%DB%8E,17co6_e55631a3.pdf,1169951,application/pdf
https://zcks.uoz.edu.krd/wp-content/uploads/16co6.pdf,https://zcks.uoz.edu.krd/?product=%D9%81%DB%86%D9%84%DA%A9%D9%84%DB%86%D8%B1%DB%8E-%DA%A9%D9%88%D8%B1%D8%AF%DB%8C-%D8%A8%DB%95%D8%B1%DA%AF%DB%8E-%D8%A6%DB%8E%DA%A9%DB%8E,16co6_9abc2389.pdf,521494,application/pdf
https://zcks.uoz.edu.krd/wp-content/uploads/29co6.pdf,https://zcks.uoz.edu.krd/?product=%D9%81%DB%86%D9%84%DA%A9%D9%84%DB%86%D8%B1%DB%8E-%DA%A9%D9%88%D8%B1%D8%AF%DB%8C-%D8%A8%DB%95%D8%B1%DA%AF%DB%8E-%D8%A6%DB%8E%DA%A9%DB%8E,29co6_bc2faf02.pdf,1106846,application/pdf
https://zcks.uoz.edu.krd/wp-content/uploads/24co6.pdf,https://zcks.uoz.edu.krd/?product=%D9%81%DB%86%D9%84%DA%A9%D9%84%DB%86%D8%B1%DB%8E-%DA%A9%D9%88%D8%B1%D8%AF%DB%8C-%D8%A8%DB%95%D8%B1%DA%AF%DB%8E-%D8%A6%DB%8E%DA%A9%DB%8E,24co6_334820e7.pdf,695882,application/pdf
https://zcks.uoz.edu.krd/wp-content/uploads/3co6.pdf,https://zcks.uoz.edu.krd/?product=%D9%81%DB%86%D9%84%DA%A9%D9%84%DB%86%D8%B1%DB%8E-%DA%A9%D9%88%D8%B1%D8%AF%DB%8C-%D8%A8%DB%95%D8%B1%DA%AF%DB%8E-%D8%A6%DB%8E%DA%A9%DB%8E,3co6_d475c6f2.pdf,567690,application/pdf
https://zcks.uoz.edu.krd/wp-content/uploads/11co6.pdf,https://zcks.uoz.edu.krd/?product=%D9%81%DB%86%D9%84%DA%A9%D9%84%DB%86%D8%B1%DB%8E-%DA%A9%D9%88%D8%B1%D8%AF%DB%8C-%D8%A8%DB%95%D8%B1%DA%AF%DB%8E-%D8%A6%DB%8E%DA%A9%DB%8E,11co6_bd76a1cb.pdf,1199076,application/pdf
https://zcks.uoz.edu.krd/wp-content/uploads/34co6.pdf,https://zcks.uoz.edu.krd/?product=%D9%81%DB%86%D9%84%DA%A9%D9%84%DB%86%D8%B1%DB%8E-%DA%A9%D9%88%D8%B1%D8%AF%DB%8C-%D8%A8%DB%95%D8%B1%DA%AF%DB%8E-%D8%A6%DB%8E%DA%A9%DB%8E,34co6_c2f4fd60.pdf,929777,application/pdf
https://zcks.uoz.edu.krd/wp-content/uploads/5co6.pdf,https://zcks.uoz.edu.krd/?product=%D9%81%DB%86%D9%84%DA%A9%D9%84%DB%86%D8%B1%DB%8E-%DA%A9%D9%88%D8%B1%D8%AF%DB%8C-%D8%A8%DB%95%D8%B1%DA%AF%DB%8E-%D8%A6%DB%8E%DA%A9%DB%8E,5co6_54e054ab.pdf,961545,application/pdf
https://zcks.uoz.edu.krd/wp-content/uploads/26co6.pdf,https://zcks.uoz.edu.krd/?product=%D9%81%DB%86%D9%84%DA%A9%D9%84%DB%86%D8%B1%DB%8E-%DA%A9%D9%88%D8%B1%D8%AF%DB%8C-%D8%A8%DB%95%D8%B1%DA%AF%DB%8E-%D8%A6%DB%8E%DA%A9%DB%8E,26co6_406059ca.pdf,568891,application/pdf
https://zcks.uoz.edu.krd/wp-content/uploads/44co6.pdf,https://zcks.uoz.edu.krd/?product=%D9%81%DB%86%D9%84%DA%A9%D9%84%DB%86%D8%B1%DB%8E-%DA%A9%D9%88%D8%B1%D8%AF%DB%8C-%D8%A8%DB%95%D8%B1%DA%AF%DB%8E-%D8%A6%DB%8E%DA%A9%DB%8E,44co6_147deb69.pdf,564146,application/pdf
https://zcks.uoz.edu.krd/wp-content/uploads/32co6.pdf,https://zcks.uoz.edu.krd/?product=%D9%81%DB%86%D9%84%DA%A9%D9%84%DB%86%D8%B1%DB%8E-%DA%A9%D9%88%D8%B1%D8%AF%DB%8C-%D8%A8%DB%95%D8%B1%DA%AF%DB%8E-%D8%A6%DB%8E%DA%A9%DB%8E,32co6_a9bf3315.pdf,905952,application/pdf
https://zcks.uoz.edu.krd/wp-content/uploads/20co6.pdf,https://zcks.uoz.edu.krd/?product=%D9%81%DB%86%D9%84%DA%A9%D9%84%DB%86%D8%B1%DB%8E-%DA%A9%D9%88%D8%B1%D8%AF%DB%8C-%D8%A8%DB%95%D8%B1%DA%AF%DB%8E-%D8%A6%DB%8E%DA%A9%DB%8E,20co6_ec51cee5.pdf,999696,application/pdf
https://zcks.uoz.edu.krd/wp-content/uploads/9co6.pdf,https://zcks.uoz.edu.krd/?product=%D9%81%DB%86%D9%84%DA%A9%D9%84%DB%86%D8%B1%DB%8E-%DA%A9%D9%88%D8%B1%D8%AF%DB%8C-%D8%A8%DB%95%D8%B1%DA%AF%DB%8E-%D8%A6%DB%8E%DA%A9%DB%8E,9co6_56ef4bc5.pdf,747591,application/pdf
https://zcks.uoz.edu.krd/wp-content/uploads/7co6.pdf,https://zcks.uoz.edu.krd/?product=%D9%81%DB%86%D9%84%DA%A9%D9%84%DB%86%D8%B1%DB%8E-%DA%A9%D9%88%D8%B1%D8%AF%DB%8C-%D8%A8%DB%95%D8%B1%DA%AF%DB%8E-%D8%A6%DB%8E%DA%A9%DB%8E,7co6_a8e32ec3.pdf,1114486,application/pdf
https://zcks.uoz.edu.krd/wp-content/uploads/12co6.pdf,https://zcks.uoz.edu.krd/?product=%D9%81%DB%86%D9%84%DA%A9%D9%84%DB%86%D8%B1%DB%8E-%DA%A9%D9%88%D8%B1%D8%AF%DB%8C-%D8%A8%DB%95%D8%B1%DA%AF%DB%8E-%D8%A6%DB%8E%DA%A9%DB%8E,12co6_e7a59d02.pdf,1239434,application/pdf
https://zcks.uoz.edu.krd/wp-content/uploads/43co6.pdf,https://zcks.uoz.edu.krd/?product=%D9%81%DB%86%D9%84%DA%A9%D9%84%DB%86%D8%B1%DB%8E-%DA%A9%D9%88%D8%B1%D8%AF%DB%8C-%D8%A8%DB%95%D8%B1%DA%AF%DB%8E-%D8%A6%DB%8E%DA%A9%DB%8E,43co6_03940d81.pdf,602328,application/pdf
https://zcks.uoz.edu.krd/wp-content/uploads/45co6.pdf,https://zcks.uoz.edu.krd/?product=%D9%81%DB%86%D9%84%DA%A9%D9%84%DB%86%D8%B1%DB%8E-%DA%A9%D9%88%D8%B1%D8%AF%DB%8C-%D8%A8%DB%95%D8%B1%DA%AF%DB%8E-%D8%A6%DB%8E%DA%A9%DB%8E,45co6_9a8807a3.pdf,875381,application/pdf
https://zcks.uoz.edu.krd/wp-content/uploads/15co6.pdf,https://zcks.uoz.edu.krd/?product=%D9%81%DB%86%D9%84%DA%A9%D9%84%DB%86%D8%B1%DB%8E-%DA%A9%D9%88%D8%B1%D8%AF%DB%8C-%D8%A8%DB%95%D8%B1%DA%AF%DB%8E-%D8%A6%DB%8E%DA%A9%DB%8E,15co6_8f4ae974.pdf,680257,application/pdf
https://zcks.uoz.edu.krd/wp-content/uploads/36co6.pdf,https://zcks.uoz.edu.krd/?product=%D9%81%DB%86%D9%84%DA%A9%D9%84%DB%86%D8%B1%DB%8E-%DA%A9%D9%88%D8%B1%D8%AF%DB%8C-%D8%A8%DB%95%D8%B1%DA%AF%DB%8E-%D8%A6%DB%8E%DA%A9%DB%8E,36co6_c5840ddb.pdf,1059690,application/pdf
https://zcks.uoz.edu.krd/wp-content/uploads/41co6.pdf,https://zcks.uoz.edu.krd/?product=%D9%81%DB%86%D9%84%DA%A9%D9%84%DB%86%D8%B1%DB%8E-%DA%A9%D9%88%D8%B1%D8%AF%DB%8C-%D8%A8%DB%95%D8%B1%DA%AF%DB%8E-%D8%A6%DB%8E%DA%A9%DB%8E,41co6_6ba95488.pdf,805064,application/pdf
https://zcks.uoz.edu.krd/wp-content/uploads/30co6.pdf,https://zcks.uoz.edu.krd/?product=%D9%81%DB%86%D9%84%DA%A9%D9%84%DB%86%D8%B1%DB%8E-%DA%A9%D9%88%D8%B1%D8%AF%DB%8C-%D8%A8%DB%95%D8%B1%DA%AF%DB%8E-%D8%A6%DB%8E%DA%A9%DB%8E,30co6_ea234c03.pdf,892723,application/pdf
https://zcks.uoz.edu.krd/wp-content/uploads/13co6.pdf,https://zcks.uoz.edu.krd/?product=%D9%81%DB%86%D9%84%DA%A9%D9%84%DB%86%D8%B1%DB%8E-%DA%A9%D9%88%D8%B1%D8%AF%DB%8C-%D8%A8%DB%95%D8%B1%DA%AF%DB%8E-%D8%A6%DB%8E%DA%A9%DB%8E,13co6_cb92e5e3.pdf,1092238,application/pdf
https://zcks.uoz.edu.krd/wp-content/uploads/27co6.pdf,https://zcks.uoz.edu.krd/?product=%D9%81%DB%86%D9%84%DA%A9%D9%84%DB%86%D8%B1%DB%8E-%DA%A9%D9%88%D8%B1%D8%AF%DB%8C-%D8%A8%DB%95%D8%B1%DA%AF%DB%8E-%D8%A6%DB%8E%DA%A9%DB%8E,27co6_419b6127.pdf,1017159,application/pdf
https://zcks.uoz.edu.krd/wp-content/uploads/6co6-1.pdf,https://zcks.uoz.edu.krd/?product=%D9%81%DB%86%D9%84%DA%A9%D9%84%DB%86%D8%B1%DB%8E-%DA%A9%D9%88%D8%B1%D8%AF%DB%8C-%D8%A8%DB%95%D8%B1%DA%AF%DB%8E-%D8%A6%DB%8E%DA%A9%DB%8E,6co6-1_3eb48596.pdf,482519,application/pdf
https://zcks.uoz.edu.krd/wp-content/uploads/7co1.pdf,https://zcks.uoz.edu.krd/?product=%D8%B4%DB%86%DA%95%DB%95%D8%B4%D8%A7-%D8%A6%DB%95%DB%8C%D9%84%D9%88%D9%84%DB%8E,7co1_a2a7c78d.pdf,1217004,application/pdf
https://zcks.uoz.edu.krd/wp-content/uploads/12co1.pdf,https://zcks.uoz.edu.krd/?product=%D8%B4%DB%86%DA%95%DB%95%D8%B4%D8%A7-%D8%A6%DB%95%DB%8C%D9%84%D9%88%D9%84%DB%8E,12co1_568be3a6.pdf,1283985,application/pdf
https://zcks.uoz.edu.krd/wp-content/uploads/9co1.pdf,https://zcks.uoz.edu.krd/?product=%D8%B4%DB%86%DA%95%DB%95%D8%B4%D8%A7-%D8%A6%DB%95%DB%8C%D9%84%D9%88%D9%84%DB%8E,9co1_93ea31e5.pdf,1113406,application/pdf
https://zcks.uoz.edu.krd/wp-content/uploads/15co1.pdf,https://zcks.uoz.edu.krd/?product=%D8%B4%DB%86%DA%95%DB%95%D8%B4%D8%A7-%D8%A6%DB%95%DB%8C%D9%84%D9%88%D9%84%DB%8E,15co1_69cc9dd6.pdf,1365163,application/pdf
https://zcks.uoz.edu.krd/wp-content/uploads/5co1.pdf,https://zcks.uoz.edu.krd/?product=%D8%B4%DB%86%DA%95%DB%95%D8%B4%D8%A7-%D8%A6%DB%95%DB%8C%D9%84%D9%88%D9%84%DB%8E,5co1_b7750d6a.pdf,1280258,application/pdf
https://zcks.uoz.edu.krd/wp-content/uploads/11co1.pdf,https://zcks.uoz.edu.krd/?product=%D8%B4%DB%86%DA%95%DB%95%D8%B4%D8%A7-%D8%A6%DB%95%DB%8C%D9%84%D9%88%D9%84%DB%8E,11co1_557d484d.pdf,1347119,application/pdf
https://zcks.uoz.edu.krd/wp-content/uploads/6co1.pdf,https://zcks.uoz.edu.krd/?product=%D8%B4%DB%86%DA%95%DB%95%D8%B4%D8%A7-%D8%A6%DB%95%DB%8C%D9%84%D9%88%D9%84%DB%8E,6co1_67e13bd8.pdf,1154494,application/pdf
https://zcks.uoz.edu.krd/wp-content/uploads/2co1.pdf,https://zcks.uoz.edu.krd/?product=%D8%B4%DB%86%DA%95%DB%95%D8%B4%D8%A7-%D8%A6%DB%95%DB%8C%D9%84%D9%88%D9%84%DB%8E,2co1_21880f5c.pdf,1139281,application/pdf
https://zcks.uoz.edu.krd/wp-content/uploads/3co1.pdf,https://zcks.uoz.edu.krd/?product=%D8%B4%DB%86%DA%95%DB%95%D8%B4%D8%A7-%D8%A6%DB%95%DB%8C%D9%84%D9%88%D9%84%DB%8E,3co1_f05fbe18.pdf,1708356,application/pdf
https://zcks.uoz.edu.krd/wp-content/uploads/8co1.pdf,https://zcks.uoz.edu.krd/?product=%D8%B4%DB%86%DA%95%DB%95%D8%B4%D8%A7-%D8%A6%DB%95%DB%8C%D9%84%D9%88%D9%84%DB%8E,8co1_2ec8a236.pdf,1005099,application/pdf
https://zcks.uoz.edu.krd/wp-content/uploads/10co1.pdf,https://zcks.uoz.edu.krd/?product=%D8%B4%DB%86%DA%95%DB%95%D8%B4%D8%A7-%D8%A6%DB%95%DB%8C%D9%84%D9%88%D9%84%DB%8E,10co1_4b60a864.pdf,1262623,application/pdf
https://zcks.uoz.edu.krd/wp-content/uploads/13co1.pdf,https://zcks.uoz.edu.krd/?product=%D8%B4%DB%86%DA%95%DB%95%D8%B4%D8%A7-%D8%A6%DB%95%DB%8C%D9%84%D9%88%D9%84%DB%8E,13co1_dd31dfc0.pdf,1408199,application/pdf
https://zcks.uoz.edu.krd/wp-content/uploads/14co1.pdf,https://zcks.uoz.edu.krd/?product=%D8%B4%DB%86%DA%95%DB%95%D8%B4%D8%A7-%D8%A6%DB%95%DB%8C%D9%84%D9%88%D9%84%DB%8E,14co1_be5dfa3e.pdf,1238972,application/pdf
https://zcks.uoz.edu.krd/wp-content/uploads/1co1.pdf,https://zcks.uoz.edu.krd/?product=%D8%B4%DB%86%DA%95%DB%95%D8%B4%D8%A7-%D8%A6%DB%95%DB%8C%D9%84%D9%88%D9%84%DB%8E,1co1_45e541ca.pdf,1819838,application/pdf
https://zcks.uoz.edu.krd/wp-content/uploads/5co2.pdf,https://zcks.uoz.edu.krd/?product=%D8%AF%D9%88%D9%88%DB%95%D9%85%DB%8C%D9%86-%DA%A9%DB%86%D9%86%D9%81%D8%B1%D8%A7%D9%86%D8%B3%DB%8E-%D9%86%D8%A7%DA%A4-%D8%AF%DB%95%D9%88%D9%84%DB%95%D8%AA,5co2_9c966609.pdf,509421,application/pdf
https://zcks.uoz.edu.krd/wp-content/uploads/6co2.pdf,https://zcks.uoz.edu.krd/?product=%D8%AF%D9%88%D9%88%DB%95%D9%85%DB%8C%D9%86-%DA%A9%DB%86%D9%86%D9%81%D8%B1%D8%A7%D9%86%D8%B3%DB%8E-%D9%86%D8%A7%DA%A4-%D8%AF%DB%95%D9%88%D9%84%DB%95%D8%AA,6co2_bd235dd9.pdf,526947,application/pdf
https://zcks.uoz.edu.krd/wp-content/uploads/14co2.pdf,https://zcks.uoz.edu.krd/?product=%D8%AF%D9%88%D9%88%DB%95%D9%85%DB%8C%D9%86-%DA%A9%DB%86%D9%86%D9%81%D8%B1%D8%A7%D9%86%D8%B3%DB%8E-%D9%86%D8%A7%DA%A4-%D8%AF%DB%95%D9%88%D9%84%DB%95%D8%AA,14co2_7d04a2cf.pdf,384807,application/pdf
https://zcks.uoz.edu.krd/wp-content/uploads/4co1.pdf,https://zcks.uoz.edu.krd/?product=%D8%B4%DB%86%DA%95%DB%95%D8%B4%D8%A7-%D8%A6%DB%95%DB%8C%D9%84%D9%88%D9%84%DB%8E,4co1_15f3e75a.pdf,1122529,application/pdf
https://zcks.uoz.edu.krd/wp-content/uploads/10co2.pdf,https://zcks.uoz.edu.krd/?product=%D8%AF%D9%88%D9%88%DB%95%D9%85%DB%8C%D9%86-%DA%A9%DB%86%D9%86%D9%81%D8%B1%D8%A7%D9%86%D8%B3%DB%8E-%D9%86%D8%A7%DA%A4-%D8%AF%DB%95%D9%88%D9%84%DB%95%D8%AA,10co2_161580a0.pdf,763831,application/pdf
https://zcks.uoz.edu.krd/wp-content/uploads/4co2.pdf,https://zcks.uoz.edu.krd/?product=%D8%AF%D9%88%D9%88%DB%95%D9%85%DB%8C%D9%86-%DA%A9%DB%86%D9%86%D9%81%D8%B1%D8%A7%D9%86%D8%B3%DB%8E-%D9%86%D8%A7%DA%A4-%D8%AF%DB%95%D9%88%D9%84%DB%95%D8%AA,4co2_44d48f39.pdf,585325,application/pdf
https://zcks.uoz.edu.krd/wp-content/uploads/13co2.pdf,https://zcks.uoz.edu.krd/?product=%D8%AF%D9%88%D9%88%DB%95%D9%85%DB%8C%D9%86-%DA%A9%DB%86%D9%86%D9%81%D8%B1%D8%A7%D9%86%D8%B3%DB%8E-%D9%86%D8%A7%DA%A4-%D8%AF%DB%95%D9%88%D9%84%DB%95%D8%AA,13co2_3bfc83e8.pdf,347946,application/pdf
https://zcks.uoz.edu.krd/wp-content/uploads/7co2.pdf,https://zcks.uoz.edu.krd/?product=%D8%AF%D9%88%D9%88%DB%95%D9%85%DB%8C%D9%86-%DA%A9%DB%86%D9%86%D9%81%D8%B1%D8%A7%D9%86%D8%B3%DB%8E-%D9%86%D8%A7%DA%A4-%D8%AF%DB%95%D9%88%D9%84%DB%95%D8%AA,7co2_31e9d447.pdf,600046,application/pdf
https://zcks.uoz.edu.krd/wp-content/uploads/1co2.pdf,https://zcks.uoz.edu.krd/?product=%D8%AF%D9%88%D9%88%DB%95%D9%85%DB%8C%D9%86-%DA%A9%DB%86%D9%86%D9%81%D8%B1%D8%A7%D9%86%D8%B3%DB%8E-%D9%86%D8%A7%DA%A4-%D8%AF%DB%95%D9%88%D9%84%DB%95%D8%AA,1co2_59b9aea3.pdf,429336,application/pdf
https://zcks.uoz.edu.krd/wp-content/uploads/12co2.pdf,https://zcks.uoz.edu.krd/?product=%D8%AF%D9%88%D9%88%DB%95%D9%85%DB%8C%D9%86-%DA%A9%DB%86%D9%86%D9%81%D8%B1%D8%A7%D9%86%D8%B3%DB%8E-%D9%86%D8%A7%DA%A4-%D8%AF%DB%95%D9%88%D9%84%DB%95%D8%AA,12co2_48ffe15a.pdf,464616,application/pdf
https://zcks.uoz.edu.krd/wp-content/uploads/9co2.pdf,https://zcks.uoz.edu.krd/?product=%D8%AF%D9%88%D9%88%DB%95%D9%85%DB%8C%D9%86-%DA%A9%DB%86%D9%86%D9%81%D8%B1%D8%A7%D9%86%D8%B3%DB%8E-%D9%86%D8%A7%DA%A4-%D8%AF%DB%95%D9%88%D9%84%DB%95%D8%AA,9co2_95a85f2f.pdf,461992,application/pdf
https://zcks.uoz.edu.krd/wp-content/uploads/8co2.pdf,https://zcks.uoz.edu.krd/?product=%D8%AF%D9%88%D9%88%DB%95%D9%85%DB%8C%D9%86-%DA%A9%DB%86%D9%86%D9%81%D8%B1%D8%A7%D9%86%D8%B3%DB%8E-%D9%86%D8%A7%DA%A4-%D8%AF%DB%95%D9%88%D9%84%DB%95%D8%AA,8co2_db1afa07.pdf,537696,application/pdf
https://zcks.uoz.edu.krd/wp-content/uploads/11co2.pdf,https://zcks.uoz.edu.krd/?product=%D8%AF%D9%88%D9%88%DB%95%D9%85%DB%8C%D9%86-%DA%A9%DB%86%D9%86%D9%81%D8%B1%D8%A7%D9%86%D8%B3%DB%8E-%D9%86%D8%A7%DA%A4-%D8%AF%DB%95%D9%88%D9%84%DB%95%D8%AA,11co2_4f72b60b.pdf,387951,application/pdf
https://zcks.uoz.edu.krd/wp-content/uploads/3co2.pdf,https://zcks.uoz.edu.krd/?product=%D8%AF%D9%88%D9%88%DB%95%D9%85%DB%8C%D9%86-%DA%A9%DB%86%D9%86%D9%81%D8%B1%D8%A7%D9%86%D8%B3%DB%8E-%D9%86%D8%A7%DA%A4-%D8%AF%DB%95%D9%88%D9%84%DB%95%D8%AA,3co2_a2e78a93.pdf,482870,application/pdf
https://zcks.uoz.edu.krd/wp-content/uploads/2co2.pdf,https://zcks.uoz.edu.krd/?product=%D8%AF%D9%88%D9%88%DB%95%D9%85%DB%8C%D9%86-%DA%A9%DB%86%D9%86%D9%81%D8%B1%D8%A7%D9%86%D8%B3%DB%8E-%D9%86%D8%A7%DA%A4-%D8%AF%DB%95%D9%88%D9%84%DB%95%D8%AA,2co2_451274de.pdf,476772,application/pdf
https://zcks.uoz.edu.krd/wp-content/uploads/69co7.pdf,https://zcks.uoz.edu.krd/?product=%D8%AF%DB%95%D9%88%D9%84%DB%95%D8%AA-%D9%88%D9%85%DB%8C%D8%B1%DA%AF%DB%95%DA%BE%DB%8E%D9%86-%DA%A9%D9%88%D8%B1%D8%AF%DB%8C-%D8%A8%DB%95%D8%B1%DA%AF%DB%8E-%D8%AF%D9%88%D9%88%DB%8C%DB%8E,69co7_3feffdc6.pdf,578271,application/pdf
https://zcks.uoz.edu.krd/wp-content/uploads/peshgotn-co7.pdf,https://zcks.uoz.edu.krd/?product=%D8%AF%DB%95%D9%88%D9%84%DB%95%D8%AA-%D9%88%D9%85%DB%8C%D8%B1%DA%AF%DB%95%DA%BE%DB%8E%D9%86-%DA%A9%D9%88%D8%B1%D8%AF%DB%8C-%D8%A8%DB%95%D8%B1%DA%AF%DB%8E-%D8%AF%D9%88%D9%88%DB%8C%DB%8E,peshgotn-co7_82571716.pdf,251692,application/pdf
https://zcks.uoz.edu.krd/wp-content/uploads/66co7.pdf,https://zcks.uoz.edu.krd/?product=%D8%AF%DB%95%D9%88%D9%84%DB%95%D8%AA-%D9%88%D9%85%DB%8C%D8%B1%DA%AF%DB%95%DA%BE%DB%8E%D9%86-%DA%A9%D9%88%D8%B1%D8%AF%DB%8C-%D8%A8%DB%95%D8%B1%DA%AF%DB%8E-%D8%AF%D9%88%D9%88%DB%8C%DB%8E,66co7_00be1374.pdf,441112,application/pdf
https://zcks.uoz.edu.krd/wp-content/uploads/72co7.pdf,https://zcks.uoz.edu.krd/?product=%D8%AF%DB%95%D9%88%D9%84%DB%95%D8%AA-%D9%88%D9%85%DB%8C%D8%B1%DA%AF%DB%95%DA%BE%DB%8E%D9%86-%DA%A9%D9%88%D8%B1%D8%AF%DB%8C-%D8%A8%DB%95%D8%B1%DA%AF%DB%8E-%D8%AF%D9%88%D9%88%DB%8C%DB%8E,72co7_9c0f3a78.pdf,523120,application/pdf
https://zcks.uoz.edu.krd/wp-content/uploads/74co7.pdf,https://zcks.uoz.edu.krd/?product=%D8%AF%DB%95%D9%88%D9%84%DB%95%D8%AA-%D9%88%D9%85%DB%8C%D8%B1%DA%AF%DB%95%DA%BE%DB%8E%D9%86-%DA%A9%D9%88%D8%B1%D8%AF%DB%8C-%D8%A8%DB%95%D8%B1%DA%AF%DB%8E-%D8%AF%D9%88%D9%88%DB%8C%DB%8E,74co7_6638f397.pdf,584668,application/pdf
https://zcks.uoz.edu.krd/wp-content/uploads/70co7.pdf,https://zcks.uoz.edu.krd/?product=%D8%AF%DB%95%D9%88%D9%84%DB%95%D8%AA-%D9%88%D9%85%DB%8C%D8%B1%DA%AF%DB%95%DA%BE%DB%8E%D9%86-%DA%A9%D9%88%D8%B1%D8%AF%DB%8C-%D8%A8%DB%95%D8%B1%DA%AF%DB%8E-%D8%AF%D9%88%D9%88%DB%8C%DB%8E,70co7_52d8b235.pdf,472399,application/pdf
https://zcks.uoz.edu.krd/wp-content/uploads/67co7.pdf,https://zcks.uoz.edu.krd/?product=%D8%AF%DB%95%D9%88%D9%84%DB%95%D8%AA-%D9%88%D9%85%DB%8C%D8%B1%DA%AF%DB%95%DA%BE%DB%8E%D9%86-%DA%A9%D9%88%D8%B1%D8%AF%DB%8C-%D8%A8%DB%95%D8%B1%DA%AF%DB%8E-%D8%AF%D9%88%D9%88%DB%8C%DB%8E,67co7_eecafe97.pdf,603702,application/pdf
https://zcks.uoz.edu.krd/wp-content/uploads/76co7.pdf,https://zcks.uoz.edu.krd/?product=%D8%AF%DB%95%D9%88%D9%84%DB%95%D8%AA-%D9%88%D9%85%DB%8C%D8%B1%DA%AF%DB%95%DA%BE%DB%8E%D9%86-%DA%A9%D9%88%D8%B1%D8%AF%DB%8C-%D8%A8%DB%95%D8%B1%DA%AF%DB%8E-%D8%AF%D9%88%D9%88%DB%8C%DB%8E,76co7_e7cd33e2.pdf,8411339,application/pdf
https://zcks.uoz.edu.krd/wp-content/uploads/63co7.pdf,https://zcks.uoz.edu.krd/?product=%D8%AF%DB%95%D9%88%D9%84%DB%95%D8%AA-%D9%88%D9%85%DB%8C%D8%B1%DA%AF%DB%95%DA%BE%DB%8E%D9%86-%DA%A9%D9%88%D8%B1%D8%AF%DB%8C-%D8%A8%DB%95%D8%B1%DA%AF%DB%8E-%D8%AF%D9%88%D9%88%DB%8C%DB%8E,63co7_c55904f5.pdf,637328,application/pdf
https://zcks.uoz.edu.krd/wp-content/uploads/62co7.pdf,https://zcks.uoz.edu.krd/?product=%D8%AF%DB%95%D9%88%D9%84%DB%95%D8%AA-%D9%88%D9%85%DB%8C%D8%B1%DA%AF%DB%95%DA%BE%DB%8E%D9%86-%DA%A9%D9%88%D8%B1%D8%AF%DB%8C-%D8%A8%DB%95%D8%B1%DA%AF%DB%8E-%D8%AF%D9%88%D9%88%DB%8C%DB%8E,62co7_1ec5554d.pdf,498185,application/pdf
https://zcks.uoz.edu.krd/wp-content/uploads/57co7.pdf,https://zcks.uoz.edu.krd/?product=%D8%AF%DB%95%D9%88%D9%84%DB%95%D8%AA-%D9%88%D9%85%DB%8C%D8%B1%DA%AF%DB%95%DA%BE%DB%8E%D9%86-%DA%A9%D9%88%D8%B1%D8%AF%DB%8C-%D8%A8%DB%95%D8%B1%DA%AF%DB%8E-%D8%AF%D9%88%D9%88%DB%8C%DB%8E,57co7_521b58c7.pdf,371788,application/pdf
https://zcks.uoz.edu.krd/wp-content/uploads/75co7.pdf,https://zcks.uoz.edu.krd/?product=%D8%AF%DB%95%D9%88%D9%84%DB%95%D8%AA-%D9%88%D9%85%DB%8C%D8%B1%DA%AF%DB%95%DA%BE%DB%8E%D9%86-%DA%A9%D9%88%D8%B1%D8%AF%DB%8C-%D8%A8%DB%95%D8%B1%DA%AF%DB%8E-%D8%AF%D9%88%D9%88%DB%8C%DB%8E,75co7_192f2e83.pdf,425287,application/pdf
https://zcks.uoz.edu.krd/wp-content/uploads/59co7.pdf,https://zcks.uoz.edu.krd/?product=%D8%AF%DB%95%D9%88%D9%84%DB%95%D8%AA-%D9%88%D9%85%DB%8C%D8%B1%DA%AF%DB%95%DA%BE%DB%8E%D9%86-%DA%A9%D9%88%D8%B1%D8%AF%DB%8C-%D8%A8%DB%95%D8%B1%DA%AF%DB%8E-%D8%AF%D9%88%D9%88%DB%8C%DB%8E,59co7_f212c816.pdf,782849,application/pdf
https://zcks.uoz.edu.krd/wp-content/uploads/73co7.pdf,https://zcks.uoz.edu.krd/?product=%D8%AF%DB%95%D9%88%D9%84%DB%95%D8%AA-%D9%88%D9%85%DB%8C%D8%B1%DA%AF%DB%95%DA%BE%DB%8E%D9%86-%DA%A9%D9%88%D8%B1%D8%AF%DB%8C-%D8%A8%DB%95%D8%B1%DA%AF%DB%8E-%D8%AF%D9%88%D9%88%DB%8C%DB%8E,73co7_00c985a6.pdf,460495,application/pdf
https://zcks.uoz.edu.krd/wp-content/uploads/54co7.pdf,https://zcks.uoz.edu.krd/?product=%D8%AF%DB%95%D9%88%D9%84%DB%95%D8%AA-%D9%88%D9%85%DB%8C%D8%B1%DA%AF%DB%95%DA%BE%DB%8E%D9%86-%DA%A9%D9%88%D8%B1%D8%AF%DB%8C-%D8%A8%DB%95%D8%B1%DA%AF%DB%8E-%D8%AF%D9%88%D9%88%DB%8C%DB%8E,54co7_001f9748.pdf,785148,application/pdf
https://zcks.uoz.edu.krd/wp-content/uploads/64co7.pdf,https://zcks.uoz.edu.krd/?product=%D8%AF%DB%95%D9%88%D9%84%DB%95%D8%AA-%D9%88%D9%85%DB%8C%D8%B1%DA%AF%DB%95%DA%BE%DB%8E%D9%86-%DA%A9%D9%88%D8%B1%D8%AF%DB%8C-%D8%A8%DB%95%D8%B1%DA%AF%DB%8E-%D8%AF%D9%88%D9%88%DB%8C%DB%8E,64co7_5156cfcd.pdf,719755,application/pdf
https://zcks.uoz.edu.krd/wp-content/uploads/51co7.pdf,https://zcks.uoz.edu.krd/?product=%D8%AF%DB%95%D9%88%D9%84%DB%95%D8%AA-%D9%88%D9%85%DB%8C%D8%B1%DA%AF%DB%95%DA%BE%DB%8E%D9%86-%DA%A9%D9%88%D8%B1%D8%AF%DB%8C-%D8%A8%DB%95%D8%B1%DA%AF%DB%8E-%D8%AF%D9%88%D9%88%DB%8C%DB%8E,51co7_a45c47ca.pdf,401543,application/pdf
https://zcks.uoz.edu.krd/wp-content/uploads/58co7.pdf,https://zcks.uoz.edu.krd/?product=%D8%AF%DB%95%D9%88%D9%84%DB%95%D8%AA-%D9%88%D9%85%DB%8C%D8%B1%DA%AF%DB%95%DA%BE%DB%8E%D9%86-%DA%A9%D9%88%D8%B1%D8%AF%DB%8C-%D8%A8%DB%95%D8%B1%DA%AF%DB%8E-%D8%AF%D9%88%D9%88%DB%8C%DB%8E,58co7_5cce5045.pdf,432398,application/pdf
https://zcks.uoz.edu.krd/wp-content/uploads/68co7.pdf,https://zcks.uoz.edu.krd/?product=%D8%AF%DB%95%D9%88%D9%84%DB%95%D8%AA-%D9%88%D9%85%DB%8C%D8%B1%DA%AF%DB%95%DA%BE%DB%8E%D9%86-%DA%A9%D9%88%D8%B1%D8%AF%DB%8C-%D8%A8%DB%95%D8%B1%DA%AF%DB%8E-%D8%AF%D9%88%D9%88%DB%8C%DB%8E,68co7_89ca3d4b.pdf,2328679,application/pdf
https://zcks.uoz.edu.krd/wp-content/uploads/53co7.pdf,https://zcks.uoz.edu.krd/?product=%D8%AF%DB%95%D9%88%D9%84%DB%95%D8%AA-%D9%88%D9%85%DB%8C%D8%B1%DA%AF%DB%95%DA%BE%DB%8E%D9%86-%DA%A9%D9%88%D8%B1%D8%AF%DB%8C-%D8%A8%DB%95%D8%B1%DA%AF%DB%8E-%D8%AF%D9%88%D9%88%DB%8C%DB%8E,53co7_b15628b8.pdf,1324026,application/pdf
https://zcks.uoz.edu.krd/wp-content/uploads/71co7.pdf,https://zcks.uoz.edu.krd/?product=%D8%AF%DB%95%D9%88%D9%84%DB%95%D8%AA-%D9%88%D9%85%DB%8C%D8%B1%DA%AF%DB%95%DA%BE%DB%8E%D9%86-%DA%A9%D9%88%D8%B1%D8%AF%DB%8C-%D8%A8%DB%95%D8%B1%DA%AF%DB%8E-%D8%AF%D9%88%D9%88%DB%8C%DB%8E,71co7_bd01907a.pdf,477254,application/pdf
https://zcks.uoz.edu.krd/wp-content/uploads/52co7.pdf,https://zcks.uoz.edu.krd/?product=%D8%AF%DB%95%D9%88%D9%84%DB%95%D8%AA-%D9%88%D9%85%DB%8C%D8%B1%DA%AF%DB%95%DA%BE%DB%8E%D9%86-%DA%A9%D9%88%D8%B1%D8%AF%DB%8C-%D8%A8%DB%95%D8%B1%DA%AF%DB%8E-%D8%AF%D9%88%D9%88%DB%8C%DB%8E,52co7_1f1870e8.pdf,4844230,application/pdf
https://zcks.uoz.edu.krd/wp-content/uploads/61co7.pdf,https://zcks.uoz.edu.krd/?product=%D8%AF%DB%95%D9%88%D9%84%DB%95%D8%AA-%D9%88%D9%85%DB%8C%D8%B1%DA%AF%DB%95%DA%BE%DB%8E%D9%86-%DA%A9%D9%88%D8%B1%D8%AF%DB%8C-%D8%A8%DB%95%D8%B1%DA%AF%DB%8E-%D8%AF%D9%88%D9%88%DB%8C%DB%8E,61co7_26e5357e.pdf,540792,application/pdf
https://zcks.uoz.edu.krd/wp-content/uploads/60co7.pdf,https://zcks.uoz.edu.krd/?product=%D8%AF%DB%95%D9%88%D9%84%DB%95%D8%AA-%D9%88%D9%85%DB%8C%D8%B1%DA%AF%DB%95%DA%BE%DB%8E%D9%86-%DA%A9%D9%88%D8%B1%D8%AF%DB%8C-%D8%A8%DB%95%D8%B1%DA%AF%DB%8E-%D8%AF%D9%88%D9%88%DB%8C%DB%8E,60co7_264af99d.pdf,545890,application/pdf
https://zcks.uoz.edu.krd/wp-content/uploads/55co7.pdf,https://zcks.uoz.edu.krd/?product=%D8%AF%DB%95%D9%88%D9%84%DB%95%D8%AA-%D9%88%D9%85%DB%8C%D8%B1%DA%AF%DB%95%DA%BE%DB%8E%D9%86-%DA%A9%D9%88%D8%B1%D8%AF%DB%8C-%D8%A8%DB%95%D8%B1%DA%AF%DB%8E-%D8%AF%D9%88%D9%88%DB%8C%DB%8E,55co7_a9d90c6a.pdf,412918,application/pdf
https://zcks.uoz.edu.krd/wp-content/uploads/56co7.pdf,https://zcks.uoz.edu.krd/?product=%D8%AF%DB%95%D9%88%D9%84%DB%95%D8%AA-%D9%88%D9%85%DB%8C%D8%B1%DA%AF%DB%95%DA%BE%DB%8E%D9%86-%DA%A9%D9%88%D8%B1%D8%AF%DB%8C-%D8%A8%DB%95%D8%B1%DA%AF%DB%8E-%D8%AF%D9%88%D9%88%DB%8C%DB%8E,56co7_f5b0abb5.pdf,520956,application/pdf
https://zcks.uoz.edu.krd/wp-content/uploads/65co7.pdf,https://zcks.uoz.edu.krd/?product=%D8%AF%DB%95%D9%88%D9%84%DB%95%D8%AA-%D9%88%D9%85%DB%8C%D8%B1%DA%AF%DB%95%DA%BE%DB%8E%D9%86-%DA%A9%D9%88%D8%B1%D8%AF%DB%8C-%D8%A8%DB%95%D8%B1%DA%AF%DB%8E-%D8%AF%D9%88%D9%88%DB%8C%DB%8E,65co7_10ce04c8.pdf,565109,application/pdf
https://zcks.uoz.edu.krd/wp-content/uploads/21co8.pdf,https://zcks.uoz.edu.krd/?product=%DA%98-%D8%A6%DB%8E%D9%83%DA%AF%D8%B1%D8%AA%D9%86%DB%8E-%D8%A8%DB%86-%DA%98%DB%8E%D9%83%DA%A4%DB%95%D8%A8%D9%88%D9%88%D9%86%DB%8E,21co8_4be35eee.pdf,1079075,application/pdf
https://zcks.uoz.edu.krd/wp-content/uploads/22co8.pdf,https://zcks.uoz.edu.krd/?product=%DA%98-%D8%A6%DB%8E%D9%83%DA%AF%D8%B1%D8%AA%D9%86%DB%8E-%D8%A8%DB%86-%DA%98%DB%8E%D9%83%DA%A4%DB%95%D8%A8%D9%88%D9%88%D9%86%DB%8E,22co8_785f5963.pdf,1435076,application/pdf
https://zcks.uoz.edu.krd/wp-content/uploads/17co8.pdf,https://zcks.uoz.edu.krd/?product=%DA%98-%D8%A6%DB%8E%D9%83%DA%AF%D8%B1%D8%AA%D9%86%DB%8E-%D8%A8%DB%86-%DA%98%DB%8E%D9%83%DA%A4%DB%95%D8%A8%D9%88%D9%88%D9%86%DB%8E,17co8_8bae5374.pdf,1871493,application/pdf
https://zcks.uoz.edu.krd/wp-content/uploads/29co8.pdf,https://zcks.uoz.edu.krd/?product=%DA%98-%D8%A6%DB%8E%D9%83%DA%AF%D8%B1%D8%AA%D9%86%DB%8E-%D8%A8%DB%86-%DA%98%DB%8E%D9%83%DA%A4%DB%95%D8%A8%D9%88%D9%88%D9%86%DB%8E,29co8_f416e240.pdf,759091,application/pdf
https://zcks.uoz.edu.krd/wp-content/uploads/1co8.pdf,https://zcks.uoz.edu.krd/?product=%DA%98-%D8%A6%DB%8E%D9%83%DA%AF%D8%B1%D8%AA%D9%86%DB%8E-%D8%A8%DB%86-%DA%98%DB%8E%D9%83%DA%A4%DB%95%D8%A8%D9%88%D9%88%D9%86%DB%8E,1co8_ad1f1693.pdf,1300560,application/pdf
https://zcks.uoz.edu.krd/wp-content/uploads/41co8.pdf,https://zcks.uoz.edu.krd/?product=%DA%98-%D8%A6%DB%8E%D9%83%DA%AF%D8%B1%D8%AA%D9%86%DB%8E-%D8%A8%DB%86-%DA%98%DB%8E%D9%83%DA%A4%DB%95%D8%A8%D9%88%D9%88%D9%86%DB%8E,41co8_c4de0e57.pdf,701001,application/pdf
https://zcks.uoz.edu.krd/wp-content/uploads/19co8.pdf,https://zcks.uoz.edu.krd/?product=%DA%98-%D8%A6%DB%8E%D9%83%DA%AF%D8%B1%D8%AA%D9%86%DB%8E-%D8%A8%DB%86-%DA%98%DB%8E%D9%83%DA%A4%DB%95%D8%A8%D9%88%D9%88%D9%86%DB%8E,19co8_4c6e9e79.pdf,1290617,application/pdf
https://zcks.uoz.edu.krd/wp-content/uploads/4co8.pdf,https://zcks.uoz.edu.krd/?product=%DA%98-%D8%A6%DB%8E%D9%83%DA%AF%D8%B1%D8%AA%D9%86%DB%8E-%D8%A8%DB%86-%DA%98%DB%8E%D9%83%DA%A4%DB%95%D8%A8%D9%88%D9%88%D9%86%DB%8E,4co8_87db8cad.pdf,808406,application/pdf
https://zcks.uoz.edu.krd/wp-content/uploads/27co8.pdf,https://zcks.uoz.edu.krd/?product=%DA%98-%D8%A6%DB%8E%D9%83%DA%AF%D8%B1%D8%AA%D9%86%DB%8E-%D8%A8%DB%86-%DA%98%DB%8E%D9%83%DA%A4%DB%95%D8%A8%D9%88%D9%88%D9%86%DB%8E,27co8_3c50ac9d.pdf,992470,application/pdf
https://zcks.uoz.edu.krd/wp-content/uploads/2co8.pdf,https://zcks.uoz.edu.krd/?product=%DA%98-%D8%A6%DB%8E%D9%83%DA%AF%D8%B1%D8%AA%D9%86%DB%8E-%D8%A8%DB%86-%DA%98%DB%8E%D9%83%DA%A4%DB%95%D8%A8%D9%88%D9%88%D9%86%DB%8E,2co8_7cc3054f.pdf,1120188,application/pdf
https://zcks.uoz.edu.krd/wp-content/uploads/39co8.pdf,https://zcks.uoz.edu.krd/?product=%DA%98-%D8%A6%DB%8E%D9%83%DA%AF%D8%B1%D8%AA%D9%86%DB%8E-%D8%A8%DB%86-%DA%98%DB%8E%D9%83%DA%A4%DB%95%D8%A8%D9%88%D9%88%D9%86%DB%8E,39co8_f86da81d.pdf,645291,application/pdf
https://zcks.uoz.edu.krd/wp-content/uploads/23co8.pdf,https://zcks.uoz.edu.krd/?product=%DA%98-%D8%A6%DB%8E%D9%83%DA%AF%D8%B1%D8%AA%D9%86%DB%8E-%D8%A8%DB%86-%DA%98%DB%8E%D9%83%DA%A4%DB%95%D8%A8%D9%88%D9%88%D9%86%DB%8E,23co8_ab93dcc2.pdf,3013807,application/pdf
https://zcks.uoz.edu.krd/wp-content/uploads/24co8.pdf,https://zcks.uoz.edu.krd/?product=%DA%98-%D8%A6%DB%8E%D9%83%DA%AF%D8%B1%D8%AA%D9%86%DB%8E-%D8%A8%DB%86-%DA%98%DB%8E%D9%83%DA%A4%DB%95%D8%A8%D9%88%D9%88%D9%86%DB%8E,24co8_ed96e5ac.pdf,1813655,application/pdf
https://zcks.uoz.edu.krd/wp-content/uploads/15co8.pdf,https://zcks.uoz.edu.krd/?product=%DA%98-%D8%A6%DB%8E%D9%83%DA%AF%D8%B1%D8%AA%D9%86%DB%8E-%D8%A8%DB%86-%DA%98%DB%8E%D9%83%DA%A4%DB%95%D8%A8%D9%88%D9%88%D9%86%DB%8E,15co8_5cb57fb2.pdf,1780428,application/pdf
https://zcks.uoz.edu.krd/wp-content/uploads/25co8.pdf,https://zcks.uoz.edu.krd/?product=%DA%98-%D8%A6%DB%8E%D9%83%DA%AF%D8%B1%D8%AA%D9%86%DB%8E-%D8%A8%DB%86-%DA%98%DB%8E%D9%83%DA%A4%DB%95%D8%A8%D9%88%D9%88%D9%86%DB%8E,25co8_bc0a5bc7.pdf,1300160,application/pdf
https://zcks.uoz.edu.krd/wp-content/uploads/9co8.pdf,https://zcks.uoz.edu.krd/?product=%DA%98-%D8%A6%DB%8E%D9%83%DA%AF%D8%B1%D8%AA%D9%86%DB%8E-%D8%A8%DB%86-%DA%98%DB%8E%D9%83%DA%A4%DB%95%D8%A8%D9%88%D9%88%D9%86%DB%8E,9co8_12f1dc77.pdf,1065353,application/pdf
https://zcks.uoz.edu.krd/wp-content/uploads/18co8.pdf,https://zcks.uoz.edu.krd/?product=%DA%98-%D8%A6%DB%8E%D9%83%DA%AF%D8%B1%D8%AA%D9%86%DB%8E-%D8%A8%DB%86-%DA%98%DB%8E%D9%83%DA%A4%DB%95%D8%A8%D9%88%D9%88%D9%86%DB%8E,18co8_0012af9b.pdf,1183772,application/pdf
https://zcks.uoz.edu.krd/wp-content/uploads/20co8.pdf,https://zcks.uoz.edu.krd/?product=%DA%98-%D8%A6%DB%8E%D9%83%DA%AF%D8%B1%D8%AA%D9%86%DB%8E-%D8%A8%DB%86-%DA%98%DB%8E%D9%83%DA%A4%DB%95%D8%A8%D9%88%D9%88%D9%86%DB%8E,20co8_605c3305.pdf,1203509,application/pdf
https://zcks.uoz.edu.krd/wp-content/uploads/7co8.pdf,https://zcks.uoz.edu.krd/?product=%DA%98-%D8%A6%DB%8E%D9%83%DA%AF%D8%B1%D8%AA%D9%86%DB%8E-%D8%A8%DB%86-%DA%98%DB%8E%D9%83%DA%A4%DB%95%D8%A8%D9%88%D9%88%D9%86%DB%8E,7co8_7625c956.pdf,2737017,application/pdf
https://zcks.uoz.edu.krd/wp-content/uploads/3co8.pdf,https://zcks.uoz.edu.krd/?product=%DA%98-%D8%A6%DB%8E%D9%83%DA%AF%D8%B1%D8%AA%D9%86%DB%8E-%D8%A8%DB%86-%DA%98%DB%8E%D9%83%DA%A4%DB%95%D8%A8%D9%88%D9%88%D9%86%DB%8E,3co8_8f6dfe7f.pdf,1051769,application/pdf
https://zcks.uoz.edu.krd/wp-content/uploads/28co8.pdf,https://zcks.uoz.edu.krd/?product=%DA%98-%D8%A6%DB%8E%D9%83%DA%AF%D8%B1%D8%AA%D9%86%DB%8E-%D8%A8%DB%86-%DA%98%DB%8E%D9%83%DA%A4%DB%95%D8%A8%D9%88%D9%88%D9%86%DB%8E,28co8_8ca443c3.pdf,821923,application/pdf
https://zcks.uoz.edu.krd/wp-content/uploads/38co8.pdf,https://zcks.uoz.edu.krd/?product=%DA%98-%D8%A6%DB%8E%D9%83%DA%AF%D8%B1%D8%AA%D9%86%DB%8E-%D8%A8%DB%86-%DA%98%DB%8E%D9%83%DA%A4%DB%95%D8%A8%D9%88%D9%88%D9%86%DB%8E,38co8_a12012ef.pdf,1745160,application/pdf
https://zcks.uoz.edu.krd/wp-content/uploads/5co8.pdf,https://zcks.uoz.edu.krd/?product=%DA%98-%D8%A6%DB%8E%D9%83%DA%AF%D8%B1%D8%AA%D9%86%DB%8E-%D8%A8%DB%86-%DA%98%DB%8E%D9%83%DA%A4%DB%95%D8%A8%D9%88%D9%88%D9%86%DB%8E,5co8_5504dcc2.pdf,1220158,application/pdf
https://zcks.uoz.edu.krd/wp-content/uploads/16co8.pdf,https://zcks.uoz.edu.krd/?product=%DA%98-%D8%A6%DB%8E%D9%83%DA%AF%D8%B1%D8%AA%D9%86%DB%8E-%D8%A8%DB%86-%DA%98%DB%8E%D9%83%DA%A4%DB%95%D8%A8%D9%88%D9%88%D9%86%DB%8E,16co8_fe011e36.pdf,1664672,application/pdf
https://zcks.uoz.edu.krd/wp-content/uploads/8co8.pdf,https://zcks.uoz.edu.krd/?product=%DA%98-%D8%A6%DB%8E%D9%83%DA%AF%D8%B1%D8%AA%D9%86%DB%8E-%D8%A8%DB%86-%DA%98%DB%8E%D9%83%DA%A4%DB%95%D8%A8%D9%88%D9%88%D9%86%DB%8E,8co8_560cc883.pdf,1160785,application/pdf
https://zcks.uoz.edu.krd/wp-content/uploads/پیشکیشکرن-co8.pdf,https://zcks.uoz.edu.krd/?product=%DA%98-%D8%A6%DB%8E%D9%83%DA%AF%D8%B1%D8%AA%D9%86%DB%8E-%D8%A8%DB%86-%DA%98%DB%8E%D9%83%DA%A4%DB%95%D8%A8%D9%88%D9%88%D9%86%DB%8E,پیشکیشکرن-co8_0abde188.pdf,253880,application/pdf
https://zcks.uoz.edu.krd/wp-content/uploads/11co8.pdf,https://zcks.uoz.edu.krd/?product=%DA%98-%D8%A6%DB%8E%D9%83%DA%AF%D8%B1%D8%AA%D9%86%DB%8E-%D8%A8%DB%86-%DA%98%DB%8E%D9%83%DA%A4%DB%95%D8%A8%D9%88%D9%88%D9%86%DB%8E,11co8_7c2e0d67.pdf,1008162,application/pdf
https://zcks.uoz.edu.krd/wp-content/uploads/35co8.pdf,https://zcks.uoz.edu.krd/?product=%DA%98-%D8%A6%DB%8E%D9%83%DA%AF%D8%B1%D8%AA%D9%86%DB%8E-%D8%A8%DB%86-%DA%98%DB%8E%D9%83%DA%A4%DB%95%D8%A8%D9%88%D9%88%D9%86%DB%8E,35co8_1a095a91.pdf,1935548,application/pdf
https://zcks.uoz.edu.krd/wp-content/uploads/10co8.pdf,https://zcks.uoz.edu.krd/?product=%DA%98-%D8%A6%DB%8E%D9%83%DA%AF%D8%B1%D8%AA%D9%86%DB%8E-%D8%A8%DB%86-%DA%98%DB%8E%D9%83%DA%A4%DB%95%D8%A8%D9%88%D9%88%D9%86%DB%8E,10co8_66603d3a.pdf,1150796,application/pdf
https://zcks.uoz.edu.krd/wp-content/uploads/33co8.pdf,https://zcks.uoz.edu.krd/?product=%DA%98-%D8%A6%DB%8E%D9%83%DA%AF%D8%B1%D8%AA%D9%86%DB%8E-%D8%A8%DB%86-%DA%98%DB%8E%D9%83%DA%A4%DB%95%D8%A8%D9%88%D9%88%D9%86%DB%8E,33co8_a716c2b4.pdf,1247365,application/pdf
https://zcks.uoz.edu.krd/wp-content/uploads/36co8.pdf,https://zcks.uoz.edu.krd/?product=%DA%98-%D8%A6%DB%8E%D9%83%DA%AF%D8%B1%D8%AA%D9%86%DB%8E-%D8%A8%DB%86-%DA%98%DB%8E%D9%83%DA%A4%DB%95%D8%A8%D9%88%D9%88%D9%86%DB%8E,36co8_c8b39a04.pdf,1158793,application/pdf
https://zcks.uoz.edu.krd/wp-content/uploads/26co8.pdf,https://zcks.uoz.edu.krd/?product=%DA%98-%D8%A6%DB%8E%D9%83%DA%AF%D8%B1%D8%AA%D9%86%DB%8E-%D8%A8%DB%86-%DA%98%DB%8E%D9%83%DA%A4%DB%95%D8%A8%D9%88%D9%88%D9%86%DB%8E,26co8_572c4312.pdf,1957409,application/pdf
https://zcks.uoz.edu.krd/wp-content/uploads/التقديم-1.pdf,https://zcks.uoz.edu.krd/?product=%DA%98-%D8%A6%DB%8E%D9%83%DA%AF%D8%B1%D8%AA%D9%86%DB%8E-%D8%A8%DB%86-%DA%98%DB%8E%D9%83%DA%A4%DB%95%D8%A8%D9%88%D9%88%D9%86%DB%8E,التقديم-1_3e0b641a.pdf,247533,application/pdf
https://zcks.uoz.edu.krd/wp-content/uploads/30co8.pdf,https://zcks.uoz.edu.krd/?product=%DA%98-%D8%A6%DB%8E%D9%83%DA%AF%D8%B1%D8%AA%D9%86%DB%8E-%D8%A8%DB%86-%DA%98%DB%8E%D9%83%DA%A4%DB%95%D8%A8%D9%88%D9%88%D9%86%DB%8E,30co8_f29094eb.pdf,900607,application/pdf
https://zcks.uoz.edu.krd/wp-content/uploads/31co8.pdf,https://zcks.uoz.edu.krd/?product=%DA%98-%D8%A6%DB%8E%D9%83%DA%AF%D8%B1%D8%AA%D9%86%DB%8E-%D8%A8%DB%86-%DA%98%DB%8E%D9%83%DA%A4%DB%95%D8%A8%D9%88%D9%88%D9%86%DB%8E,31co8_31a33aa2.pdf,2593027,application/pdf
https://zcks.uoz.edu.krd/wp-content/uploads/40co8.pdf,https://zcks.uoz.edu.krd/?product=%DA%98-%D8%A6%DB%8E%D9%83%DA%AF%D8%B1%D8%AA%D9%86%DB%8E-%D8%A8%DB%86-%DA%98%DB%8E%D9%83%DA%A4%DB%95%D8%A8%D9%88%D9%88%D9%86%DB%8E,40co8_55636c97.pdf,3548693,application/pdf
https://zcks.uoz.edu.krd/wp-content/uploads/peshkish.pdf,https://zcks.uoz.edu.krd/?product=%DA%98-%D8%A6%DB%8E%D9%83%DA%AF%D8%B1%D8%AA%D9%86%DB%8E-%D8%A8%DB%86-%DA%98%DB%8E%D9%83%DA%A4%DB%95%D8%A8%D9%88%D9%88%D9%86%DB%8E,peshkish_03893f2f.pdf,332863,application/pdf
https://zcks.uoz.edu.krd/wp-content/uploads/32co8.pdf,https://zcks.uoz.edu.krd/?product=%DA%98-%D8%A6%DB%8E%D9%83%DA%AF%D8%B1%D8%AA%D9%86%DB%8E-%D8%A8%DB%86-%DA%98%DB%8E%D9%83%DA%A4%DB%95%D8%A8%D9%88%D9%88%D9%86%DB%8E,32co8_aed5ffdf.pdf,2853707,application/pdf
https://zcks.uoz.edu.krd/wp-content/uploads/13co8.pdf,https://zcks.uoz.edu.krd/?product=%DA%98-%D8%A6%DB%8E%D9%83%DA%AF%D8%B1%D8%AA%D9%86%DB%8E-%D8%A8%DB%86-%DA%98%DB%8E%D9%83%DA%A4%DB%95%D8%A8%D9%88%D9%88%D9%86%DB%8E,13co8_7d9d2a57.pdf,1629738,application/pdf
https://zcks.uoz.edu.krd/wp-content/uploads/34co8.pdf,https://zcks.uoz.edu.krd/?product=%DA%98-%D8%A6%DB%8E%D9%83%DA%AF%D8%B1%D8%AA%D9%86%DB%8E-%D8%A8%DB%86-%DA%98%DB%8E%D9%83%DA%A4%DB%95%D8%A8%D9%88%D9%88%D9%86%DB%8E,34co8_49dd7b0f.pdf,903594,application/pdf
https://zcks.uoz.edu.krd/wp-content/uploads/6co8.pdf,https://zcks.uoz.edu.krd/?product=%DA%98-%D8%A6%DB%8E%D9%83%DA%AF%D8%B1%D8%AA%D9%86%DB%8E-%D8%A8%DB%86-%DA%98%DB%8E%D9%83%DA%A4%DB%95%D8%A8%D9%88%D9%88%D9%86%DB%8E,6co8_1a64ac40.pdf,3049610,application/pdf
https://zcks.uoz.edu.krd/wp-content/uploads/37co8.pdf,https://zcks.uoz.edu.krd/?product=%DA%98-%D8%A6%DB%8E%D9%83%DA%AF%D8%B1%D8%AA%D9%86%DB%8E-%D8%A8%DB%86-%DA%98%DB%8E%D9%83%DA%A4%DB%95%D8%A8%D9%88%D9%88%D9%86%DB%8E,37co8_1b8e4de2.pdf,1465629,application/pdf
https://zcks.uoz.edu.krd/wp-content/uploads/14co8.pdf,https://zcks.uoz.edu.krd/?product=%DA%98-%D8%A6%DB%8E%D9%83%DA%AF%D8%B1%D8%AA%D9%86%DB%8E-%D8%A8%DB%86-%DA%98%DB%8E%D9%83%DA%A4%DB%95%D8%A8%D9%88%D9%88%D9%86%DB%8E,14co8_6118ce11.pdf,1089554,application/pdf
https://zcks.uoz.edu.krd/wp-content/uploads/12co8.pdf,https://zcks.uoz.edu.krd/?product=%DA%98-%D8%A6%DB%8E%D9%83%DA%AF%D8%B1%D8%AA%D9%86%DB%8E-%D8%A8%DB%86-%DA%98%DB%8E%D9%83%DA%A4%DB%95%D8%A8%D9%88%D9%88%D9%86%DB%8E,12co8_a80fed4e.pdf,1494307,application/pdf
https://zcks.uoz.edu.krd/wp-content/uploads/هینکەرێ-زمانێ-کوردی-رێبەرێ-زمانی-هەردوو-کوردی-کورمانجی-بابانی.pdf,https://zcks.uoz.edu.krd/?product=%DA%AF%DB%86%DA%A4%D8%A7%D8%B1%D8%A7-%D8%B1%D9%88%D9%88%DA%AF%DB%95%D9%87%D9%80-%DA%98%D9%85%D8%A7%D8%B1%DB%95-%D9%A1%D9%A6-%D9%86%DB%8C%D8%B3%D8%A7%D9%86%D8%A7-%D9%A2%D9%A0%D9%A2%D9%A3,هینکەرێ-زمانێ-کوردی-رێبەرێ-زمانی-هەردوو-کوردی-کورمانجی-بابانی_9985bffe.pdf,4613186,application/pdf
https://zcks.uoz.edu.krd/wp-content/uploads/بەراوردییا-گرنگیدان-ب-ئەدەبیاتا-نڤیسكى-یا-زارۆكان-د-ناڤبەرا-نڤیسەرێن-كوردستانێ-و-ئیرانێدا.pdf,https://zcks.uoz.edu.krd/?product=%DA%AF%DB%86%DA%A4%D8%A7%D8%B1%D8%A7-%D8%B1%D9%88%D9%88%DA%AF%DB%95%D9%87%D9%80-%DA%98%D9%85%D8%A7%D8%B1%DB%95-%D9%A1%D9%A6-%D9%86%DB%8C%D8%B3%D8%A7%D9%86%D8%A7-%D9%A2%D9%A0%D9%A2%D9%A3,بەراوردییا-گرنگیدان-ب-ئەدەبیاتا-نڤیسكى-یا-زارۆكان-د-ناڤبەرا-نڤیسەرێن-كوردستانێ-و-ئیرانێدا_41fff81f.pdf,2448169,application/pdf
https://zcks.uoz.edu.krd/wp-content/uploads/داستانا-کەلا-دم-دم-خواندنەکا-بەراوردکاری-دناڤبەرا-هزرا-نەتەوایەتییا-داستانێ-و-ئەوروپیدا.pdf,https://zcks.uoz.edu.krd/?product=%DA%AF%DB%86%DA%A4%D8%A7%D8%B1%D8%A7-%D8%B1%D9%88%D9%88%DA%AF%DB%95%D9%87%D9%80-%DA%98%D9%85%D8%A7%D8%B1%DB%95-%D9%A1%D9%A6-%D9%86%DB%8C%D8%B3%D8%A7%D9%86%D8%A7-%D9%A2%D9%A0%D9%A2%D9%A3,داستانا-کەلا-دم-دم-خواندنەکا-بەراوردکاری-دناڤبەرا-هزرا-نەتەوایەتییا-داستانێ-و-ئەوروپیدا_0494b78f.pdf,3876913,application/pdf
https://zcks.uoz.edu.krd/wp-content/uploads/تێكەلبوونا-ڕویدانێن-شەڕێن-دمدمێ-ئێكێ-و-دوویێ-و-سێیێ-د-داستانا-كەلا-دمدما-دەڤەرا-هەكاریاندا-1-10.pdf,https://zcks.uoz.edu.krd/?product=%DA%AF%DB%86%DA%A4%D8%A7%D8%B1%D8%A7-%D8%B1%D9%88%D9%88%DA%AF%DB%95%D9%87%D9%80-%DA%98%D9%85%D8%A7%D8%B1%DB%95-%D9%A1%D9%A6-%D9%86%DB%8C%D8%B3%D8%A7%D9%86%D8%A7-%D9%A2%D9%A0%D9%A2%D9%A3,تێكەلبوونا-ڕویدانێن-شەڕێن-دمدمێ-ئێكێ-و-دوویێ-و-سێیێ-د-داستانا-كەلا-دمدما-دەڤەرا-هەكاریاندا-1-10_f743c746.pdf,3999079,application/pdf
https://zcks.uoz.edu.krd/wp-content/uploads/خەییامێ-نیشابوورى-د-ناڤبەرا-وەرگێڕان-و-داهێنانا-شاعرێن-کورددا.pdf,https://zcks.uoz.edu.krd/?product=%DA%AF%DB%86%DA%A4%D8%A7%D8%B1%D8%A7-%D8%B1%D9%88%D9%88%DA%AF%DB%95%D9%87%D9%80-%DA%98%D9%85%D8%A7%D8%B1%DB%95-%D9%A1%D9%A6-%D9%86%DB%8C%D8%B3%D8%A7%D9%86%D8%A7-%D9%A2%D9%A0%D9%A2%D9%A3,خەییامێ-نیشابوورى-د-ناڤبەرا-وەرگێڕان-و-داهێنانا-شاعرێن-کورددا_f05fbbbf.pdf,3091282,application/pdf
https://zcks.uoz.edu.krd/wp-content/uploads/نوژداری-و-نوژدار-و-ڕەوشا-ساخلەمییێ-ل-باشوورێ-كوردستانێ-ل-سەردەمێ-ئوسمانی.pdf,https://zcks.uoz.edu.krd/?product=%DA%AF%DB%86%DA%A4%D8%A7%D8%B1%D8%A7-%D8%B1%D9%88%D9%88%DA%AF%DB%95%D9%87%D9%80-%DA%98%D9%85%D8%A7%D8%B1%DB%95-%D9%A1%D9%A6-%D9%86%DB%8C%D8%B3%D8%A7%D9%86%D8%A7-%D9%A2%D9%A0%D9%A2%D9%A3,نوژداری-و-نوژدار-و-ڕەوشا-ساخلەمییێ-ل-باشوورێ-كوردستانێ-ل-سەردەمێ-ئوسمانی_53b05895.pdf,8035021,application/pdf
https://zcks.uoz.edu.krd/wp-content/uploads/جەنەڕال-فاسۆم-و-ڕێزمانا-ئەوی-یا-کوردی.pdf,https://zcks.uoz.edu.krd/?product=%DA%AF%DB%86%DA%A4%D8%A7%D8%B1%D8%A7-%D8%B1%D9%88%D9%88%DA%AF%DB%95%D9%87%D9%80-%DA%98%D9%85%D8%A7%D8%B1%DB%95-%D9%A1%D9%A6-%D9%86%DB%8C%D8%B3%D8%A7%D9%86%D8%A7-%D9%A2%D9%A0%D9%A2%D9%A3,جەنەڕال-فاسۆم-و-ڕێزمانا-ئەوی-یا-کوردی_240d44ac.pdf,3006590,application/pdf
https://zcks.uoz.edu.krd/wp-content/uploads/كەڤنترین-بەلگەنامەیا-دیرۆكی-سەبارەت-٢٨-هوزێن-كوردان-د-سەدەیێ-٧-مش-١٣ز-خواندنەكا-مێژووی-شروڤەكاری-2-15-2.pdf,https://zcks.uoz.edu.krd/?product=%DA%AF%DB%86%DA%A4%D8%A7%D8%B1%D8%A7-%D8%B1%D9%88%D9%88%DA%AF%DB%95%D9%87%D9%80-%DA%98%D9%85%D8%A7%D8%B1%DB%95-%D9%A1%D9%A6-%D9%86%DB%8C%D8%B3%D8%A7%D9%86%D8%A7-%D9%A2%D9%A0%D9%A2%D9%A3,كەڤنترین-بەلگەنامەیا-دیرۆكی-سەبارەت-٢٨-هوزێن-كوردان-د-سەدەیێ-٧-مش-١٣ز-خواندنەكا-مێژووی-شروڤەكاری-2-15-2_553fc627.pdf,2700984,application/pdf
https://zcks.uoz.edu.krd/wp-content/uploads/شمس-الدینێ-ئەخاڵتى-جارەكا-دن-وریچ-وریچا-بولبولى.pdf,https://zcks.uoz.edu.krd/?product=%DA%AF%DB%86%DA%A4%D8%A7%D8%B1%D8%A7-%D8%B1%D9%88%D9%88%DA%AF%DB%95%D9%87%D9%80-%DA%98%D9%85%D8%A7%D8%B1%DB%95-%D9%A1%D9%A3-%D9%87%D8%A7%DA%A4%DB%8C%D9%86-%D9%88-%D9%BE%D8%A7%DB%8C%DB%8C%D8%B2%D8%A7,شمس-الدینێ-ئەخاڵتى-جارەكا-دن-وریچ-وریچا-بولبولى_b53d5768.pdf,19125717,application/pdf
https://zcks.uoz.edu.krd/wp-content/uploads/مەلا-مەحموود-بیلگه-١٩٠٤-١٩٧٤-موفتيیێ-جزیرێ-یێ-بەرێ.pdf,https://zcks.uoz.edu.krd/?product=%DA%AF%DB%86%DA%A4%D8%A7%D8%B1%D8%A7-%D8%B1%D9%88%D9%88%DA%AF%DB%95%D9%87%D9%80-%DA%98%D9%85%D8%A7%D8%B1%DB%95-%D9%A1%D9%A6-%D9%86%DB%8C%D8%B3%D8%A7%D9%86%D8%A7-%D9%A2%D9%A0%D9%A2%D9%A3,مەلا-مەحموود-بیلگه-١٩٠٤-١٩٧٤-موفتيیێ-جزیرێ-یێ-بەرێ_5885e112.pdf,35495841,application/pdf
https://zcks.uoz.edu.krd/wp-content/uploads/هەولێن-ئێکگرتنا-میرگـەهێن-کوردی-و-دەولەتا-عوسـمـانی.pdf,https://zcks.uoz.edu.krd/?product=%DA%AF%DB%86%DA%A4%D8%A7%D8%B1%D8%A7-%D8%B1%D9%88%D9%88%DA%AF%DB%95%D9%87%D9%80-%DA%98%D9%85%D8%A7%D8%B1%DB%95-%D9%A1%D9%A3-%D9%87%D8%A7%DA%A4%DB%8C%D9%86-%D9%88-%D9%BE%D8%A7%DB%8C%DB%8C%D8%B2%D8%A7,هەولێن-ئێکگرتنا-میرگـەهێن-کوردی-و-دەولەتا-عوسـمـانی_1604655e.pdf,37347824,application/pdf
https://zcks.uoz.edu.krd/wp-content/uploads/مەلا-یاسین-توپراك-١٩٠٦-١٩٩٤.pdf,https://zcks.uoz.edu.krd/?product=%DA%AF%DB%86%DA%A4%D8%A7%D8%B1%D8%A7-%D8%B1%D9%88%D9%88%DA%AF%DB%95%D9%87%D9%80-%DA%98%D9%85%D8%A7%D8%B1%DB%95-%D9%A1%D9%A3-%D9%87%D8%A7%DA%A4%DB%8C%D9%86-%D9%88-%D9%BE%D8%A7%DB%8C%DB%8C%D8%B2%D8%A7,مەلا-یاسین-توپراك-١٩٠٦-١٩٩٤_77576dd5.pdf,13746871,application/pdf
https://zcks.uoz.edu.krd/wp-content/uploads/هۆزا-مامەش.pdf,https://zcks.uoz.edu.krd/?product=%DA%AF%DB%86%DA%A4%D8%A7%D8%B1%D8%A7-%D8%B1%D9%88%D9%88%DA%AF%DB%95%D9%87%D9%80-%DA%98%D9%85%D8%A7%D8%B1%DB%95-%D9%A1%D9%A3-%D9%87%D8%A7%DA%A4%DB%8C%D9%86-%D9%88-%D9%BE%D8%A7%DB%8C%DB%8C%D8%B2%D8%A7,هۆزا-مامەش_e017b852.pdf,35553142,application/pdf
https://zcks.uoz.edu.krd/wp-content/uploads/ساریا-مسـتـەفا-بـازیـدا-دۆسكی-١٩٠٢-١٩٨٨.pdf,https://zcks.uoz.edu.krd/?product=%DA%AF%DB%86%DA%A4%D8%A7%D8%B1%D8%A7-%D8%B1%D9%88%D9%88%DA%AF%DB%95%D9%87%D9%80-%DA%98%D9%85%D8%A7%D8%B1%DB%95-%D9%A1%D9%A3-%D9%87%D8%A7%DA%A4%DB%8C%D9%86-%D9%88-%D9%BE%D8%A7%DB%8C%DB%8C%D8%B2%D8%A7,ساریا-مسـتـەفا-بـازیـدا-دۆسكی-١٩٠٢-١٩٨٨_7fb354be.pdf,19050799,application/pdf
https://zcks.uoz.edu.krd/wp-content/uploads/مەلا-حوسێنێ-بۆتانی-شاعرەكێ-دى-ژ-كلاسیكا-كوردى.pdf,https://zcks.uoz.edu.krd/?product=%DA%AF%DB%86%DA%A4%D8%A7%D8%B1%D8%A7-%D8%B1%D9%88%D9%88%DA%AF%DB%95%D9%87%D9%80-%DA%98%D9%85%D8%A7%D8%B1%DB%95-%D9%A1%D9%A3-%D9%87%D8%A7%DA%A4%DB%8C%D9%86-%D9%88-%D9%BE%D8%A7%DB%8C%DB%8C%D8%B2%D8%A7,مەلا-حوسێنێ-بۆتانی-شاعرەكێ-دى-ژ-كلاسیكا-كوردى_a65bb484.pdf,28942830,application/pdf
https://zcks.uoz.edu.krd/wp-content/uploads/كلمتي-الجاهلية-والأمية-حسب-المفهوم-القرآني.pdf,https://zcks.uoz.edu.krd/?product=%DA%AF%DB%86%DA%A4%D8%A7%D8%B1%D8%A7-%D8%B1%D9%88%D9%88%DA%AF%DB%95%D9%87%D9%80-%DA%98%D9%85%D8%A7%D8%B1%DB%95-%D9%A1-%D9%87%D8%A7%DA%A4%DB%8C%D9%86%D8%A7-%D9%A2%D9%A0%D9%A1%D9%A1,كلمتي-الجاهلية-والأمية-حسب-المفهوم-القرآني_4e046b05.pdf,1056395,application/pdf
https://zcks.uoz.edu.krd/wp-content/uploads/خواندنەك-بۆ-دیمەن-و-وێنه-و-دەربڕینێن-سترانا-سەعیدێ-ئەحمەد-ئاغایێ-عەشیرەتا-ڕەمان.pdf,https://zcks.uoz.edu.krd/?product=%DA%AF%DB%86%DA%A4%D8%A7%D8%B1%D8%A7-%D8%B1%D9%88%D9%88%DA%AF%DB%95%D9%87%D9%80-%DA%98%D9%85%D8%A7%D8%B1%DB%95-%D9%A1%D9%A3-%D9%87%D8%A7%DA%A4%DB%8C%D9%86-%D9%88-%D9%BE%D8%A7%DB%8C%DB%8C%D8%B2%D8%A7,خواندنەك-بۆ-دیمەن-و-وێنه-و-دەربڕینێن-سترانا-سەعیدێ-ئەحمەد-ئاغایێ-عەشیرەتا-ڕەمان_d92a8b28.pdf,10095109,application/pdf
https://zcks.uoz.edu.krd/wp-content/uploads/میرەكتییا-بدلیس-پشتى-كوشتنا-میر-شەرەفخانێ-دیرۆكـــنڤیس.pdf,https://zcks.uoz.edu.krd/?product=%DA%AF%DB%86%DA%A4%D8%A7%D8%B1%D8%A7-%D8%B1%D9%88%D9%88%DA%AF%DB%95%D9%87%D9%80-%DA%98%D9%85%D8%A7%D8%B1%DB%95-%D9%A1%D9%A3-%D9%87%D8%A7%DA%A4%DB%8C%D9%86-%D9%88-%D9%BE%D8%A7%DB%8C%DB%8C%D8%B2%D8%A7,میرەكتییا-بدلیس-پشتى-كوشتنا-میر-شەرەفخانێ-دیرۆكـــنڤیس_06a67ff4.pdf,13941606,application/pdf
https://zcks.uoz.edu.krd/wp-content/uploads/نەخشەسازی-یا-زمانی.pdf,https://zcks.uoz.edu.krd/?product=%DA%AF%DB%86%DA%A4%D8%A7%D8%B1%D8%A7-%D8%B1%D9%88%D9%88%DA%AF%DB%95%D9%87%D9%80-%DA%98%D9%85%D8%A7%D8%B1%DB%95-%D9%A1-%D9%87%D8%A7%DA%A4%DB%8C%D9%86%D8%A7-%D9%A2%D9%A0%D9%A1%D9%A1,نەخشەسازی-یا-زمانی_cd092dd5.pdf,1227920,application/pdf
https://zcks.uoz.edu.krd/wp-content/uploads/حەمیدی-ئەرێ-حەمیدی-شاعیرەکێ-کـــوردێ-ســــەدێ-١٦ز-یە؟.pdf,https://zcks.uoz.edu.krd/?product=%DA%AF%DB%86%DA%A4%D8%A7%D8%B1%D8%A7-%D8%B1%D9%88%D9%88%DA%AF%DB%95%D9%87%D9%80-%DA%98%D9%85%D8%A7%D8%B1%DB%95-%D9%A1%D9%A3-%D9%87%D8%A7%DA%A4%DB%8C%D9%86-%D9%88-%D9%BE%D8%A7%DB%8C%DB%8C%D8%B2%D8%A7,حەمیدی-ئەرێ-حەمیدی-شاعیرەکێ-کـــوردێ-ســــەدێ-١٦ز-یە__82c7a4d3.pdf,7230508,application/pdf
https://zcks.uoz.edu.krd/wp-content/uploads/دهوک-و-انحائها-في-المصادرالسريانية.pdf,https://zcks.uoz.edu.krd/?product=%DA%AF%DB%86%DA%A4%D8%A7%D8%B1%D8%A7-%D8%B1%D9%88%D9%88%DA%AF%DB%95%D9%87%D9%80-%DA%98%D9%85%D8%A7%D8%B1%DB%95-%D9%A1-%D9%87%D8%A7%DA%A4%DB%8C%D9%86%D8%A7-%D9%A2%D9%A0%D9%A1%D9%A1,دهوک-و-انحائها-في-المصادرالسريانية_93f20447.pdf,763162,application/pdf
https://zcks.uoz.edu.krd/wp-content/uploads/كوردستان.سوريا.pdf,https://zcks.uoz.edu.krd/?product=%DA%AF%DB%86%DA%A4%D8%A7%D8%B1%D8%A7-%D8%B1%D9%88%D9%88%DA%AF%DB%95%D9%87%D9%80-%DA%98%D9%85%D8%A7%D8%B1%DB%95-%D9%A1-%D9%87%D8%A7%DA%A4%DB%8C%D9%86%D8%A7-%D9%A2%D9%A0%D9%A1%D9%A1,كوردستان.سوريا_3aca490d.pdf,774337,application/pdf
https://zcks.uoz.edu.krd/wp-content/uploads/helwist.pdf,https://zcks.uoz.edu.krd/?product=%DA%AF%DB%86%DA%A4%D8%A7%D8%B1%D8%A7-%D8%B1%D9%88%D9%88%DA%AF%DB%95%D9%87%D9%80-%DA%98%D9%85%D8%A7%D8%B1%DB%95-%D9%A1-%D9%87%D8%A7%DA%A4%DB%8C%D9%86%D8%A7-%D9%A2%D9%A0%D9%A1%D9%A1,helwist_888da3d6.pdf,190311,application/pdf
https://zcks.uoz.edu.krd/wp-content/uploads/فێربوونا-ئەکتیڤ.pdf,https://zcks.uoz.edu.krd/?product=%DA%AF%DB%86%DA%A4%D8%A7%D8%B1%D8%A7-%D8%B1%D9%88%D9%88%DA%AF%DB%95%D9%87%D9%80-%DA%98%D9%85%D8%A7%D8%B1%DB%95-%D9%A1-%D9%87%D8%A7%DA%A4%DB%8C%D9%86%D8%A7-%D9%A2%D9%A0%D9%A1%D9%A1,فێربوونا-ئەکتیڤ_f58615f3.pdf,684240,application/pdf
https://zcks.uoz.edu.krd/wp-content/uploads/گرنگیا-پەیاما-زانکۆیێ.pdf,https://zcks.uoz.edu.krd/?product=%DA%AF%DB%86%DA%A4%D8%A7%D8%B1%D8%A7-%D8%B1%D9%88%D9%88%DA%AF%DB%95%D9%87%D9%80-%DA%98%D9%85%D8%A7%D8%B1%DB%95-%D9%A1-%D9%87%D8%A7%DA%A4%DB%8C%D9%86%D8%A7-%D9%A2%D9%A0%D9%A1%D9%A1,گرنگیا-پەیاما-زانکۆیێ_3e168985.pdf,705204,application/pdf
https://zcks.uoz.edu.krd/wp-content/uploads/العسل-والنحل-لأبي-حنيفة-الدينوري.pdf,https://zcks.uoz.edu.krd/?product=%DA%AF%DB%86%DA%A4%D8%A7%D8%B1%D8%A7-%D8%B1%D9%88%D9%88%DA%AF%DB%95%D9%87%D9%80-%DA%98%D9%85%D8%A7%D8%B1%DB%95-%D9%A1-%D9%87%D8%A7%DA%A4%DB%8C%D9%86%D8%A7-%D9%A2%D9%A0%D9%A1%D9%A1,العسل-والنحل-لأبي-حنيفة-الدينوري_9c7117b3.pdf,626312,application/pdf
https://zcks.uoz.edu.krd/wp-content/uploads/أمريكا-وحرب-الفيتنام-١٩٥٦-١٩٧٥-دراسة-تاريخية-تحليلية.pdf,https://zcks.uoz.edu.krd/?product=%DA%AF%DB%86%DA%A4%D8%A7%D8%B1%D8%A7-%D8%B1%D9%88%D9%88%DA%AF%DB%95%D9%87%D9%80-%DA%98%D9%85%D8%A7%D8%B1%DB%95-%D9%A1-%D9%87%D8%A7%DA%A4%DB%8C%D9%86%D8%A7-%D9%A2%D9%A0%D9%A1%D9%A1,أمريكا-وحرب-الفيتنام-١٩٥٦-١٩٧٥-دراسة-تاريخية-تحليلية_d196769f.pdf,736247,application/pdf
https://zcks.uoz.edu.krd/wp-content/uploads/نبذة-عن-المحكمة-الجنائية-الدولية.pdf,https://zcks.uoz.edu.krd/?product=%DA%AF%DB%86%DA%A4%D8%A7%D8%B1%D8%A7-%D8%B1%D9%88%D9%88%DA%AF%DB%95%D9%87%D9%80-%DA%98%D9%85%D8%A7%D8%B1%DB%95-%D9%A1-%D9%87%D8%A7%DA%A4%DB%8C%D9%86%D8%A7-%D9%A2%D9%A0%D9%A1%D9%A1,نبذة-عن-المحكمة-الجنائية-الدولية_1d056158.pdf,355928,application/pdf
https://zcks.uoz.edu.krd/wp-content/uploads/زمانڤانیا-گشتی.pdf,https://zcks.uoz.edu.krd/?product=%DA%AF%DB%86%DA%A4%D8%A7%D8%B1%D8%A7-%D8%B1%D9%88%D9%88%DA%AF%DB%95%D9%87%D9%80-%DA%98%D9%85%D8%A7%D8%B1%DB%95-%D9%A1-%D9%87%D8%A7%DA%A4%DB%8C%D9%86%D8%A7-%D9%A2%D9%A0%D9%A1%D9%A1,زمانڤانیا-گشتی_8fb68872.pdf,2853361,application/pdf
https://zcks.uoz.edu.krd/wp-content/uploads/ژ-ئێکەمین-ئنجحلێن-ب-زمانێ-کوردی.pdf,https://zcks.uoz.edu.krd/?product=%DA%AF%DB%86%DA%A4%D8%A7%D8%B1%D8%A7-%D8%B1%D9%88%D9%88%DA%AF%DB%95%D9%87%D9%80-%DA%98%D9%85%D8%A7%D8%B1%DB%95-%D9%A1-%D9%87%D8%A7%DA%A4%DB%8C%D9%86%D8%A7-%D9%A2%D9%A0%D9%A1%D9%A1,ژ-ئێکەمین-ئنجحلێن-ب-زمانێ-کوردی_88f6223b.pdf,668337,application/pdf
https://zcks.uoz.edu.krd/wp-content/uploads/دەنگێن-زمانی-و-ئەندازیاریا-موزیکێ.pdf,https://zcks.uoz.edu.krd/?product=%DA%AF%DB%86%DA%A4%D8%A7%D8%B1%D8%A7-%D8%B1%D9%88%D9%88%DA%AF%DB%95%D9%87%D9%80-%DA%98%D9%85%D8%A7%D8%B1%DB%95-%D9%A1-%D9%87%D8%A7%DA%A4%DB%8C%D9%86%D8%A7-%D9%A2%D9%A0%D9%A1%D9%A1,دەنگێن-زمانی-و-ئەندازیاریا-موزیکێ_18a65d62.pdf,1102720,application/pdf
https://zcks.uoz.edu.krd/wp-content/uploads/بنەمایێن-هەڤکاریێ-وگریمانێن-پێشەکیێ-د-پرۆسا-ئاخڤتنێ-دا.pdf,https://zcks.uoz.edu.krd/?product=%DA%AF%DB%86%DA%A4%D8%A7%D8%B1%D8%A7-%D8%B1%D9%88%D9%88%DA%AF%DB%95%D9%87%D9%80-%DA%98%D9%85%D8%A7%D8%B1%DB%95-%D9%A1-%D9%87%D8%A7%DA%A4%DB%8C%D9%86%D8%A7-%D9%A2%D9%A0%D9%A1%D9%A1,بنەمایێن-هەڤکاریێ-وگریمانێن-پێشەکیێ-د-پرۆسا-ئاخڤتنێ-دا_df3eb113.pdf,678666,application/pdf
https://zcks.uoz.edu.krd/wp-content/uploads/هەلبژارتنا-کەسایەتێن-چیروکێ.pdf,https://zcks.uoz.edu.krd/?product=%DA%AF%DB%86%DA%A4%D8%A7%D8%B1%D8%A7-%D8%B1%D9%88%D9%88%DA%AF%DB%95%D9%87%D9%80-%DA%98%D9%85%D8%A7%D8%B1%DB%95-%D9%A1-%D9%87%D8%A7%DA%A4%DB%8C%D9%86%D8%A7-%D9%A2%D9%A0%D9%A1%D9%A1,هەلبژارتنا-کەسایەتێن-چیروکێ_d6ee41ac.pdf,643371,application/pdf
https://zcks.uoz.edu.krd/wp-content/uploads/تەکنیکا-ڤەگێرانێ-د-کورتە-چیروکێن-مەیدانا-کووچان-ا-ئیسماعیل-هاجانی-دا.pdf,https://zcks.uoz.edu.krd/?product=%DA%AF%DB%86%DA%A4%D8%A7%D8%B1%D8%A7-%D8%B1%D9%88%D9%88%DA%AF%DB%95%D9%87%D9%80-%DA%98%D9%85%D8%A7%D8%B1%DB%95-%D9%A1-%D9%87%D8%A7%DA%A4%DB%8C%D9%86%D8%A7-%D9%A2%D9%A0%D9%A1%D9%A1,تەکنیکا-ڤەگێرانێ-د-کورتە-چیروکێن-مەیدانا-کووچان-ا-ئیسماعیل-هاجانی-دا_fe94eb9c.pdf,2220817,application/pdf
https://zcks.uoz.edu.krd/wp-content/uploads/تورێن-تەلەفۆنێن-خانەیی-شبكات-الهواتف-الخلوية.pdf,https://zcks.uoz.edu.krd/?product=%DA%AF%DB%86%DA%A4%D8%A7%D8%B1%D8%A7-%D8%B1%D9%88%D9%88%DA%AF%DB%95%D9%87%D9%80-%DA%98%D9%85%D8%A7%D8%B1%DB%95-%D9%A1-%D9%87%D8%A7%DA%A4%DB%8C%D9%86%D8%A7-%D9%A2%D9%A0%D9%A1%D9%A1,تورێن-تەلەفۆنێن-خانەیی-شبكات-الهواتف-الخلوية_53c618c6.pdf,722716,application/pdf
https://zcks.uoz.edu.krd/wp-content/uploads/اللغة-.-ومجالات-بحثها.pdf,https://zcks.uoz.edu.krd/?product=%DA%AF%DB%86%DA%A4%D8%A7%D8%B1%D8%A7-%D8%B1%D9%88%D9%88%DA%AF%DB%95%D9%87%D9%80-%DA%98%D9%85%D8%A7%D8%B1%DB%95-%D9%A1-%D9%87%D8%A7%DA%A4%DB%8C%D9%86%D8%A7-%D9%A2%D9%A0%D9%A1%D9%A1,اللغة-.-ومجالات-بحثها_c5ec0d3c.pdf,394437,application/pdf
https://zcks.uoz.edu.krd/wp-content/uploads/چالاکی.pdf,https://zcks.uoz.edu.krd/?product=%DA%AF%DB%86%DA%A4%D8%A7%D8%B1%D8%A7-%D8%B1%D9%88%D9%88%DA%AF%DB%95%D9%87%D9%80-%DA%98%D9%85%D8%A7%D8%B1%DB%95-%D9%A1-%D9%87%D8%A7%DA%A4%DB%8C%D9%86%D8%A7-%D9%A2%D9%A0%D9%A1%D9%A1,چالاکی_42580025.pdf,1761602,application/pdf
https://zcks.uoz.edu.krd/wp-content/uploads/تراژیدیا-و-جۆرێن-وێ.pdf,https://zcks.uoz.edu.krd/?product=%DA%AF%DB%86%DA%A4%D8%A7%D8%B1%D8%A7-%D8%B1%D9%88%D9%88%DA%AF%DB%95%D9%87%D9%80-%DA%98%D9%85%D8%A7%D8%B1%DB%95-%D9%A1-%D9%87%D8%A7%DA%A4%DB%8C%D9%86%D8%A7-%D9%A2%D9%A0%D9%A1%D9%A1,تراژیدیا-و-جۆرێن-وێ_9075f3ca.pdf,964255,application/pdf
https://zcks.uoz.edu.krd/wp-content/uploads/ژ-گرفتێن-پێناسەکرنا-رەخنا-ئەدەبی.pdf,https://zcks.uoz.edu.krd/?product=%DA%AF%DB%86%DA%A4%D8%A7%D8%B1%D8%A7-%D8%B1%D9%88%D9%88%DA%AF%DB%95%D9%87%D9%80-%DA%98%D9%85%D8%A7%D8%B1%DB%95-%D9%A1-%D9%87%D8%A7%DA%A4%DB%8C%D9%86%D8%A7-%D9%A2%D9%A0%D9%A1%D9%A1,ژ-گرفتێن-پێناسەکرنا-رەخنا-ئەدەبی_4aaf2678.pdf,599716,application/pdf
https://zcks.uoz.edu.krd/wp-content/uploads/میر-مستەفا-هەکاری-پەرتو-خواندنەکا-مێژوویی.pdf,https://zcks.uoz.edu.krd/?product=%DA%AF%DB%86%DA%A4%D8%A7%D8%B1%D8%A7-%D8%B1%D9%88%D9%88%DA%AF%DB%95%D9%87%D9%80-%DA%98%D9%85%D8%A7%D8%B1%DB%95-%D9%A1-%D9%87%D8%A7%DA%A4%DB%8C%D9%86%D8%A7-%D9%A2%D9%A0%D9%A1%D9%A1,میر-مستەفا-هەکاری-پەرتو-خواندنەکا-مێژوویی_2787b72a.pdf,931210,application/pdf
https://zcks.uoz.edu.krd/wp-content/uploads/پەیدابوونا-ئاریشان-دناڤ-پولێ-دا-هوکار-و-رێکێن-چارە-سەرکرنێ.pdf,https://zcks.uoz.edu.krd/?product=%DA%AF%DB%86%DA%A4%D8%A7%D8%B1%D8%A7-%D8%B1%D9%88%D9%88%DA%AF%DB%95%D9%87%D9%80-%DA%98%D9%85%D8%A7%D8%B1%DB%95-%D9%A1-%D9%87%D8%A7%DA%A4%DB%8C%D9%86%D8%A7-%D9%A2%D9%A0%D9%A1%D9%A1,پەیدابوونا-ئاریشان-دناڤ-پولێ-دا-هوکار-و-رێکێن-چارە-سەرکرنێ_1dd28e0b.pdf,504165,application/pdf
https://zcks.uoz.edu.krd/wp-content/uploads/مەلا-علی-بوتانی.pdf,https://zcks.uoz.edu.krd/?pa_%DA%AF%D8%B1%D8%A7%D9%81%DB%8C%D9%83-%D8%AF%DB%8C%D8%B2%D8%A7%DB%8C%D9%86=%D8%AC%DB%95%DA%AF%DB%95%D8%B1%D8%AE%D9%88%DB%8C%D9%86-%D8%AC%DB%95%D9%85%DB%8C%D9%84-%D8%A6%DB%95%D9%85%DB%8C%D9%86,مەلا-علی-بوتانی_1eaf361f.pdf,4984508,application/pdf
https://zcks.uoz.edu.krd/wp-content/uploads/مەولودناما-سلیمان-دوسكی.pdf,https://zcks.uoz.edu.krd/?pa_%DA%AF%D8%B1%D8%A7%D9%81%DB%8C%D9%83-%D8%AF%DB%8C%D8%B2%D8%A7%DB%8C%D9%86=%D8%AC%DB%95%DA%AF%DB%95%D8%B1%D8%AE%D9%88%DB%8C%D9%86-%D8%AC%DB%95%D9%85%DB%8C%D9%84-%D8%A6%DB%95%D9%85%DB%8C%D9%86,مەولودناما-سلیمان-دوسكی_2ba4960d.pdf,7992529,application/pdf
https://zcks.uoz.edu.krd/wp-content/uploads/محمد-سعید.pdf,https://zcks.uoz.edu.krd/?pa_%D8%B2%D9%85%D8%A7%D9%86=%DA%A9%D9%88%D8%B1%D8%AF%DB%8C&paged=4,محمد-سعید_b3bd3abf.pdf,11609798,application/pdf
https://zcks.uoz.edu.krd/wp-content/uploads/فەخرەدین-دوسكی.pdf,https://zcks.uoz.edu.krd/?pa_%D8%B2%D9%85%D8%A7%D9%86=%DA%A9%D9%88%D8%B1%D8%AF%DB%8C&paged=4,فەخرەدین-دوسكی_eea5a48f.pdf,9177969,application/pdf
https://zcks.uoz.edu.krd/wp-content/uploads/مەلا-بەنینانی.pdf,https://zcks.uoz.edu.krd/?pa_%D8%B2%D9%85%D8%A7%D9%86=%DA%A9%D9%88%D8%B1%D8%AF%DB%8C&paged=4,مەلا-بەنینانی_97eb0467.pdf,5762931,application/pdf
https://zcks.uoz.edu.krd/wp-content/uploads/عیسا-زیباری.pdf,https://zcks.uoz.edu.krd/?pa_%D8%B2%D9%85%D8%A7%D9%86=%DA%A9%D9%88%D8%B1%D8%AF%DB%8C&paged=4,عیسا-زیباری_a8c3ed4d.pdf,11172573,application/pdf
https://zcks.uoz.edu.krd/wp-content/uploads/علی-كەشانی.pdf,https://zcks.uoz.edu.krd/?pa_%D8%B2%D9%85%D8%A7%D9%86=%DA%A9%D9%88%D8%B1%D8%AF%DB%8C&paged=4,علی-كەشانی_4849c2e3.pdf,12983177,application/pdf
https://zcks.uoz.edu.krd/wp-content/uploads/محمد-امین-حسو.pdf,https://zcks.uoz.edu.krd/?pa_%D8%B2%D9%85%D8%A7%D9%86=%DA%A9%D9%88%D8%B1%D8%AF%DB%8C&paged=4,محمد-امین-حسو_a545e133.pdf,12130687,application/pdf
https://zcks.uoz.edu.krd/wp-content/uploads/محموود-دیرشەوی.pdf,https://zcks.uoz.edu.krd/?pa_%D8%B2%D9%85%D8%A7%D9%86=%DA%A9%D9%88%D8%B1%D8%AF%DB%8C&paged=4,محموود-دیرشەوی_b959195a.pdf,8742756,application/pdf
https://zcks.uoz.edu.krd/wp-content/uploads/محمود-هالو.pdf,https://zcks.uoz.edu.krd/?pa_%D8%B2%D9%85%D8%A7%D9%86=%DA%A9%D9%88%D8%B1%D8%AF%DB%8C&paged=4,محمود-هالو_e000abf7.pdf,11353069,application/pdf
https://zcks.uoz.edu.krd/wp-content/uploads/ڕێزمانا-كرمانجكى-زازاكیێ-به‌راوردكرن-لگه‌ل-كرمانجیێ.pdf,https://zcks.uoz.edu.krd/?pa_%D8%B2%D9%85%D8%A7%D9%86=%DA%A9%D9%88%D8%B1%D8%AF%DB%8C&paged=9,ڕێزمانا-كرمانجكى-زازاكیێ-به_راوردكرن-لگه_ل-كرمانجیێ_98d84f8a.pdf,8306988,application/pdf
https://zcks.uoz.edu.krd/wp-content/uploads/الإقطاع-في-كُردستان-334-656-هـ945-1258م.pdf,https://zcks.uoz.edu.krd/?product_cat=%D9%BE%DB%95%D8%B1%D8%AA%D9%88%D9%88%D9%83&paged=12,الإقطاع-في-ك_ردستان-334-656-هـ945-1258م_f93368cf.pdf,5639694,application/pdf
https://zcks.uoz.edu.krd/wp-content/uploads/موقف-بريتانيا-من-قضية-الكردية-في-العراق.pdf,https://zcks.uoz.edu.krd/?product_cat=%D9%BE%DB%95%D8%B1%D8%AA%D9%88%D9%88%D9%83&paged=12,موقف-بريتانيا-من-قضية-الكردية-في-العراق_54e2be3d.pdf,10092961,application/pdf
https://zcks.uoz.edu.krd/wp-content/uploads/الكُرد-في-المصادر-الأدبية-العربية-خلال-العصر-العباسي-132-ــ-656هـ750-ــ-1258م-دراسة-تاريخية-تحليلية.pdf,https://zcks.uoz.edu.krd/?product_cat=%D9%BE%DB%95%D8%B1%D8%AA%D9%88%D9%88%D9%83&paged=12,الك_رد-في-المصادر-الأدبية-العربية-خلال-العصر-العباسي-132-ــ-656هـ750-ــ-1258م-دراسة-تاريخية-تحليلية_c1e390f1.pdf,10611946,application/pdf
https://zcks.uoz.edu.krd/wp-content/uploads/إمارة-بدليس-في-العهد-العثماني-1514-ــ-1665م-دراسة-تاريخية-وثائقية.pdf,https://zcks.uoz.edu.krd/?product_cat=%D9%BE%DB%95%D8%B1%D8%AA%D9%88%D9%88%D9%83&paged=12,إمارة-بدليس-في-العهد-العثماني-1514-ــ-1665م-دراسة-تاريخية-وثائقية_498dfc24.pdf,15732334,application/pdf
https://zcks.uoz.edu.krd/wp-content/uploads/سید-علی.pdf,https://zcks.uoz.edu.krd/?pa_%D8%A8%D8%A7%D8%A8%DB%95%D8%AA=%D8%A6%DB%95%D8%AF%DB%95%D8%A8&paged=4,سید-علی_6cc6c5de.pdf,3283093,application/pdf
https://zcks.uoz.edu.krd/wp-content/uploads/سەدرودین-كادانی.pdf,https://zcks.uoz.edu.krd/?pa_%D8%A8%D8%A7%D8%A8%DB%95%D8%AA=%D8%A6%DB%95%D8%AF%DB%95%D8%A8&paged=4,سەدرودین-كادانی_2ae31444.pdf,8269135,application/pdf
https://zcks.uoz.edu.krd/wp-content/uploads/عبدالرحمن-خندقی.pdf,https://zcks.uoz.edu.krd/?pa_%D8%A8%D8%A7%D8%A8%DB%95%D8%AA=%D8%A6%DB%95%D8%AF%DB%95%D8%A8&paged=4,عبدالرحمن-خندقی_a1e17397.pdf,11007651,application/pdf
https://zcks.uoz.edu.krd/wp-content/uploads/سەعدوللا-بامەرنی-1.pdf,https://zcks.uoz.edu.krd/?pa_%D8%A8%D8%A7%D8%A8%DB%95%D8%AA=%D8%A6%DB%95%D8%AF%DB%95%D8%A8&paged=4,سەعدوللا-بامەرنی-1_6f31f1c0.pdf,8173761,application/pdf
https://zcks.uoz.edu.krd/wp-content/uploads/سلیمان-دوسكی.pdf,https://zcks.uoz.edu.krd/?pa_%D8%A8%D8%A7%D8%A8%DB%95%D8%AA=%D8%A6%DB%95%D8%AF%DB%95%D8%A8&paged=4,سلیمان-دوسكی_3044efcd.pdf,10154565,application/pdf
https://zcks.uoz.edu.krd/wp-content/uploads/سلمان-شوشی.pdf,https://zcks.uoz.edu.krd/?pa_%D8%A8%DB%95%D8%B1%D9%87%DB%95%DA%A4%DA%A9%D8%B1%D9%86=%D8%AF-%D9%81%D8%A7%D8%AE%D8%B1-%D8%AD%DB%95%D8%B3%DB%95%D9%86-%DB%8C%D9%88%D9%88%D8%B3%D9%81&paged=3,سلمان-شوشی_de6e4339.pdf,9394429,application/pdf
https://zcks.uoz.edu.krd/wp-content/uploads/سبغەتوللا-مزیری.pdf,https://zcks.uoz.edu.krd/?pa_%D8%A8%DB%95%D8%B1%D9%87%DB%95%DA%A4%DA%A9%D8%B1%D9%86=%D8%AF-%D9%81%D8%A7%D8%AE%D8%B1-%D8%AD%DB%95%D8%B3%DB%95%D9%86-%DB%8C%D9%88%D9%88%D8%B3%D9%81&paged=3,سبغەتوللا-مزیری_4de68137.pdf,7826714,application/pdf
https://zcks.uoz.edu.krd/wp-content/uploads/دیوانا-نورەدین-سندی-1.pdf,https://zcks.uoz.edu.krd/?pa_%D8%A8%DB%95%D8%B1%D9%87%DB%95%DA%A4%DA%A9%D8%B1%D9%86=%D8%AF-%D9%81%D8%A7%D8%AE%D8%B1-%D8%AD%DB%95%D8%B3%DB%95%D9%86-%DB%8C%D9%88%D9%88%D8%B3%D9%81&paged=4,دیوانا-نورەدین-سندی-1_f3c949f4.pdf,10250871,application/pdf
https://zcks.uoz.edu.krd/wp-content/uploads/حمید-سلیفانی.pdf,https://zcks.uoz.edu.krd/?pa_%D8%A8%DB%95%D8%B1%D9%87%DB%95%DA%A4%DA%A9%D8%B1%D9%86=%D8%AF-%D9%81%D8%A7%D8%AE%D8%B1-%D8%AD%DB%95%D8%B3%DB%95%D9%86-%DB%8C%D9%88%D9%88%D8%B3%D9%81&paged=4,حمید-سلیفانی_d5f01795.pdf,12418505,application/pdf
https://zcks.uoz.edu.krd/wp-content/uploads/اغا-ئاكرەی.pdf,https://zcks.uoz.edu.krd/?pa_%D8%A8%DB%95%D8%B1%D9%87%DB%95%DA%A4%DA%A9%D8%B1%D9%86=%D8%AF-%D9%81%D8%A7%D8%AE%D8%B1-%D8%AD%DB%95%D8%B3%DB%95%D9%86-%DB%8C%D9%88%D9%88%D8%B3%D9%81&paged=4,اغا-ئاكرەی_1ed461a0.pdf,7960045,application/pdf
https://zcks.uoz.edu.krd/wp-content/uploads/احمد-عرب.pdf,https://zcks.uoz.edu.krd/?pa_%D8%A8%DB%95%D8%B1%D9%87%DB%95%DA%A4%DA%A9%D8%B1%D9%86=%D8%AF-%D9%81%D8%A7%D8%AE%D8%B1-%D8%AD%DB%95%D8%B3%DB%95%D9%86-%DB%8C%D9%88%D9%88%D8%B3%D9%81&paged=4,احمد-عرب_aa6d470c.pdf,13331217,application/pdf
https://zcks.uoz.edu.krd/wp-content/uploads/احمد-حاجی-برواری-3.pdf,https://zcks.uoz.edu.krd/?pa_%D8%A8%DB%95%D8%B1%D9%87%DB%95%DA%A4%DA%A9%D8%B1%D9%86=%D8%AF-%D9%81%D8%A7%D8%AE%D8%B1-%D8%AD%DB%95%D8%B3%DB%95%D9%86-%DB%8C%D9%88%D9%88%D8%B3%D9%81&paged=4,احمد-حاجی-برواری-3_453f9ec7.pdf,11542976,application/pdf
https://zcks.uoz.edu.krd/wp-content/uploads/زكری-نیروەی.pdf,https://zcks.uoz.edu.krd/?pa_%D8%A8%DB%95%D8%B1%D9%87%DB%95%DA%A4%DA%A9%D8%B1%D9%86=%D8%AF-%D9%81%D8%A7%D8%AE%D8%B1-%D8%AD%DB%95%D8%B3%DB%95%D9%86-%DB%8C%D9%88%D9%88%D8%B3%D9%81&paged=4,زكری-نیروەی_320aaf19.pdf,12014310,application/pdf
https://zcks.uoz.edu.krd/wp-content/uploads/حةيدةر-مةتيني.pdf,https://zcks.uoz.edu.krd/?post_type=product&paged=7,حةيدةر-مةتيني_81e0774f.pdf,5396506,application/pdf
https://zcks.uoz.edu.krd/wp-content/uploads/دیوانا-بازەلی-1.pdf,https://zcks.uoz.edu.krd/?post_type=product&paged=7,دیوانا-بازەلی-1_d4d29ab5.pdf,6125804,application/pdf
https://zcks.uoz.edu.krd/wp-content/uploads/بەلاڤووکێن-ئەمریکا-ب-زمانێ-کوردى-و-هـەلـۆیـسـتـێ-وەلاتــێـن-هــەرێــمــى-نیسانا-١٩٥٠-ئەیلۆاڵ-١٩٥٠.pdf,https://zcks.uoz.edu.krd/?product=%DA%AF%DB%86%DA%A4%D8%A7%D8%B1%D8%A7-%D8%B1%D9%88%D9%88%DA%AF%DB%95%D9%87%D9%80-%DA%98%D9%85%D8%A7%D8%B1%DB%95-%D9%A1%D9%A4-%DA%AF%D9%88%D9%84%D8%A7%D9%86%D8%A7-%D9%A2%D9%A0%D9%A2%D9%A2,بەلاڤووکێن-ئەمریکا-ب-زمانێ-کوردى-و-هـەلـۆیـسـتـێ-وەلاتــێـن-هــەرێــمــى-نیسانا-١٩٥٠-ئەیلۆاڵ-١٩٥٠_0aba34a3.pdf,139626056,application/pdf
https://zcks.uoz.edu.krd/wp-content/uploads/مـەدرەسـەیـا-سـەییدخان-جەدیده-زانا-و-دەستنڤیس-و-شاگردێن-ئەوێ.pdf,https://zcks.uoz.edu.krd/?product=%DA%AF%DB%86%DA%A4%D8%A7%D8%B1%D8%A7-%D8%B1%D9%88%D9%88%DA%AF%DB%95%D9%87%D9%80-%DA%98%D9%85%D8%A7%D8%B1%DB%95-%D9%A1%D9%A4-%DA%AF%D9%88%D9%84%D8%A7%D9%86%D8%A7-%D9%A2%D9%A0%D9%A2%D9%A2,مـەدرەسـەیـا-سـەییدخان-جەدیده-زانا-و-دەستنڤیس-و-شاگردێن-ئەوێ_dbab77cf.pdf,139625417,application/pdf
https://zcks.uoz.edu.krd/wp-content/uploads/مەلا-ئەحمەد-حلمی-قوغییێ-دیاربەکری.pdf,https://zcks.uoz.edu.krd/?product=%DA%AF%DB%86%DA%A4%D8%A7%D8%B1%D8%A7-%D8%B1%D9%88%D9%88%DA%AF%DB%95%D9%87%D9%80-%DA%98%D9%85%D8%A7%D8%B1%DB%95-%D9%A1%D9%A4-%DA%AF%D9%88%D9%84%D8%A7%D9%86%D8%A7-%D9%A2%D9%A0%D9%A2%D9%A2,مەلا-ئەحمەد-حلمی-قوغییێ-دیاربەکری_d0edad37.pdf,139626261,application/pdf
https://zcks.uoz.edu.krd/wp-content/uploads/هۆزا-زەرزا.pdf,https://zcks.uoz.edu.krd/?product=%DA%AF%DB%86%DA%A4%D8%A7%D8%B1%D8%A7-%D8%B1%D9%88%D9%88%DA%AF%DB%95%D9%87%D9%80-%DA%98%D9%85%D8%A7%D8%B1%DB%95-%D9%A1%D9%A4-%DA%AF%D9%88%D9%84%D8%A7%D9%86%D8%A7-%D9%A2%D9%A0%D9%A2%D9%A2,هۆزا-زەرزا_6d1171da.pdf,139626201,application/pdf
https://zcks.uoz.edu.krd/wp-content/uploads/نامەیا-سولتانێ-عوسمانی-بۆ-خــانــێ-لــەپــزێـریـن-١٦٠٩.pdf,https://zcks.uoz.edu.krd/?product=%DA%AF%DB%86%DA%A4%D8%A7%D8%B1%D8%A7-%D8%B1%D9%88%D9%88%DA%AF%DB%95%D9%87%D9%80-%DA%98%D9%85%D8%A7%D8%B1%DB%95-%D9%A1%D9%A4-%DA%AF%D9%88%D9%84%D8%A7%D9%86%D8%A7-%D9%A2%D9%A0%D9%A2%D9%A2,نامەیا-سولتانێ-عوسمانی-بۆ-خــانــێ-لــەپــزێـریـن-١٦٠٩_e40b765f.pdf,139625895,application/pdf
https://zcks.uoz.edu.krd/wp-content/uploads/وەسیەتا-بەدیعول-زەمانی-و-مـەزارێ-ئـەوی.pdf,https://zcks.uoz.edu.krd/?product=%DA%AF%DB%86%DA%A4%D8%A7%D8%B1%D8%A7-%D8%B1%D9%88%D9%88%DA%AF%DB%95%D9%87%D9%80-%DA%98%D9%85%D8%A7%D8%B1%DB%95-%D9%A1%D9%A4-%DA%AF%D9%88%D9%84%D8%A7%D9%86%D8%A7-%D9%A2%D9%A0%D9%A2%D9%A2,وەسیەتا-بەدیعول-زەمانی-و-مـەزارێ-ئـەوی_492ac7df.pdf,139626193,application/pdf
https://zcks.uoz.edu.krd/wp-content/uploads/نەهێلانا-مژێ-ل-سەر-هۆزانڤانییا-پــەرتـو-بـەگێ-هـەکـاری.pdf,https://zcks.uoz.edu.krd/?product=%DA%AF%DB%86%DA%A4%D8%A7%D8%B1%D8%A7-%D8%B1%D9%88%D9%88%DA%AF%DB%95%D9%87%D9%80-%DA%98%D9%85%D8%A7%D8%B1%DB%95-%D9%A1%D9%A4-%DA%AF%D9%88%D9%84%D8%A7%D9%86%D8%A7-%D9%A2%D9%A0%D9%A2%D9%A2,نەهێلانا-مژێ-ل-سەر-هۆزانڤانییا-پــەرتـو-بـەگێ-هـەکـاری_fa405fb0.pdf,9470783,application/pdf
https://zcks.uoz.edu.krd/wp-content/uploads/مەعرووف-چیاووک-بەرگريکرن-ژ-مافێن-كوردان-د-روژنامەیا-البلاد-دا.pdf,https://zcks.uoz.edu.krd/?product=%DA%AF%DB%86%DA%A4%D8%A7%D8%B1%D8%A7-%D8%B1%D9%88%D9%88%DA%AF%DB%95%D9%87%D9%80-%DA%98%D9%85%D8%A7%D8%B1%DB%95-%D9%A1%D9%A4-%DA%AF%D9%88%D9%84%D8%A7%D9%86%D8%A7-%D9%A2%D9%A0%D9%A2%D9%A2,مەعرووف-چیاووک-بەرگريکرن-ژ-مافێن-كوردان-د-روژنامەیا-البلاد-دا_507a7de0.pdf,139626429,application/pdf
https://zcks.uoz.edu.krd/wp-content/uploads/دەنگبێژى-و-ڕستا-ژنا-کورد-د-نــاڤ-جـڤـاکـێ-کـوردیدا.pdf,https://zcks.uoz.edu.krd/?product=%DA%AF%DB%86%DA%A4%D8%A7%D8%B1%D8%A7-%D8%B1%D9%88%D9%88%DA%AF%DB%95%D9%87%D9%80-%DA%98%D9%85%D8%A7%D8%B1%DB%95-%D9%A1%D9%A4-%DA%AF%D9%88%D9%84%D8%A7%D9%86%D8%A7-%D9%A2%D9%A0%D9%A2%D9%A2,دەنگبێژى-و-ڕستا-ژنا-کورد-د-نــاڤ-جـڤـاکـێ-کـوردیدا_7e9254eb.pdf,139626410,application/pdf
https://zcks.uoz.edu.krd/wp-content/uploads/سنورێ-جوگرافیێ-ده‌ڤه‌را-داسن-ل-سه‌رده‌مێ-ئوسمانیدا.pdf,https://zcks.uoz.edu.krd/?product=%DA%AF%DB%86%DA%A4%D8%A7%D8%B1%D8%A7-%D8%B1%D9%88%D9%88%DA%AF%DB%95%D9%87%D9%80-%DA%98%D9%85%D8%A7%D8%B1%DB%95-%D9%A1%D9%A5-%D8%AA%DB%95%D8%A8%D8%A7%D8%AE%D8%A7-%D9%A2%D9%A0%D9%A2%D9%A2,سنورێ-جوگرافیێ-ده_ڤه_را-داسن-ل-سه_رده_مێ-ئوسمانیدا_966416f3.pdf,1640968,application/pdf
https://zcks.uoz.edu.krd/wp-content/uploads/ده‌رباره‌یێ-چارەنڤیسێ-میر-ئیماده‌دینێ-هه‌كاری-یان-ژی-سه‌بووری-به‌لگه‌یه‌كه‌-نوو.pdf,https://zcks.uoz.edu.krd/?product=%DA%AF%DB%86%DA%A4%D8%A7%D8%B1%D8%A7-%D8%B1%D9%88%D9%88%DA%AF%DB%95%D9%87%D9%80-%DA%98%D9%85%D8%A7%D8%B1%DB%95-%D9%A1%D9%A5-%D8%AA%DB%95%D8%A8%D8%A7%D8%AE%D8%A7-%D9%A2%D9%A0%D9%A2%D9%A2,ده_رباره_یێ-چارەنڤیسێ-میر-ئیماده_دینێ-هه_كاری-یان-ژی-سه_بووری-به_لگه_یه_كه_-نوو_2648f74d.pdf,7103997,application/pdf
https://zcks.uoz.edu.krd/wp-content/uploads/میره‌كتیا-بدلیس-پشتى-كوشتنا-میر-شه‌ره‌فخانێ-دیرۆكنڤیس-١٦٠١-١٦١٧پشکا-دوویێ.pdf,https://zcks.uoz.edu.krd/?product=%DA%AF%DB%86%DA%A4%D8%A7%D8%B1%D8%A7-%D8%B1%D9%88%D9%88%DA%AF%DB%95%D9%87%D9%80-%DA%98%D9%85%D8%A7%D8%B1%DB%95-%D9%A1%D9%A5-%D8%AA%DB%95%D8%A8%D8%A7%D8%AE%D8%A7-%D9%A2%D9%A0%D9%A2%D9%A2,میره_كتیا-بدلیس-پشتى-كوشتنا-میر-شه_ره_فخانێ-دیرۆكنڤیس-١٦٠١-١٦١٧پشکا-دوویێ_35a2b292.pdf,2712117,application/pdf
https://zcks.uoz.edu.krd/wp-content/uploads/پێشه‌كییا-په‌رتووكا-شه‌رفنامه‌-یا-دیرۆكنڤیسێ-كورد-شه‌ره‌فخانێ-به‌دلیسی-خواندنه‌ك-بۆ-ناڤه‌ڕۆكا-ئەوێ.pdf,https://zcks.uoz.edu.krd/?product=%DA%AF%DB%86%DA%A4%D8%A7%D8%B1%D8%A7-%D8%B1%D9%88%D9%88%DA%AF%DB%95%D9%87%D9%80-%DA%98%D9%85%D8%A7%D8%B1%DB%95-%D9%A1%D9%A5-%D8%AA%DB%95%D8%A8%D8%A7%D8%AE%D8%A7-%D9%A2%D9%A0%D9%A2%D9%A2,پێشه_كییا-په_رتووكا-شه_رفنامه_-یا-دیرۆكنڤیسێ-كورد-شه_ره_فخانێ-به_دلیسی-خواندنه_ك-بۆ-ناڤه_ڕۆكا-ئەوێ_c8ecde12.pdf,2868587,application/pdf
https://zcks.uoz.edu.krd/wp-content/uploads/مه‌لا-یووسفێ-زڤنگی.pdf,https://zcks.uoz.edu.krd/?product=%DA%AF%DB%86%DA%A4%D8%A7%D8%B1%D8%A7-%D8%B1%D9%88%D9%88%DA%AF%DB%95%D9%87%D9%80-%DA%98%D9%85%D8%A7%D8%B1%DB%95-%D9%A1%D9%A5-%D8%AA%DB%95%D8%A8%D8%A7%D8%AE%D8%A7-%D9%A2%D9%A0%D9%A2%D9%A2,مه_لا-یووسفێ-زڤنگی_8a5f424c.pdf,5221360,application/pdf
https://zcks.uoz.edu.krd/wp-content/uploads/یاسین-ئه‌لعومه‌رى-و-میرگەها-بەهدینان.pdf,https://zcks.uoz.edu.krd/?product=%DA%AF%DB%86%DA%A4%D8%A7%D8%B1%D8%A7-%D8%B1%D9%88%D9%88%DA%AF%DB%95%D9%87%D9%80-%DA%98%D9%85%D8%A7%D8%B1%DB%95-%D9%A1%D9%A5-%D8%AA%DB%95%D8%A8%D8%A7%D8%AE%D8%A7-%D9%A2%D9%A0%D9%A2%D9%A2,یاسین-ئه_لعومه_رى-و-میرگەها-بەهدینان_fa5e6689.pdf,3544474,application/pdf
https://zcks.uoz.edu.krd/wp-content/uploads/نه‌هێلانا-مژێ-ل-سه‌ر-هوزانڤانیا-شێخ-شەمسەدین-ئەخلاتی.pdf,https://zcks.uoz.edu.krd/?product=%DA%AF%DB%86%DA%A4%D8%A7%D8%B1%D8%A7-%D8%B1%D9%88%D9%88%DA%AF%DB%95%D9%87%D9%80-%DA%98%D9%85%D8%A7%D8%B1%DB%95-%D9%A1%D9%A5-%D8%AA%DB%95%D8%A8%D8%A7%D8%AE%D8%A7-%D9%A2%D9%A0%D9%A2%D9%A2,نه_هێلانا-مژێ-ل-سه_ر-هوزانڤانیا-شێخ-شەمسەدین-ئەخلاتی_149131fd.pdf,6612325,application/pdf
https://zcks.uoz.edu.krd/wp-content/uploads/شێخ-موحەمەد-نووروللاهـ-سەیدا-ئەلجەزەری-١٩٤٩-١٩٨٥.pdf,https://zcks.uoz.edu.krd/?product=%DA%AF%DB%86%DA%A4%D8%A7%D8%B1%D8%A7-%D8%B1%D9%88%D9%88%DA%AF%DB%95%D9%87%D9%80-%DA%98%D9%85%D8%A7%D8%B1%DB%95-%D9%A1%D9%A5-%D8%AA%DB%95%D8%A8%D8%A7%D8%AE%D8%A7-%D9%A2%D9%A0%D9%A2%D9%A2,شێخ-موحەمەد-نووروللاهـ-سەیدا-ئەلجەزەری-١٩٤٩-١٩٨٥_4707380c.pdf,2270474,application/pdf
https://zcks.uoz.edu.krd/wp-content/uploads/شێخ-محه‌مه‌د-عه‌سكه‌ریێ-ئاقته‌پی.pdf,https://zcks.uoz.edu.krd/?product=%DA%AF%DB%86%DA%A4%D8%A7%D8%B1%D8%A7-%D8%B1%D9%88%D9%88%DA%AF%DB%95%D9%87%D9%80-%DA%98%D9%85%D8%A7%D8%B1%DB%95-%D9%A1%D9%A5-%D8%AA%DB%95%D8%A8%D8%A7%D8%AE%D8%A7-%D9%A2%D9%A0%D9%A2%D9%A2,شێخ-محه_مه_د-عه_سكه_ریێ-ئاقته_پی_128385be.pdf,43679337,application/pdf
https://zcks.uoz.edu.krd/wp-content/uploads/پلانا-چاکسازییا-ڕۆژهەلات.pdf,https://zcks.uoz.edu.krd/?product=%DA%AF%DB%86%DA%A4%D8%A7%D8%B1%D8%A7-%D8%B1%D9%88%D9%88%DA%AF%DB%95%D9%87%D9%80-%DA%98%D9%85%D8%A7%D8%B1%DB%95-%D9%A1%D9%A4-%DA%AF%D9%88%D9%84%D8%A7%D9%86%D8%A7-%D9%A2%D9%A0%D9%A2%D9%A2,پلانا-چاکسازییا-ڕۆژهەلات_1d2f93d7.pdf,139625848,application/pdf
https://zcks.uoz.edu.krd/wp-content/uploads/الدومنيكان-وأثرهم-في-تغيير-الخارطة-المذهبية-لمسيحي-منطقة-زاخو-والعمادية-ئاميدي.pdf,https://zcks.uoz.edu.krd/?product=%DA%AF%DB%86%DA%A4%D8%A7%D8%B1%D8%A7-%D8%B1%D9%88%D9%88%DA%AF%DB%95%D9%87%D9%80-%DA%98%D9%85%D8%A7%D8%B1%DB%95-%D9%A2-%D9%A3-%D9%BE%D8%A7%DB%8C%DB%8C%D8%B2%D8%A7-%D9%A2%D9%A0%D9%A1%D9%A1-%D8%B2,الدومنيكان-وأثرهم-في-تغيير-الخارطة-المذهبية-لمسيحي-منطقة-زاخو-والعمادية-ئاميدي_687d9dd5.pdf,1227294,application/pdf
https://zcks.uoz.edu.krd/wp-content/uploads/هوزانا-ھەڤچەرخا-کوردی-دناڤبەرا-بەرپرسیارا-ھوزانڤانی-.-وەرگری-.-ورەخنەگریدا.pdf,https://zcks.uoz.edu.krd/?product=%DA%AF%DB%86%DA%A4%D8%A7%D8%B1%D8%A7-%D8%B1%D9%88%D9%88%DA%AF%DB%95%D9%87%D9%80-%DA%98%D9%85%D8%A7%D8%B1%DB%95-%D9%A2-%D9%A3-%D9%BE%D8%A7%DB%8C%DB%8C%D8%B2%D8%A7-%D9%A2%D9%A0%D9%A1%D9%A1-%D8%B2,هوزانا-ھەڤچەرخا-کوردی-دناڤبەرا-بەرپرسیارا-ھوزانڤانی-.-وەرگری-.-ورەخنەگریدا_49ce45ac.pdf,489222,application/pdf
https://zcks.uoz.edu.krd/wp-content/uploads/چالاكى.pdf,https://zcks.uoz.edu.krd/?product=%DA%AF%DB%86%DA%A4%D8%A7%D8%B1%D8%A7-%D8%B1%D9%88%D9%88%DA%AF%DB%95%D9%87%D9%80-%DA%98%D9%85%D8%A7%D8%B1%DB%95-%D9%A2-%D9%A3-%D9%BE%D8%A7%DB%8C%DB%8C%D8%B2%D8%A7-%D9%A2%D9%A0%D9%A1%D9%A1-%D8%B2,چالاكى_7b89b4bc.pdf,1019261,application/pdf
https://zcks.uoz.edu.krd/wp-content/uploads/هەبوونا-کوردان-ل-مسرێ-ل-سەردەمێ-فاتمی-و-ئەیوبی-دا.pdf,https://zcks.uoz.edu.krd/?product=%DA%AF%DB%86%DA%A4%D8%A7%D8%B1%D8%A7-%D8%B1%D9%88%D9%88%DA%AF%DB%95%D9%87%D9%80-%DA%98%D9%85%D8%A7%D8%B1%DB%95-%D9%A2-%D9%A3-%D9%BE%D8%A7%DB%8C%DB%8C%D8%B2%D8%A7-%D9%A2%D9%A0%D9%A1%D9%A1-%D8%B2,هەبوونا-کوردان-ل-مسرێ-ل-سەردەمێ-فاتمی-و-ئەیوبی-دا_f45440a3.pdf,1045639,application/pdf
https://zcks.uoz.edu.krd/wp-content/uploads/H.G.-Wells-The-Country-of-the-Blind-and-the-Idea-of-Xenophobia.pdf,https://zcks.uoz.edu.krd/?product=%DA%AF%DB%86%DA%A4%D8%A7%D8%B1%D8%A7-%D8%B1%D9%88%D9%88%DA%AF%DB%95%D9%87%D9%80-%DA%98%D9%85%D8%A7%D8%B1%DB%95-%D9%A2-%D9%A3-%D9%BE%D8%A7%DB%8C%DB%8C%D8%B2%D8%A7-%D9%A2%D9%A0%D9%A1%D9%A1-%D8%B2,H.G.-Wells-The-Country-of-the-Blind-and-the-Idea-of-Xenophobia_18be7e08.pdf,647228,application/pdf
https://zcks.uoz.edu.krd/wp-content/uploads/Determination-of-EEG-for-Smell-Sensitive-Brains-Areas-by-Using-Chemical-Stimulators.pdf,https://zcks.uoz.edu.krd/?product=%DA%AF%DB%86%DA%A4%D8%A7%D8%B1%D8%A7-%D8%B1%D9%88%D9%88%DA%AF%DB%95%D9%87%D9%80-%DA%98%D9%85%D8%A7%D8%B1%DB%95-%D9%A2-%D9%A3-%D9%BE%D8%A7%DB%8C%DB%8C%D8%B2%D8%A7-%D9%A2%D9%A0%D9%A1%D9%A1-%D8%B2,Determination-of-EEG-for-Smell-Sensitive-Brains-Areas-by-Using-Chemical-Stimulators_92dec37d.pdf,893737,application/pdf
https://zcks.uoz.edu.krd/wp-content/uploads/أهمية-تطبيق-الحكومة-الإلكترونية-في-إقليم-كردستان.pdf,https://zcks.uoz.edu.krd/?product=%DA%AF%DB%86%DA%A4%D8%A7%D8%B1%D8%A7-%D8%B1%D9%88%D9%88%DA%AF%DB%95%D9%87%D9%80-%DA%98%D9%85%D8%A7%D8%B1%DB%95-%D9%A2-%D9%A3-%D9%BE%D8%A7%DB%8C%DB%8C%D8%B2%D8%A7-%D9%A2%D9%A0%D9%A1%D9%A1-%D8%B2,أهمية-تطبيق-الحكومة-الإلكترونية-في-إقليم-كردستان_b5d311b0.pdf,559115,application/pdf
https://zcks.uoz.edu.krd/wp-content/uploads/مێژووی-شارۆچکەی-باوەنوور-لەنێوان-ساڵانی-١٩١٨-١٩٩٢.pdf,https://zcks.uoz.edu.krd/?product=%DA%AF%DB%86%DA%A4%D8%A7%D8%B1%D8%A7-%D8%B1%D9%88%D9%88%DA%AF%DB%95%D9%87%D9%80-%DA%98%D9%85%D8%A7%D8%B1%DB%95-%D9%A2-%D9%A3-%D9%BE%D8%A7%DB%8C%DB%8C%D8%B2%D8%A7-%D9%A2%D9%A0%D9%A1%D9%A1-%D8%B2,مێژووی-شارۆچکەی-باوەنوور-لەنێوان-ساڵانی-١٩١٨-١٩٩٢_2aea0fd1.pdf,1548257,application/pdf
https://zcks.uoz.edu.krd/wp-content/uploads/النظم-العسكرية-في-الإمارات-الكوردية.pdf,https://zcks.uoz.edu.krd/?product=%DA%AF%DB%86%DA%A4%D8%A7%D8%B1%D8%A7-%D8%B1%D9%88%D9%88%DA%AF%DB%95%D9%87%D9%80-%DA%98%D9%85%D8%A7%D8%B1%DB%95-%D9%A2-%D9%A3-%D9%BE%D8%A7%DB%8C%DB%8C%D8%B2%D8%A7-%D9%A2%D9%A0%D9%A1%D9%A1-%D8%B2,النظم-العسكرية-في-الإمارات-الكوردية_782c30ac.pdf,3002480,application/pdf
https://zcks.uoz.edu.krd/wp-content/uploads/دێ-چەوا-بییە-مامۆستایەکێ-سەرکەفتی؟.pdf,https://zcks.uoz.edu.krd/?product=%DA%AF%DB%86%DA%A4%D8%A7%D8%B1%D8%A7-%D8%B1%D9%88%D9%88%DA%AF%DB%95%D9%87%D9%80-%DA%98%D9%85%D8%A7%D8%B1%DB%95-%D9%A2-%D9%A3-%D9%BE%D8%A7%DB%8C%DB%8C%D8%B2%D8%A7-%D9%A2%D9%A0%D9%A1%D9%A1-%D8%B2,دێ-چەوا-بییە-مامۆستایەکێ-سەرکەفتی__df5ea50f.pdf,489818,application/pdf
https://zcks.uoz.edu.krd/wp-content/uploads/بۆچی-دبێژنێ؛-تێکستێ-ھەڤتەریب-.؟.pdf,https://zcks.uoz.edu.krd/?product=%DA%AF%DB%86%DA%A4%D8%A7%D8%B1%D8%A7-%D8%B1%D9%88%D9%88%DA%AF%DB%95%D9%87%D9%80-%DA%98%D9%85%D8%A7%D8%B1%DB%95-%D9%A2-%D9%A3-%D9%BE%D8%A7%DB%8C%DB%8C%D8%B2%D8%A7-%D9%A2%D9%A0%D9%A1%D9%A1-%D8%B2,بۆچی-دبێژنێ_-تێکستێ-ھەڤتەریب-.__81b49f20.pdf,1257137,application/pdf
https://zcks.uoz.edu.krd/wp-content/uploads/زمانڤانییا-کارەکی.pdf,https://zcks.uoz.edu.krd/?product=%DA%AF%DB%86%DA%A4%D8%A7%D8%B1%D8%A7-%D8%B1%D9%88%D9%88%DA%AF%DB%95%D9%87%D9%80-%DA%98%D9%85%D8%A7%D8%B1%DB%95-%D9%A2-%D9%A3-%D9%BE%D8%A7%DB%8C%DB%8C%D8%B2%D8%A7-%D9%A2%D9%A0%D9%A1%D9%A1-%D8%B2,زمانڤانییا-کارەکی_6af07266.pdf,907188,application/pdf
https://zcks.uoz.edu.krd/wp-content/uploads/Ergativity-in-Northern-Kurmanji.pdf,https://zcks.uoz.edu.krd/?product=%DA%AF%DB%86%DA%A4%D8%A7%D8%B1%D8%A7-%D8%B1%D9%88%D9%88%DA%AF%DB%95%D9%87%D9%80-%DA%98%D9%85%D8%A7%D8%B1%DB%95-%D9%A2-%D9%A3-%D9%BE%D8%A7%DB%8C%DB%8C%D8%B2%D8%A7-%D9%A2%D9%A0%D9%A1%D9%A1-%D8%B2,Ergativity-in-Northern-Kurmanji_d710c34c.pdf,2056485,application/pdf
https://zcks.uoz.edu.krd/wp-content/uploads/نبذة-عن-الطوائف-والمراتب-المسيحية-في-العصور-الوسطى.pdf,https://zcks.uoz.edu.krd/?product=%DA%AF%DB%86%DA%A4%D8%A7%D8%B1%D8%A7-%D8%B1%D9%88%D9%88%DA%AF%DB%95%D9%87%D9%80-%DA%98%D9%85%D8%A7%D8%B1%DB%95-%D9%A2-%D9%A3-%D9%BE%D8%A7%DB%8C%DB%8C%D8%B2%D8%A7-%D9%A2%D9%A0%D9%A1%D9%A1-%D8%B2,نبذة-عن-الطوائف-والمراتب-المسيحية-في-العصور-الوسطى_80d21ce9.pdf,822819,application/pdf
https://zcks.uoz.edu.krd/wp-content/uploads/ھۆزانا-سەربەستا-کوردی.pdf,https://zcks.uoz.edu.krd/?product=%DA%AF%DB%86%DA%A4%D8%A7%D8%B1%D8%A7-%D8%B1%D9%88%D9%88%DA%AF%DB%95%D9%87%D9%80-%DA%98%D9%85%D8%A7%D8%B1%DB%95-%D9%A2-%D9%A3-%D9%BE%D8%A7%DB%8C%DB%8C%D8%B2%D8%A7-%D9%A2%D9%A0%D9%A1%D9%A1-%D8%B2,ھۆزانا-سەربەستا-کوردی_ab9bf1e0.pdf,947203,application/pdf
https://zcks.uoz.edu.krd/wp-content/uploads/رێبازێن-ئەدەبی-ریالیزم-و-سیمبولیزم.pdf,https://zcks.uoz.edu.krd/?product=%DA%AF%DB%86%DA%A4%D8%A7%D8%B1%D8%A7-%D8%B1%D9%88%D9%88%DA%AF%DB%95%D9%87%D9%80-%DA%98%D9%85%D8%A7%D8%B1%DB%95-%D9%A2-%D9%A3-%D9%BE%D8%A7%DB%8C%DB%8C%D8%B2%D8%A7-%D9%A2%D9%A0%D9%A1%D9%A1-%D8%B2,رێبازێن-ئەدەبی-ریالیزم-و-سیمبولیزم_5163e7d7.pdf,1032686,application/pdf
https://zcks.uoz.edu.krd/wp-content/uploads/الجذور-التاريخية-لسلسلة-النبوي-الشريف.pdf,https://zcks.uoz.edu.krd/?product=%DA%AF%DB%86%DA%A4%D8%A7%D8%B1%D8%A7-%D8%B1%D9%88%D9%88%DA%AF%DB%95%D9%87%D9%80-%DA%98%D9%85%D8%A7%D8%B1%DB%95-%D9%A2-%D9%A3-%D9%BE%D8%A7%DB%8C%DB%8C%D8%B2%D8%A7-%D9%A2%D9%A0%D9%A1%D9%A1-%D8%B2,الجذور-التاريخية-لسلسلة-النبوي-الشريف_de43d229.pdf,1343718,application/pdf
https://zcks.uoz.edu.krd/wp-content/uploads/واتاسازییا-کارەکی.pdf,https://zcks.uoz.edu.krd/?product=%DA%AF%DB%86%DA%A4%D8%A7%D8%B1%D8%A7-%D8%B1%D9%88%D9%88%DA%AF%DB%95%D9%87%D9%80-%DA%98%D9%85%D8%A7%D8%B1%DB%95-%D9%A2-%D9%A3-%D9%BE%D8%A7%DB%8C%DB%8C%D8%B2%D8%A7-%D9%A2%D9%A0%D9%A1%D9%A1-%D8%B2,واتاسازییا-کارەکی_c2b596ae.pdf,1123027,application/pdf
https://zcks.uoz.edu.krd/wp-content/uploads/سه-مفونيا-خه-مان-و-رومانسيه-تا-گوران-يدا-پاييز.pdf,https://zcks.uoz.edu.krd/?product=%DA%AF%DB%86%DA%A4%D8%A7%D8%B1%D8%A7-%D8%B1%D9%88%D9%88%DA%AF%DB%95%D9%87%D9%80-%DA%98%D9%85%D8%A7%D8%B1%DB%95-%D9%A2-%D9%A3-%D9%BE%D8%A7%DB%8C%DB%8C%D8%B2%D8%A7-%D9%A2%D9%A0%D9%A1%D9%A1-%D8%B2,سه-مفونيا-خه-مان-و-رومانسيه-تا-گوران-يدا-پاييز_ada8e77b.pdf,570283,application/pdf
https://zcks.uoz.edu.krd/wp-content/uploads/نشأة-الحياة-الحزبية-في-تركيا.pdf,https://zcks.uoz.edu.krd/?product=%DA%AF%DB%86%DA%A4%D8%A7%D8%B1%D8%A7-%D8%B1%D9%88%D9%88%DA%AF%DB%95%D9%87%D9%80-%DA%98%D9%85%D8%A7%D8%B1%DB%95-%D9%A2-%D9%A3-%D9%BE%D8%A7%DB%8C%DB%8C%D8%B2%D8%A7-%D9%A2%D9%A0%D9%A1%D9%A1-%D8%B2,نشأة-الحياة-الحزبية-في-تركيا_9e810606.pdf,880647,application/pdf
https://zcks.uoz.edu.krd/wp-content/uploads/کورتە-چیروک-پشکا-ئێکێ.pdf,https://zcks.uoz.edu.krd/?product=%DA%AF%DB%86%DA%A4%D8%A7%D8%B1%D8%A7-%D8%B1%D9%88%D9%88%DA%AF%DB%95%D9%87%D9%80-%DA%98%D9%85%D8%A7%D8%B1%DB%95-%D9%A2-%D9%A3-%D9%BE%D8%A7%DB%8C%DB%8C%D8%B2%D8%A7-%D9%A2%D9%A0%D9%A1%D9%A1-%D8%B2,کورتە-چیروک-پشکا-ئێکێ_8124f9eb.pdf,1392053,application/pdf
https://zcks.uoz.edu.krd/wp-content/uploads/میر-و-ھۆزانڤان-عمادالدين-ھەکاری-١٦٣٢-١٦٣٩.pdf,https://zcks.uoz.edu.krd/?product=%DA%AF%DB%86%DA%A4%D8%A7%D8%B1%D8%A7-%D8%B1%D9%88%D9%88%DA%AF%DB%95%D9%87%D9%80-%DA%98%D9%85%D8%A7%D8%B1%DB%95-%D9%A2-%D9%A3-%D9%BE%D8%A7%DB%8C%DB%8C%D8%B2%D8%A7-%D9%A2%D9%A0%D9%A1%D9%A1-%D8%B2,میر-و-ھۆزانڤان-عمادالدين-ھەکاری-١٦٣٢-١٦٣٩_006bd51c.pdf,1174679,application/pdf
https://zcks.uoz.edu.krd/wp-content/uploads/زمان-و-ھزر-پەیوەندی-و-ژێکجودابوون.pdf,https://zcks.uoz.edu.krd/?product=%DA%AF%DB%86%DA%A4%D8%A7%D8%B1%D8%A7-%D8%B1%D9%88%D9%88%DA%AF%DB%95%D9%87%D9%80-%DA%98%D9%85%D8%A7%D8%B1%DB%95-%D9%A2-%D9%A3-%D9%BE%D8%A7%DB%8C%DB%8C%D8%B2%D8%A7-%D9%A2%D9%A0%D9%A1%D9%A1-%D8%B2,زمان-و-ھزر-پەیوەندی-و-ژێکجودابوون_e8430781.pdf,500785,application/pdf
https://zcks.uoz.edu.krd/wp-content/uploads/مدى-تأثر-مضمون-الدستور-الاردني-بالحقوق-الواردة-في-الاعلان-العالمي-لحقوق-الانسان-١٩٤٨.pdf,https://zcks.uoz.edu.krd/?product=%DA%AF%DB%86%DA%A4%D8%A7%D8%B1%D8%A7-%D8%B1%D9%88%D9%88%DA%AF%DB%95%D9%87%D9%80-%DA%98%D9%85%D8%A7%D8%B1%DB%95-%D9%A2-%D9%A3-%D9%BE%D8%A7%DB%8C%DB%8C%D8%B2%D8%A7-%D9%A2%D9%A0%D9%A1%D9%A1-%D8%B2,مدى-تأثر-مضمون-الدستور-الاردني-بالحقوق-الواردة-في-الاعلان-العالمي-لحقوق-الانسان-١٩٤٨_ca9021dd.pdf,641715,application/pdf
https://zcks.uoz.edu.krd/wp-content/uploads/گرفتا-پاشڤەمانا-خواندنێ-دناڤبەرا-تێگەھشتن-و-رووبەرووبوونێ-دا.pdf,https://zcks.uoz.edu.krd/?product=%DA%AF%DB%86%DA%A4%D8%A7%D8%B1%D8%A7-%D8%B1%D9%88%D9%88%DA%AF%DB%95%D9%87%D9%80-%DA%98%D9%85%D8%A7%D8%B1%DB%95-%D9%A2-%D9%A3-%D9%BE%D8%A7%DB%8C%DB%8C%D8%B2%D8%A7-%D9%A2%D9%A0%D9%A1%D9%A1-%D8%B2,گرفتا-پاشڤەمانا-خواندنێ-دناڤبەرا-تێگەھشتن-و-رووبەرووبوونێ-دا_22be414d.pdf,413011,application/pdf
https://zcks.uoz.edu.krd/wp-content/uploads/بەڵاڤبوونا-جوهیاتییێ-ل-کوردستانێ.pdf,https://zcks.uoz.edu.krd/?product=%DA%AF%DB%86%DA%A4%D8%A7%D8%B1%D8%A7-%D8%B1%D9%88%D9%88%DA%AF%DB%95%D9%87%D9%80-%DA%98%D9%85%D8%A7%D8%B1%DB%95-%D9%A4-%D8%A8%D9%87%D8%A7%D8%B1%D8%A7-%D9%A2%D9%A0%D9%A1%D9%A2,بەڵاڤبوونا-جوهیاتییێ-ل-کوردستانێ_c748647e.pdf,1455339,application/pdf
https://zcks.uoz.edu.krd/wp-content/uploads/جڤاکێ-زمانێ.pdf,https://zcks.uoz.edu.krd/?product=%DA%AF%DB%86%DA%A4%D8%A7%D8%B1%D8%A7-%D8%B1%D9%88%D9%88%DA%AF%DB%95%D9%87%D9%80-%DA%98%D9%85%D8%A7%D8%B1%DB%95-%D9%A4-%D8%A8%D9%87%D8%A7%D8%B1%D8%A7-%D9%A2%D9%A0%D9%A1%D9%A2,جڤاکێ-زمانێ_ea98866a.pdf,766148,application/pdf
https://zcks.uoz.edu.krd/wp-content/uploads/چیرۆک-د-گۆڤارێن-زارۆکاندا.pdf,https://zcks.uoz.edu.krd/?product=%DA%AF%DB%86%DA%A4%D8%A7%D8%B1%D8%A7-%D8%B1%D9%88%D9%88%DA%AF%DB%95%D9%87%D9%80-%DA%98%D9%85%D8%A7%D8%B1%DB%95-%D9%A4-%D8%A8%D9%87%D8%A7%D8%B1%D8%A7-%D9%A2%D9%A0%D9%A1%D9%A2,چیرۆک-د-گۆڤارێن-زارۆکاندا_a4b983f8.pdf,1366623,application/pdf
https://zcks.uoz.edu.krd/wp-content/uploads/الکوردی-خالد-بکداش-زعیم.pdf,https://zcks.uoz.edu.krd/?product=%DA%AF%DB%86%DA%A4%D8%A7%D8%B1%D8%A7-%D8%B1%D9%88%D9%88%DA%AF%DB%95%D9%87%D9%80-%DA%98%D9%85%D8%A7%D8%B1%DB%95-%D9%A4-%D8%A8%D9%87%D8%A7%D8%B1%D8%A7-%D9%A2%D9%A0%D9%A1%D9%A2,الکوردی-خالد-بکداش-زعیم_fa9e9ed3.pdf,657581,application/pdf
https://zcks.uoz.edu.krd/wp-content/uploads/قۆتابخانا-لەندەن-یا-فونولوژی.pdf,https://zcks.uoz.edu.krd/?product=%DA%AF%DB%86%DA%A4%D8%A7%D8%B1%D8%A7-%D8%B1%D9%88%D9%88%DA%AF%DB%95%D9%87%D9%80-%DA%98%D9%85%D8%A7%D8%B1%DB%95-%D9%A4-%D8%A8%D9%87%D8%A7%D8%B1%D8%A7-%D9%A2%D9%A0%D9%A1%D9%A2,قۆتابخانا-لەندەن-یا-فونولوژی_2d49d8fd.pdf,1088375,application/pdf
https://zcks.uoz.edu.krd/wp-content/uploads/تشکیل-الوحدات-الاداریە-فی-کوردستان-سوریا.pdf,https://zcks.uoz.edu.krd/?product=%DA%AF%DB%86%DA%A4%D8%A7%D8%B1%D8%A7-%D8%B1%D9%88%D9%88%DA%AF%DB%95%D9%87%D9%80-%DA%98%D9%85%D8%A7%D8%B1%DB%95-%D9%A4-%D8%A8%D9%87%D8%A7%D8%B1%D8%A7-%D9%A2%D9%A0%D9%A1%D9%A2,تشکیل-الوحدات-الاداریە-فی-کوردستان-سوریا_24d19e06.pdf,701397,application/pdf
https://zcks.uoz.edu.krd/wp-content/uploads/روانگەی-فەلسەفە-بۆ-هەڵوەشێنگەرایی.pdf,https://zcks.uoz.edu.krd/?product=%DA%AF%DB%86%DA%A4%D8%A7%D8%B1%D8%A7-%D8%B1%D9%88%D9%88%DA%AF%DB%95%D9%87%D9%80-%DA%98%D9%85%D8%A7%D8%B1%DB%95-%D9%A4-%D8%A8%D9%87%D8%A7%D8%B1%D8%A7-%D9%A2%D9%A0%D9%A1%D9%A2,روانگەی-فەلسەفە-بۆ-هەڵوەشێنگەرایی_e36f37f2.pdf,826408,application/pdf
https://zcks.uoz.edu.krd/wp-content/uploads/بابەکێ-خۆرەمێ-و-بزاڤا-وی-د-ژێدەرێن-ئیرانیدا.pdf,https://zcks.uoz.edu.krd/?product=%DA%AF%DB%86%DA%A4%D8%A7%D8%B1%D8%A7-%D8%B1%D9%88%D9%88%DA%AF%DB%95%D9%87%D9%80-%DA%98%D9%85%D8%A7%D8%B1%DB%95-%D9%A4-%D8%A8%D9%87%D8%A7%D8%B1%D8%A7-%D9%A2%D9%A0%D9%A1%D9%A2,بابەکێ-خۆرەمێ-و-بزاڤا-وی-د-ژێدەرێن-ئیرانیدا_6c531e88.pdf,3157393,application/pdf
https://zcks.uoz.edu.krd/wp-content/uploads/هۆناكا-زانستی.pdf,https://zcks.uoz.edu.krd/?product=%DA%AF%DB%86%DA%A4%D8%A7%D8%B1%D8%A7-%D8%B1%D9%88%D9%88%DA%AF%DB%95%D9%87%D9%80-%DA%98%D9%85%D8%A7%D8%B1%DB%95-%D9%A4-%D8%A8%D9%87%D8%A7%D8%B1%D8%A7-%D9%A2%D9%A0%D9%A1%D9%A2,هۆناكا-زانستی_616f9046.pdf,998793,application/pdf
https://zcks.uoz.edu.krd/wp-content/uploads/شێوازناسیا-ئەدەبیاتا-فارسی.pdf,https://zcks.uoz.edu.krd/?product=%DA%AF%DB%86%DA%A4%D8%A7%D8%B1%D8%A7-%D8%B1%D9%88%D9%88%DA%AF%DB%95%D9%87%D9%80-%DA%98%D9%85%D8%A7%D8%B1%DB%95-%D9%A4-%D8%A8%D9%87%D8%A7%D8%B1%D8%A7-%D9%A2%D9%A0%D9%A1%D9%A2,شێوازناسیا-ئەدەبیاتا-فارسی_0287bb32.pdf,1058149,application/pdf
https://zcks.uoz.edu.krd/wp-content/uploads/دیتنا-فەلسەفێ-بۆ-ئەدەبی-لسەردەمێ-کلاسیزما-نوی-1.pdf,https://zcks.uoz.edu.krd/?product=%DA%AF%DB%86%DA%A4%D8%A7%D8%B1%D8%A7-%D8%B1%D9%88%D9%88%DA%AF%DB%95%D9%87%D9%80-%DA%98%D9%85%D8%A7%D8%B1%DB%95-%D9%A4-%D8%A8%D9%87%D8%A7%D8%B1%D8%A7-%D9%A2%D9%A0%D9%A1%D9%A2,دیتنا-فەلسەفێ-بۆ-ئەدەبی-لسەردەمێ-کلاسیزما-نوی-1_c88a7788.pdf,1361094,application/pdf
https://zcks.uoz.edu.krd/wp-content/uploads/چالاکی-2.pdf,https://zcks.uoz.edu.krd/?product=%DA%AF%DB%86%DA%A4%D8%A7%D8%B1%D8%A7-%D8%B1%D9%88%D9%88%DA%AF%DB%95%D9%87%D9%80-%DA%98%D9%85%D8%A7%D8%B1%DB%95-%D9%A4-%D8%A8%D9%87%D8%A7%D8%B1%D8%A7-%D9%A2%D9%A0%D9%A1%D9%A2,چالاکی-2_df98fd61.pdf,1594364,application/pdf
https://zcks.uoz.edu.krd/wp-content/uploads/پەیوەندیا-دناڤبەرا-زمان-و-هزرکرنێدا.pdf,https://zcks.uoz.edu.krd/?product=%DA%AF%DB%86%DA%A4%D8%A7%D8%B1%D8%A7-%D8%B1%D9%88%D9%88%DA%AF%DB%95%D9%87%D9%80-%DA%98%D9%85%D8%A7%D8%B1%DB%95-%D9%A4-%D8%A8%D9%87%D8%A7%D8%B1%D8%A7-%D9%A2%D9%A0%D9%A1%D9%A2,پەیوەندیا-دناڤبەرا-زمان-و-هزرکرنێدا_e1096544.pdf,875367,application/pdf
https://zcks.uoz.edu.krd/wp-content/uploads/کورتە-چیرۆک-پشکا-دووێ-.pdf,https://zcks.uoz.edu.krd/?product=%DA%AF%DB%86%DA%A4%D8%A7%D8%B1%D8%A7-%D8%B1%D9%88%D9%88%DA%AF%DB%95%D9%87%D9%80-%DA%98%D9%85%D8%A7%D8%B1%DB%95-%D9%A4-%D8%A8%D9%87%D8%A7%D8%B1%D8%A7-%D9%A2%D9%A0%D9%A1%D9%A2,کورتە-چیرۆک-پشکا-دووێ-_b631daf5.pdf,2298200,application/pdf
https://zcks.uoz.edu.krd/wp-content/uploads/شەرمکرن.pdf,https://zcks.uoz.edu.krd/?product=%DA%AF%DB%86%DA%A4%D8%A7%D8%B1%D8%A7-%D8%B1%D9%88%D9%88%DA%AF%DB%95%D9%87%D9%80-%DA%98%D9%85%D8%A7%D8%B1%DB%95-%D9%A4-%D8%A8%D9%87%D8%A7%D8%B1%D8%A7-%D9%A2%D9%A0%D9%A1%D9%A2,شەرمکرن_1b2e8b29.pdf,671453,application/pdf
https://zcks.uoz.edu.krd/wp-content/uploads/فەلسەفە-د-قۆناغێن-نوو-دا.pdf,https://zcks.uoz.edu.krd/?product=%DA%AF%DB%86%DA%A4%D8%A7%D8%B1%D8%A7-%D8%B1%D9%88%D9%88%DA%AF%DB%95%D9%87%D9%80-%DA%98%D9%85%D8%A7%D8%B1%DB%95-%D9%A4-%D8%A8%D9%87%D8%A7%D8%B1%D8%A7-%D9%A2%D9%A0%D9%A1%D9%A2,فەلسەفە-د-قۆناغێن-نوو-دا_9358f924.pdf,1953706,application/pdf
https://zcks.uoz.edu.krd/wp-content/uploads/شیوخ-بارزان-فی-کتابات-الیهود.pdf,https://zcks.uoz.edu.krd/?product=%DA%AF%DB%86%DA%A4%D8%A7%D8%B1%D8%A7-%D8%B1%D9%88%D9%88%DA%AF%DB%95%D9%87%D9%80-%DA%98%D9%85%D8%A7%D8%B1%DB%95-%D9%A4-%D8%A8%D9%87%D8%A7%D8%B1%D8%A7-%D9%A2%D9%A0%D9%A1%D9%A2,شیوخ-بارزان-فی-کتابات-الیهود_1379f075.pdf,3064659,application/pdf
https://zcks.uoz.edu.krd/wp-content/uploads/greetings-in-badini-dialect.pdf,https://zcks.uoz.edu.krd/?product=%DA%AF%DB%86%DA%A4%D8%A7%D8%B1%D8%A7-%D8%B1%D9%88%D9%88%DA%AF%DB%95%D9%87%D9%80-%DA%98%D9%85%D8%A7%D8%B1%DB%95-%D9%A4-%D8%A8%D9%87%D8%A7%D8%B1%D8%A7-%D9%A2%D9%A0%D9%A1%D9%A2,greetings-in-badini-dialect_8c38c54e.pdf,1091942,application/pdf
https://zcks.uoz.edu.krd/wp-content/uploads/english-kurish-arabic-code-switching-in-mobile-messages.pdf,https://zcks.uoz.edu.krd/?product=%DA%AF%DB%86%DA%A4%D8%A7%D8%B1%D8%A7-%D8%B1%D9%88%D9%88%DA%AF%DB%95%D9%87%D9%80-%DA%98%D9%85%D8%A7%D8%B1%DB%95-%D9%A4-%D8%A8%D9%87%D8%A7%D8%B1%D8%A7-%D9%A2%D9%A0%D9%A1%D9%A2,english-kurish-arabic-code-switching-in-mobile-messages_674c79ee.pdf,1530127,application/pdf
https://zcks.uoz.edu.krd/wp-content/uploads/مفهوم-کلمە-الٳسلام-فی-القرآن-الکریم.pdf,https://zcks.uoz.edu.krd/?product=%DA%AF%DB%86%DA%A4%D8%A7%D8%B1%D8%A7-%D8%B1%D9%88%D9%88%DA%AF%DB%95%D9%87%D9%80-%DA%98%D9%85%D8%A7%D8%B1%DB%95-%D9%A4-%D8%A8%D9%87%D8%A7%D8%B1%D8%A7-%D9%A2%D9%A0%D9%A1%D9%A2,مفهوم-کلمە-الٳسلام-فی-القرآن-الکریم_a00f4046.pdf,806664,application/pdf
https://zcks.uoz.edu.krd/wp-content/uploads/پەیوەندیێن-ئیران-و-ئەوروپا-لسەردەمێ-ئیلخانیدا.pdf,https://zcks.uoz.edu.krd/?product=%DA%AF%DB%86%DA%A4%D8%A7%D8%B1%D8%A7-%D8%B1%D9%88%D9%88%DA%AF%DB%95%D9%87%D9%80-%DA%98%D9%85%D8%A7%D8%B1%DB%95-%D9%A4-%D8%A8%D9%87%D8%A7%D8%B1%D8%A7-%D9%A2%D9%A0%D9%A1%D9%A2,پەیوەندیێن-ئیران-و-ئەوروپا-لسەردەمێ-ئیلخانیدا_f790faaf.pdf,2088379,application/pdf
https://zcks.uoz.edu.krd/wp-content/uploads/هۆزانێن-بەرزە-د-دیوانێن-سەبری-بوتانیدا.pdf,https://zcks.uoz.edu.krd/?product=%DA%AF%DB%86%DA%A4%D8%A7%D8%B1%D8%A7-%D8%B1%D9%88%D9%88%DA%AF%DB%95%D9%87%D9%80-%DA%98%D9%85%D8%A7%D8%B1%DB%95-%D9%A4-%D8%A8%D9%87%D8%A7%D8%B1%D8%A7-%D9%A2%D9%A0%D9%A1%D9%A2,هۆزانێن-بەرزە-د-دیوانێن-سەبری-بوتانیدا_502250b3.pdf,1100197,application/pdf
https://zcks.uoz.edu.krd/wp-content/uploads/پەروەردەکرن-و-فێرکرن-د-شارستانییەتێن-کەڤندا.pdf,https://zcks.uoz.edu.krd/?product=%DA%AF%DB%86%DA%A4%D8%A7%D8%B1%D8%A7-%D8%B1%D9%88%D9%88%DA%AF%DB%95%D9%87%D9%80-%DA%98%D9%85%D8%A7%D8%B1%DB%95-%D9%A4-%D8%A8%D9%87%D8%A7%D8%B1%D8%A7-%D9%A2%D9%A0%D9%A1%D9%A2,پەروەردەکرن-و-فێرکرن-د-شارستانییەتێن-کەڤندا_0819e18f.pdf,446724,application/pdf
https://zcks.uoz.edu.krd/wp-content/uploads/داستانا-فارسی.pdf,https://zcks.uoz.edu.krd/?product=%DA%AF%DB%86%DA%A4%D8%A7%D8%B1%D8%A7-%D8%B1%D9%88%D9%88%DA%AF%DB%95%D9%87%D9%80-%DA%98%D9%85%D8%A7%D8%B1%DB%95-%D9%A4-%D8%A8%D9%87%D8%A7%D8%B1%D8%A7-%D9%A2%D9%A0%D9%A1%D9%A2,داستانا-فارسی_a6a41d25.pdf,1612098,application/pdf
https://zcks.uoz.edu.krd/wp-content/uploads/a-general-overview-of-diglossia-and-code-switching.pdf,https://zcks.uoz.edu.krd/?product=%DA%AF%DB%86%DA%A4%D8%A7%D8%B1%D8%A7-%D8%B1%D9%88%D9%88%DA%AF%DB%95%D9%87%D9%80-%DA%98%D9%85%D8%A7%D8%B1%DB%95-%D9%A4-%D8%A8%D9%87%D8%A7%D8%B1%D8%A7-%D9%A2%D9%A0%D9%A1%D9%A2,a-general-overview-of-diglossia-and-code-switching_6b9ca83b.pdf,1839459,application/pdf
https://zcks.uoz.edu.krd/wp-content/uploads/میر_محەمەدێ_رەواندوزى_د_بەلگەنامەیەك_نوى_دااا.pdf,https://zcks.uoz.edu.krd/?product=%DA%AF%DB%86%DA%A4%D8%A7%D8%B1%D8%A7-%D8%B1%D9%88%D9%88%DA%AF%DB%95%D9%87%D9%80-%DA%98%D9%85%D8%A7%D8%B1%DB%95-%D9%A8-%D9%A9-%D9%BE%D8%A7%D8%A6%D9%8A%D8%B2%D8%A7-%D9%A2%D9%A0%D9%A1%D9%A9-%D8%B2,میر_محەمەدێ_رەواندوزى_د_بەلگەنامەیەك_نوى_دااا_8203a39e.pdf,5389824,application/pdf
https://zcks.uoz.edu.krd/wp-content/uploads/ڕەوشا-زمانێ-كوردی-ل-توركیا.pdf,https://zcks.uoz.edu.krd/?product=%DA%AF%DB%86%DA%A4%D8%A7%D8%B1%D8%A7-%D8%B1%D9%88%D9%88%DA%AF%DB%95%D9%87%D9%80-%DA%98%D9%85%D8%A7%D8%B1%DB%95-%D9%A8-%D9%A9-%D9%BE%D8%A7%D8%A6%D9%8A%D8%B2%D8%A7-%D9%A2%D9%A0%D9%A1%D9%A9-%D8%B2,ڕەوشا-زمانێ-كوردی-ل-توركیا_d3042665.pdf,4728191,application/pdf
https://zcks.uoz.edu.krd/wp-content/uploads/میرێ-میرگەها-بەهدینان.pdf,https://zcks.uoz.edu.krd/?product=%DA%AF%DB%86%DA%A4%D8%A7%D8%B1%D8%A7-%D8%B1%D9%88%D9%88%DA%AF%DB%95%D9%87%D9%80-%DA%98%D9%85%D8%A7%D8%B1%DB%95-%D9%A8-%D9%A9-%D9%BE%D8%A7%D8%A6%D9%8A%D8%B2%D8%A7-%D9%A2%D9%A0%D9%A1%D9%A9-%D8%B2,میرێ-میرگەها-بەهدینان_bc86577c.pdf,4443268,application/pdf
https://zcks.uoz.edu.krd/wp-content/uploads/میرگەها-جزیرێ-بوختى.pdf,https://zcks.uoz.edu.krd/?product=%DA%AF%DB%86%DA%A4%D8%A7%D8%B1%D8%A7-%D8%B1%D9%88%D9%88%DA%AF%DB%95%D9%87%D9%80-%DA%98%D9%85%D8%A7%D8%B1%DB%95-%D9%A8-%D9%A9-%D9%BE%D8%A7%D8%A6%D9%8A%D8%B2%D8%A7-%D9%A2%D9%A0%D9%A1%D9%A9-%D8%B2,میرگەها-جزیرێ-بوختى_f5033575.pdf,14740061,application/pdf
https://zcks.uoz.edu.krd/wp-content/uploads/كوردستان_د_بیرەوەریێن_حاج_سەییاح_یدا_1_8_4-1.pdf,https://zcks.uoz.edu.krd/?product=%DA%AF%DB%86%DA%A4%D8%A7%D8%B1%D8%A7-%D8%B1%D9%88%D9%88%DA%AF%DB%95%D9%87%D9%80-%DA%98%D9%85%D8%A7%D8%B1%DB%95-%D9%A8-%D9%A9-%D9%BE%D8%A7%D8%A6%D9%8A%D8%B2%D8%A7-%D9%A2%D9%A0%D9%A1%D9%A9-%D8%B2,كوردستان_د_بیرەوەریێن_حاج_سەییاح_یدا_1_8_4-1_efc4bd2a.pdf,3175640,application/pdf
https://zcks.uoz.edu.krd/wp-content/uploads/میرنشینا-برادۆست-۱٦۰۹-١٥١٠ز.pdf,https://zcks.uoz.edu.krd/?product=%DA%AF%DB%86%DA%A4%D8%A7%D8%B1%D8%A7-%D8%B1%D9%88%D9%88%DA%AF%DB%95%D9%87%D9%80-%DA%98%D9%85%D8%A7%D8%B1%DB%95-%D9%A8-%D9%A9-%D9%BE%D8%A7%D8%A6%D9%8A%D8%B2%D8%A7-%D9%A2%D9%A0%D9%A1%D9%A9-%D8%B2,میرنشینا-برادۆست-۱٦۰۹-١٥١٠ز_99c48d42.pdf,11066696,application/pdf
https://zcks.uoz.edu.krd/wp-content/uploads/دوسکی-و-سندی-دوو-مەولوودنامەیێن-نوی.pdf,https://zcks.uoz.edu.krd/?product=%DA%AF%DB%86%DA%A4%D8%A7%D8%B1%D8%A7-%D8%B1%D9%88%D9%88%DA%AF%DB%95%D9%87%D9%80-%DA%98%D9%85%D8%A7%D8%B1%DB%95-%D9%A8-%D9%A9-%D9%BE%D8%A7%D8%A6%D9%8A%D8%B2%D8%A7-%D9%A2%D9%A0%D9%A1%D9%A9-%D8%B2,دوسکی-و-سندی-دوو-مەولوودنامەیێن-نوی_266063c3.pdf,6339897,application/pdf
https://zcks.uoz.edu.krd/wp-content/uploads/مەولدێ-كردی.pdf,https://zcks.uoz.edu.krd/?product=%DA%AF%DB%86%DA%A4%D8%A7%D8%B1%D8%A7-%D8%B1%D9%88%D9%88%DA%AF%DB%95%D9%87%D9%80-%DA%98%D9%85%D8%A7%D8%B1%DB%95-%D9%A8-%D9%A9-%D9%BE%D8%A7%D8%A6%D9%8A%D8%B2%D8%A7-%D9%A2%D9%A0%D9%A1%D9%A9-%D8%B2,مەولدێ-كردی_a6fc464e.pdf,8794125,application/pdf
https://zcks.uoz.edu.krd/wp-content/uploads/ھندەک_لایەنێن_زارناسی_د_ناڤبەرا_گۆڤەرێن_دھوک_و_شنگالێ_دا.pdf,https://zcks.uoz.edu.krd/?product=%DA%AF%DB%86%DA%A4%D8%A7%D8%B1%D8%A7-%D8%B1%D9%88%D9%88%DA%AF%DB%95%D9%87%D9%80-%DA%98%D9%85%D8%A7%D8%B1%DB%95-%D9%A5-%D9%87%D8%A7%DA%A4%DB%8C%D9%86%D8%A7-%D9%A2%D9%A0%D9%A1%D9%A2,ھندەک_لایەنێن_زارناسی_د_ناڤبەرا_گۆڤەرێن_دھوک_و_شنگالێ_دا_c6fe7453.pdf,1745086,application/pdf
https://zcks.uoz.edu.krd/wp-content/uploads/شرۆڤەکرنا_وێنەی_لدویڤ_سیمایێن_واتایی_ڤەکۆلینەکا_سیمانتیکیە.pdf,https://zcks.uoz.edu.krd/?product=%DA%AF%DB%86%DA%A4%D8%A7%D8%B1%D8%A7-%D8%B1%D9%88%D9%88%DA%AF%DB%95%D9%87%D9%80-%DA%98%D9%85%D8%A7%D8%B1%DB%95-%D9%A5-%D9%87%D8%A7%DA%A4%DB%8C%D9%86%D8%A7-%D9%A2%D9%A0%D9%A1%D9%A2,شرۆڤەکرنا_وێنەی_لدویڤ_سیمایێن_واتایی_ڤەکۆلینەکا_سیمانتیکیە_6dcba9e2.pdf,1545440,application/pdf
https://zcks.uoz.edu.krd/wp-content/uploads/صلاح_الدين_الأيوبي_ومواقف_إنسانية_خالدة.pdf,https://zcks.uoz.edu.krd/?product=%DA%AF%DB%86%DA%A4%D8%A7%D8%B1%D8%A7-%D8%B1%D9%88%D9%88%DA%AF%DB%95%D9%87%D9%80-%DA%98%D9%85%D8%A7%D8%B1%DB%95-%D9%A5-%D9%87%D8%A7%DA%A4%DB%8C%D9%86%D8%A7-%D9%A2%D9%A0%D9%A1%D9%A2,صلاح_الدين_الأيوبي_ومواقف_إنسانية_خالدة_7c73547c.pdf,1453477,application/pdf
https://zcks.uoz.edu.krd/wp-content/uploads/کێش_و_ڕیتم_د_دیوانا_سەید_قەدریێ_جزيرى_دا.pdf,https://zcks.uoz.edu.krd/?product=%DA%AF%DB%86%DA%A4%D8%A7%D8%B1%D8%A7-%D8%B1%D9%88%D9%88%DA%AF%DB%95%D9%87%D9%80-%DA%98%D9%85%D8%A7%D8%B1%DB%95-%D9%A5-%D9%87%D8%A7%DA%A4%DB%8C%D9%86%D8%A7-%D9%A2%D9%A0%D9%A1%D9%A2,کێش_و_ڕیتم_د_دیوانا_سەید_قەدریێ_جزيرى_دا_34709c10.pdf,1279419,application/pdf
https://zcks.uoz.edu.krd/wp-content/uploads/رستە-وەک-یەکەیا-وەرگێرانێ.pdf,https://zcks.uoz.edu.krd/?product=%DA%AF%DB%86%DA%A4%D8%A7%D8%B1%D8%A7-%D8%B1%D9%88%D9%88%DA%AF%DB%95%D9%87%D9%80-%DA%98%D9%85%D8%A7%D8%B1%DB%95-%D9%A5-%D9%87%D8%A7%DA%A4%DB%8C%D9%86%D8%A7-%D9%A2%D9%A0%D9%A1%D9%A2,رستە-وەک-یەکەیا-وەرگێرانێ_3a85e433.pdf,759800,application/pdf
https://zcks.uoz.edu.krd/wp-content/uploads/پۆست-مۆدێرنیزم.pdf,https://zcks.uoz.edu.krd/?product=%DA%AF%DB%86%DA%A4%D8%A7%D8%B1%D8%A7-%D8%B1%D9%88%D9%88%DA%AF%DB%95%D9%87%D9%80-%DA%98%D9%85%D8%A7%D8%B1%DB%95-%D9%A5-%D9%87%D8%A7%DA%A4%DB%8C%D9%86%D8%A7-%D9%A2%D9%A0%D9%A1%D9%A2,پۆست-مۆدێرنیزم_8733c89b.pdf,1004330,application/pdf
https://zcks.uoz.edu.krd/wp-content/uploads/نيمچه_بزوێن_د_زمانێ_کوردیدا_گۆڤەرا_بەھدینی_وەکو_نموونە.pdf,https://zcks.uoz.edu.krd/?product=%DA%AF%DB%86%DA%A4%D8%A7%D8%B1%D8%A7-%D8%B1%D9%88%D9%88%DA%AF%DB%95%D9%87%D9%80-%DA%98%D9%85%D8%A7%D8%B1%DB%95-%D9%A5-%D9%87%D8%A7%DA%A4%DB%8C%D9%86%D8%A7-%D9%A2%D9%A0%D9%A1%D9%A2,نيمچه_بزوێن_د_زمانێ_کوردیدا_گۆڤەرا_بەھدینی_وەکو_نموونە_fe39cc3e.pdf,1649317,application/pdf
https://zcks.uoz.edu.krd/wp-content/uploads/وصية_مولانا_خالد_لخليفته_سيد_طه_النهري.pdf,https://zcks.uoz.edu.krd/?product=%DA%AF%DB%86%DA%A4%D8%A7%D8%B1%D8%A7-%D8%B1%D9%88%D9%88%DA%AF%DB%95%D9%87%D9%80-%DA%98%D9%85%D8%A7%D8%B1%DB%95-%D9%A5-%D9%87%D8%A7%DA%A4%DB%8C%D9%86%D8%A7-%D9%A2%D9%A0%D9%A1%D9%A2,وصية_مولانا_خالد_لخليفته_سيد_طه_النهري_c09f30c9.pdf,918661,application/pdf
https://zcks.uoz.edu.krd/wp-content/uploads/شانۆ-و-دەرمان.pdf,https://zcks.uoz.edu.krd/?product=%DA%AF%DB%86%DA%A4%D8%A7%D8%B1%D8%A7-%D8%B1%D9%88%D9%88%DA%AF%DB%95%D9%87%D9%80-%DA%98%D9%85%D8%A7%D8%B1%DB%95-%D9%A5-%D9%87%D8%A7%DA%A4%DB%8C%D9%86%D8%A7-%D9%A2%D9%A0%D9%A1%D9%A2,شانۆ-و-دەرمان_f8a49d09.pdf,1234575,application/pdf
https://zcks.uoz.edu.krd/wp-content/uploads/الفساد_الإداري_والمالي_المفهوم_وآثار_الفساد_الإداري_وطرق_المعالجة.pdf,https://zcks.uoz.edu.krd/?product=%DA%AF%DB%86%DA%A4%D8%A7%D8%B1%D8%A7-%D8%B1%D9%88%D9%88%DA%AF%DB%95%D9%87%D9%80-%DA%98%D9%85%D8%A7%D8%B1%DB%95-%D9%A5-%D9%87%D8%A7%DA%A4%DB%8C%D9%86%D8%A7-%D9%A2%D9%A0%D9%A1%D9%A2,الفساد_الإداري_والمالي_المفهوم_وآثار_الفساد_الإداري_وطرق_المعالجة_5f37f2b5.pdf,1037815,application/pdf
https://zcks.uoz.edu.krd/wp-content/uploads/سوسیولۆژیا-ئەدەب.pdf,https://zcks.uoz.edu.krd/?product=%DA%AF%DB%86%DA%A4%D8%A7%D8%B1%D8%A7-%D8%B1%D9%88%D9%88%DA%AF%DB%95%D9%87%D9%80-%DA%98%D9%85%D8%A7%D8%B1%DB%95-%D9%A5-%D9%87%D8%A7%DA%A4%DB%8C%D9%86%D8%A7-%D9%A2%D9%A0%D9%A1%D9%A2,سوسیولۆژیا-ئەدەب_ef5d83f0.pdf,1842956,application/pdf
https://zcks.uoz.edu.krd/wp-content/uploads/مفهوم_كلمة_الكرد_في_المصادر_العربية_الإسلامية.pdf,https://zcks.uoz.edu.krd/?product=%DA%AF%DB%86%DA%A4%D8%A7%D8%B1%D8%A7-%D8%B1%D9%88%D9%88%DA%AF%DB%95%D9%87%D9%80-%DA%98%D9%85%D8%A7%D8%B1%DB%95-%D9%A5-%D9%87%D8%A7%DA%A4%DB%8C%D9%86%D8%A7-%D9%A2%D9%A0%D9%A1%D9%A2,مفهوم_كلمة_الكرد_في_المصادر_العربية_الإسلامية_b94057b6.pdf,1016606,application/pdf
https://zcks.uoz.edu.krd/wp-content/uploads/پلاندانان_د_پروسێسا_وانەگووتنێ_دا.pdf,https://zcks.uoz.edu.krd/?product=%DA%AF%DB%86%DA%A4%D8%A7%D8%B1%D8%A7-%D8%B1%D9%88%D9%88%DA%AF%DB%95%D9%87%D9%80-%DA%98%D9%85%D8%A7%D8%B1%DB%95-%D9%A5-%D9%87%D8%A7%DA%A4%DB%8C%D9%86%D8%A7-%D9%A2%D9%A0%D9%A1%D9%A2,پلاندانان_د_پروسێسا_وانەگووتنێ_دا_c9e1aaad.pdf,704921,application/pdf
https://zcks.uoz.edu.krd/wp-content/uploads/Is-Global-Warming-Caused-by-Human-Activity.pdf,https://zcks.uoz.edu.krd/?product=%DA%AF%DB%86%DA%A4%D8%A7%D8%B1%D8%A7-%D8%B1%D9%88%D9%88%DA%AF%DB%95%D9%87%D9%80-%DA%98%D9%85%D8%A7%D8%B1%DB%95-%D9%A5-%D9%87%D8%A7%DA%A4%DB%8C%D9%86%D8%A7-%D9%A2%D9%A0%D9%A1%D9%A2,Is-Global-Warming-Caused-by-Human-Activity_693bc151.pdf,1300495,application/pdf
https://zcks.uoz.edu.krd/wp-content/uploads/کارل_مارکس_ژیانا_سیاسی_و_رەوشەنبیری.pdf,https://zcks.uoz.edu.krd/?product=%DA%AF%DB%86%DA%A4%D8%A7%D8%B1%D8%A7-%D8%B1%D9%88%D9%88%DA%AF%DB%95%D9%87%D9%80-%DA%98%D9%85%D8%A7%D8%B1%DB%95-%D9%A5-%D9%87%D8%A7%DA%A4%DB%8C%D9%86%D8%A7-%D9%A2%D9%A0%D9%A1%D9%A2,کارل_مارکس_ژیانا_سیاسی_و_رەوشەنبیری_4840022e.pdf,3629473,application/pdf
https://zcks.uoz.edu.krd/wp-content/uploads/گەشتێن_دەسپێکێ_یێن_ئەمریکی_بو_چیایێ_ئارارات.pdf,https://zcks.uoz.edu.krd/?product=%DA%AF%DB%86%DA%A4%D8%A7%D8%B1%D8%A7-%D8%B1%D9%88%D9%88%DA%AF%DB%95%D9%87%D9%80-%DA%98%D9%85%D8%A7%D8%B1%DB%95-%D9%A5-%D9%87%D8%A7%DA%A4%DB%8C%D9%86%D8%A7-%D9%A2%D9%A0%D9%A1%D9%A2,گەشتێن_دەسپێکێ_یێن_ئەمریکی_بو_چیایێ_ئارارات_3f55e818.pdf,2777923,application/pdf
https://zcks.uoz.edu.krd/wp-content/uploads/Thermonuclear-Fusion.pdf,https://zcks.uoz.edu.krd/?product=%DA%AF%DB%86%DA%A4%D8%A7%D8%B1%D8%A7-%D8%B1%D9%88%D9%88%DA%AF%DB%95%D9%87%D9%80-%DA%98%D9%85%D8%A7%D8%B1%DB%95-%D9%A5-%D9%87%D8%A7%DA%A4%DB%8C%D9%86%D8%A7-%D9%A2%D9%A0%D9%A1%D9%A2,Thermonuclear-Fusion_af7a2544.pdf,808886,application/pdf
https://zcks.uoz.edu.krd/wp-content/uploads/ابن_الرزاز_الجزري_البوتاني_وأثره_في_تقدم_علم_الميكانيك.pdf,https://zcks.uoz.edu.krd/?product=%DA%AF%DB%86%DA%A4%D8%A7%D8%B1%D8%A7-%D8%B1%D9%88%D9%88%DA%AF%DB%95%D9%87%D9%80-%DA%98%D9%85%D8%A7%D8%B1%DB%95-%D9%A5-%D9%87%D8%A7%DA%A4%DB%8C%D9%86%D8%A7-%D9%A2%D9%A0%D9%A1%D9%A2,ابن_الرزاز_الجزري_البوتاني_وأثره_في_تقدم_علم_الميكانيك_f6852e18.pdf,1891825,application/pdf
https://zcks.uoz.edu.krd/wp-content/uploads/سەروا-د-گازیا-بەلەنگازان-دا.pdf,https://zcks.uoz.edu.krd/?product=%DA%AF%DB%86%DA%A4%D8%A7%D8%B1%D8%A7-%D8%B1%D9%88%D9%88%DA%AF%DB%95%D9%87%D9%80-%DA%98%D9%85%D8%A7%D8%B1%DB%95-%D9%A5-%D9%87%D8%A7%DA%A4%DB%8C%D9%86%D8%A7-%D9%A2%D9%A0%D9%A1%D9%A2,سەروا-د-گازیا-بەلەنگازان-دا_5e2cca80.pdf,1674471,application/pdf
https://zcks.uoz.edu.krd/wp-content/uploads/پێشمەرگەی_کوردستان_و_ئاسایشی_نەتەوەی_کورد.pdf,https://zcks.uoz.edu.krd/?product=%DA%AF%DB%86%DA%A4%D8%A7%D8%B1%D8%A7-%D8%B1%D9%88%D9%88%DA%AF%DB%95%D9%87%D9%80-%DA%98%D9%85%D8%A7%D8%B1%DB%95-%D9%A5-%D9%87%D8%A7%DA%A4%DB%8C%D9%86%D8%A7-%D9%A2%D9%A0%D9%A1%D9%A2,پێشمەرگەی_کوردستان_و_ئاسایشی_نەتەوەی_کورد_183dd024.pdf,1599817,application/pdf
https://zcks.uoz.edu.krd/wp-content/uploads/بزاڤا_بابەکێ_خوڕەمی_د_ژێدەرێن_ئیرانیدا.pdf,https://zcks.uoz.edu.krd/?product=%DA%AF%DB%86%DA%A4%D8%A7%D8%B1%D8%A7-%D8%B1%D9%88%D9%88%DA%AF%DB%95%D9%87%D9%80-%DA%98%D9%85%D8%A7%D8%B1%DB%95-%D9%A5-%D9%87%D8%A7%DA%A4%DB%8C%D9%86%D8%A7-%D9%A2%D9%A0%D9%A1%D9%A2,بزاڤا_بابەکێ_خوڕەمی_د_ژێدەرێن_ئیرانیدا_234c338f.pdf,2529097,application/pdf
https://zcks.uoz.edu.krd/wp-content/uploads/المحكمة_الاتحادية_العليا_في_العراق.pdf,https://zcks.uoz.edu.krd/?product=%DA%AF%DB%86%DA%A4%D8%A7%D8%B1%D8%A7-%D8%B1%D9%88%D9%88%DA%AF%DB%95%D9%87%D9%80-%DA%98%D9%85%D8%A7%D8%B1%DB%95-%D9%A5-%D9%87%D8%A7%DA%A4%DB%8C%D9%86%D8%A7-%D9%A2%D9%A0%D9%A1%D9%A2,المحكمة_الاتحادية_العليا_في_العراق_ec514752.pdf,1689724,application/pdf
https://zcks.uoz.edu.krd/wp-content/uploads/چەند_جوداهى_دناڤبەرا_زمانێ_ھوزانێ_و_زمانێ_رۆژانەدا.pdf,https://zcks.uoz.edu.krd/?product=%DA%AF%DB%86%DA%A4%D8%A7%D8%B1%D8%A7-%D8%B1%D9%88%D9%88%DA%AF%DB%95%D9%87%D9%80-%DA%98%D9%85%D8%A7%D8%B1%DB%95-%D9%A5-%D9%87%D8%A7%DA%A4%DB%8C%D9%86%D8%A7-%D9%A2%D9%A0%D9%A1%D9%A2,چەند_جوداهى_دناڤبەرا_زمانێ_ھوزانێ_و_زمانێ_رۆژانەدا_e97229fc.pdf,571961,application/pdf
https://zcks.uoz.edu.krd/wp-content/uploads/ھەڤڕکییا-زمانان.pdf,https://zcks.uoz.edu.krd/?product=%DA%AF%DB%86%DA%A4%D8%A7%D8%B1%D8%A7-%D8%B1%D9%88%D9%88%DA%AF%DB%95%D9%87%D9%80-%DA%98%D9%85%D8%A7%D8%B1%DB%95-%D9%A5-%D9%87%D8%A7%DA%A4%DB%8C%D9%86%D8%A7-%D9%A2%D9%A0%D9%A1%D9%A2,ھەڤڕکییا-زمانان_400ef8aa.pdf,1939013,application/pdf
https://zcks.uoz.edu.krd/wp-content/uploads/چالاكی.pdf,https://zcks.uoz.edu.krd/?product=%DA%AF%DB%86%DA%A4%D8%A7%D8%B1%D8%A7-%D8%B1%D9%88%D9%88%DA%AF%DB%95%D9%87%D9%80-%DA%98%D9%85%D8%A7%D8%B1%DB%95-%D9%A5-%D9%87%D8%A7%DA%A4%DB%8C%D9%86%D8%A7-%D9%A2%D9%A0%D9%A1%D9%A2,چالاكی_0c256a49.pdf,389590,application/pdf
https://zcks.uoz.edu.krd/wp-content/uploads/فەلسەفا_فیتگنشتاینی_ئەو_تشتێن_نەھێنە_گوتن.pdf,https://zcks.uoz.edu.krd/?product=%DA%AF%DB%86%DA%A4%D8%A7%D8%B1%D8%A7-%D8%B1%D9%88%D9%88%DA%AF%DB%95%D9%87%D9%80-%DA%98%D9%85%D8%A7%D8%B1%DB%95-%D9%A5-%D9%87%D8%A7%DA%A4%DB%8C%D9%86%D8%A7-%D9%A2%D9%A0%D9%A1%D9%A2,فەلسەفا_فیتگنشتاینی_ئەو_تشتێن_نەھێنە_گوتن_db231881.pdf,1457079,application/pdf
https://zcks.uoz.edu.krd/wp-content/uploads/تەکنیکێن-ڤەگێڕانێ-د-کۆمەڵا-کورتە-چیرۆکێن-جەمسەرێ-سیێ-و-یا-خالد-سالح-یدا.pdf,https://zcks.uoz.edu.krd/?product=%DA%AF%DB%86%DA%A4%D8%A7%D8%B1%D8%A7-%D8%B1%D9%88%D9%88%DA%AF%DB%95%D9%87%D9%80-%DA%98%D9%85%D8%A7%D8%B1%DB%95-%D9%A6-%D8%A8%D9%87%D8%A7%D8%B1%D8%A7-%D9%A2%D9%A0%D9%A1%D9%A9,تەکنیکێن-ڤەگێڕانێ-د-کۆمەڵا-کورتە-چیرۆکێن-جەمسەرێ-سیێ-و-یا-خالد-سالح-یدا_f5ea69ff.pdf,4085022,application/pdf
https://zcks.uoz.edu.krd/wp-content/uploads/سوزناما-نشتیمانی-یا-ئاشوری.pdf,https://zcks.uoz.edu.krd/?product=%DA%AF%DB%86%DA%A4%D8%A7%D8%B1%D8%A7-%D8%B1%D9%88%D9%88%DA%AF%DB%95%D9%87%D9%80-%DA%98%D9%85%D8%A7%D8%B1%DB%95-%D9%A6-%D8%A8%D9%87%D8%A7%D8%B1%D8%A7-%D9%A2%D9%A0%D9%A1%D9%A9,سوزناما-نشتیمانی-یا-ئاشوری_a284975e.pdf,2960521,application/pdf
https://zcks.uoz.edu.krd/wp-content/uploads/گوڕستان-ژێدەرێن-گرنگن-ژ-ژێدەرێن-دیروکی.pdf,https://zcks.uoz.edu.krd/?product=%DA%AF%DB%86%DA%A4%D8%A7%D8%B1%D8%A7-%D8%B1%D9%88%D9%88%DA%AF%DB%95%D9%87%D9%80-%DA%98%D9%85%D8%A7%D8%B1%DB%95-%D9%A6-%D8%A8%D9%87%D8%A7%D8%B1%D8%A7-%D9%A2%D9%A0%D9%A1%D9%A9,گوڕستان-ژێدەرێن-گرنگن-ژ-ژێدەرێن-دیروکی_0d2d9269.pdf,8632245,application/pdf
https://zcks.uoz.edu.krd/wp-content/uploads/میرێن-سەنجەقا-سندی-سلێڤانی-زاخۆ-ل-سەر-دەمێ-عوسمانی-١٥٣٨-١٨١.pdf,https://zcks.uoz.edu.krd/?product=%DA%AF%DB%86%DA%A4%D8%A7%D8%B1%D8%A7-%D8%B1%D9%88%D9%88%DA%AF%DB%95%D9%87%D9%80-%DA%98%D9%85%D8%A7%D8%B1%DB%95-%D9%A6-%D8%A8%D9%87%D8%A7%D8%B1%D8%A7-%D9%A2%D9%A0%D9%A1%D9%A9,میرێن-سەنجەقا-سندی-سلێڤانی-زاخۆ-ل-سەر-دەمێ-عوسمانی-١٥٣٨-١٨١_f9c65860.pdf,6398018,application/pdf
https://zcks.uoz.edu.krd/wp-content/uploads/ژ-زانایێن-دەڤەرا-زاخو-ل-سەر-دەمێ-میرگەها-بەهدینان-١٥١٤-١٨٤٢ز.pdf,https://zcks.uoz.edu.krd/?product=%DA%AF%DB%86%DA%A4%D8%A7%D8%B1%D8%A7-%D8%B1%D9%88%D9%88%DA%AF%DB%95%D9%87%D9%80-%DA%98%D9%85%D8%A7%D8%B1%DB%95-%D9%A6-%D8%A8%D9%87%D8%A7%D8%B1%D8%A7-%D9%A2%D9%A0%D9%A1%D9%A9,ژ-زانایێن-دەڤەرا-زاخو-ل-سەر-دەمێ-میرگەها-بەهدینان-١٥١٤-١٨٤٢ز_bd1eb501.pdf,4684312,application/pdf
https://zcks.uoz.edu.krd/wp-content/uploads/پەیوەندی-نێوان-کورد-و-سوڤیەت.pdf,https://zcks.uoz.edu.krd/?product=%DA%AF%DB%86%DA%A4%D8%A7%D8%B1%D8%A7-%D8%B1%D9%88%D9%88%DA%AF%DB%95%D9%87%D9%80-%DA%98%D9%85%D8%A7%D8%B1%DB%95-%D9%A6-%D8%A8%D9%87%D8%A7%D8%B1%D8%A7-%D9%A2%D9%A0%D9%A1%D9%A9,پەیوەندی-نێوان-کورد-و-سوڤیەت_5089f7af.pdf,4159935,application/pdf
https://zcks.uoz.edu.krd/wp-content/uploads/کەلهێن-زاخۆ-الحسنية-و-دوروبەرێن-وێ.pdf,https://zcks.uoz.edu.krd/?product=%DA%AF%DB%86%DA%A4%D8%A7%D8%B1%D8%A7-%D8%B1%D9%88%D9%88%DA%AF%DB%95%D9%87%D9%80-%DA%98%D9%85%D8%A7%D8%B1%DB%95-%D9%A6-%D8%A8%D9%87%D8%A7%D8%B1%D8%A7-%D9%A2%D9%A0%D9%A1%D9%A9,کەلهێن-زاخۆ-الحسنية-و-دوروبەرێن-وێ_541c041d.pdf,6942665,application/pdf
https://zcks.uoz.edu.krd/wp-content/uploads/شێخ-موشەڕڕەفێ-خونوکی-ل-زاخو.pdf,https://zcks.uoz.edu.krd/?product=%DA%AF%DB%86%DA%A4%D8%A7%D8%B1%D8%A7-%D8%B1%D9%88%D9%88%DA%AF%DB%95%D9%87%D9%80-%DA%98%D9%85%D8%A7%D8%B1%DB%95-%D9%A6-%D8%A8%D9%87%D8%A7%D8%B1%D8%A7-%D9%A2%D9%A0%D9%A1%D9%A9,شێخ-موشەڕڕەفێ-خونوکی-ل-زاخو_7e9ad481.pdf,7734740,application/pdf
https://zcks.uoz.edu.krd/wp-content/uploads/هۆزانڤان-حەسەن-و-دانەیەکا-نویا-هۆزانا-وی.pdf,https://zcks.uoz.edu.krd/?product=%DA%AF%DB%86%DA%A4%D8%A7%D8%B1%D8%A7-%D8%B1%D9%88%D9%88%DA%AF%DB%95%D9%87%D9%80-%DA%98%D9%85%D8%A7%D8%B1%DB%95-%D9%A6-%D8%A8%D9%87%D8%A7%D8%B1%D8%A7-%D9%A2%D9%A0%D9%A1%D9%A9,هۆزانڤان-حەسەن-و-دانەیەکا-نویا-هۆزانا-وی_4d6afdad.pdf,5135904,application/pdf
https://zcks.uoz.edu.krd/wp-content/uploads/شاعرەكێ-دى-ژ-كلاسیكێن-كوردى-میر-عەبدولڵاهـ-خان-بەگێ-هەكارى-عارف.pdf,https://zcks.uoz.edu.krd/?product=%DA%AF%DB%86%DA%A4%D8%A7%D8%B1%D8%A7-%D8%B1%D9%88%D9%88%DA%AF%DB%95%D9%87%D9%80-%DA%98%D9%85%D8%A7%D8%B1%DB%95%D9%A1%D9%A0-%D9%A1%D9%A1%D8%A8%D9%87%D8%A7%D8%B1-%D9%88-%D9%BE%D8%A7%DB%8C%DB%8C%D8%B2,شاعرەكێ-دى-ژ-كلاسیكێن-كوردى-میر-عەبدولڵاهـ-خان-بەگێ-هەكارى-عارف_d227670e.pdf,14168801,application/pdf
https://zcks.uoz.edu.krd/wp-content/uploads/پیشەسازیا-چێكرنا-گۆسك-و-جەڕكان-ل-گوندێ-درگنى.pdf,https://zcks.uoz.edu.krd/?product=%DA%AF%DB%86%DA%A4%D8%A7%D8%B1%D8%A7-%D8%B1%D9%88%D9%88%DA%AF%DB%95%D9%87%D9%80-%DA%98%D9%85%D8%A7%D8%B1%DB%95%D9%A1%D9%A0-%D9%A1%D9%A1%D8%A8%D9%87%D8%A7%D8%B1-%D9%88-%D9%BE%D8%A7%DB%8C%DB%8C%D8%B2,پیشەسازیا-چێكرنا-گۆسك-و-جەڕكان-ل-گوندێ-درگنى_503ad14c.pdf,17172325,application/pdf
https://zcks.uoz.edu.krd/wp-content/uploads/د-سالا-١٩٧١-ده-ل-حاجی-ئومرانێ-.pdf,https://zcks.uoz.edu.krd/?product=%DA%AF%DB%86%DA%A4%D8%A7%D8%B1%D8%A7-%D8%B1%D9%88%D9%88%DA%AF%DB%95%D9%87%D9%80-%DA%98%D9%85%D8%A7%D8%B1%DB%95%D9%A1%D9%A0-%D9%A1%D9%A1%D8%A8%D9%87%D8%A7%D8%B1-%D9%88-%D9%BE%D8%A7%DB%8C%DB%8C%D8%B2,د-سالا-١٩٧١-ده-ل-حاجی-ئومرانێ-_e19e4a4f.pdf,9760543,application/pdf
https://zcks.uoz.edu.krd/wp-content/uploads/د-تێكۆشینا-كوردستانێده-شەڕڤانەكی-قەوین-مەلا-محەمەدێ-پالۆ.pdf,https://zcks.uoz.edu.krd/?product=%DA%AF%DB%86%DA%A4%D8%A7%D8%B1%D8%A7-%D8%B1%D9%88%D9%88%DA%AF%DB%95%D9%87%D9%80-%DA%98%D9%85%D8%A7%D8%B1%DB%95%D9%A1%D9%A0-%D9%A1%D9%A1%D8%A8%D9%87%D8%A7%D8%B1-%D9%88-%D9%BE%D8%A7%DB%8C%DB%8C%D8%B2,د-تێكۆشینا-كوردستانێده-شەڕڤانەكی-قەوین-مەلا-محەمەدێ-پالۆ_7e41c65b.pdf,16846231,application/pdf
https://zcks.uoz.edu.krd/wp-content/uploads/پڕسا-کوردى-دبەلگەنامەیەک-هەوالگێرییا-ئەمریکا-دا-ل-ساڵا-١٩٥٩ێ.pdf,https://zcks.uoz.edu.krd/?product=%DA%AF%DB%86%DA%A4%D8%A7%D8%B1%D8%A7-%D8%B1%D9%88%D9%88%DA%AF%DB%95%D9%87%D9%80-%DA%98%D9%85%D8%A7%D8%B1%DB%95%D9%A1%D9%A0-%D9%A1%D9%A1%D8%A8%D9%87%D8%A7%D8%B1-%D9%88-%D9%BE%D8%A7%DB%8C%DB%8C%D8%B2,پڕسا-کوردى-دبەلگەنامەیەک-هەوالگێرییا-ئەمریکا-دا-ل-ساڵا-١٩٥٩ێ_aed7923b.pdf,15972668,application/pdf
https://zcks.uoz.edu.krd/wp-content/uploads/گۆمبەدا-شێخ-عەلیێ-هەكاری-ل-باژێڕێ-زاخۆ-.pdf,https://zcks.uoz.edu.krd/?product=%DA%AF%DB%86%DA%A4%D8%A7%D8%B1%D8%A7-%D8%B1%D9%88%D9%88%DA%AF%DB%95%D9%87%D9%80-%DA%98%D9%85%D8%A7%D8%B1%DB%95%D9%A1%D9%A0-%D9%A1%D9%A1%D8%A8%D9%87%D8%A7%D8%B1-%D9%88-%D9%BE%D8%A7%DB%8C%DB%8C%D8%B2,گۆمبەدا-شێخ-عەلیێ-هەكاری-ل-باژێڕێ-زاخۆ-_7d269860.pdf,15172837,application/pdf
https://zcks.uoz.edu.krd/wp-content/uploads/هۆزا-ملان.pdf,https://zcks.uoz.edu.krd/?product=%DA%AF%DB%86%DA%A4%D8%A7%D8%B1%D8%A7-%D8%B1%D9%88%D9%88%DA%AF%DB%95%D9%87%D9%80-%DA%98%D9%85%D8%A7%D8%B1%DB%95%D9%A1%D9%A0-%D9%A1%D9%A1%D8%A8%D9%87%D8%A7%D8%B1-%D9%88-%D9%BE%D8%A7%DB%8C%DB%8C%D8%B2,هۆزا-ملان_9e1568df.pdf,10738363,application/pdf
https://zcks.uoz.edu.krd/wp-content/uploads/بەلگەیێن-نوی-ل-دۆر-كوشتنا-شەرەفخانێ-بــــــەدلیسی-.pdf,https://zcks.uoz.edu.krd/?product=%DA%AF%DB%86%DA%A4%D8%A7%D8%B1%D8%A7-%D8%B1%D9%88%D9%88%DA%AF%DB%95%D9%87%D9%80-%DA%98%D9%85%D8%A7%D8%B1%DB%95-%D9%A1%D9%A2-%D9%BE%D8%A7%DB%8C%DB%8C%D8%B2%D8%A7-%D9%A2%D9%A0%D9%A2%D9%A0-%D8%B2%DA%A4,بەلگەیێن-نوی-ل-دۆر-كوشتنا-شەرەفخانێ-بــــــەدلیسی-_72e47af3.pdf,10533930,application/pdf
https://zcks.uoz.edu.krd/wp-content/uploads/شوكرى-بەدلیسى.pdf,https://zcks.uoz.edu.krd/?product=%DA%AF%DB%86%DA%A4%D8%A7%D8%B1%D8%A7-%D8%B1%D9%88%D9%88%DA%AF%DB%95%D9%87%D9%80-%DA%98%D9%85%D8%A7%D8%B1%DB%95-%D9%A1%D9%A2-%D9%BE%D8%A7%DB%8C%DB%8C%D8%B2%D8%A7-%D9%A2%D9%A0%D9%A2%D9%A0-%D8%B2%DA%A4,شوكرى-بەدلیسى_b680daea.pdf,18400402,application/pdf
https://zcks.uoz.edu.krd/wp-content/uploads/مێژوویا-سیاسى-یا-باژارێ-ئەربیل-هەولێر-لسەر-دەمێ-ناڤین.pdf,https://zcks.uoz.edu.krd/?product=%DA%AF%DB%86%DA%A4%D8%A7%D8%B1%D8%A7-%D8%B1%D9%88%D9%88%DA%AF%DB%95%D9%87%D9%80-%DA%98%D9%85%D8%A7%D8%B1%DB%95%D9%A1%D9%A0-%D9%A1%D9%A1%D8%A8%D9%87%D8%A7%D8%B1-%D9%88-%D9%BE%D8%A7%DB%8C%DB%8C%D8%B2,مێژوویا-سیاسى-یا-باژارێ-ئەربیل-هەولێر-لسەر-دەمێ-ناڤین_1f978f9e.pdf,29344449,application/pdf
https://zcks.uoz.edu.krd/wp-content/uploads/زاخۆ-د-چاڤێن-گەڕۆکێ-ئەمریکی-ئەی-لوکەری-دا-۱٨٦٨.pdf,https://zcks.uoz.edu.krd/?product=%DA%AF%DB%86%DA%A4%D8%A7%D8%B1%D8%A7-%D8%B1%D9%88%D9%88%DA%AF%DB%95%D9%87%D9%80-%DA%98%D9%85%D8%A7%D8%B1%DB%95-%D9%A1%D9%A2-%D9%BE%D8%A7%DB%8C%DB%8C%D8%B2%D8%A7-%D9%A2%D9%A0%D9%A2%D9%A0-%D8%B2%DA%A4,زاخۆ-د-چاڤێن-گەڕۆکێ-ئەمریکی-ئەی-لوکەری-دا-۱٨٦٨_38d74dca.pdf,8160631,application/pdf
https://zcks.uoz.edu.krd/wp-content/uploads/پرسیار-و-بەرسڤ-دناڤبەرا-مەلایێ-جزیرى.pdf,https://zcks.uoz.edu.krd/?product=%DA%AF%DB%86%DA%A4%D8%A7%D8%B1%D8%A7-%D8%B1%D9%88%D9%88%DA%AF%DB%95%D9%87%D9%80-%DA%98%D9%85%D8%A7%D8%B1%DB%95-%D9%A1%D9%A2-%D9%BE%D8%A7%DB%8C%DB%8C%D8%B2%D8%A7-%D9%A2%D9%A0%D9%A2%D9%A0-%D8%B2%DA%A4,پرسیار-و-بەرسڤ-دناڤبەرا-مەلایێ-جزیرى_e7f8bc93.pdf,15345494,application/pdf
https://zcks.uoz.edu.krd/wp-content/uploads/زارۆ-ئاغایێ-موتکی.pdf,https://zcks.uoz.edu.krd/?product=%DA%AF%DB%86%DA%A4%D8%A7%D8%B1%D8%A7-%D8%B1%D9%88%D9%88%DA%AF%DB%95%D9%87%D9%80-%DA%98%D9%85%D8%A7%D8%B1%DB%95-%D9%A1%D9%A2-%D9%BE%D8%A7%DB%8C%DB%8C%D8%B2%D8%A7-%D9%A2%D9%A0%D9%A2%D9%A0-%D8%B2%DA%A4,زارۆ-ئاغایێ-موتکی_12862ccc.pdf,10554300,application/pdf
https://zcks.uoz.edu.krd/wp-content/uploads/مێژوویەكا-دابەشكری-وەك-گەلێ-وێ-نڤێسینا-مێژوویێ-ل-عێراقێ-كەیسا-كوردى.pdf,https://zcks.uoz.edu.krd/?product=%DA%AF%DB%86%DA%A4%D8%A7%D8%B1%D8%A7-%D8%B1%D9%88%D9%88%DA%AF%DB%95%D9%87%D9%80-%DA%98%D9%85%D8%A7%D8%B1%DB%95-%D9%A1%D9%A2-%D9%BE%D8%A7%DB%8C%DB%8C%D8%B2%D8%A7-%D9%A2%D9%A0%D9%A2%D9%A0-%D8%B2%DA%A4,مێژوویەكا-دابەشكری-وەك-گەلێ-وێ-نڤێسینا-مێژوویێ-ل-عێراقێ-كەیسا-كوردى_6f05793c.pdf,10108107,application/pdf
https://zcks.uoz.edu.krd/wp-content/uploads/پەیوەندیێن-کورد-و-ئەمریکا.pdf,https://zcks.uoz.edu.krd/?product=%DA%AF%DB%86%DA%A4%D8%A7%D8%B1%D8%A7-%D8%B1%D9%88%D9%88%DA%AF%DB%95%D9%87%D9%80-%DA%98%D9%85%D8%A7%D8%B1%DB%95-%D9%A7-%D9%87%D8%A7%DA%A4%DB%8C%D9%86%D8%A7-%D9%A2%D9%A0%D9%A1%D9%A9,پەیوەندیێن-کورد-و-ئەمریکا_a45520a3.pdf,3620737,application/pdf
https://zcks.uoz.edu.krd/wp-content/uploads/هۆزا-شکاک.pdf,https://zcks.uoz.edu.krd/?product=%DA%AF%DB%86%DA%A4%D8%A7%D8%B1%D8%A7-%D8%B1%D9%88%D9%88%DA%AF%DB%95%D9%87%D9%80-%DA%98%D9%85%D8%A7%D8%B1%DB%95-%D9%A1%D9%A2-%D9%BE%D8%A7%DB%8C%DB%8C%D8%B2%D8%A7-%D9%A2%D9%A0%D9%A2%D9%A0-%D8%B2%DA%A4,هۆزا-شکاک_3fe0b6b3.pdf,27438815,application/pdf
https://zcks.uoz.edu.krd/wp-content/uploads/شێخ-یووسفێ-زاخویی-د-بەلگەنامەیين-عوسمانی-دا-.pdf,https://zcks.uoz.edu.krd/?product=%DA%AF%DB%86%DA%A4%D8%A7%D8%B1%D8%A7-%D8%B1%D9%88%D9%88%DA%AF%DB%95%D9%87%D9%80-%DA%98%D9%85%D8%A7%D8%B1%DB%95-%D9%A7-%D9%87%D8%A7%DA%A4%DB%8C%D9%86%D8%A7-%D9%A2%D9%A0%D9%A1%D9%A9,شێخ-یووسفێ-زاخویی-د-بەلگەنامەیين-عوسمانی-دا-_d633a701.pdf,5416145,application/pdf
https://zcks.uoz.edu.krd/wp-content/uploads/ژ-پێشەنگا-رو-ۆژنامەگەریا-بەهدینان-گوڤاراَ-پێشکەوتن-التقدم-١٩٥٨-١٩٦٣.pdf,https://zcks.uoz.edu.krd/?product=%DA%AF%DB%86%DA%A4%D8%A7%D8%B1%D8%A7-%D8%B1%D9%88%D9%88%DA%AF%DB%95%D9%87%D9%80-%DA%98%D9%85%D8%A7%D8%B1%DB%95-%D9%A7-%D9%87%D8%A7%DA%A4%DB%8C%D9%86%D8%A7-%D9%A2%D9%A0%D9%A1%D9%A9,ژ-پێشەنگا-رو-ۆژنامەگەریا-بەهدینان-گوڤارا_-پێشکەوتن-التقدم-١٩٥٨-١٩٦٣_65d4dc43.pdf,3600011,application/pdf
https://zcks.uoz.edu.krd/wp-content/uploads/کورد-و-کوردستان-لسەر-دەمێ-گەلان.pdf,https://zcks.uoz.edu.krd/?product=%DA%AF%DB%86%DA%A4%D8%A7%D8%B1%D8%A7-%D8%B1%D9%88%D9%88%DA%AF%DB%95%D9%87%D9%80-%DA%98%D9%85%D8%A7%D8%B1%DB%95-%D9%A7-%D9%87%D8%A7%DA%A4%DB%8C%D9%86%D8%A7-%D9%A2%D9%A0%D9%A1%D9%A9,کورد-و-کوردستان-لسەر-دەمێ-گەلان_1ce5e5d8.pdf,15470857,application/pdf
https://zcks.uoz.edu.krd/wp-content/uploads/چەند-لایەنەک-ژ-مێژوویا-زاخۆ-لسەردەمێ-عوسمانیان.pdf,https://zcks.uoz.edu.krd/?product=%DA%AF%DB%86%DA%A4%D8%A7%D8%B1%D8%A7-%D8%B1%D9%88%D9%88%DA%AF%DB%95%D9%87%D9%80-%DA%98%D9%85%D8%A7%D8%B1%DB%95-%D9%A7-%D9%87%D8%A7%DA%A4%DB%8C%D9%86%D8%A7-%D9%A2%D9%A0%D9%A1%D9%A9,چەند-لایەنەک-ژ-مێژوویا-زاخۆ-لسەردەمێ-عوسمانیان_d4a75fae.pdf,4128317,application/pdf
https://zcks.uoz.edu.krd/wp-content/uploads/ناڤێ-کوردستان-لژێر-روناهیا-زمان-و-بەلگەنامێن-عوسمانی.pdf,https://zcks.uoz.edu.krd/?product=%DA%AF%DB%86%DA%A4%D8%A7%D8%B1%D8%A7-%D8%B1%D9%88%D9%88%DA%AF%DB%95%D9%87%D9%80-%DA%98%D9%85%D8%A7%D8%B1%DB%95-%D9%A7-%D9%87%D8%A7%DA%A4%DB%8C%D9%86%D8%A7-%D9%A2%D9%A0%D9%A1%D9%A9,ناڤێ-کوردستان-لژێر-روناهیا-زمان-و-بەلگەنامێن-عوسمانی_04080307.pdf,12061515,application/pdf
https://zcks.uoz.edu.krd/wp-content/uploads/پەیکەرێ-خوداوەندا-دایک-ل-باژێرێ-زاخۆ.pdf,https://zcks.uoz.edu.krd/?product=%DA%AF%DB%86%DA%A4%D8%A7%D8%B1%D8%A7-%D8%B1%D9%88%D9%88%DA%AF%DB%95%D9%87%D9%80-%DA%98%D9%85%D8%A7%D8%B1%DB%95-%D9%A7-%D9%87%D8%A7%DA%A4%DB%8C%D9%86%D8%A7-%D9%A2%D9%A0%D9%A1%D9%A9,پەیکەرێ-خوداوەندا-دایک-ل-باژێرێ-زاخۆ_95c55e8c.pdf,14117322,application/pdf
https://zcks.uoz.edu.krd/wp-content/uploads/ئاستەنگێن-کارگێریا-عوسمانی-ل-کوردستانێ-پشتی-کەفتنا-میرگەهێن-کوردی.pdf,https://zcks.uoz.edu.krd/?product=%DA%AF%DB%86%DA%A4%D8%A7%D8%B1%D8%A7-%D8%B1%D9%88%D9%88%DA%AF%DB%95%D9%87%D9%80-%DA%98%D9%85%D8%A7%D8%B1%DB%95-%D9%A7-%D9%87%D8%A7%DA%A4%DB%8C%D9%86%D8%A7-%D9%A2%D9%A0%D9%A1%D9%A9,ئاستەنگێن-کارگێریا-عوسمانی-ل-کوردستانێ-پشتی-کەفتنا-میرگەهێن-کوردی_d800363a.pdf,24659417,application/pdf
https://zcks.uoz.edu.krd/wp-content/uploads/خواندنگەها-بێبۆ.pdf,https://zcks.uoz.edu.krd/?product=%DA%AF%DB%86%DA%A4%D8%A7%D8%B1%D8%A7-%D8%B1%D9%88%D9%88%DA%AF%DB%95%D9%87%D9%80-%DA%98%D9%85%D8%A7%D8%B1%DB%95-%D9%A1%D9%A7%D8%A6%DB%95%DB%8C%D9%84%DB%86%D9%84%D8%A7-%D9%A2%D9%A0%D9%A2%D9%A3,خواندنگەها-بێبۆ_1e3e10d8.pdf,6559530,application/pdf
https://zcks.uoz.edu.krd/wp-content/uploads/میرگەها-ئەردەلان-د-پەرتووكا-شەرەفخانێ-بەدلیسیدا.pdf,https://zcks.uoz.edu.krd/?product=%DA%AF%DB%86%DA%A4%D8%A7%D8%B1%D8%A7-%D8%B1%D9%88%D9%88%DA%AF%DB%95%D9%87%D9%80-%DA%98%D9%85%D8%A7%D8%B1%DB%95-%D9%A1%D9%A7%D8%A6%DB%95%DB%8C%D9%84%DB%86%D9%84%D8%A7-%D9%A2%D9%A0%D9%A2%D9%A3,میرگەها-ئەردەلان-د-پەرتووكا-شەرەفخانێ-بەدلیسیدا_4418cb65.pdf,6096292,application/pdf
https://zcks.uoz.edu.krd/wp-content/uploads/كورد-ل-پارێزگەها-سەلاحەدین-تكریتا-جاران-1.pdf,https://zcks.uoz.edu.krd/?product=%DA%AF%DB%86%DA%A4%D8%A7%D8%B1%D8%A7-%D8%B1%D9%88%D9%88%DA%AF%DB%95%D9%87%D9%80-%DA%98%D9%85%D8%A7%D8%B1%DB%95-%D9%A1%D9%A7%D8%A6%DB%95%DB%8C%D9%84%DB%86%D9%84%D8%A7-%D9%A2%D9%A0%D9%A2%D9%A3,كورد-ل-پارێزگەها-سەلاحەدین-تكریتا-جاران-1_f2475240.pdf,6208811,application/pdf
https://zcks.uoz.edu.krd/wp-content/uploads/بزاڤێن-مەهدییێ-ساخته-ل-بەهدینان-خـوانـدنـەك-د-بـەلـگەنامەیێن-عوسمانیدا-1.pdf,https://zcks.uoz.edu.krd/?product=%DA%AF%DB%86%DA%A4%D8%A7%D8%B1%D8%A7-%D8%B1%D9%88%D9%88%DA%AF%DB%95%D9%87%D9%80-%DA%98%D9%85%D8%A7%D8%B1%DB%95-%D9%A1%D9%A7%D8%A6%DB%95%DB%8C%D9%84%DB%86%D9%84%D8%A7-%D9%A2%D9%A0%D9%A2%D9%A3,بزاڤێن-مەهدییێ-ساخته-ل-بەهدینان-خـوانـدنـەك-د-بـەلـگەنامەیێن-عوسمانیدا-1_127f3f6a.pdf,10267025,application/pdf
https://zcks.uoz.edu.krd/wp-content/uploads/گەنگەشە-لسەر-دێرەكا-هەلبەستێ.pdf,https://zcks.uoz.edu.krd/?product=%DA%AF%DB%86%DA%A4%D8%A7%D8%B1%D8%A7-%D8%B1%D9%88%D9%88%DA%AF%DB%95%D9%87%D9%80-%DA%98%D9%85%D8%A7%D8%B1%DB%95-%D9%A1%D9%A7%D8%A6%DB%95%DB%8C%D9%84%DB%86%D9%84%D8%A7-%D9%A2%D9%A0%D9%A2%D9%A3,گەنگەشە-لسەر-دێرەكا-هەلبەستێ_fc4f91fc.pdf,2572099,application/pdf
https://zcks.uoz.edu.krd/wp-content/uploads/چیرۆکێن-سەرزارێ-گیانەوەران-د-فۆلکلۆرێ-كـوردیدا.pdf,https://zcks.uoz.edu.krd/?product=%DA%AF%DB%86%DA%A4%D8%A7%D8%B1%D8%A7-%D8%B1%D9%88%D9%88%DA%AF%DB%95%D9%87%D9%80-%DA%98%D9%85%D8%A7%D8%B1%DB%95-%D9%A1%D9%A7%D8%A6%DB%95%DB%8C%D9%84%DB%86%D9%84%D8%A7-%D9%A2%D9%A0%D9%A2%D9%A3,چیرۆکێن-سەرزارێ-گیانەوەران-د-فۆلکلۆرێ-كـوردیدا_405ed0ab.pdf,3401630,application/pdf
https://zcks.uoz.edu.krd/wp-content/uploads/فۆلکلۆر-و-فلمنامە-سیناریۆ.pdf,https://zcks.uoz.edu.krd/?product=%DA%AF%DB%86%DA%A4%D8%A7%D8%B1%D8%A7-%D8%B1%D9%88%D9%88%DA%AF%DB%95%D9%87%D9%80-%DA%98%D9%85%D8%A7%D8%B1%DB%95-%D9%A1%D9%A7%D8%A6%DB%95%DB%8C%D9%84%DB%86%D9%84%D8%A7-%D9%A2%D9%A0%D9%A2%D9%A3,فۆلکلۆر-و-فلمنامە-سیناریۆ_990fbe32.pdf,7134738,application/pdf
https://zcks.uoz.edu.krd/wp-content/uploads/شێخ-موحەمەد-ئەمینێ-حەیدەری.pdf,https://zcks.uoz.edu.krd/?product=%DA%AF%DB%86%DA%A4%D8%A7%D8%B1%D8%A7-%D8%B1%D9%88%D9%88%DA%AF%DB%95%D9%87%D9%80-%DA%98%D9%85%D8%A7%D8%B1%DB%95-%D9%A1%D9%A7%D8%A6%DB%95%DB%8C%D9%84%DB%86%D9%84%D8%A7-%D9%A2%D9%A0%D9%A2%D9%A3,شێخ-موحەمەد-ئەمینێ-حەیدەری_f379f37a.pdf,8760839,application/pdf
https://zcks.uoz.edu.krd/wp-content/uploads/سەیید-ڕزا،-دێرسم-و-دوو-نامە.pdf,https://zcks.uoz.edu.krd/?product=%DA%AF%DB%86%DA%A4%D8%A7%D8%B1%D8%A7-%D8%B1%D9%88%D9%88%DA%AF%DB%95%D9%87%D9%80-%DA%98%D9%85%D8%A7%D8%B1%DB%95-%D9%A1%D9%A7%D8%A6%DB%95%DB%8C%D9%84%DB%86%D9%84%D8%A7-%D9%A2%D9%A0%D9%A2%D9%A3,سەیید-ڕزا_-دێرسم-و-دوو-نامە_df46d7a3.pdf,6324430,application/pdf
https://zcks.uoz.edu.krd/wp-content/uploads/اسراء-وميعراج-1.pdf,https://zcks.uoz.edu.krd/?pa_%DA%AF%D8%B1%D8%A7%D9%81%DB%8C%D9%83-%D8%AF%DB%8C%D8%B2%D8%A7%DB%8C%D9%86=%D8%AC%DB%95%DA%AF%DB%95%D8%B1%D8%AE%D9%88%DB%8C%D9%86-%D8%AC%DB%95%D9%85%DB%8C%D9%84-%D8%A6%DB%95%D9%85%DB%8C%D9%86&paged=4,اسراء-وميعراج-1_2467934d.pdf,5729408,application/pdf
https://zcks.uoz.edu.krd/wp-content/uploads/پرۆگرام.pdf,https://zcks.uoz.edu.krd/?post_type=product&paged=9,پرۆگرام_979d34f1.pdf,5054828,application/pdf
