url,status,depth,content_type,title
https://zcks.uoz.edu.krd/,200,0,text/html,سەرەکی - سەنتەرێ زاخۆ بۆ ڤەکۆلینێن کوردی
https://zcks.uoz.edu.krd/?author=2,200,2,text/html,"ZCKS, Author at سەنتەرێ زاخۆ بۆ ڤەکۆلینێن کوردی"
https://zcks.uoz.edu.krd/?cat=417,200,1,text/html,چالاکی Archives - سەنتەرێ زاخۆ بۆ ڤەکۆلینێن کوردی
https://zcks.uoz.edu.krd/?cat=418,200,1,text/html,کۆنفرانس Archives - سەنتەرێ زاخۆ بۆ ڤەکۆلینێن کوردی
https://zcks.uoz.edu.krd/?cat=419,200,1,text/html,سەمپۆزیووم Archives - سەنتەرێ زاخۆ بۆ ڤەکۆلینێن کوردی
https://zcks.uoz.edu.krd/?p=2479,200,3,text/html,سەنتەرێ زاخۆ بۆ ڤەکۆلینێن کوردی ل زانکۆیا زاخۆ پێشوازی ل هۆزانڤانێ کورد (مؤید طیب)ی کر - سەنتەرێ زاخۆ بۆ ڤەکۆلینێن کوردی
https://zcks.uoz.edu.krd/?p=2495,200,2,text/html,ده‌وله‌ت و ميرگه‌هێن كوردى ل سه‌رده‌مێن ناڤين و نوودا - سەنتەرێ زاخۆ بۆ ڤەکۆلینێن کوردی
https://zcks.uoz.edu.krd/?p=2509,200,3,text/html,ئێکەمین سەمپۆزیووما پشکا مێژوو هاتەگێڕان - سەنتەرێ زاخۆ بۆ ڤەکۆلینێن کوردی
https://zcks.uoz.edu.krd/?p=3102,200,4,text/html,فەرهەنگا دیرۆکييا زاخۆ - سەنتەرێ زاخۆ بۆ ڤەکۆلینێن کوردی
https://zcks.uoz.edu.krd/?p=3191,404,4,text/html,
https://zcks.uoz.edu.krd/?p=3209,404,4,text/html,
https://zcks.uoz.edu.krd/?p=3216,404,3,text/html,
https://zcks.uoz.edu.krd/?p=3235,200,5,text/html,مەوليدا پێغەمبەرى (س) - سەنتەرێ زاخۆ بۆ ڤەکۆلینێن کوردی
https://zcks.uoz.edu.krd/?p=3283,200,6,text/html,بەردەڕەش دیرۆك، جڤاك و کەلەپوور - سەنتەرێ زاخۆ بۆ ڤەکۆلینێن کوردی
https://zcks.uoz.edu.krd/?p=3317,200,7,text/html,"کۆڤارا ""پۆیێتیکا"" - سەنتەرێ زاخۆ بۆ ڤەکۆلینێن کوردی"
https://zcks.uoz.edu.krd/?p=3330,200,7,text/html,سەنتەرێ زاخۆ بۆ ڤەکۆلینێن کوردی ل زانکۆیا زاخۆ پێشوازی ل شاندەکێ سەنتەرێ کۆماتە کر - سەنتەرێ زاخۆ بۆ ڤەکۆلینێن کوردی
https://zcks.uoz.edu.krd/?p=3357,200,6,text/html,بەردەڕەش دیرۆك، جڤاك و کەلەپوور - سەنتەرێ زاخۆ بۆ ڤەکۆلینێن کوردی
https://zcks.uoz.edu.krd/?p=3368,200,7,text/html,"بەدەل ڕەڤۆ ""بیرمەندێ گەڕۆك"" - سەنتەرێ زاخۆ بۆ ڤەکۆلینێن کوردی"
https://zcks.uoz.edu.krd/?p=3373,200,4,text/html,سەردەنا وەزيرێ خواندنا بلند(د.ئارام محەمەد) بۆ سەنتەرێ زاخۆ بۆ ڤەكۆلينێن كوردى - سەنتەرێ زاخۆ بۆ ڤەکۆلینێن کوردی
https://zcks.uoz.edu.krd/?p=3379,200,4,text/html,ڕۆژا جيهانى يا زمانێ دايكى ل زانكۆيا زاخۆ - سەنتەرێ زاخۆ بۆ ڤەکۆلینێن کوردی
https://zcks.uoz.edu.krd/?p=3388,200,3,text/html,پێنجەمين كونفرانسێ زانستييێ ناڤدەولەتييێ زانكۆيا زاخۆ- سەنتەرێ زاخۆ بۆ ڤەکۆلينێن کوردى - سەنتەرێ زاخۆ بۆ ڤەکۆلینێن کوردی
https://zcks.uoz.edu.krd/?p=3426,200,2,text/html,پێنجەمين كونفرانسێ زانستييێ ناڤدەولەتييێ زانكۆيا زاخۆ- سەنتەرێ زاخۆ بۆ ڤەکۆلينێن کوردى - سەنتەرێ زاخۆ بۆ ڤەکۆلینێن کوردی
https://zcks.uoz.edu.krd/?p=3434,200,3,text/html,بەرهەمێن سەنتەرێ زاخۆ بۆ ڤەكۆلينێن كوردی - سەنتەرێ زاخۆ بۆ ڤەکۆلینێن کوردی
https://zcks.uoz.edu.krd/?p=3447,200,3,text/html,بەرهەمێن سەنتەرێ زاخۆ بۆ ڤەكۆلينێن كوردی - سەنتەرێ زاخۆ بۆ ڤەکۆلینێن کوردی
https://zcks.uoz.edu.krd/?p=3469,200,3,text/html,گۆڤارا رووگەهـ ژمارە 6 - سەنتەرێ زاخۆ بۆ ڤەکۆلینێن کوردی
https://zcks.uoz.edu.krd/?p=3472,200,3,text/html,گۆڤارا رووگەهـ ژمارە 8 و 9 - سەنتەرێ زاخۆ بۆ ڤەکۆلینێن کوردی
https://zcks.uoz.edu.krd/?p=3484,200,4,text/html,بازتاب قيام أيلول به رهبرى ملا مصطفى بارزانى در روزنامه اطلاعات ١٣٤٠-١٣٥٤ - سەنتەرێ زاخۆ بۆ ڤەکۆلینێن کوردی
https://zcks.uoz.edu.krd/?p=3487,200,4,text/html,باشوورێ كوردستانێ و بەغدا، سەربۆڕا كوردان د سەد سالييا دەولەتا عێراقێدا - سەنتەرێ زاخۆ بۆ ڤەکۆلینێن کوردی
https://zcks.uoz.edu.krd/?p=3493,200,4,text/html,گۆڤارا رووگەهـ ژمارە 10 و 11 - سەنتەرێ زاخۆ بۆ ڤەکۆلینێن کوردی
https://zcks.uoz.edu.krd/?p=3503,200,3,text/html,زمانێ دایکێ - شوناسا نەتەوەیی و جڤاکی - سەنتەرێ زاخۆ بۆ ڤەکۆلینێن کوردی
https://zcks.uoz.edu.krd/?p=3522,200,4,text/html,گۆڤارا رووگەهـ ژمارە 12 - سەنتەرێ زاخۆ بۆ ڤەکۆلینێن کوردی
https://zcks.uoz.edu.krd/?p=3534,200,3,text/html,سەمپۆزیووم - سەنتەرێ زاخۆ بۆ ڤەکۆلینێن کوردی
https://zcks.uoz.edu.krd/?p=3556,200,3,text/html,ئێکەمین سەمپۆزیووما پشکا زمانێ ئینگلیزی هاته گێڕان - سەنتەرێ زاخۆ بۆ ڤەکۆلینێن کوردی
https://zcks.uoz.edu.krd/?p=3565,200,3,text/html,ئێکەمین سەمپۆزیووما پشکا زمانێ عەرەبى هاتەگێڕان - سەنتەرێ زاخۆ بۆ ڤەکۆلینێن کوردی
https://zcks.uoz.edu.krd/?p=3581,200,4,text/html,ئێکەمین سەمپۆزیووما پشکا خواندنا ئيسلامى هاتەگێڕان - سەنتەرێ زاخۆ بۆ ڤەکۆلینێن کوردی
https://zcks.uoz.edu.krd/?p=3606,200,4,text/html,ئێکەمین سەمپۆزیووما پشکا زمانێ توركى هاتەگێڕان - سەنتەرێ زاخۆ بۆ ڤەکۆلینێن کوردی
https://zcks.uoz.edu.krd/?p=3617,200,4,text/html,دوويەم سەمپۆزیووما پشکا زمانێ كوردى هاتەگێڕان - سەنتەرێ زاخۆ بۆ ڤەکۆلینێن کوردی
https://zcks.uoz.edu.krd/?p=3629,200,5,text/html,دوویەمین بەریکانەیا هۆزانڤەهاندن و کورتەچیرۆكنڤیسینێ - سەنتەرێ زاخۆ بۆ ڤەکۆلینێن کوردی
https://zcks.uoz.edu.krd/?p=3632,200,4,text/html,كاريگەرييا توندوتيژييێ د كەرتێ خواندنێدا - سەنتەرێ زاخۆ بۆ ڤەکۆلینێن کوردی
https://zcks.uoz.edu.krd/?p=3645,200,5,text/html,ئێکەمین سەمپۆزیووما پشکا مێژوو هاتەگێڕان - سەنتەرێ زاخۆ بۆ ڤەکۆلینێن کوردی
https://zcks.uoz.edu.krd/?p=3660,200,5,text/html,سەمپۆزیووما ڕۆژا جیھانییا مافێن مرۆڤی - سەنتەرێ زاخۆ بۆ ڤەکۆلینێن کوردی
https://zcks.uoz.edu.krd/?p=3672,200,5,text/html,گۆڤارا رووگەهـ ژمارە 13 - سەنتەرێ زاخۆ بۆ ڤەکۆلینێن کوردی
https://zcks.uoz.edu.krd/?p=3673,200,7,text/html,سمينارەك ل دۆر ئێکەم هژمارا گۆڤارا (پۆێتيكا) هاته پێشكێشكرن - سەنتەرێ زاخۆ بۆ ڤەکۆلینێن کوردی
https://zcks.uoz.edu.krd/?p=3685,200,6,text/html,ديوانا هۆزانڤانێ مەزن جەگەرخوين - سەنتەرێ زاخۆ بۆ ڤەکۆلینێن کوردی
https://zcks.uoz.edu.krd/?p=3873,200,5,text/html,ڕۆژا جيهانييا زمانێ دايكێ - سەنتەرێ زاخۆ بۆ ڤەکۆلینێن کوردی
https://zcks.uoz.edu.krd/?p=3886,200,6,text/html,ئێكەم پەرتووكخانا فرۆتنا ئێكسەر - سەنتەرێ زاخۆ بۆ ڤەکۆلینێن کوردی
https://zcks.uoz.edu.krd/?p=3896,200,5,text/html,سەرەدانەک ژ بو سەنتەرێ زاخو بو ڤەکولینێن کوردی - سەنتەرێ زاخۆ بۆ ڤەکۆلینێن کوردی
https://zcks.uoz.edu.krd/?p=3905,200,4,text/html,ڕۆلێ زانكۆيێ د ئاڤاكرنا جڤاكيدا - سەنتەرێ زاخۆ بۆ ڤەکۆلینێن کوردی
https://zcks.uoz.edu.krd/?p=3917,200,3,text/html,گۆڤارا رووگەهـ ژمارە 14 - سەنتەرێ زاخۆ بۆ ڤەکۆلینێن کوردی
https://zcks.uoz.edu.krd/?p=3930,200,2,text/html,شەشەمین کۆنفرانسێ ناڤدەولەتییێ سەنتەرێ زاخۆ بۆ ڤەکۆلینێن کوردی - سەنتەرێ زاخۆ بۆ ڤەکۆلینێن کوردی
https://zcks.uoz.edu.krd/?p=3942,200,3,text/html,گۆڤارا رووگەهـ ژمارە 15 - سەنتەرێ زاخۆ بۆ ڤەکۆلینێن کوردی
https://zcks.uoz.edu.krd/?p=3969,200,7,text/html,بيرمەندێ گەڕۆك - سەنتەرێ زاخۆ بۆ ڤەکۆلینێن کوردی
https://zcks.uoz.edu.krd/?p=4018,200,7,text/html,بەلاڤەکرنا کۆمەکا دیوان و مەولوودنامەیان ل نێزیك - سەنتەرێ زاخۆ بۆ ڤەکۆلینێن کوردی
https://zcks.uoz.edu.krd/?p=4074,200,7,text/html,"تەحسین ناڤشکی ""ئەز، ڕۆمان و ژیان"" - سەنتەرێ زاخۆ بۆ ڤەکۆلینێن کوردی"
https://zcks.uoz.edu.krd/?p=4088,404,4,text/html,
https://zcks.uoz.edu.krd/?p=4093,404,3,text/html,
https://zcks.uoz.edu.krd/?p=4098,404,3,text/html,
https://zcks.uoz.edu.krd/?p=4103,404,3,text/html,
https://zcks.uoz.edu.krd/?p=4109,200,6,text/html,ئەز، ڕۆمان و ژيان - سەنتەرێ زاخۆ بۆ ڤەکۆلینێن کوردی
https://zcks.uoz.edu.krd/?p=4118,404,3,text/html,
https://zcks.uoz.edu.krd/?p=4123,404,3,text/html,
https://zcks.uoz.edu.krd/?p=4128,404,4,text/html,
https://zcks.uoz.edu.krd/?p=4133,404,3,text/html,
https://zcks.uoz.edu.krd/?p=4138,404,3,text/html,
https://zcks.uoz.edu.krd/?p=4143,404,4,text/html,
https://zcks.uoz.edu.krd/?p=4149,404,3,text/html,
https://zcks.uoz.edu.krd/?p=4154,404,3,text/html,
https://zcks.uoz.edu.krd/?p=4159,404,3,text/html,
https://zcks.uoz.edu.krd/?p=4164,404,4,text/html,
https://zcks.uoz.edu.krd/?p=4172,404,3,text/html,
https://zcks.uoz.edu.krd/?p=4177,404,4,text/html,
https://zcks.uoz.edu.krd/?p=4182,404,4,text/html,
https://zcks.uoz.edu.krd/?p=4187,404,3,text/html,
https://zcks.uoz.edu.krd/?p=4192,404,4,text/html,
https://zcks.uoz.edu.krd/?p=4198,404,3,text/html,
https://zcks.uoz.edu.krd/?p=4222,200,6,text/html,شنگال د ناڤبەرا پاراستنا دیرۆکێ و ئالنگارییێن پاشەڕۆژێدا - سەنتەرێ زاخۆ بۆ ڤەکۆلینێن کوردی
https://zcks.uoz.edu.krd/?p=4337,200,6,text/html,شنگال د ناڤبەرا پاراستنا دیرۆکێ و ئالنگارییێن پاشەڕۆژێدا - سەنتەرێ زاخۆ بۆ ڤەکۆلینێن کوردی
https://zcks.uoz.edu.krd/?p=4397,200,5,text/html,بهایێ زارۆکی د ئەدەبیاتا کوردیدا - سەنتەرێ زاخۆ بۆ ڤەکۆلینێن کوردی
https://zcks.uoz.edu.krd/?p=4410,200,5,text/html,به‌رخوه‌دانا كه‌لا د‌م دم - سەنتەرێ زاخۆ بۆ ڤەکۆلینێن کوردی
https://zcks.uoz.edu.krd/?p=4424,404,3,text/html,
https://zcks.uoz.edu.krd/?p=4426,404,4,text/html,
https://zcks.uoz.edu.krd/?p=4428,404,4,text/html,
https://zcks.uoz.edu.krd/?p=4432,404,5,text/html,
https://zcks.uoz.edu.krd/?p=4434,404,5,text/html,
https://zcks.uoz.edu.krd/?p=4436,404,5,text/html,
https://zcks.uoz.edu.krd/?p=4438,404,4,text/html,
https://zcks.uoz.edu.krd/?p=4440,404,5,text/html,
https://zcks.uoz.edu.krd/?p=4442,404,5,text/html,
https://zcks.uoz.edu.krd/?p=4444,200,5,text/html,بهايێ زارۆكى د ئەدەبياتا كورديدا - سەنتەرێ زاخۆ بۆ ڤەکۆلینێن کوردی
https://zcks.uoz.edu.krd/?p=4459,200,5,text/html,بەرخوەدانا كەلا دم دم - سەنتەرێ زاخۆ بۆ ڤەکۆلینێن کوردی
https://zcks.uoz.edu.krd/?p=4471,200,4,text/html,الخطاب الديني بين الأصالة والمعاصرة - سەنتەرێ زاخۆ بۆ ڤەکۆلینێن کوردی
https://zcks.uoz.edu.krd/?p=4489,200,5,text/html,داخوازنامە - سەنتەرێ زاخۆ بۆ ڤەکۆلینێن کوردی
https://zcks.uoz.edu.krd/?p=4528,200,5,text/html,الخطاب الديني بين الأصالة والمعاصرة - سەنتەرێ زاخۆ بۆ ڤەکۆلینێن کوردی
https://zcks.uoz.edu.krd/?p=4550,200,4,text/html,الشعراء الأكاديميون – التجربة الإبداعية - سەنتەرێ زاخۆ بۆ ڤەکۆلینێن کوردی
https://zcks.uoz.edu.krd/?p=4559,200,5,text/html,بەھدينان گەنجينەيا ديوانێن كلاسيك - سەنتەرێ زاخۆ بۆ ڤەکۆلینێن کوردی
https://zcks.uoz.edu.krd/?p=4582,200,5,text/html,پێشاندانا ٣٦ دیوانێن کلاسیکیێن بەهدینان ل فاکۆلتییا زانستێن مرۆڤایەتی-زانکۆیا زاخۆ - سەنتەرێ زاخۆ بۆ ڤەکۆلینێن کوردی
https://zcks.uoz.edu.krd/?p=4590,200,4,text/html,الشعراء الأكاديميون – التجربة الإبداعية - سەنتەرێ زاخۆ بۆ ڤەکۆلینێن کوردی
https://zcks.uoz.edu.krd/?p=4775,200,2,text/html,ئەرشیڤ - سەنتەرێ زاخۆ بۆ ڤەکۆلینێن کوردی
https://zcks.uoz.edu.krd/?p=4928,404,3,text/html,
https://zcks.uoz.edu.krd/?p=4932,404,3,text/html,
https://zcks.uoz.edu.krd/?p=4940,404,3,text/html,
https://zcks.uoz.edu.krd/?p=4944,404,3,text/html,
https://zcks.uoz.edu.krd/?p=4948,404,3,text/html,
https://zcks.uoz.edu.krd/?p=4952,404,3,text/html,
https://zcks.uoz.edu.krd/?p=5287,200,5,text/html,"ڕێوڕەسمێن بەلاڤکرنا پەرتووکا ""فەرهەنگا دیرۆک و شارستانییا زاخۆ"" - سەنتەرێ زاخۆ بۆ ڤەکۆلینێن کوردی"
https://zcks.uoz.edu.krd/?p=5295,200,5,text/html,فەرهەنگا ديرۆك و شارستانييا زاخۆ - سەنتەرێ زاخۆ بۆ ڤەکۆلینێن کوردی
https://zcks.uoz.edu.krd/?p=5307,200,5,text/html,"د.عەبدولرەحمان مزووری ""ژیان و سەربوورا شیعری"" - سەنتەرێ زاخۆ بۆ ڤەکۆلینێن کوردی"
https://zcks.uoz.edu.krd/?p=5310,200,4,text/html,چالاکیێن وەرزی - سەنتەرێ زاخۆ بۆ ڤەکۆلینێن کوردی
https://zcks.uoz.edu.krd/?p=5313,200,4,text/html,ئێکەتییا نڤیسەرێن کورد - تایێ دهۆك، وەرارەکا بەردەوام - سەنتەرێ زاخۆ بۆ ڤەکۆلینێن کوردی
https://zcks.uoz.edu.krd/?p=5343,200,3,text/html,"ئێکەتییا نڤیسەرێن کورد – تایێ دهۆك, وەرارەکا بەردەوام - سەنتەرێ زاخۆ بۆ ڤەکۆلینێن کوردی"
https://zcks.uoz.edu.krd/?p=5355,200,3,text/html,عەبدولرەحمان مزوورى - سەنتەرێ زاخۆ بۆ ڤەکۆلینێن کوردی
https://zcks.uoz.edu.krd/?p=5373,200,2,text/html,چالاكييەكا تايبەت ژلايێ سەنتەرێ مەڤه ژبۆ هەلبەستڤانێ كورد د. عەبدولرەحمان مزوورى هاتەسازكرن - ڤیدیوو - سەنتەرێ زاخۆ بۆ ڤەکۆلینێن کوردی
https://zcks.uoz.edu.krd/?p=5380,200,2,text/html,یوتیوب - سەنتەرێ زاخۆ بۆ ڤەکۆلینێن کوردی
https://zcks.uoz.edu.krd/?p=5422,200,1,text/html,بورهان زێباری و جیهانا هەلبەستا ئەوی - سەنتەرێ زاخۆ بۆ ڤەکۆلینێن کوردی
https://zcks.uoz.edu.krd/?p=5433,200,1,text/html,"چالاكييەكا تايبەت ژلايێ سەنتەرێ مەڤه ژبۆ هەلبەستڤانێ كورد""بورهان زێبارى"" هاتەسازكرن - ڤيديوو - سەنتەرێ زاخۆ بۆ ڤەکۆلینێن کوردی"
https://zcks.uoz.edu.krd/?p=5437,200,1,text/html,پاركا شينوارى ل پارێزگەها دهۆكێ - سەنتەرێ زاخۆ بۆ ڤەکۆلینێن کوردی
https://zcks.uoz.edu.krd/?p=5449,200,1,text/html,فەرهەنگا ئامەد يا مەيدانى - سەنتەرێ زاخۆ بۆ ڤەکۆلینێن کوردی
https://zcks.uoz.edu.krd/?p=5461,200,1,text/html,تەسەوف ل كوردستانێ - سەنتەرێ زاخۆ بۆ ڤەکۆلینێن کوردی
https://zcks.uoz.edu.krd/?p=5504,200,1,text/html,"ديمەنەك ژ سێيەم سەمپۆزيووما مه ئەوا ل ژێر نافونيشانێ ""تەسەوف ل كوردستانێ"" هەلبەست: مەلايێ جزيرى - ڤیدیۆ - سەنتەرێ زاخۆ بۆ ڤەکۆلینێن کوردی"
https://zcks.uoz.edu.krd/?p=5506,200,1,text/html,پێگەهێ ئافرەتا كورد د ناڤ ئەدەبياتا كورديدا ل سەدەيێ بيست و ئێكێ - سەنتەرێ زاخۆ بۆ ڤەکۆلینێن کوردی
https://zcks.uoz.edu.krd/?p=5521,200,1,text/html,پاراستنا خێزانێ ل دويڤ شريعەت و ياسايێ - سەنتەرێ زاخۆ بۆ ڤەکۆلینێن کوردی
https://zcks.uoz.edu.krd/?p=5534,200,1,text/html,"The Intertwining of Literature, Language, and Culture - سەنتەرێ زاخۆ بۆ ڤەکۆلینێن کوردی"
https://zcks.uoz.edu.krd/?p=5546,200,1,text/html,أثر الدلالات البلاغية في فهم النص القرآني - سەنتەرێ زاخۆ بۆ ڤەکۆلینێن کوردی
https://zcks.uoz.edu.krd/?p=5563,200,1,text/html,سمايل پشۆ - سەنتەرێ زاخۆ بۆ ڤەکۆلینێن کوردی
https://zcks.uoz.edu.krd/?p=5594,404,5,text/html,
https://zcks.uoz.edu.krd/?p=5614,404,5,text/html,
https://zcks.uoz.edu.krd/?p=5622,404,5,text/html,
https://zcks.uoz.edu.krd/?p=5635,404,5,text/html,
https://zcks.uoz.edu.krd/?p=5643,404,5,text/html,
https://zcks.uoz.edu.krd/?p=5651,404,5,text/html,
https://zcks.uoz.edu.krd/?p=5659,404,5,text/html,
https://zcks.uoz.edu.krd/?p=5670,404,5,text/html,
https://zcks.uoz.edu.krd/?p=5679,404,5,text/html,
https://zcks.uoz.edu.krd/?p=5687,404,5,text/html,
https://zcks.uoz.edu.krd/?p=5696,404,5,text/html,
https://zcks.uoz.edu.krd/?p=5705,404,5,text/html,
https://zcks.uoz.edu.krd/?p=5717,404,5,text/html,
https://zcks.uoz.edu.krd/?p=5725,404,5,text/html,
https://zcks.uoz.edu.krd/?p=5735,404,5,text/html,
https://zcks.uoz.edu.krd/?p=5744,404,5,text/html,
https://zcks.uoz.edu.krd/?p=5752,404,5,text/html,
https://zcks.uoz.edu.krd/?p=5758,404,5,text/html,
https://zcks.uoz.edu.krd/?p=5768,404,5,text/html,
https://zcks.uoz.edu.krd/?p=5777,404,5,text/html,
https://zcks.uoz.edu.krd/?p=5785,404,5,text/html,
https://zcks.uoz.edu.krd/?p=5793,404,5,text/html,
https://zcks.uoz.edu.krd/?p=5801,404,5,text/html,
https://zcks.uoz.edu.krd/?p=5809,404,5,text/html,
https://zcks.uoz.edu.krd/?p=5817,404,4,text/html,
https://zcks.uoz.edu.krd/?p=5825,404,4,text/html,
https://zcks.uoz.edu.krd/?p=5836,404,4,text/html,
https://zcks.uoz.edu.krd/?p=5850,404,4,text/html,
https://zcks.uoz.edu.krd/?p=5859,404,4,text/html,
https://zcks.uoz.edu.krd/?p=5867,404,4,text/html,
https://zcks.uoz.edu.krd/?p=5908,200,1,text/html,ژ ئێكگرتنێ بۆ ژێكڤه‌بوونێ ڕۆلێ عەشیرەتان ل کوردستانێ ١٥١٤ - ١٩١٤ - سەنتەرێ زاخۆ بۆ ڤەکۆلینێن کوردی
https://zcks.uoz.edu.krd/?p=5919,404,4,text/html,
https://zcks.uoz.edu.krd/?p=5941,404,3,text/html,
https://zcks.uoz.edu.krd/?p=5963,404,4,text/html,
https://zcks.uoz.edu.krd/?p=5980,404,3,text/html,
https://zcks.uoz.edu.krd/?p=6010,404,4,text/html,
https://zcks.uoz.edu.krd/?p=6028,200,1,text/html,زاخۆ، ڕەوشا گەشتوگوزار، ساخلەمى و ڕەوشەنبيرىييێ - سەنتەرێ زاخۆ بۆ ڤەکۆلینێن کوردی
https://zcks.uoz.edu.krd/?p=6040,404,4,text/html,
https://zcks.uoz.edu.krd/?p=6056,404,4,text/html,
https://zcks.uoz.edu.krd/?p=6073,200,1,text/html,سێمێل(ديرۆك، ئەدەب و ڕەوشەنبيرى) - سەنتەرێ زاخۆ بۆ ڤەکۆلینێن کوردی
https://zcks.uoz.edu.krd/?p=6089,404,4,text/html,
https://zcks.uoz.edu.krd/?p=6109,404,4,text/html,
https://zcks.uoz.edu.krd/?p=6156,404,3,text/html,
https://zcks.uoz.edu.krd/?p=6188,200,1,text/html,‎ پێشەنگێن هەلبەستا دەڤەر بەهدينان - سەنتەرێ زاخۆ بۆ ڤەکۆلینێن کوردی
https://zcks.uoz.edu.krd/?p=6201,404,4,text/html,
https://zcks.uoz.edu.krd/?p=6240,404,4,text/html,
https://zcks.uoz.edu.krd/?p=6275,404,4,text/html,
https://zcks.uoz.edu.krd/?p=6291,200,2,text/html,فەرهەنگ - سەنتەرێ زاخۆ بۆ ڤەکۆلینێن کوردی
https://zcks.uoz.edu.krd/?p=6385,404,6,text/html,
https://zcks.uoz.edu.krd/?p=6398,200,1,text/html,پێشاندنا چەندين تابلۆيان و نووژەنكرنا سەنتەرێ زاخۆ بۆ ڤەكۆلينێن كوردى ژلايێ ڕاگرييا كۆليژا زانستێن مرۆڤايەتيڤه - سەنتەرێ زاخۆ بۆ ڤەکۆلینێن کوردی
https://zcks.uoz.edu.krd/?p=6429,404,3,text/html,
https://zcks.uoz.edu.krd/?p=6434,404,3,text/html,
https://zcks.uoz.edu.krd/?p=6460,200,1,text/html,بابەتێن رووگەها ئەڤ جارە... - سەنتەرێ زاخۆ بۆ ڤەکۆلینێن کوردی
https://zcks.uoz.edu.krd/?p=6471,404,3,text/html,
https://zcks.uoz.edu.krd/?p=6507,404,4,text/html,
https://zcks.uoz.edu.krd/?p=6510,404,4,text/html,
https://zcks.uoz.edu.krd/?p=6516,404,4,text/html,
https://zcks.uoz.edu.krd/?p=6519,404,4,text/html,
https://zcks.uoz.edu.krd/?p=6522,404,4,text/html,
https://zcks.uoz.edu.krd/?p=6527,404,4,text/html,
https://zcks.uoz.edu.krd/?p=6531,404,4,text/html,
https://zcks.uoz.edu.krd/?p=6537,404,4,text/html,
https://zcks.uoz.edu.krd/?p=6541,404,4,text/html,
https://zcks.uoz.edu.krd/?p=6545,404,4,text/html,
https://zcks.uoz.edu.krd/?p=6549,404,4,text/html,
https://zcks.uoz.edu.krd/?p=6552,404,4,text/html,
https://zcks.uoz.edu.krd/?p=6570,404,4,text/html,
https://zcks.uoz.edu.krd/?p=6573,404,4,text/html,
https://zcks.uoz.edu.krd/?p=6578,404,4,text/html,
https://zcks.uoz.edu.krd/?p=6582,404,4,text/html,
https://zcks.uoz.edu.krd/?p=6585,404,4,text/html,
https://zcks.uoz.edu.krd/?p=6588,404,4,text/html,
https://zcks.uoz.edu.krd/?p=6590,200,1,text/html,نەهەمین کۆنفڕانسێ زانستیيێ ناڤدەولەتی ئه‌فسانه‌يا كوردى ئه‌ده‌ب، زمان، ديرۆك و جڤاك - سەنتەرێ زاخۆ بۆ ڤەکۆلینێن کوردی
https://zcks.uoz.edu.krd/?p=6604,404,4,text/html,
https://zcks.uoz.edu.krd/?p=6609,404,4,text/html,
https://zcks.uoz.edu.krd/?p=6629,200,2,text/html,بەرهەم - سەنتەرێ زاخۆ بۆ ڤەکۆلینێن کوردی
https://zcks.uoz.edu.krd/?p=6654,404,4,text/html,
https://zcks.uoz.edu.krd/?p=6656,404,4,text/html,
https://zcks.uoz.edu.krd/?p=6658,404,2,text/html,
https://zcks.uoz.edu.krd/?p=6660,404,2,text/html,
https://zcks.uoz.edu.krd/?p=6662,404,2,text/html,
https://zcks.uoz.edu.krd/?p=6676,404,2,text/html,
https://zcks.uoz.edu.krd/?p=6681,404,2,text/html,
https://zcks.uoz.edu.krd/?p=6694,404,2,text/html,
https://zcks.uoz.edu.krd/?p=6718,404,2,text/html,
https://zcks.uoz.edu.krd/?p=6806,200,1,text/html,ئەفسانەیا کوردی ئەدەب،زمان،دیرۆک و جڤاک (نەهەمین کونفرانس) - سەنتەرێ زاخۆ بۆ ڤەکۆلینێن کوردی
https://zcks.uoz.edu.krd/?p=7214,200,1,text/html,دەهەمین کۆنفڕانسێ زانستیيێ ناڤدەولەتی مەدرەسەیێن کوردی ل سەردەمێن نوی و هەڤچەرخ - سەنتەرێ زاخۆ بۆ ڤەکۆلینێن کوردی
https://zcks.uoz.edu.krd/?p=7237,200,3,text/html,المدارس الكوردية في العصرين الحديث والمعاصر - سەنتەرێ زاخۆ بۆ ڤەکۆلینێن کوردی
https://zcks.uoz.edu.krd/?p=7285,200,2,text/html,دەربارەی مە - سەنتەرێ زاخۆ بۆ ڤەکۆلینێن کوردی
https://zcks.uoz.edu.krd/?p=7339,404,2,text/html,
https://zcks.uoz.edu.krd/?pa_%D8%A8%D8%A7%D8%A8%DB%95%D8%AA=%D8%A6%D8%A7%D8%A8%D9%88%D9%88%D8%B1,200,3,text/html,ئابوور Archives - سەنتەرێ زاخۆ بۆ ڤەکۆلینێن کوردی
https://zcks.uoz.edu.krd/?pa_%D8%A8%D8%A7%D8%A8%DB%95%D8%AA=%D8%A6%DB%95%D8%AF%DB%95%D8%A8,200,2,text/html,ئەدەب Archives - سەنتەرێ زاخۆ بۆ ڤەکۆلینێن کوردی
https://zcks.uoz.edu.krd/?pa_%D8%A8%D8%A7%D8%A8%DB%95%D8%AA=%D8%A6%DB%95%D8%AF%DB%95%D8%A8&paged=1,200,4,text/html,ئەدەب Archives - سەنتەرێ زاخۆ بۆ ڤەکۆلینێن کوردی
https://zcks.uoz.edu.krd/?pa_%D8%A8%D8%A7%D8%A8%DB%95%D8%AA=%D8%A6%DB%95%D8%AF%DB%95%D8%A8&paged=2,200,3,text/html,ئەدەب Archives - Page 2 of 9 - سەنتەرێ زاخۆ بۆ ڤەکۆلینێن کوردی
https://zcks.uoz.edu.krd/?pa_%D8%A8%D8%A7%D8%A8%DB%95%D8%AA=%D8%A6%DB%95%D8%AF%DB%95%D8%A8&paged=3,200,3,text/html,ئەدەب Archives - Page 3 of 9 - سەنتەرێ زاخۆ بۆ ڤەکۆلینێن کوردی
https://zcks.uoz.edu.krd/?pa_%D8%A8%D8%A7%D8%A8%DB%95%D8%AA=%D8%A6%DB%95%D8%AF%DB%95%D8%A8&paged=4,200,3,text/html,ئەدەب Archives - Page 4 of 9 - سەنتەرێ زاخۆ بۆ ڤەکۆلینێن کوردی
https://zcks.uoz.edu.krd/?pa_%D8%A8%D8%A7%D8%A8%DB%95%D8%AA=%D8%A6%DB%95%D8%AF%DB%95%D8%A8&paged=5,200,4,text/html,ئەدەب Archives - Page 5 of 9 - سەنتەرێ زاخۆ بۆ ڤەکۆلینێن کوردی
https://zcks.uoz.edu.krd/?pa_%D8%A8%D8%A7%D8%A8%DB%95%D8%AA=%D8%A6%DB%95%D8%AF%DB%95%D8%A8&paged=6,200,4,text/html,ئەدەب Archives - Page 6 of 9 - سەنتەرێ زاخۆ بۆ ڤەکۆلینێن کوردی
https://zcks.uoz.edu.krd/?pa_%D8%A8%D8%A7%D8%A8%DB%95%D8%AA=%D8%A6%DB%95%D8%AF%DB%95%D8%A8&paged=7,200,3,text/html,ئەدەب Archives - Page 7 of 9 - سەنتەرێ زاخۆ بۆ ڤەکۆلینێن کوردی
https://zcks.uoz.edu.krd/?pa_%D8%A8%D8%A7%D8%A8%DB%95%D8%AA=%D8%A6%DB%95%D8%AF%DB%95%D8%A8&paged=8,200,3,text/html,ئەدەب Archives - Page 8 of 9 - سەنتەرێ زاخۆ بۆ ڤەکۆلینێن کوردی
https://zcks.uoz.edu.krd/?pa_%D8%A8%D8%A7%D8%A8%DB%95%D8%AA=%D8%A6%DB%95%D8%AF%DB%95%D8%A8&paged=9,200,3,text/html,ئەدەب Archives - Page 9 of 9 - سەنتەرێ زاخۆ بۆ ڤەکۆلینێن کوردی
https://zcks.uoz.edu.krd/?pa_%D8%A8%D8%A7%D8%A8%DB%95%D8%AA=%D8%AC%D9%88%DA%AF%D8%B1%D8%A7%D9%81%DB%8C,200,3,text/html,جوگرافی Archives - سەنتەرێ زاخۆ بۆ ڤەکۆلینێن کوردی
https://zcks.uoz.edu.krd/?pa_%D8%A8%D8%A7%D8%A8%DB%95%D8%AA=%D8%AF%DB%8C%D8%B1%DB%86%DA%A9-%D9%88-%D8%AC%DA%A4%D8%A7%DA%A9,200,2,text/html,دیرۆک و جڤاک Archives - سەنتەرێ زاخۆ بۆ ڤەکۆلینێن کوردی
https://zcks.uoz.edu.krd/?pa_%D8%A8%D8%A7%D8%A8%DB%95%D8%AA=%D8%AF%DB%95%D8%B1%D9%88%D9%88%D9%86%D9%86%D8%A7%D8%B3%DB%8C,200,3,text/html,دەروونناسی Archives - سەنتەرێ زاخۆ بۆ ڤەکۆلینێن کوردی
https://zcks.uoz.edu.krd/?pa_%D8%A8%D8%A7%D8%A8%DB%95%D8%AA=%D8%B2%D9%85%D8%A7%D9%86,200,2,text/html,زمان Archives - سەنتەرێ زاخۆ بۆ ڤەکۆلینێن کوردی
https://zcks.uoz.edu.krd/?pa_%D8%A8%D8%A7%D8%A8%DB%95%D8%AA=%D8%B2%D9%85%D8%A7%D9%86&paged=1,200,4,text/html,زمان Archives - سەنتەرێ زاخۆ بۆ ڤەکۆلینێن کوردی
https://zcks.uoz.edu.krd/?pa_%D8%A8%D8%A7%D8%A8%DB%95%D8%AA=%D8%B2%D9%85%D8%A7%D9%86&paged=2,200,3,text/html,زمان Archives - Page 2 of 2 - سەنتەرێ زاخۆ بۆ ڤەکۆلینێن کوردی
https://zcks.uoz.edu.krd/?pa_%D8%A8%D8%A7%D8%A8%DB%95%D8%AA=%D9%85%DB%8E%DA%98%D9%88%D9%88,200,2,text/html,مێژوو Archives - سەنتەرێ زاخۆ بۆ ڤەکۆلینێن کوردی
https://zcks.uoz.edu.krd/?pa_%D8%A8%D8%A7%D8%A8%DB%95%D8%AA=%D9%85%DB%8E%DA%98%D9%88%D9%88&paged=1,200,4,text/html,مێژوو Archives - سەنتەرێ زاخۆ بۆ ڤەکۆلینێن کوردی
https://zcks.uoz.edu.krd/?pa_%D8%A8%D8%A7%D8%A8%DB%95%D8%AA=%D9%85%DB%8E%DA%98%D9%88%D9%88&paged=2,200,3,text/html,مێژوو Archives - Page 2 of 6 - سەنتەرێ زاخۆ بۆ ڤەکۆلینێن کوردی
https://zcks.uoz.edu.krd/?pa_%D8%A8%D8%A7%D8%A8%DB%95%D8%AA=%D9%85%DB%8E%DA%98%D9%88%D9%88&paged=3,200,3,text/html,مێژوو Archives - Page 3 of 6 - سەنتەرێ زاخۆ بۆ ڤەکۆلینێن کوردی
https://zcks.uoz.edu.krd/?pa_%D8%A8%D8%A7%D8%A8%DB%95%D8%AA=%D9%85%DB%8E%DA%98%D9%88%D9%88&paged=4,200,3,text/html,مێژوو Archives - Page 4 of 6 - سەنتەرێ زاخۆ بۆ ڤەکۆلینێن کوردی
https://zcks.uoz.edu.krd/?pa_%D8%A8%D8%A7%D8%A8%DB%95%D8%AA=%D9%85%DB%8E%DA%98%D9%88%D9%88&paged=5,200,3,text/html,مێژوو Archives - Page 5 of 6 - سەنتەرێ زاخۆ بۆ ڤەکۆلینێن کوردی
https://zcks.uoz.edu.krd/?pa_%D8%A8%D8%A7%D8%A8%DB%95%D8%AA=%D9%85%DB%8E%DA%98%D9%88%D9%88&paged=6,200,3,text/html,مێژوو Archives - Page 6 of 6 - سەنتەرێ زاخۆ بۆ ڤەکۆلینێن کوردی
https://zcks.uoz.edu.krd/?pa_%D8%A8%D8%A7%D8%A8%DB%95%D8%AA=%D9%88%DB%95%D8%B1%DA%AF%DB%8E%D8%B1%D8%A7%D9%86,200,3,text/html,وەرگێران Archives - سەنتەرێ زاخۆ بۆ ڤەکۆلینێن کوردی
https://zcks.uoz.edu.krd/?pa_%D8%A8%D8%A7%D8%A8%DB%95%D8%AA=%DA%A9%D8%A7%D8%B1%DA%AF%DB%8C%D8%B1%DB%8C,200,4,text/html,کارگیری Archives - سەنتەرێ زاخۆ بۆ ڤەکۆلینێن کوردی
https://zcks.uoz.edu.krd/?pa_%D8%A8%D8%A7%D8%A8%DB%95%D8%AA=%DB%8C%D8%A7%D8%B3%D8%A7,200,4,text/html,یاسا Archives - سەنتەرێ زاخۆ بۆ ڤەکۆلینێن کوردی
https://zcks.uoz.edu.krd/?pa_%D8%A8%DB%95%D8%B1%D9%87%DB%95%DA%A4%DA%A9%D8%B1%D9%86=%D8%A3-%D8%AF-%D8%AE%D8%B6%D9%8A%D8%B1-%D8%B9%D8%A8%D8%A7%D8%B3-%D9%85%D8%AD%D9%85%D8%AF-%D8%A7%D9%84%D9%85%D9%86%D8%B4%D8%AF%D8%A7%D9%88%D9%8A,200,4,text/html,أ.د. خضير عباس محمد المنشداوي Archives - سەنتەرێ زاخۆ بۆ ڤەکۆلینێن کوردی
https://zcks.uoz.edu.krd/?pa_%D8%A8%DB%95%D8%B1%D9%87%DB%95%DA%A4%DA%A9%D8%B1%D9%86=%D8%AF-%D8%AD%DB%95%D9%85%D8%B2%D9%87-%D8%AA%D8%A7%D9%87%D8%B1-%D8%B4%D9%88%D9%88%D8%B4%DB%8C,200,5,text/html,د. حەمزه تاهر شووشی Archives - سەنتەرێ زاخۆ بۆ ڤەکۆلینێن کوردی
https://zcks.uoz.edu.krd/?pa_%D8%A8%DB%95%D8%B1%D9%87%DB%95%DA%A4%DA%A9%D8%B1%D9%86=%D8%AF-%D8%B1%DB%95%D8%B4%D9%8A%D8%AF-%D9%81%D9%86%D8%AF%D9%8A,200,5,text/html,د. رەشيد فندي Archives - سەنتەرێ زاخۆ بۆ ڤەکۆلینێن کوردی
https://zcks.uoz.edu.krd/?pa_%D8%A8%DB%95%D8%B1%D9%87%DB%95%DA%A4%DA%A9%D8%B1%D9%86=%D8%AF-%D9%81%D8%A7%D8%AE%D8%B1-%D8%AD%DB%95%D8%B3%DB%95%D9%86-%DB%8C%D9%88%D9%88%D8%B3%D9%81,200,2,text/html,د.فاخر حەسەن یووسف Archives - سەنتەرێ زاخۆ بۆ ڤەکۆلینێن کوردی
https://zcks.uoz.edu.krd/?pa_%D8%A8%DB%95%D8%B1%D9%87%DB%95%DA%A4%DA%A9%D8%B1%D9%86=%D8%AF-%D9%81%D8%A7%D8%AE%D8%B1-%D8%AD%DB%95%D8%B3%DB%95%D9%86-%DB%8C%D9%88%D9%88%D8%B3%D9%81&paged=1,200,4,text/html,د.فاخر حەسەن یووسف Archives - سەنتەرێ زاخۆ بۆ ڤەکۆلینێن کوردی
https://zcks.uoz.edu.krd/?pa_%D8%A8%DB%95%D8%B1%D9%87%DB%95%DA%A4%DA%A9%D8%B1%D9%86=%D8%AF-%D9%81%D8%A7%D8%AE%D8%B1-%D8%AD%DB%95%D8%B3%DB%95%D9%86-%DB%8C%D9%88%D9%88%D8%B3%D9%81&paged=2,200,3,text/html,د.فاخر حەسەن یووسف Archives - Page 2 of 4 - سەنتەرێ زاخۆ بۆ ڤەکۆلینێن کوردی
https://zcks.uoz.edu.krd/?pa_%D8%A8%DB%95%D8%B1%D9%87%DB%95%DA%A4%DA%A9%D8%B1%D9%86=%D8%AF-%D9%81%D8%A7%D8%AE%D8%B1-%D8%AD%DB%95%D8%B3%DB%95%D9%86-%DB%8C%D9%88%D9%88%D8%B3%D9%81&paged=3,200,3,text/html,د.فاخر حەسەن یووسف Archives - Page 3 of 4 - سەنتەرێ زاخۆ بۆ ڤەکۆلینێن کوردی
https://zcks.uoz.edu.krd/?pa_%D8%A8%DB%95%D8%B1%D9%87%DB%95%DA%A4%DA%A9%D8%B1%D9%86=%D8%AF-%D9%81%D8%A7%D8%AE%D8%B1-%D8%AD%DB%95%D8%B3%DB%95%D9%86-%DB%8C%D9%88%D9%88%D8%B3%D9%81&paged=4,200,3,text/html,د.فاخر حەسەن یووسف Archives - Page 4 of 4 - سەنتەرێ زاخۆ بۆ ڤەکۆلینێن کوردی
https://zcks.uoz.edu.krd/?pa_%D8%A8%DB%95%D8%B1%D9%87%DB%95%DA%A4%DA%A9%D8%B1%D9%86=%D9%85%D8%A7%D9%87%D8%B1-%D8%B9%D8%A8%D8%AF%D8%A7%D9%84%D8%B1%D8%AD%D9%85%D9%86-%D8%A8%DB%95%D8%B1%D9%88%D8%A7%D8%B1%DB%8C,200,5,text/html,ماهر عبدالرحمن بەرواری Archives - سەنتەرێ زاخۆ بۆ ڤەکۆلینێن کوردی
https://zcks.uoz.edu.krd/?pa_%D8%A8%DB%95%D8%B1%D9%87%DB%95%DA%A4%DA%A9%D8%B1%D9%86=%D9%87%DB%8E%D8%B1%D8%B4-%DA%A9%DB%95%D9%85%D8%A7%D9%84-%DA%95%DB%8E%DA%A9%D8%A7%D9%86%DB%8C,200,5,text/html,هێرش کەمال ڕێکانی Archives - سەنتەرێ زاخۆ بۆ ڤەکۆلینێن کوردی
https://zcks.uoz.edu.krd/?pa_%D8%B2%D9%85%D8%A7%D9%86=%D8%A6%DB%8C%D9%86%DA%AF%D9%84%DB%8C%D8%B2%DB%8C,200,2,text/html,ئینگلیزی Archives - سەنتەرێ زاخۆ بۆ ڤەکۆلینێن کوردی
https://zcks.uoz.edu.krd/?pa_%D8%B2%D9%85%D8%A7%D9%86=%D8%AA%D9%88%D8%B1%DA%A9%DB%8C,200,2,text/html,تورکی Archives - سەنتەرێ زاخۆ بۆ ڤەکۆلینێن کوردی
https://zcks.uoz.edu.krd/?pa_%D8%B2%D9%85%D8%A7%D9%86=%D8%B9%DB%95%D8%B1%DB%95%D8%A8%DB%8C,200,2,text/html,عەرەبی Archives - سەنتەرێ زاخۆ بۆ ڤەکۆلینێن کوردی
https://zcks.uoz.edu.krd/?pa_%D8%B2%D9%85%D8%A7%D9%86=%D8%B9%DB%95%D8%B1%DB%95%D8%A8%DB%8C&paged=1,200,4,text/html,عەرەبی Archives - سەنتەرێ زاخۆ بۆ ڤەکۆلینێن کوردی
https://zcks.uoz.edu.krd/?pa_%D8%B2%D9%85%D8%A7%D9%86=%D8%B9%DB%95%D8%B1%DB%95%D8%A8%DB%8C&paged=2,200,3,text/html,عەرەبی Archives - Page 2 of 5 - سەنتەرێ زاخۆ بۆ ڤەکۆلینێن کوردی
https://zcks.uoz.edu.krd/?pa_%D8%B2%D9%85%D8%A7%D9%86=%D8%B9%DB%95%D8%B1%DB%95%D8%A8%DB%8C&paged=3,200,3,text/html,عەرەبی Archives - Page 3 of 5 - سەنتەرێ زاخۆ بۆ ڤەکۆلینێن کوردی
https://zcks.uoz.edu.krd/?pa_%D8%B2%D9%85%D8%A7%D9%86=%D8%B9%DB%95%D8%B1%DB%95%D8%A8%DB%8C&paged=4,200,3,text/html,عەرەبی Archives - Page 4 of 5 - سەنتەرێ زاخۆ بۆ ڤەکۆلینێن کوردی
https://zcks.uoz.edu.krd/?pa_%D8%B2%D9%85%D8%A7%D9%86=%D8%B9%DB%95%D8%B1%DB%95%D8%A8%DB%8C&paged=5,200,3,text/html,عەرەبی Archives - Page 5 of 5 - سەنتەرێ زاخۆ بۆ ڤەکۆلینێن کوردی
https://zcks.uoz.edu.krd/?pa_%D8%B2%D9%85%D8%A7%D9%86=%D9%81%D8%A7%D8%B1%D8%B3%DB%8C,200,2,text/html,فارسی Archives - سەنتەرێ زاخۆ بۆ ڤەکۆلینێن کوردی
https://zcks.uoz.edu.krd/?pa_%D8%B2%D9%85%D8%A7%D9%86=%DA%A9%D9%88%D8%B1%D8%AF%DB%8C,200,2,text/html,کوردی Archives - سەنتەرێ زاخۆ بۆ ڤەکۆلینێن کوردی
https://zcks.uoz.edu.krd/?pa_%D8%B2%D9%85%D8%A7%D9%86=%DA%A9%D9%88%D8%B1%D8%AF%DB%8C&paged=1,200,4,text/html,کوردی Archives - سەنتەرێ زاخۆ بۆ ڤەکۆلینێن کوردی
https://zcks.uoz.edu.krd/?pa_%D8%B2%D9%85%D8%A7%D9%86=%DA%A9%D9%88%D8%B1%D8%AF%DB%8C&paged=10,200,3,text/html,کوردی Archives - Page 10 of 11 - سەنتەرێ زاخۆ بۆ ڤەکۆلینێن کوردی
https://zcks.uoz.edu.krd/?pa_%D8%B2%D9%85%D8%A7%D9%86=%DA%A9%D9%88%D8%B1%D8%AF%DB%8C&paged=11,200,3,text/html,کوردی Archives - Page 11 of 11 - سەنتەرێ زاخۆ بۆ ڤەکۆلینێن کوردی
https://zcks.uoz.edu.krd/?pa_%D8%B2%D9%85%D8%A7%D9%86=%DA%A9%D9%88%D8%B1%D8%AF%DB%8C&paged=2,200,3,text/html,کوردی Archives - Page 2 of 11 - سەنتەرێ زاخۆ بۆ ڤەکۆلینێن کوردی
https://zcks.uoz.edu.krd/?pa_%D8%B2%D9%85%D8%A7%D9%86=%DA%A9%D9%88%D8%B1%D8%AF%DB%8C&paged=3,200,3,text/html,کوردی Archives - Page 3 of 11 - سەنتەرێ زاخۆ بۆ ڤەکۆلینێن کوردی
https://zcks.uoz.edu.krd/?pa_%D8%B2%D9%85%D8%A7%D9%86=%DA%A9%D9%88%D8%B1%D8%AF%DB%8C&paged=4,200,3,text/html,کوردی Archives - Page 4 of 11 - سەنتەرێ زاخۆ بۆ ڤەکۆلینێن کوردی
https://zcks.uoz.edu.krd/?pa_%D8%B2%D9%85%D8%A7%D9%86=%DA%A9%D9%88%D8%B1%D8%AF%DB%8C&paged=5,200,4,text/html,کوردی Archives - Page 5 of 11 - سەنتەرێ زاخۆ بۆ ڤەکۆلینێن کوردی
https://zcks.uoz.edu.krd/?pa_%D8%B2%D9%85%D8%A7%D9%86=%DA%A9%D9%88%D8%B1%D8%AF%DB%8C&paged=6,200,4,text/html,کوردی Archives - Page 6 of 11 - سەنتەرێ زاخۆ بۆ ڤەکۆلینێن کوردی
https://zcks.uoz.edu.krd/?pa_%D8%B2%D9%85%D8%A7%D9%86=%DA%A9%D9%88%D8%B1%D8%AF%DB%8C&paged=7,200,4,text/html,کوردی Archives - Page 7 of 11 - سەنتەرێ زاخۆ بۆ ڤەکۆلینێن کوردی
https://zcks.uoz.edu.krd/?pa_%D8%B2%D9%85%D8%A7%D9%86=%DA%A9%D9%88%D8%B1%D8%AF%DB%8C&paged=8,200,4,text/html,کوردی Archives - Page 8 of 11 - سەنتەرێ زاخۆ بۆ ڤەکۆلینێن کوردی
https://zcks.uoz.edu.krd/?pa_%D8%B2%D9%85%D8%A7%D9%86=%DA%A9%D9%88%D8%B1%D8%AF%DB%8C&paged=9,200,3,text/html,کوردی Archives - Page 9 of 11 - سەنتەرێ زاخۆ بۆ ڤەکۆلینێن کوردی
https://zcks.uoz.edu.krd/?pa_%D8%B3%D8%A7%D9%84=%D9%A2%D9%A0%D9%A1%D9%A1,200,3,text/html,٢٠١١ Archives - سەنتەرێ زاخۆ بۆ ڤەکۆلینێن کوردی
https://zcks.uoz.edu.krd/?pa_%D8%B3%D8%A7%D9%84=%D9%A2%D9%A0%D9%A1%D9%A2,200,4,text/html,٢٠١٢ Archives - سەنتەرێ زاخۆ بۆ ڤەکۆلینێن کوردی
https://zcks.uoz.edu.krd/?pa_%D8%B3%D8%A7%D9%84=%D9%A2%D9%A0%D9%A1%D9%A7,200,3,text/html,٢٠١٧ Archives - سەنتەرێ زاخۆ بۆ ڤەکۆلینێن کوردی
https://zcks.uoz.edu.krd/?pa_%D8%B3%D8%A7%D9%84=%D9%A2%D9%A0%D9%A1%D9%A8,200,3,text/html,٢٠١٨ Archives - سەنتەرێ زاخۆ بۆ ڤەکۆلینێن کوردی
https://zcks.uoz.edu.krd/?pa_%D8%B3%D8%A7%D9%84=%D9%A2%D9%A0%D9%A1%D9%A8&paged=1,200,5,text/html,٢٠١٨ Archives - سەنتەرێ زاخۆ بۆ ڤەکۆلینێن کوردی
https://zcks.uoz.edu.krd/?pa_%D8%B3%D8%A7%D9%84=%D9%A2%D9%A0%D9%A1%D9%A8&paged=2,200,4,text/html,٢٠١٨ Archives - Page 2 of 2 - سەنتەرێ زاخۆ بۆ ڤەکۆلینێن کوردی
https://zcks.uoz.edu.krd/?pa_%D8%B3%D8%A7%D9%84=%D9%A2%D9%A0%D9%A1%D9%A9,200,3,text/html,٢٠١٩ Archives - سەنتەرێ زاخۆ بۆ ڤەکۆلینێن کوردی
https://zcks.uoz.edu.krd/?pa_%D8%B3%D8%A7%D9%84=%D9%A2%D9%A0%D9%A1%D9%A9&paged=1,200,5,text/html,٢٠١٩ Archives - سەنتەرێ زاخۆ بۆ ڤەکۆلینێن کوردی
https://zcks.uoz.edu.krd/?pa_%D8%B3%D8%A7%D9%84=%D9%A2%D9%A0%D9%A1%D9%A9&paged=2,200,4,text/html,٢٠١٩ Archives - Page 2 of 3 - سەنتەرێ زاخۆ بۆ ڤەکۆلینێن کوردی
https://zcks.uoz.edu.krd/?pa_%D8%B3%D8%A7%D9%84=%D9%A2%D9%A0%D9%A1%D9%A9&paged=3,200,4,text/html,٢٠١٩ Archives - Page 3 of 3 - سەنتەرێ زاخۆ بۆ ڤەکۆلینێن کوردی
https://zcks.uoz.edu.krd/?pa_%D8%B3%D8%A7%D9%84=%D9%A2%D9%A0%D9%A2%D9%A0,200,2,text/html,٢٠٢٠ Archives - سەنتەرێ زاخۆ بۆ ڤەکۆلینێن کوردی
https://zcks.uoz.edu.krd/?pa_%D8%B3%D8%A7%D9%84=%D9%A2%D9%A0%D9%A2%D9%A1,200,3,text/html,٢٠٢١ Archives - سەنتەرێ زاخۆ بۆ ڤەکۆلینێن کوردی
https://zcks.uoz.edu.krd/?pa_%D8%B3%D8%A7%D9%84=%D9%A2%D9%A0%D9%A2%D9%A2,200,3,text/html,٢٠٢٢ Archives - سەنتەرێ زاخۆ بۆ ڤەکۆلینێن کوردی
https://zcks.uoz.edu.krd/?pa_%D8%B3%D8%A7%D9%84=%D9%A2%D9%A0%D9%A2%D9%A2&paged=1,200,5,text/html,٢٠٢٢ Archives - سەنتەرێ زاخۆ بۆ ڤەکۆلینێن کوردی
https://zcks.uoz.edu.krd/?pa_%D8%B3%D8%A7%D9%84=%D9%A2%D9%A0%D9%A2%D9%A2&paged=2,200,4,text/html,٢٠٢٢ Archives - Page 2 of 5 - سەنتەرێ زاخۆ بۆ ڤەکۆلینێن کوردی
https://zcks.uoz.edu.krd/?pa_%D8%B3%D8%A7%D9%84=%D9%A2%D9%A0%D9%A2%D9%A2&paged=3,200,4,text/html,٢٠٢٢ Archives - Page 3 of 5 - سەنتەرێ زاخۆ بۆ ڤەکۆلینێن کوردی
https://zcks.uoz.edu.krd/?pa_%D8%B3%D8%A7%D9%84=%D9%A2%D9%A0%D9%A2%D9%A2&paged=4,200,4,text/html,٢٠٢٢ Archives - Page 4 of 5 - سەنتەرێ زاخۆ بۆ ڤەکۆلینێن کوردی
https://zcks.uoz.edu.krd/?pa_%D8%B3%D8%A7%D9%84=%D9%A2%D9%A0%D9%A2%D9%A2&paged=5,200,4,text/html,٢٠٢٢ Archives - Page 5 of 5 - سەنتەرێ زاخۆ بۆ ڤەکۆلینێن کوردی
https://zcks.uoz.edu.krd/?pa_%D8%B3%D8%A7%D9%84=%D9%A2%D9%A0%D9%A2%D9%A3,200,3,text/html,٢٠٢٣ Archives - سەنتەرێ زاخۆ بۆ ڤەکۆلینێن کوردی
https://zcks.uoz.edu.krd/?pa_%D8%B3%D8%A7%D9%84=%D9%A2%D9%A0%D9%A2%D9%A4,200,3,text/html,٢٠٢٤ Archives - سەنتەرێ زاخۆ بۆ ڤەکۆلینێن کوردی
https://zcks.uoz.edu.krd/?pa_%D8%B3%D8%A7%D9%84=%D9%A2%D9%A0%D9%A2%D9%A4&paged=1,200,5,text/html,٢٠٢٤ Archives - سەنتەرێ زاخۆ بۆ ڤەکۆلینێن کوردی
https://zcks.uoz.edu.krd/?pa_%D8%B3%D8%A7%D9%84=%D9%A2%D9%A0%D9%A2%D9%A4&paged=2,200,4,text/html,٢٠٢٤ Archives - Page 2 of 3 - سەنتەرێ زاخۆ بۆ ڤەکۆلینێن کوردی
https://zcks.uoz.edu.krd/?pa_%D8%B3%D8%A7%D9%84=%D9%A2%D9%A0%D9%A2%D9%A4&paged=3,200,4,text/html,٢٠٢٤ Archives - Page 3 of 3 - سەنتەرێ زاخۆ بۆ ڤەکۆلینێن کوردی
https://zcks.uoz.edu.krd/?pa_%D8%B3%D8%A7%D9%84=%D9%A2%D9%A0%D9%A2%D9%A5,200,2,text/html,٢٠٢٥ Archives - سەنتەرێ زاخۆ بۆ ڤەکۆلینێن کوردی
https://zcks.uoz.edu.krd/?pa_%D8%B3%DB%95%D8%B1%D9%86%DA%A4%DB%8C%D8%B3%DB%95%D8%B1=%D8%AF-%D9%84%D9%88%D9%82%D9%85%D8%A7%D9%86-%D9%85%D8%AD%DB%95%D9%85%DB%95%D8%AF-%D8%B3%D8%A7%D9%84%D8%AD,200,3,text/html,د. لوقمان محەمەد سالح Archives - سەنتەرێ زاخۆ بۆ ڤەکۆلینێن کوردی
https://zcks.uoz.edu.krd/?pa_%D8%B3%DB%95%D8%B1%D9%86%DA%A4%DB%8C%D8%B3%DB%95%D8%B1=%D8%AF-%D9%86%D8%B2%D8%A7%D8%B1-%D8%A3%D9%8A%D9%88%D8%A8-%D8%AD%D8%B3%D9%86,200,2,text/html,د. نزار أيوب حسن Archives - سەنتەرێ زاخۆ بۆ ڤەکۆلینێن کوردی
https://zcks.uoz.edu.krd/?pa_%D8%B3%DB%95%D8%B1%D9%86%DA%A4%DB%8C%D8%B3%DB%95%D8%B1=%D8%AF-%D9%86%D8%B2%D8%A7%D8%B1-%D8%A3%D9%8A%D9%88%D8%A8-%D8%AD%D8%B3%D9%86&paged=1,200,4,text/html,د. نزار أيوب حسن Archives - سەنتەرێ زاخۆ بۆ ڤەکۆلینێن کوردی
https://zcks.uoz.edu.krd/?pa_%D8%B3%DB%95%D8%B1%D9%86%DA%A4%DB%8C%D8%B3%DB%95%D8%B1=%D8%AF-%D9%86%D8%B2%D8%A7%D8%B1-%D8%A3%D9%8A%D9%88%D8%A8-%D8%AD%D8%B3%D9%86&paged=2,200,3,text/html,د. نزار أيوب حسن Archives - Page 2 of 2 - سەنتەرێ زاخۆ بۆ ڤەکۆلینێن کوردی
https://zcks.uoz.edu.krd/?pa_%D8%B3%DB%95%D8%B1%D9%86%DA%A4%DB%8C%D8%B3%DB%95%D8%B1=%D9%85-%D8%AD%D9%88%D8%B3%DB%8E%D9%86-%D8%A6%D9%88%D8%B3%D9%85%D8%A7%D9%86-%D8%A6%DB%95%D8%A8%D8%AF%D9%88%D9%84%D8%B1%DB%95%D8%AD%D9%85%D8%A7%D9%86,200,4,text/html,م. ‌حوسێن ئوسمان ئەبدولرەحمان Archives - سەنتەرێ زاخۆ بۆ ڤەکۆلینێن کوردی
https://zcks.uoz.edu.krd/?pa_%D8%B3%DB%95%D8%B1%D9%86%DA%A4%DB%8C%D8%B3%DB%95%D8%B1=%DA%A9%DB%86%D9%85%DB%95%DA%A9%D8%A7-%DA%A4%DB%95%DA%A9%D9%88%D9%84%DB%95%D8%B1%D8%A7,200,2,text/html,کۆمەکا ڤەکولەرا Archives - سەنتەرێ زاخۆ بۆ ڤەکۆلینێن کوردی
https://zcks.uoz.edu.krd/?pa_%D9%86%DA%A4%DB%8C%D8%B3%DB%95%D8%B1=%D8%A3-%D8%AF-%D8%AE%D8%B6%D9%8A%D8%B1-%D8%B9%D8%A8%D8%A7%D8%B3-%D9%85%D8%AD%D9%85%D8%AF-%D8%A7%D9%84%D9%85%D9%86%D8%B4%D8%AF%D8%A7%D9%88%D9%8A,200,4,text/html,أ.د. خضير عباس محمد المنشداوي Archives - سەنتەرێ زاخۆ بۆ ڤەکۆلینێن کوردی
https://zcks.uoz.edu.krd/?pa_%D9%86%DA%A4%DB%8C%D8%B3%DB%95%D8%B1=%D8%A3-%D8%AF-%D9%81%D8%B1%D9%87%D8%A7%D8%AF-%D8%AD%D8%A7%D8%AC%D9%8A-%D8%B9%D8%A8%D9%88%D8%B4,200,4,text/html,أ.د. فرهاد حاجي عبوش Archives - سەنتەرێ زاخۆ بۆ ڤەکۆلینێن کوردی
https://zcks.uoz.edu.krd/?pa_%D9%86%DA%A4%DB%8C%D8%B3%DB%95%D8%B1=%D8%A3-%D8%AF-%D9%81%D9%88%D8%B2%DB%8C%D8%A9-%D9%8A%D9%88%D9%86%D8%B3-%D9%81%D8%AA%D8%A7%D8%AD,200,4,text/html,أ.د. فوزیة يونس فتاح Archives - سەنتەرێ زاخۆ بۆ ڤەکۆلینێن کوردی
https://zcks.uoz.edu.krd/?pa_%D9%86%DA%A4%DB%8C%D8%B3%DB%95%D8%B1=%D8%A6%D8%A7%D8%BA%D8%A7-%D8%A6%D8%A7%D9%83%D8%B1%DB%95%DB%8C%DB%8C,200,5,text/html,ئاغا ئاكرەیی Archives - سەنتەرێ زاخۆ بۆ ڤەکۆلینێن کوردی
https://zcks.uoz.edu.krd/?pa_%D9%86%DA%A4%DB%8C%D8%B3%DB%95%D8%B1=%D8%A6%D9%87%D9%85%D9%87%D9%84-%D8%AC%D9%86%D8%AF%DB%8C-%D9%81%D9%87%D8%AA%D8%A7%D8%AD,200,3,text/html,ئه‌مه‌ل جندی فه‌تاح Archives - سەنتەرێ زاخۆ بۆ ڤەکۆلینێن کوردی
https://zcks.uoz.edu.krd/?pa_%D9%86%DA%A4%DB%8C%D8%B3%DB%95%D8%B1=%D8%A6%DB%95%D8%AD%D9%85%DB%95%D8%AF-%D8%AD%D8%A7%D8%AC%DB%8C-%DA%AF%DB%95%DA%A4%DB%95%D8%B1%DA%A9%DB%8C,200,5,text/html,ئەحمەد حاجی گەڤەرکی Archives - سەنتەرێ زاخۆ بۆ ڤەکۆلینێن کوردی
https://zcks.uoz.edu.krd/?pa_%D9%86%DA%A4%DB%8C%D8%B3%DB%95%D8%B1=%D8%A6%DB%95%D8%AD%D9%85%DB%95%D8%AF-%D8%B9%DB%95%D8%B1%DB%95%D8%A8-%D8%B3%D9%84%DB%8E%DA%A4%D8%A7%D9%86%DB%95%DB%8C%DB%8C,200,5,text/html,ئەحمەد‌ عەرەب‌ سلێڤانەیی Archives - سەنتەرێ زاخۆ بۆ ڤەکۆلینێن کوردی
https://zcks.uoz.edu.krd/?pa_%D9%86%DA%A4%DB%8C%D8%B3%DB%95%D8%B1=%D8%A8%D8%A7%D8%B2%DB%95%D9%84%DB%8C,200,5,text/html,بازەلی Archives - سەنتەرێ زاخۆ بۆ ڤەکۆلینێن کوردی
https://zcks.uoz.edu.krd/?pa_%D9%86%DA%A4%DB%8C%D8%B3%DB%95%D8%B1=%D8%AA%D9%87%D8%AD%D8%B3%DB%8C%D9%86-%D8%A6%DB%8C%D8%A8%D8%B1%D8%A7%D9%87%DB%8C%D9%85-%D8%AF%DB%86%D8%B3%D9%83%D9%89,200,3,text/html,ته‌حسین ئیبراهیم دۆسكى Archives - سەنتەرێ زاخۆ بۆ ڤەکۆلینێن کوردی
https://zcks.uoz.edu.krd/?pa_%D9%86%DA%A4%DB%8C%D8%B3%DB%95%D8%B1=%D8%AC%D9%88%D9%87%D8%B1-%D8%AC%D9%84%D8%A7%D9%84-%D9%88%D8%B3%DB%86,200,3,text/html,جوهر جلال وسۆ Archives - سەنتەرێ زاخۆ بۆ ڤەکۆلینێن کوردی
https://zcks.uoz.edu.krd/?pa_%D9%86%DA%A4%DB%8C%D8%B3%DB%95%D8%B1=%D8%AD%DB%95%D9%85%DB%8C%D8%AF-%D8%B3%D9%84%DB%8E%DA%A4%D8%A7%D9%86%DB%95%DB%8C,200,5,text/html,حەمید سلێڤانەی Archives - سەنتەرێ زاخۆ بۆ ڤەکۆلینێن کوردی
https://zcks.uoz.edu.krd/?pa_%D9%86%DA%A4%DB%8C%D8%B3%DB%95%D8%B1=%D8%AD%DB%95%D9%8A%D8%AF%DB%95%D8%B1-%D9%85%DB%95%D8%AA%D9%8A%D9%8A%D9%86,200,5,text/html,حەيدەر مەتيين Archives - سەنتەرێ زاخۆ بۆ ڤەکۆلینێن کوردی
https://zcks.uoz.edu.krd/?pa_%D9%86%DA%A4%DB%8C%D8%B3%DB%95%D8%B1=%D8%AF%D8%A7%D8%AF%DA%A4%D8%A7%D9%86-%D8%AD%DA%A9%DB%8C%D9%85-%D8%B9%D8%A8%D8%AF%D8%A7%D9%84%D8%B1%D8%AD%D9%85%D9%86,200,3,text/html,دادڤان حکیم عبدالرحمن Archives - سەنتەرێ زاخۆ بۆ ڤەکۆلینێن کوردی
https://zcks.uoz.edu.krd/?pa_%D9%86%DA%A4%DB%8C%D8%B3%DB%95%D8%B1=%D8%AF-%D8%AD%D8%B3%DB%8C%D9%86-%D8%B9%D8%AB%D9%85%D8%A7%D9%86-%D8%B9%D8%A8%D8%AF%D8%A7%D9%84%D8%B1%D8%AD%D9%85%D9%86,200,4,text/html,د.حسین عثمان عبدالرحمن Archives - سەنتەرێ زاخۆ بۆ ڤەکۆلینێن کوردی
https://zcks.uoz.edu.krd/?pa_%D9%86%DA%A4%DB%8C%D8%B3%DB%95%D8%B1=%D8%AF-%D8%AE%D8%B7%D8%A7%D8%A8-%D8%A5%D8%B3%D9%85%D8%A7%D8%B9%D9%8A%D9%84-%D8%A3%D8%AD%D9%85%D8%AF,200,3,text/html,د. خطاب إسماعيل أحمد Archives - سەنتەرێ زاخۆ بۆ ڤەکۆلینێن کوردی
https://zcks.uoz.edu.krd/?pa_%D9%86%DA%A4%DB%8C%D8%B3%DB%95%D8%B1=%D8%AF-%D8%AF%DB%8C%D8%A7%D8%B1-%D8%B9%D9%87%D8%A8%D8%AF%D9%88%D9%84%D9%83%D9%87%D8%B1%DB%8C%D9%85-%D8%B3%D9%87%D8%B9%DB%8C%D8%AF,200,3,text/html,د. دیار عه‌بدولكه‌ریم سه‌عید Archives - سەنتەرێ زاخۆ بۆ ڤەکۆلینێن کوردی
https://zcks.uoz.edu.krd/?pa_%D9%86%DA%A4%DB%8C%D8%B3%DB%95%D8%B1=%D8%AF-%D8%B3%D8%A7%D9%86%DB%8C%D8%A7-%D8%AC%D9%87%D8%A8%D8%A7%D8%B1-%D8%B9%D9%87%D8%A8%D9%88%D8%B2%D9%87%DB%8C%D8%AF,200,4,text/html,د. سانیا جه‌بار عه‌بوزه‌ید Archives - سەنتەرێ زاخۆ بۆ ڤەکۆلینێن کوردی
https://zcks.uoz.edu.krd/?pa_%D9%86%DA%A4%DB%8C%D8%B3%DB%95%D8%B1=%D8%AF-%D8%B4%D9%8A%D9%85%D8%A7%D8%A1-%D9%85%D8%AD%D9%85%D8%AF-%D8%B8%D8%A7%D9%87%D8%B1-%D8%B9%D8%A8%D8%AF%D8%A7%D9%84%D8%B1%D8%AD%D9%85%D9%86,200,4,text/html,د.شيماء محمد ظاهر عبدالرحمن Archives - سەنتەرێ زاخۆ بۆ ڤەکۆلینێن کوردی
https://zcks.uoz.edu.krd/?pa_%D9%86%DA%A4%DB%8C%D8%B3%DB%95%D8%B1=%D8%AF-%D8%B4%DA%A4%D8%A7%D9%86-%D8%B8%D8%A7%D9%87%D8%B1-%D8%B9%D8%A8%D8%AF%D8%A7%D9%84%D9%84%D9%87,200,5,text/html,د. شڤان ظاهر عبدالله Archives - سەنتەرێ زاخۆ بۆ ڤەکۆلینێن کوردی
https://zcks.uoz.edu.krd/?pa_%D9%86%DA%A4%DB%8C%D8%B3%DB%95%D8%B1=%D8%AF-%D8%B9%D8%A8%D8%AF%D8%A7%D9%84%D9%82%D8%A7%D8%AF%D8%B1-%D9%86%D9%88%D8%B1%D9%89-%D8%B9%D8%A8%D8%AF%D8%A7%D9%84%D9%83%D8%B1%DB%8C%D9%85,200,3,text/html,د. عبدالقادر نورى عبدالكریم Archives - سەنتەرێ زاخۆ بۆ ڤەکۆلینێن کوردی
https://zcks.uoz.edu.krd/?pa_%D9%86%DA%A4%DB%8C%D8%B3%DB%95%D8%B1=%D8%AF-%D8%B9%DB%95%D8%A8%D8%AF%D9%88%D9%84%D8%B3%DB%95%D9%84%D8%A7%D9%85-%D9%86%DB%95%D8%AC%D9%85%DB%95%D8%AF%DB%8C%D9%86-%D8%B9%DB%95%D8%A8%D8%AF%D9%88%DA%B5%DA%B5%D8%A7,200,2,text/html,د. عەبدولسەلام نەجمەدین عەبدوڵڵا Archives - سەنتەرێ زاخۆ بۆ ڤەکۆلینێن کوردی
https://zcks.uoz.edu.krd/?pa_%D9%86%DA%A4%DB%8C%D8%B3%DB%95%D8%B1=%D8%AF-%D8%BA%D8%B3%D8%A7%D9%86-%D9%88%D9%84%D9%8A%D8%AF-%D8%A7%D9%84%D8%AC%D9%88%D8%A7%D8%AF%D9%8A,200,3,text/html,د. غسان وليد الجوادي Archives - سەنتەرێ زاخۆ بۆ ڤەکۆلینێن کوردی
https://zcks.uoz.edu.krd/?pa_%D9%86%DA%A4%DB%8C%D8%B3%DB%95%D8%B1=%D8%AF-%D9%81%D8%B1%D9%87%D8%A7%D8%AF-%D8%AD%D8%A7%D8%AC%D9%8A-%D8%B9%D8%A8%D9%88%D8%B4,200,3,text/html,د. فرهاد حاجي عبوش Archives - سەنتەرێ زاخۆ بۆ ڤەکۆلینێن کوردی
https://zcks.uoz.edu.krd/?pa_%D9%86%DA%A4%DB%8C%D8%B3%DB%95%D8%B1=%D8%AF-%D9%81%D9%88%D8%B2%D9%8A%D8%A9-%D9%8A%D9%88%D9%86%D8%B3-%D9%81%D8%AA%D8%A7%D8%AD,200,3,text/html,د. فوزية يونس فتاح Archives - سەنتەرێ زاخۆ بۆ ڤەکۆلینێن کوردی
https://zcks.uoz.edu.krd/?pa_%D9%86%DA%A4%DB%8C%D8%B3%DB%95%D8%B1=%D8%AF-%D9%83%D8%A7%D9%85%D9%87%D8%B1%D8%A7%D9%86-%D8%A7%D8%A8%D8%B1%D8%A7%D9%87%DB%8C%D9%85-%D8%AE%D9%84%DB%8C%D9%84,200,4,text/html,د. كامه‌ران ابراهیم خلیل Archives - سەنتەرێ زاخۆ بۆ ڤەکۆلینێن کوردی
https://zcks.uoz.edu.krd/?pa_%D9%86%DA%A4%DB%8C%D8%B3%DB%95%D8%B1=%D8%AF-%D9%84%D9%88%D9%84%D8%A7%DA%A4-%D9%85%D8%B5%D8%B7%D9%81%D9%89-%D8%B3%D9%84%DB%8C%D9%85,200,5,text/html,د. لولاڤ مصطفى سلیم Archives - سەنتەرێ زاخۆ بۆ ڤەکۆلینێن کوردی
https://zcks.uoz.edu.krd/?pa_%D9%86%DA%A4%DB%8C%D8%B3%DB%95%D8%B1=%D8%AF-%D9%85%D8%A7%D8%AC%D8%AF-%D9%85%D8%AD%D9%85%D8%AF-%D8%B2%D8%A7%D8%AE%DB%86%DB%8C,200,5,text/html,د. ماجد محمد زاخۆی Archives - سەنتەرێ زاخۆ بۆ ڤەکۆلینێن کوردی
https://zcks.uoz.edu.krd/?pa_%D9%86%DA%A4%DB%8C%D8%B3%DB%95%D8%B1=%D8%AF-%D9%85%DB%8E%D9%87%DA%A4%D8%A7%D9%86-%D9%85%D8%AD%D9%85%D8%AF-%D8%AD%D8%B3%DB%8C%D9%86,200,5,text/html,د. مێهڤان محمد حسین Archives - سەنتەرێ زاخۆ بۆ ڤەکۆلینێن کوردی
https://zcks.uoz.edu.krd/?pa_%D9%86%DA%A4%DB%8C%D8%B3%DB%95%D8%B1=%D8%AF-%D9%86%D8%B2%D8%A7%D8%B1-%D8%A3%D9%8A%D9%88%D8%A8-%D8%AD%D8%B3%D9%86,200,3,text/html,د. نزار أيوب حسن Archives - سەنتەرێ زاخۆ بۆ ڤەکۆلینێن کوردی
https://zcks.uoz.edu.krd/?pa_%D9%86%DA%A4%DB%8C%D8%B3%DB%95%D8%B1=%D8%AF-%D9%86%DB%95%D9%88%D8%B2%D8%A7%D8%AF-%D8%A6%DB%95%D8%AD%D9%85%DB%95%D8%AF-%D8%B9%D9%88%D8%B3%D9%85%D8%A7%D9%86-%D8%B2%DB%8E%D8%A8%D8%A7%D8%B1%DB%8C,200,4,text/html,د.نەوزاد ئەحمەد عوسمان زێباری Archives - سەنتەرێ زاخۆ بۆ ڤەکۆلینێن کوردی
https://zcks.uoz.edu.krd/?pa_%D9%86%DA%A4%DB%8C%D8%B3%DB%95%D8%B1=%D8%AF-%DA%98%DB%8C%D8%B1%D9%88%D8%A7%D9%86-%D8%B3%D9%87%D8%B9%DB%8C%D8%AF-%D8%AD%D8%A7%D8%AC%D9%89,200,4,text/html,د. ژیروان سه‌عید حاجى Archives - سەنتەرێ زاخۆ بۆ ڤەکۆلینێن کوردی
https://zcks.uoz.edu.krd/?pa_%D9%86%DA%A4%DB%8C%D8%B3%DB%95%D8%B1=%D8%AF-%DB%8C%D8%A7%D8%B4%D8%A7%D8%B1-%DA%A9%D8%A7%D9%BE%D9%84%D8%A7%D9%86,200,3,text/html,د. یاشار کاپلان Archives - سەنتەرێ زاخۆ بۆ ڤەکۆلینێن کوردی
https://zcks.uoz.edu.krd/?pa_%D9%86%DA%A4%DB%8C%D8%B3%DB%95%D8%B1=%D8%B1%DB%8E%DA%98%DB%8C%D9%86-%D8%AC%DB%95%D9%85%DB%8C%D9%84-%D8%AE%DB%95%D9%84%DB%8C%D9%84,200,4,text/html,رێژین جەمیل خەلیل Archives - سەنتەرێ زاخۆ بۆ ڤەکۆلینێن کوردی
https://zcks.uoz.edu.krd/?pa_%D9%86%DA%A4%DB%8C%D8%B3%DB%95%D8%B1=%D8%B2%D9%8A%D9%86%D9%87-%D8%B7%D9%87-%D8%AC%D9%85%D9%8A%D9%84,200,4,text/html,زينه طه جميل Archives - سەنتەرێ زاخۆ بۆ ڤەکۆلینێن کوردی
https://zcks.uoz.edu.krd/?pa_%D9%86%DA%A4%DB%8C%D8%B3%DB%95%D8%B1=%D8%B2%DA%A9%D8%B1%DB%8C-%D9%86%DB%8E%D8%B1%D9%88%DB%95%DB%8C,200,5,text/html,زکری نێروەی Archives - سەنتەرێ زاخۆ بۆ ڤەکۆلینێن کوردی
https://zcks.uoz.edu.krd/?pa_%D9%86%DA%A4%DB%8C%D8%B3%DB%95%D8%B1=%D8%B3%D8%A8%D8%BA%DB%95%D8%AA%D9%88%DA%B5%D9%84%D8%A7-%D9%85%D8%B2%D9%88%DB%8C%D8%B1%DB%8C,200,5,text/html,سبغەتوڵلا مزویری Archives - سەنتەرێ زاخۆ بۆ ڤەکۆلینێن کوردی
https://zcks.uoz.edu.krd/?pa_%D9%86%DA%A4%DB%8C%D8%B3%DB%95%D8%B1=%D8%B3%D9%84%DB%8E%D9%85%D8%A7%D9%86-%D8%A6%DB%8C%D8%B3%D9%85%D8%A7%D8%B9%DB%8C%D9%84-%DA%95%DB%95%D8%AC%DB%95%D8%A8,200,4,text/html,سلێمان ئیسماعیل ڕەجەب Archives - سەنتەرێ زاخۆ بۆ ڤەکۆلینێن کوردی
https://zcks.uoz.edu.krd/?pa_%D9%86%DA%A4%DB%8C%D8%B3%DB%95%D8%B1=%D8%B3%D9%84%DB%8E%D9%85%D8%A7%D9%86-%D8%AF%DB%86%D8%B3%D9%83%DB%8C,200,5,text/html,سلێمان دۆسكی Archives - سەنتەرێ زاخۆ بۆ ڤەکۆلینێن کوردی
https://zcks.uoz.edu.krd/?pa_%D9%86%DA%A4%DB%8C%D8%B3%DB%95%D8%B1=%D8%B3%D9%85%D9%8A%D8%B1%D8%A9-%D8%AD%D8%B3%D9%8A%D9%86-%D8%A8%D8%A7%D9%BE%D9%8A%D8%B1,200,4,text/html,سميرة حسين باپير Archives - سەنتەرێ زاخۆ بۆ ڤەکۆلینێن کوردی
https://zcks.uoz.edu.krd/?pa_%D9%86%DA%A4%DB%8C%D8%B3%DB%95%D8%B1=%D8%B3%D9%87%DB%8C%D8%AF-%D9%81%DB%95%DB%8C%D8%B2%D9%88%DA%B5%DA%B5%D8%A7-%D8%B4%DB%8E%D8%AE-%D9%81%D9%86%D8%AF%DA%A9%DB%8C,200,4,text/html,سهید فەیزوڵڵا شێخ فندکی Archives - سەنتەرێ زاخۆ بۆ ڤەکۆلینێن کوردی
https://zcks.uoz.edu.krd/?pa_%D9%86%DA%A4%DB%8C%D8%B3%DB%95%D8%B1=%D8%B3%D9%8A%D8%AF-%D8%AD%D8%B3%D9%86-%D8%B3%D9%8A%D8%AF-%D9%8A%D9%88%D8%B3%D9%81-%D8%B4%D9%8A%D9%84%D8%A7%D9%86%D9%89,200,4,text/html,سيد حسن سيد يوسف شيلانى Archives - سەنتەرێ زاخۆ بۆ ڤەکۆلینێن کوردی
https://zcks.uoz.edu.krd/?pa_%D9%86%DA%A4%DB%8C%D8%B3%DB%95%D8%B1=%D8%B3%DB%95%D8%AF%D8%B1%D9%88%D8%AF%DB%8C%D9%86-%DA%A9%D8%A7%D8%AF%D8%A7%D9%86%DB%8C,200,5,text/html,سەدرودین کادانی Archives - سەنتەرێ زاخۆ بۆ ڤەکۆلینێن کوردی
https://zcks.uoz.edu.krd/?pa_%D9%86%DA%A4%DB%8C%D8%B3%DB%95%D8%B1=%D8%B3%DB%95%D8%B9%D8%AF%D9%88%D9%84%DA%B5%D8%A7-%D8%A8%D8%A7%D9%85%DB%95%DA%95%D9%86%DB%8C,200,5,text/html,سەعدولڵا بامەڕنی Archives - سەنتەرێ زاخۆ بۆ ڤەکۆلینێن کوردی
https://zcks.uoz.edu.krd/?pa_%D9%86%DA%A4%DB%8C%D8%B3%DB%95%D8%B1=%D8%B3%DB%95%D9%84%D9%85%D8%A7%D9%86-%D9%85%D9%88%D8%AD%DB%95%D9%85%D9%85%DB%95%D8%AF-%D8%B3%DB%95%D9%84%DB%8C%D9%85-%DA%A9%DB%86%DA%A4%D9%84%DB%8C_%D8%AF%DB%86%D8%B3%DA%A9%DB%8C,200,4,text/html,سەلمان موحەممەد سەلیم کۆڤلی_دۆسکی Archives - سەنتەرێ زاخۆ بۆ ڤەکۆلینێن کوردی
https://zcks.uoz.edu.krd/?pa_%D9%86%DA%A4%DB%8C%D8%B3%DB%95%D8%B1=%D8%B3%DB%95%DB%8C%D8%AF-%D8%B9%DB%95%D9%84%DB%8C%DB%8E-%DA%86%DB%95%D9%85%D8%B3%DB%95%DB%8C%D8%AF%DB%8C,200,5,text/html,سەید عەلیێ چەمسەیدی Archives - سەنتەرێ زاخۆ بۆ ڤەکۆلینێن کوردی
https://zcks.uoz.edu.krd/?pa_%D9%86%DA%A4%DB%8C%D8%B3%DB%95%D8%B1=%D8%B4%D9%85%D8%B3-%D8%A7%D9%84%D8%AF%D9%8A%D9%86-%D8%A7%D8%A8%D9%86-%D8%A7%D9%84%D8%B3%D9%86%D8%AC%D8%A7%D8%B1%D9%8A-2,200,4,text/html,شمس الدين ابن ‌السنجاري Archives - سەنتەرێ زاخۆ بۆ ڤەکۆلینێن کوردی
https://zcks.uoz.edu.krd/?pa_%D9%86%DA%A4%DB%8C%D8%B3%DB%95%D8%B1=%D8%B4%D9%8A%D8%AE%D9%85%D9%88%D8%B3-%D8%AD%D8%B3%D9%86%D8%AC%DB%95%DA%AF%DB%95%D8%B1%D8%AE%D9%88%DB%8C%D9%86,200,4,text/html,شيخموس حسن(جەگەرخوین) Archives - سەنتەرێ زاخۆ بۆ ڤەکۆلینێن کوردی
https://zcks.uoz.edu.krd/?pa_%D9%86%DA%A4%DB%8C%D8%B3%DB%95%D8%B1=%D8%B4%DB%8E%D8%AE-%D8%AA%D8%A7%D9%87%D8%B1-%D8%B4%D9%88%D9%88%D8%B4%DB%8C,200,5,text/html,شێخ تاهر شووشی Archives - سەنتەرێ زاخۆ بۆ ڤەکۆلینێن کوردی
https://zcks.uoz.edu.krd/?pa_%D9%86%DA%A4%DB%8C%D8%B3%DB%95%D8%B1=%D8%B5%D8%A8%D9%8A%D8%AD%D8%A9-%D8%A5%D8%A8%D8%B1%D8%A7%D9%87%D9%8A%D9%85-%D8%B5%D8%A7%D9%84%D8%AD,200,4,text/html,صبيحة إبراهيم صالح Archives - سەنتەرێ زاخۆ بۆ ڤەکۆلینێن کوردی
https://zcks.uoz.edu.krd/?pa_%D9%86%DA%A4%DB%8C%D8%B3%DB%95%D8%B1=%D8%B9%DB%8C%D8%B3%D8%A7-%D8%B2%DB%8E%D8%A8%D8%A7%D8%B1%DB%8C,200,5,text/html,عیسا زێباری Archives - سەنتەرێ زاخۆ بۆ ڤەکۆلینێن کوردی
https://zcks.uoz.edu.krd/?pa_%D9%86%DA%A4%DB%8C%D8%B3%DB%95%D8%B1=%D8%B9%DB%95%D9%84%DB%8C-%DA%A9%DB%95%D8%B4%D8%A7%D9%86%DB%8C,200,5,text/html,عەلی کەشانی Archives - سەنتەرێ زاخۆ بۆ ڤەکۆلینێن کوردی
https://zcks.uoz.edu.krd/?pa_%D9%86%DA%A4%DB%8C%D8%B3%DB%95%D8%B1=%D9%81%DB%95%D8%AE%D8%B1%DB%95%D8%AF%DB%8C%D9%86-%D8%AF%DB%86%D8%B3%DA%A9%DB%8C,200,5,text/html,فەخرەدین دۆسکی Archives - سەنتەرێ زاخۆ بۆ ڤەکۆلینێن کوردی
https://zcks.uoz.edu.krd/?pa_%D9%86%DA%A4%DB%8C%D8%B3%DB%95%D8%B1=%D9%84%D9%88%D8%B1%D9%86%D8%B3-%D9%86%D8%A7%D8%AF%D8%B1-%D9%85%D8%AE%D9%88,200,4,text/html,لورنس نادر مخو Archives - سەنتەرێ زاخۆ بۆ ڤەکۆلینێن کوردی
https://zcks.uoz.edu.krd/?pa_%D9%86%DA%A4%DB%8C%D8%B3%DB%95%D8%B1=%D9%85%D8%AD%D9%85%D8%AF-%D8%A3%D9%85%DB%8C%D9%86-%D8%AF%D9%88%D8%B3%DA%A9%D9%8A,200,4,text/html,محمد أمین دوسکي Archives - سەنتەرێ زاخۆ بۆ ڤەکۆلینێن کوردی
https://zcks.uoz.edu.krd/?pa_%D9%86%DA%A4%DB%8C%D8%B3%DB%95%D8%B1=%D9%85%D8%AD%D9%85%D8%AF-%D8%B3%D9%84%DB%8C%D9%85-%D8%B3%D9%88%D8%A7%D8%B1%DB%8C,200,4,text/html,محمد سلیم سواری Archives - سەنتەرێ زاخۆ بۆ ڤەکۆلینێن کوردی
https://zcks.uoz.edu.krd/?pa_%D9%86%DA%A4%DB%8C%D8%B3%DB%95%D8%B1=%D9%85%D8%AD%D9%85%D8%AF-%D8%B3%DB%95%D8%B9%D9%8A%D8%AF-%D8%AF%D9%87%DB%86%DA%A9%DB%8C,200,5,text/html,محمد سەعيد دهۆکی Archives - سەنتەرێ زاخۆ بۆ ڤەکۆلینێن کوردی
https://zcks.uoz.edu.krd/?pa_%D9%86%DA%A4%DB%8C%D8%B3%DB%95%D8%B1=%D9%85%D8%AD%D9%85%D8%AF-%D8%B9%D8%A8%D8%A7%D8%B3-%D8%AD%D9%85%DB%8C%D8%AF,200,4,text/html,محمد عباس حمید Archives - سەنتەرێ زاخۆ بۆ ڤەکۆلینێن کوردی
https://zcks.uoz.edu.krd/?pa_%D9%86%DA%A4%DB%8C%D8%B3%DB%95%D8%B1=%D9%85%D8%AD%D9%85%D8%AF-%D9%85%DB%95%D9%84%D8%A7-%D8%AE%DB%95%D9%84%DB%8C%D9%84-%D9%85%D8%B4%DB%95%D8%AE%D8%AA%DB%8C,200,4,text/html,محمد مەلا خەلیل مشەختی Archives - سەنتەرێ زاخۆ بۆ ڤەکۆلینێن کوردی
https://zcks.uoz.edu.krd/?pa_%D9%86%DA%A4%DB%8C%D8%B3%DB%95%D8%B1=%D9%85%D8%AD%D9%85%D9%88%D8%AF-%D8%B4%D9%8A%D8%AE-%D8%B3%D9%8A%D9%86-%D8%AD%D8%B3%D9%88,200,4,text/html,محمود شيخ سين حسو Archives - سەنتەرێ زاخۆ بۆ ڤەکۆلینێن کوردی
https://zcks.uoz.edu.krd/?pa_%D9%86%DA%A4%DB%8C%D8%B3%DB%95%D8%B1=%D9%85%D8%AD%DB%95%D9%85%DB%95%D8%AF-%D8%A7%D9%85%DB%8C%D9%86-%D8%B2%DB%8E%D8%A8%D8%A7%D8%B1%DB%8C,200,5,text/html,محەمەد امین زێباری Archives - سەنتەرێ زاخۆ بۆ ڤەکۆلینێن کوردی
https://zcks.uoz.edu.krd/?pa_%D9%86%DA%A4%DB%8C%D8%B3%DB%95%D8%B1=%D9%85%D9%88%D9%86%D8%A7-%D8%B4%DB%95%D8%B9%D8%A8%D8%A7%D9%86-%D9%86%DB%95%D8%AC%DB%8C%D8%A8,200,4,text/html,مونا شەعبان نەجیب Archives - سەنتەرێ زاخۆ بۆ ڤەکۆلینێن کوردی
https://zcks.uoz.edu.krd/?pa_%D9%86%DA%A4%DB%8C%D8%B3%DB%95%D8%B1=%D9%85%DB%95%D8%AD%D9%85%D9%88%D8%AF-%D8%AF%DB%8E%D8%B1%D8%B4%DB%95%D9%88%DB%8C,200,5,text/html,مەحمود دێرشەوی Archives - سەنتەرێ زاخۆ بۆ ڤەکۆلینێن کوردی
https://zcks.uoz.edu.krd/?pa_%D9%86%DA%A4%DB%8C%D8%B3%DB%95%D8%B1=%D9%85%DB%95%D8%AD%D9%85%D9%88%D8%AF-%D9%87%D8%A7%D9%84%DB%86,200,5,text/html,مەحمود هالۆ Archives - سەنتەرێ زاخۆ بۆ ڤەکۆلینێن کوردی
https://zcks.uoz.edu.krd/?pa_%D9%86%DA%A4%DB%8C%D8%B3%DB%95%D8%B1=%D9%85%DB%95%D8%AD%D9%85%D9%88%D9%88%D8%AF-%D8%B2%DB%8C%D8%A7%D8%A6%DB%95%D8%AF%DB%8C%D9%86,200,4,text/html,مەحموود زیائەدین Archives - سەنتەرێ زاخۆ بۆ ڤەکۆلینێن کوردی
https://zcks.uoz.edu.krd/?pa_%D9%86%DA%A4%DB%8C%D8%B3%DB%95%D8%B1=%D9%85%DB%95%D9%84%D8%A7-%D8%B3%D9%84%DB%8E%D9%85%D8%A7%D9%86-%D8%AF%DB%86%D8%B3%DA%A9%DB%8C,200,4,text/html,مەلا سلێمان دۆسکی Archives - سەنتەرێ زاخۆ بۆ ڤەکۆلینێن کوردی
https://zcks.uoz.edu.krd/?pa_%D9%86%DA%A4%DB%8C%D8%B3%DB%95%D8%B1=%D9%85%DB%95%D9%84%D8%A7-%D8%B9%DB%95%D8%A8%D8%AF%D8%A7%D9%84%D8%B1%D8%AD%D9%85%D9%86-%D8%AE%DB%95%D9%86%D8%AF%DB%95%DA%A9%D9%89,200,5,text/html,مەلا عەبدالرحمن خەندەکى Archives - سەنتەرێ زاخۆ بۆ ڤەکۆلینێن کوردی
https://zcks.uoz.edu.krd/?pa_%D9%86%DA%A4%DB%8C%D8%B3%DB%95%D8%B1=%D9%85%DB%95%D9%84%D8%A7-%D8%B9%DB%95%D9%84%DB%8C-%D8%A8%D9%88%D8%AA%D8%A7%D9%86%DB%8C,200,4,text/html,مەلا عەلی بوتانی Archives - سەنتەرێ زاخۆ بۆ ڤەکۆلینێن کوردی
https://zcks.uoz.edu.krd/?pa_%D9%86%DA%A4%DB%8C%D8%B3%DB%95%D8%B1=%D9%85%DB%95%D9%84%D8%A7-%D8%B9%DB%95%D9%84%DB%8C-%D8%A8%DB%95%D9%86%DB%8E%D9%86%D8%A7%D9%86%DB%8C,200,5,text/html,مەلا عەلی بەنێنانی Archives - سەنتەرێ زاخۆ بۆ ڤەکۆلینێن کوردی
https://zcks.uoz.edu.krd/?pa_%D9%86%DA%A4%DB%8C%D8%B3%DB%95%D8%B1=%D9%85%DB%95%D9%84%D8%A7-%D9%86%DB%86%DA%95%DB%95%D8%AF%DB%8C%D9%86-%D8%B3%D9%86%D8%AF%DB%8C,200,4,text/html,مەلا نۆڕەدین سندی Archives - سەنتەرێ زاخۆ بۆ ڤەکۆلینێن کوردی
https://zcks.uoz.edu.krd/?pa_%D9%86%DA%A4%DB%8C%D8%B3%DB%95%D8%B1=%D9%85%DB%95%D9%84%D8%A7-%DB%8C%D9%88%D8%B3%D9%81-%D8%B2%DA%A4%D9%86%DA%AF%DB%8C,200,4,text/html,مەلا یوسف زڤنگی Archives - سەنتەرێ زاخۆ بۆ ڤەکۆلینێن کوردی
https://zcks.uoz.edu.krd/?pa_%D9%86%DA%A4%DB%8C%D8%B3%DB%95%D8%B1=%D9%85%DB%95%D9%87%D9%85%DB%95%D8%AA-%D8%AA%D8%A7%DB%8C%D9%81%D9%88%D9%86,200,5,text/html,مەهمەت تایفون Archives - سەنتەرێ زاخۆ بۆ ڤەکۆلینێن کوردی
https://zcks.uoz.edu.krd/?pa_%D9%86%DA%A4%DB%8C%D8%B3%DB%95%D8%B1=%D9%86%D8%A7%DB%8C%D9%81-%D9%85%D9%88%D9%88%D8%B3%D8%A7-%D8%B9%D9%88%D9%85%DB%95%D8%B1-%D8%A8%D9%88%D8%B3%DB%95%DA%B5%DB%8C-%D8%B3%D9%86%D8%AF%DB%8C,200,4,text/html,نایف مووسا عومەر بوسەڵی سندی Archives - سەنتەرێ زاخۆ بۆ ڤەکۆلینێن کوردی
https://zcks.uoz.edu.krd/?pa_%D9%86%DA%A4%DB%8C%D8%B3%DB%95%D8%B1=%D9%86%D9%88%D8%B1%DB%95%D8%AF%DB%8C%D9%86-%D8%B3%D9%86%D8%AF%DB%8C,200,5,text/html,نورەدین سندی Archives - سەنتەرێ زاخۆ بۆ ڤەکۆلینێن کوردی
https://zcks.uoz.edu.krd/?pa_%D9%86%DA%A4%DB%8C%D8%B3%DB%95%D8%B1=%D9%87%D8%A7%DA%A4%DB%8C%D9%86-%D8%B3%D9%87%D8%B9%DB%8C%D8%AF-%D8%AE%DA%86%D8%B1,200,3,text/html,هاڤین سه‌عید خچر Archives - سەنتەرێ زاخۆ بۆ ڤەکۆلینێن کوردی
https://zcks.uoz.edu.krd/?pa_%D9%86%DA%A4%DB%8C%D8%B3%DB%95%D8%B1=%D9%87%D8%A7%DA%A4%DB%8C%D9%86-%D8%B3%DB%8C%D8%A7%D8%A8%D9%87%D9%86%D8%AF-%D8%B9%D9%87%D8%A8%D8%A7%D8%B3,200,4,text/html,هاڤین سیابه‌ند عه‌باس Archives - سەنتەرێ زاخۆ بۆ ڤەکۆلینێن کوردی
https://zcks.uoz.edu.krd/?pa_%D9%86%DA%A4%DB%8C%D8%B3%DB%95%D8%B1=%D9%87%D9%88%DA%98%DB%8C%D9%86-%D9%85%D8%B3%D8%B9%D9%88%D8%AF-%D8%B3%D9%87%D8%B1%D9%86%DB%8C,200,3,text/html,هوژین مسعود سه‌رنی Archives - سەنتەرێ زاخۆ بۆ ڤەکۆلینێن کوردی
https://zcks.uoz.edu.krd/?pa_%D9%86%DA%A4%DB%8C%D8%B3%DB%95%D8%B1=%D9%87%DB%86%D8%B2%D8%A7%D9%86%DA%A4%D8%A7%D9%86,200,5,text/html,هۆزانڤان Archives - سەنتەرێ زاخۆ بۆ ڤەکۆلینێن کوردی
https://zcks.uoz.edu.krd/?pa_%D9%86%DA%A4%DB%8C%D8%B3%DB%95%D8%B1=%D9%88%D8%A7%D8%B1%D9%87%DB%8E%D9%84-%D8%B9%D9%85%D8%B1-%D8%A7%D8%B3%D9%85%D8%A7%D8%B9%DB%8C%D9%84,200,4,text/html,وارهێل عمر اسماعیل Archives - سەنتەرێ زاخۆ بۆ ڤەکۆلینێن کوردی
https://zcks.uoz.edu.krd/?pa_%D9%86%DA%A4%DB%8C%D8%B3%DB%95%D8%B1=%D9%BE-%D8%AF-%D9%81%DB%95%D8%B1%D8%B3%DB%95%D8%AA-%D9%85%DB%95%D8%B1%D8%B9%DB%8C,200,3,text/html,پ.د.فەرسەت مەرعی Archives - سەنتەرێ زاخۆ بۆ ڤەکۆلینێن کوردی
https://zcks.uoz.edu.krd/?pa_%D9%86%DA%A4%DB%8C%D8%B3%DB%95%D8%B1=%D9%BE-%D8%AF-%D9%87%D9%88%DA%AF%D8%B1-%D8%B7%D8%A7%D9%87%D8%B1-%D8%AA%D9%88%D9%81%D9%8A%D9%82,200,3,text/html,پ.د. هوگر طاهر توفيق Archives - سەنتەرێ زاخۆ بۆ ڤەکۆلینێن کوردی
https://zcks.uoz.edu.krd/?pa_%D9%86%DA%A4%DB%8C%D8%B3%DB%95%D8%B1=%DA%86%DB%8C%D9%85%DB%95%D9%86-%D9%86%DB%8C%D8%B2%D8%A7%D9%85%DB%95%D8%AF%DB%8C%D9%86,200,4,text/html,چیمەن نیزامەدین Archives - سەنتەرێ زاخۆ بۆ ڤەکۆلینێن کوردی
https://zcks.uoz.edu.krd/?pa_%D9%86%DA%A4%DB%8C%D8%B3%DB%95%D8%B1=%DA%A9%D8%A7%D8%B1%D9%88%D8%A7%D9%86-%D8%B5%D8%A7%D9%84%D8%AD-%D9%88%DB%95%DB%8C%D8%B3%DB%8C,200,4,text/html,کاروان صالح وەیسی Archives - سەنتەرێ زاخۆ بۆ ڤەکۆلینێن کوردی
https://zcks.uoz.edu.krd/?pa_%D9%86%DA%A4%DB%8C%D8%B3%DB%95%D8%B1=%DA%A9%DB%86%D9%86%D9%81%D8%B1%D8%A7%D9%86%D8%B3,200,3,text/html,کۆنفرانس Archives - سەنتەرێ زاخۆ بۆ ڤەکۆلینێن کوردی
https://zcks.uoz.edu.krd/?pa_%DA%86%D8%A7%D9%BE=%D8%A6%DB%8C%DA%A9%DB%8E,200,2,text/html,ئیکێ Archives - سەنتەرێ زاخۆ بۆ ڤەکۆلینێن کوردی
https://zcks.uoz.edu.krd/?pa_%DA%86%D8%A7%D9%BE=%D8%A6%DB%8C%DA%A9%DB%8E&paged=1,200,4,text/html,ئیکێ Archives - سەنتەرێ زاخۆ بۆ ڤەکۆلینێن کوردی
https://zcks.uoz.edu.krd/?pa_%DA%86%D8%A7%D9%BE=%D8%A6%DB%8C%DA%A9%DB%8E&paged=10,200,4,text/html,ئیکێ Archives - Page 10 of 13 - سەنتەرێ زاخۆ بۆ ڤەکۆلینێن کوردی
https://zcks.uoz.edu.krd/?pa_%DA%86%D8%A7%D9%BE=%D8%A6%DB%8C%DA%A9%DB%8E&paged=11,200,3,text/html,ئیکێ Archives - Page 11 of 13 - سەنتەرێ زاخۆ بۆ ڤەکۆلینێن کوردی
https://zcks.uoz.edu.krd/?pa_%DA%86%D8%A7%D9%BE=%D8%A6%DB%8C%DA%A9%DB%8E&paged=12,200,3,text/html,ئیکێ Archives - Page 12 of 13 - سەنتەرێ زاخۆ بۆ ڤەکۆلینێن کوردی
https://zcks.uoz.edu.krd/?pa_%DA%86%D8%A7%D9%BE=%D8%A6%DB%8C%DA%A9%DB%8E&paged=13,200,3,text/html,ئیکێ Archives - Page 13 of 13 - سەنتەرێ زاخۆ بۆ ڤەکۆلینێن کوردی
https://zcks.uoz.edu.krd/?pa_%DA%86%D8%A7%D9%BE=%D8%A6%DB%8C%DA%A9%DB%8E&paged=2,200,3,text/html,ئیکێ Archives - Page 2 of 13 - سەنتەرێ زاخۆ بۆ ڤەکۆلینێن کوردی
https://zcks.uoz.edu.krd/?pa_%DA%86%D8%A7%D9%BE=%D8%A6%DB%8C%DA%A9%DB%8E&paged=3,200,3,text/html,ئیکێ Archives - Page 3 of 13 - سەنتەرێ زاخۆ بۆ ڤەکۆلینێن کوردی
https://zcks.uoz.edu.krd/?pa_%DA%86%D8%A7%D9%BE=%D8%A6%DB%8C%DA%A9%DB%8E&paged=4,200,3,text/html,ئیکێ Archives - Page 4 of 13 - سەنتەرێ زاخۆ بۆ ڤەکۆلینێن کوردی
https://zcks.uoz.edu.krd/?pa_%DA%86%D8%A7%D9%BE=%D8%A6%DB%8C%DA%A9%DB%8E&paged=5,200,4,text/html,ئیکێ Archives - Page 5 of 13 - سەنتەرێ زاخۆ بۆ ڤەکۆلینێن کوردی
https://zcks.uoz.edu.krd/?pa_%DA%86%D8%A7%D9%BE=%D8%A6%DB%8C%DA%A9%DB%8E&paged=6,200,4,text/html,ئیکێ Archives - Page 6 of 13 - سەنتەرێ زاخۆ بۆ ڤەکۆلینێن کوردی
https://zcks.uoz.edu.krd/?pa_%DA%86%D8%A7%D9%BE=%D8%A6%DB%8C%DA%A9%DB%8E&paged=7,200,4,text/html,ئیکێ Archives - Page 7 of 13 - سەنتەرێ زاخۆ بۆ ڤەکۆلینێن کوردی
https://zcks.uoz.edu.krd/?pa_%DA%86%D8%A7%D9%BE=%D8%A6%DB%8C%DA%A9%DB%8E&paged=8,200,4,text/html,ئیکێ Archives - Page 8 of 13 - سەنتەرێ زاخۆ بۆ ڤەکۆلینێن کوردی
https://zcks.uoz.edu.krd/?pa_%DA%86%D8%A7%D9%BE=%D8%A6%DB%8C%DA%A9%DB%8E&paged=9,200,4,text/html,ئیکێ Archives - Page 9 of 13 - سەنتەرێ زاخۆ بۆ ڤەکۆلینێن کوردی
https://zcks.uoz.edu.krd/?pa_%DA%A4%DB%95%DA%AF%D9%88%D9%87%D8%A7%D8%B3%D8%AA%D9%86=%D8%B4%DA%A4%D8%A7%D9%86-%D9%82%D8%A7%D8%B3%D9%85-%D8%AD%DB%95%D8%B3%DB%95%D9%86-%D9%86%DB%8E%D8%B1%D9%88%DB%95%DB%8C%DB%8C,200,5,text/html,شڤان قاسم حەسەن نێروەیی Archives - سەنتەرێ زاخۆ بۆ ڤەکۆلینێن کوردی
https://zcks.uoz.edu.krd/?pa_%DA%A4%DB%95%DA%AF%D9%88%D9%87%D8%A7%D8%B3%D8%AA%D9%86=%D9%85%DB%95%D8%AD%D9%85%D9%88%D9%88%D8%AF-%D8%A6%D9%88%D8%B3%D9%85%D8%A7%D9%86-%D9%87%D8%A7%D9%84%DB%86,200,4,text/html,مەحموود ئوسمان هالۆ Archives - سەنتەرێ زاخۆ بۆ ڤەکۆلینێن کوردی
https://zcks.uoz.edu.krd/?pa_%DA%AF%D8%B1%D8%A7%D9%81%DB%8C%D9%83-%D8%AF%DB%8C%D8%B2%D8%A7%DB%8C%D9%86=%D8%AC%DB%95%DA%AF%DB%95%D8%B1%D8%AE%D9%88%DB%8C%D9%86-%D8%AC%DB%95%D9%85%DB%8C%D9%84-%D8%A6%DB%95%D9%85%DB%8C%D9%86,200,2,text/html,جەگەرخوین جەمیل ئەمین Archives - سەنتەرێ زاخۆ بۆ ڤەکۆلینێن کوردی
https://zcks.uoz.edu.krd/?pa_%DA%AF%D8%B1%D8%A7%D9%81%DB%8C%D9%83-%D8%AF%DB%8C%D8%B2%D8%A7%DB%8C%D9%86=%D8%AC%DB%95%DA%AF%DB%95%D8%B1%D8%AE%D9%88%DB%8C%D9%86-%D8%AC%DB%95%D9%85%DB%8C%D9%84-%D8%A6%DB%95%D9%85%DB%8C%D9%86&paged=1,200,4,text/html,جەگەرخوین جەمیل ئەمین Archives - سەنتەرێ زاخۆ بۆ ڤەکۆلینێن کوردی
https://zcks.uoz.edu.krd/?pa_%DA%AF%D8%B1%D8%A7%D9%81%DB%8C%D9%83-%D8%AF%DB%8C%D8%B2%D8%A7%DB%8C%D9%86=%D8%AC%DB%95%DA%AF%DB%95%D8%B1%D8%AE%D9%88%DB%8C%D9%86-%D8%AC%DB%95%D9%85%DB%8C%D9%84-%D8%A6%DB%95%D9%85%DB%8C%D9%86&paged=2,200,3,text/html,جەگەرخوین جەمیل ئەمین Archives - Page 2 of 6 - سەنتەرێ زاخۆ بۆ ڤەکۆلینێن کوردی
https://zcks.uoz.edu.krd/?pa_%DA%AF%D8%B1%D8%A7%D9%81%DB%8C%D9%83-%D8%AF%DB%8C%D8%B2%D8%A7%DB%8C%D9%86=%D8%AC%DB%95%DA%AF%DB%95%D8%B1%D8%AE%D9%88%DB%8C%D9%86-%D8%AC%DB%95%D9%85%DB%8C%D9%84-%D8%A6%DB%95%D9%85%DB%8C%D9%86&paged=3,200,3,text/html,جەگەرخوین جەمیل ئەمین Archives - Page 3 of 6 - سەنتەرێ زاخۆ بۆ ڤەکۆلینێن کوردی
https://zcks.uoz.edu.krd/?pa_%DA%AF%D8%B1%D8%A7%D9%81%DB%8C%D9%83-%D8%AF%DB%8C%D8%B2%D8%A7%DB%8C%D9%86=%D8%AC%DB%95%DA%AF%DB%95%D8%B1%D8%AE%D9%88%DB%8C%D9%86-%D8%AC%DB%95%D9%85%DB%8C%D9%84-%D8%A6%DB%95%D9%85%DB%8C%D9%86&paged=4,200,3,text/html,جەگەرخوین جەمیل ئەمین Archives - Page 4 of 6 - سەنتەرێ زاخۆ بۆ ڤەکۆلینێن کوردی
https://zcks.uoz.edu.krd/?pa_%DA%AF%D8%B1%D8%A7%D9%81%DB%8C%D9%83-%D8%AF%DB%8C%D8%B2%D8%A7%DB%8C%D9%86=%D8%AC%DB%95%DA%AF%DB%95%D8%B1%D8%AE%D9%88%DB%8C%D9%86-%D8%AC%DB%95%D9%85%DB%8C%D9%84-%D8%A6%DB%95%D9%85%DB%8C%D9%86&paged=5,200,3,text/html,جەگەرخوین جەمیل ئەمین Archives - Page 5 of 6 - سەنتەرێ زاخۆ بۆ ڤەکۆلینێن کوردی
https://zcks.uoz.edu.krd/?pa_%DA%AF%D8%B1%D8%A7%D9%81%DB%8C%D9%83-%D8%AF%DB%8C%D8%B2%D8%A7%DB%8C%D9%86=%D8%AC%DB%95%DA%AF%DB%95%D8%B1%D8%AE%D9%88%DB%8C%D9%86-%D8%AC%DB%95%D9%85%DB%8C%D9%84-%D8%A6%DB%95%D9%85%DB%8C%D9%86&paged=6,200,3,text/html,جەگەرخوین جەمیل ئەمین Archives - Page 6 of 6 - سەنتەرێ زاخۆ بۆ ڤەکۆلینێن کوردی
https://zcks.uoz.edu.krd/?pa_%DA%AF%D8%B1%D8%A7%D9%81%DB%8C%D9%83-%D8%AF%DB%8C%D8%B2%D8%A7%DB%8C%D9%86=%D8%AF%DB%8C%D8%A7%D8%B1-%D8%B9%D8%A8%D8%AF%D8%A7%D9%84%D9%84%DB%95,200,2,text/html,دیار عبداللە Archives - سەنتەرێ زاخۆ بۆ ڤەکۆلینێن کوردی
https://zcks.uoz.edu.krd/?pa_%DA%AF%D8%B1%D8%A7%D9%81%DB%8C%D9%83-%D8%AF%DB%8C%D8%B2%D8%A7%DB%8C%D9%86=%D8%AF%DB%8C%D8%A7%D8%B1-%D8%B9%D8%A8%D8%AF%D8%A7%D9%84%D9%84%DB%95&paged=1,200,4,text/html,دیار عبداللە Archives - سەنتەرێ زاخۆ بۆ ڤەکۆلینێن کوردی
https://zcks.uoz.edu.krd/?pa_%DA%AF%D8%B1%D8%A7%D9%81%DB%8C%D9%83-%D8%AF%DB%8C%D8%B2%D8%A7%DB%8C%D9%86=%D8%AF%DB%8C%D8%A7%D8%B1-%D8%B9%D8%A8%D8%AF%D8%A7%D9%84%D9%84%DB%95&paged=10,200,3,text/html,دیار عبداللە Archives - Page 10 of 10 - سەنتەرێ زاخۆ بۆ ڤەکۆلینێن کوردی
https://zcks.uoz.edu.krd/?pa_%DA%AF%D8%B1%D8%A7%D9%81%DB%8C%D9%83-%D8%AF%DB%8C%D8%B2%D8%A7%DB%8C%D9%86=%D8%AF%DB%8C%D8%A7%D8%B1-%D8%B9%D8%A8%D8%AF%D8%A7%D9%84%D9%84%DB%95&paged=2,200,3,text/html,دیار عبداللە Archives - Page 2 of 10 - سەنتەرێ زاخۆ بۆ ڤەکۆلینێن کوردی
https://zcks.uoz.edu.krd/?pa_%DA%AF%D8%B1%D8%A7%D9%81%DB%8C%D9%83-%D8%AF%DB%8C%D8%B2%D8%A7%DB%8C%D9%86=%D8%AF%DB%8C%D8%A7%D8%B1-%D8%B9%D8%A8%D8%AF%D8%A7%D9%84%D9%84%DB%95&paged=3,200,3,text/html,دیار عبداللە Archives - Page 3 of 10 - سەنتەرێ زاخۆ بۆ ڤەکۆلینێن کوردی
https://zcks.uoz.edu.krd/?pa_%DA%AF%D8%B1%D8%A7%D9%81%DB%8C%D9%83-%D8%AF%DB%8C%D8%B2%D8%A7%DB%8C%D9%86=%D8%AF%DB%8C%D8%A7%D8%B1-%D8%B9%D8%A8%D8%AF%D8%A7%D9%84%D9%84%DB%95&paged=4,200,3,text/html,دیار عبداللە Archives - Page 4 of 10 - سەنتەرێ زاخۆ بۆ ڤەکۆلینێن کوردی
https://zcks.uoz.edu.krd/?pa_%DA%AF%D8%B1%D8%A7%D9%81%DB%8C%D9%83-%D8%AF%DB%8C%D8%B2%D8%A7%DB%8C%D9%86=%D8%AF%DB%8C%D8%A7%D8%B1-%D8%B9%D8%A8%D8%AF%D8%A7%D9%84%D9%84%DB%95&paged=5,200,4,text/html,دیار عبداللە Archives - Page 5 of 10 - سەنتەرێ زاخۆ بۆ ڤەکۆلینێن کوردی
https://zcks.uoz.edu.krd/?pa_%DA%AF%D8%B1%D8%A7%D9%81%DB%8C%D9%83-%D8%AF%DB%8C%D8%B2%D8%A7%DB%8C%D9%86=%D8%AF%DB%8C%D8%A7%D8%B1-%D8%B9%D8%A8%D8%AF%D8%A7%D9%84%D9%84%DB%95&paged=6,200,4,text/html,دیار عبداللە Archives - Page 6 of 10 - سەنتەرێ زاخۆ بۆ ڤەکۆلینێن کوردی
https://zcks.uoz.edu.krd/?pa_%DA%AF%D8%B1%D8%A7%D9%81%DB%8C%D9%83-%D8%AF%DB%8C%D8%B2%D8%A7%DB%8C%D9%86=%D8%AF%DB%8C%D8%A7%D8%B1-%D8%B9%D8%A8%D8%AF%D8%A7%D9%84%D9%84%DB%95&paged=7,200,4,text/html,دیار عبداللە Archives - Page 7 of 10 - سەنتەرێ زاخۆ بۆ ڤەکۆلینێن کوردی
https://zcks.uoz.edu.krd/?pa_%DA%AF%D8%B1%D8%A7%D9%81%DB%8C%D9%83-%D8%AF%DB%8C%D8%B2%D8%A7%DB%8C%D9%86=%D8%AF%DB%8C%D8%A7%D8%B1-%D8%B9%D8%A8%D8%AF%D8%A7%D9%84%D9%84%DB%95&paged=8,200,3,text/html,دیار عبداللە Archives - Page 8 of 10 - سەنتەرێ زاخۆ بۆ ڤەکۆلینێن کوردی
https://zcks.uoz.edu.krd/?pa_%DA%AF%D8%B1%D8%A7%D9%81%DB%8C%D9%83-%D8%AF%DB%8C%D8%B2%D8%A7%DB%8C%D9%86=%D8%AF%DB%8C%D8%A7%D8%B1-%D8%B9%D8%A8%D8%AF%D8%A7%D9%84%D9%84%DB%95&paged=9,200,3,text/html,دیار عبداللە Archives - Page 9 of 10 - سەنتەرێ زاخۆ بۆ ڤەکۆلینێن کوردی
https://zcks.uoz.edu.krd/?pa_%DA%AF%D8%B1%D8%A7%D9%81%DB%8C%D9%83-%D8%AF%DB%8C%D8%B2%D8%A7%DB%8C%D9%86=%D8%B1%D9%85%D8%B2%D9%8A%D9%87-%D8%AE%D9%84%D9%8A%D9%84-%D8%A7%D8%AD%D9%85%D8%AF,200,3,text/html,رمزيه خليل احمد Archives - سەنتەرێ زاخۆ بۆ ڤەکۆلینێن کوردی
https://zcks.uoz.edu.krd/?pa_%DA%AF%D8%B1%D8%A7%D9%81%DB%8C%D9%83-%D8%AF%DB%8C%D8%B2%D8%A7%DB%8C%D9%86=%D8%B1%D9%85%D8%B2%D9%8A%D9%87-%D8%AE%D9%84%D9%8A%D9%84-%D8%A7%D8%AD%D9%85%D8%AF&paged=1,200,5,text/html,رمزيه خليل احمد Archives - سەنتەرێ زاخۆ بۆ ڤەکۆلینێن کوردی
https://zcks.uoz.edu.krd/?pa_%DA%AF%D8%B1%D8%A7%D9%81%DB%8C%D9%83-%D8%AF%DB%8C%D8%B2%D8%A7%DB%8C%D9%86=%D8%B1%D9%85%D8%B2%D9%8A%D9%87-%D8%AE%D9%84%D9%8A%D9%84-%D8%A7%D8%AD%D9%85%D8%AF&paged=2,200,4,text/html,رمزيه خليل احمد Archives - Page 2 of 3 - سەنتەرێ زاخۆ بۆ ڤەکۆلینێن کوردی
https://zcks.uoz.edu.krd/?pa_%DA%AF%D8%B1%D8%A7%D9%81%DB%8C%D9%83-%D8%AF%DB%8C%D8%B2%D8%A7%DB%8C%D9%86=%D8%B1%D9%85%D8%B2%D9%8A%D9%87-%D8%AE%D9%84%D9%8A%D9%84-%D8%A7%D8%AD%D9%85%D8%AF&paged=3,200,4,text/html,رمزيه خليل احمد Archives - Page 3 of 3 - سەنتەرێ زاخۆ بۆ ڤەکۆلینێن کوردی
https://zcks.uoz.edu.krd/?pa_%DA%AF%D8%B1%D8%A7%D9%81%DB%8C%D9%83-%D8%AF%DB%8C%D8%B2%D8%A7%DB%8C%D9%86=%D8%B4%D8%B1%DB%8C%D9%86-%D8%BA%DB%95%D8%B1%DB%8C%D8%A8-%D8%B3%D8%A7%D9%84%D8%AD,200,2,text/html,شرین غەریب سالح Archives - سەنتەرێ زاخۆ بۆ ڤەکۆلینێن کوردی
https://zcks.uoz.edu.krd/?pa_%DA%AF%D8%B1%D8%A7%D9%81%DB%8C%D9%83-%D8%AF%DB%8C%D8%B2%D8%A7%DB%8C%D9%86=%D9%85%D8%A7%D9%87%D8%B1-%D8%B7%D8%A7%D9%87%D8%B1-%D8%B5%D8%A7%D9%84%D8%AD,200,2,text/html,ماهر طاهر صالح Archives - سەنتەرێ زاخۆ بۆ ڤەکۆلینێن کوردی
https://zcks.uoz.edu.krd/?pa_%DA%AF%D8%B1%D8%A7%D9%81%DB%8C%D9%83-%D8%AF%DB%8C%D8%B2%D8%A7%DB%8C%D9%86=%D9%86%DB%8C%D8%A7%D8%B1-%D9%85%D8%AD%DB%95%D9%85%DB%95%D8%AF-%D8%B3%D8%A7%D9%84%D8%AD,200,3,text/html,نیار محەمەد سالح Archives - سەنتەرێ زاخۆ بۆ ڤەکۆلینێن کوردی
https://zcks.uoz.edu.krd/?pa_%DA%AF%D8%B1%D8%A7%D9%81%DB%8C%D9%83-%D8%AF%DB%8C%D8%B2%D8%A7%DB%8C%D9%86=%D9%88%D8%A7%D8%B1%D9%87%DB%8E%D9%84-%D8%B9%D8%A8%D8%AF%D8%A7%D9%84%D8%A8%D8%A7%D9%82%DB%8C,200,2,text/html,وارهێل عبدالباقی Archives - سەنتەرێ زاخۆ بۆ ڤەکۆلینێن کوردی
https://zcks.uoz.edu.krd/?pa_%DA%AF%D8%B1%D8%A7%D9%81%DB%8C%D9%83-%D8%AF%DB%8C%D8%B2%D8%A7%DB%8C%D9%86=%D9%88%D8%A7%D8%B1%D9%87%DB%8E%D9%84-%D8%B9%D8%A8%D8%AF%D8%A7%D9%84%D8%A8%D8%A7%D9%82%DB%8C&paged=1,200,4,text/html,وارهێل عبدالباقی Archives - سەنتەرێ زاخۆ بۆ ڤەکۆلینێن کوردی
https://zcks.uoz.edu.krd/?pa_%DA%AF%D8%B1%D8%A7%D9%81%DB%8C%D9%83-%D8%AF%DB%8C%D8%B2%D8%A7%DB%8C%D9%86=%D9%88%D8%A7%D8%B1%D9%87%DB%8E%D9%84-%D8%B9%D8%A8%D8%AF%D8%A7%D9%84%D8%A8%D8%A7%D9%82%DB%8C&paged=10,200,3,text/html,وارهێل عبدالباقی Archives - Page 10 of 12 - سەنتەرێ زاخۆ بۆ ڤەکۆلینێن کوردی
https://zcks.uoz.edu.krd/?pa_%DA%AF%D8%B1%D8%A7%D9%81%DB%8C%D9%83-%D8%AF%DB%8C%D8%B2%D8%A7%DB%8C%D9%86=%D9%88%D8%A7%D8%B1%D9%87%DB%8E%D9%84-%D8%B9%D8%A8%D8%AF%D8%A7%D9%84%D8%A8%D8%A7%D9%82%DB%8C&paged=11,200,3,text/html,وارهێل عبدالباقی Archives - Page 11 of 12 - سەنتەرێ زاخۆ بۆ ڤەکۆلینێن کوردی
https://zcks.uoz.edu.krd/?pa_%DA%AF%D8%B1%D8%A7%D9%81%DB%8C%D9%83-%D8%AF%DB%8C%D8%B2%D8%A7%DB%8C%D9%86=%D9%88%D8%A7%D8%B1%D9%87%DB%8E%D9%84-%D8%B9%D8%A8%D8%AF%D8%A7%D9%84%D8%A8%D8%A7%D9%82%DB%8C&paged=12,200,3,text/html,وارهێل عبدالباقی Archives - Page 12 of 12 - سەنتەرێ زاخۆ بۆ ڤەکۆلینێن کوردی
https://zcks.uoz.edu.krd/?pa_%DA%AF%D8%B1%D8%A7%D9%81%DB%8C%D9%83-%D8%AF%DB%8C%D8%B2%D8%A7%DB%8C%D9%86=%D9%88%D8%A7%D8%B1%D9%87%DB%8E%D9%84-%D8%B9%D8%A8%D8%AF%D8%A7%D9%84%D8%A8%D8%A7%D9%82%DB%8C&paged=2,200,3,text/html,وارهێل عبدالباقی Archives - Page 2 of 12 - سەنتەرێ زاخۆ بۆ ڤەکۆلینێن کوردی
https://zcks.uoz.edu.krd/?pa_%DA%AF%D8%B1%D8%A7%D9%81%DB%8C%D9%83-%D8%AF%DB%8C%D8%B2%D8%A7%DB%8C%D9%86=%D9%88%D8%A7%D8%B1%D9%87%DB%8E%D9%84-%D8%B9%D8%A8%D8%AF%D8%A7%D9%84%D8%A8%D8%A7%D9%82%DB%8C&paged=3,200,3,text/html,وارهێل عبدالباقی Archives - Page 3 of 12 - سەنتەرێ زاخۆ بۆ ڤەکۆلینێن کوردی
https://zcks.uoz.edu.krd/?pa_%DA%AF%D8%B1%D8%A7%D9%81%DB%8C%D9%83-%D8%AF%DB%8C%D8%B2%D8%A7%DB%8C%D9%86=%D9%88%D8%A7%D8%B1%D9%87%DB%8E%D9%84-%D8%B9%D8%A8%D8%AF%D8%A7%D9%84%D8%A8%D8%A7%D9%82%DB%8C&paged=4,200,3,text/html,وارهێل عبدالباقی Archives - Page 4 of 12 - سەنتەرێ زاخۆ بۆ ڤەکۆلینێن کوردی
https://zcks.uoz.edu.krd/?pa_%DA%AF%D8%B1%D8%A7%D9%81%DB%8C%D9%83-%D8%AF%DB%8C%D8%B2%D8%A7%DB%8C%D9%86=%D9%88%D8%A7%D8%B1%D9%87%DB%8E%D9%84-%D8%B9%D8%A8%D8%AF%D8%A7%D9%84%D8%A8%D8%A7%D9%82%DB%8C&paged=5,200,4,text/html,وارهێل عبدالباقی Archives - Page 5 of 12 - سەنتەرێ زاخۆ بۆ ڤەکۆلینێن کوردی
https://zcks.uoz.edu.krd/?pa_%DA%AF%D8%B1%D8%A7%D9%81%DB%8C%D9%83-%D8%AF%DB%8C%D8%B2%D8%A7%DB%8C%D9%86=%D9%88%D8%A7%D8%B1%D9%87%DB%8E%D9%84-%D8%B9%D8%A8%D8%AF%D8%A7%D9%84%D8%A8%D8%A7%D9%82%DB%8C&paged=6,200,4,text/html,وارهێل عبدالباقی Archives - Page 6 of 12 - سەنتەرێ زاخۆ بۆ ڤەکۆلینێن کوردی
https://zcks.uoz.edu.krd/?pa_%DA%AF%D8%B1%D8%A7%D9%81%DB%8C%D9%83-%D8%AF%DB%8C%D8%B2%D8%A7%DB%8C%D9%86=%D9%88%D8%A7%D8%B1%D9%87%DB%8E%D9%84-%D8%B9%D8%A8%D8%AF%D8%A7%D9%84%D8%A8%D8%A7%D9%82%DB%8C&paged=7,200,4,text/html,وارهێل عبدالباقی Archives - Page 7 of 12 - سەنتەرێ زاخۆ بۆ ڤەکۆلینێن کوردی
https://zcks.uoz.edu.krd/?pa_%DA%AF%D8%B1%D8%A7%D9%81%DB%8C%D9%83-%D8%AF%DB%8C%D8%B2%D8%A7%DB%8C%D9%86=%D9%88%D8%A7%D8%B1%D9%87%DB%8E%D9%84-%D8%B9%D8%A8%D8%AF%D8%A7%D9%84%D8%A8%D8%A7%D9%82%DB%8C&paged=8,200,4,text/html,وارهێل عبدالباقی Archives - Page 8 of 12 - سەنتەرێ زاخۆ بۆ ڤەکۆلینێن کوردی
https://zcks.uoz.edu.krd/?pa_%DA%AF%D8%B1%D8%A7%D9%81%DB%8C%D9%83-%D8%AF%DB%8C%D8%B2%D8%A7%DB%8C%D9%86=%D9%88%D8%A7%D8%B1%D9%87%DB%8E%D9%84-%D8%B9%D8%A8%D8%AF%D8%A7%D9%84%D8%A8%D8%A7%D9%82%DB%8C&paged=9,200,4,text/html,وارهێل عبدالباقی Archives - Page 9 of 12 - سەنتەرێ زاخۆ بۆ ڤەکۆلینێن کوردی
https://zcks.uoz.edu.krd/?page_id=17,404,1,text/html,
https://zcks.uoz.edu.krd/?page_id=20,404,1,text/html,
https://zcks.uoz.edu.krd/?page_id=28,200,1,text/html,بەرهەم - سەنتەرێ زاخۆ بۆ ڤەکۆلینێن کوردی
https://zcks.uoz.edu.krd/?page_id=4775,200,1,text/html,ئەرشیڤ - سەنتەرێ زاخۆ بۆ ڤەکۆلینێن کوردی
https://zcks.uoz.edu.krd/?page_id=5249,200,1,text/html,چالاکی - سەنتەرێ زاخۆ بۆ ڤەکۆلینێن کوردی
https://zcks.uoz.edu.krd/?page_id=5380,200,1,text/html,یوتیوب - سەنتەرێ زاخۆ بۆ ڤەکۆلینێن کوردی
https://zcks.uoz.edu.krd/?page_id=6291,200,1,text/html,فەرهەنگ - سەنتەرێ زاخۆ بۆ ڤەکۆلینێن کوردی
https://zcks.uoz.edu.krd/?page_id=6629,200,1,text/html,بەرهەم - سەنتەرێ زاخۆ بۆ ڤەکۆلینێن کوردی
https://zcks.uoz.edu.krd/?page_id=7237,200,2,text/html,المدارس الكوردية في العصرين الحديث والمعاصر - سەنتەرێ زاخۆ بۆ ڤەکۆلینێن کوردی
https://zcks.uoz.edu.krd/?page_id=7285,200,1,text/html,دەربارەی مە - سەنتەرێ زاخۆ بۆ ڤەکۆلینێن کوردی
https://zcks.uoz.edu.krd/?paged=10&cat=417,200,4,text/html,چالاکی Archives - Page 10 of 12 - سەنتەرێ زاخۆ بۆ ڤەکۆلینێن کوردی
https://zcks.uoz.edu.krd/?paged=10&page_id=5249,200,10,text/html,چالاکی - Page 10 of 22 - سەنتەرێ زاخۆ بۆ ڤەکۆلینێن کوردی
https://zcks.uoz.edu.krd/?paged=11&cat=417,200,3,text/html,چالاکی Archives - Page 11 of 12 - سەنتەرێ زاخۆ بۆ ڤەکۆلینێن کوردی
https://zcks.uoz.edu.krd/?paged=12&cat=417,200,2,text/html,چالاکی Archives - Page 12 of 12 - سەنتەرێ زاخۆ بۆ ڤەکۆلینێن کوردی
https://zcks.uoz.edu.krd/?paged=14&page_id=5249,200,10,text/html,چالاکی - Page 14 of 22 - سەنتەرێ زاخۆ بۆ ڤەکۆلینێن کوردی
https://zcks.uoz.edu.krd/?paged=15&author=2,200,10,text/html,"ZCKS, Author at سەنتەرێ زاخۆ بۆ ڤەکۆلینێن کوردی - Page 15 of 22"
https://zcks.uoz.edu.krd/?paged=15&page_id=5249,200,9,text/html,چالاکی - Page 15 of 22 - سەنتەرێ زاخۆ بۆ ڤەکۆلینێن کوردی
https://zcks.uoz.edu.krd/?paged=16&author=2,200,9,text/html,"ZCKS, Author at سەنتەرێ زاخۆ بۆ ڤەکۆلینێن کوردی - Page 16 of 22"
https://zcks.uoz.edu.krd/?paged=16&page_id=5249,200,8,text/html,چالاکی - Page 16 of 22 - سەنتەرێ زاخۆ بۆ ڤەکۆلینێن کوردی
https://zcks.uoz.edu.krd/?paged=17&author=2,200,8,text/html,"ZCKS, Author at سەنتەرێ زاخۆ بۆ ڤەکۆلینێن کوردی - Page 17 of 22"
https://zcks.uoz.edu.krd/?paged=17&page_id=5249,200,7,text/html,چالاکی - Page 17 of 22 - سەنتەرێ زاخۆ بۆ ڤەکۆلینێن کوردی
https://zcks.uoz.edu.krd/?paged=18&author=2,200,7,text/html,"ZCKS, Author at سەنتەرێ زاخۆ بۆ ڤەکۆلینێن کوردی - Page 18 of 22"
https://zcks.uoz.edu.krd/?paged=18&page_id=5249,200,6,text/html,چالاکی - Page 18 of 22 - سەنتەرێ زاخۆ بۆ ڤەکۆلینێن کوردی
https://zcks.uoz.edu.krd/?paged=19&author=2,200,6,text/html,"ZCKS, Author at سەنتەرێ زاخۆ بۆ ڤەکۆلینێن کوردی - Page 19 of 22"
https://zcks.uoz.edu.krd/?paged=19&page_id=5249,200,5,text/html,چالاکی - Page 19 of 22 - سەنتەرێ زاخۆ بۆ ڤەکۆلینێن کوردی
https://zcks.uoz.edu.krd/?paged=2&author=2,200,3,text/html,"ZCKS, Author at سەنتەرێ زاخۆ بۆ ڤەکۆلینێن کوردی - Page 2 of 22"
https://zcks.uoz.edu.krd/?paged=2&cat=417,200,2,text/html,چالاکی Archives - Page 2 of 12 - سەنتەرێ زاخۆ بۆ ڤەکۆلینێن کوردی
https://zcks.uoz.edu.krd/?paged=2&cat=418,200,2,text/html,کۆنفرانس Archives - Page 2 of 2 - سەنتەرێ زاخۆ بۆ ڤەکۆلینێن کوردی
https://zcks.uoz.edu.krd/?paged=2&cat=419,200,2,text/html,سەمپۆزیووم Archives - Page 2 of 8 - سەنتەرێ زاخۆ بۆ ڤەکۆلینێن کوردی
https://zcks.uoz.edu.krd/?paged=2&page_id=5249,200,2,text/html,چالاکی - Page 2 of 22 - سەنتەرێ زاخۆ بۆ ڤەکۆلینێن کوردی
https://zcks.uoz.edu.krd/?paged=20&author=2,200,5,text/html,"ZCKS, Author at سەنتەرێ زاخۆ بۆ ڤەکۆلینێن کوردی - Page 20 of 22"
https://zcks.uoz.edu.krd/?paged=20&page_id=5249,200,4,text/html,چالاکی - Page 20 of 22 - سەنتەرێ زاخۆ بۆ ڤەکۆلینێن کوردی
https://zcks.uoz.edu.krd/?paged=21&author=2,200,4,text/html,"ZCKS, Author at سەنتەرێ زاخۆ بۆ ڤەکۆلینێن کوردی - Page 21 of 22"
https://zcks.uoz.edu.krd/?paged=21&page_id=5249,200,3,text/html,چالاکی - Page 21 of 22 - سەنتەرێ زاخۆ بۆ ڤەکۆلینێن کوردی
https://zcks.uoz.edu.krd/?paged=22&author=2,200,3,text/html,"ZCKS, Author at سەنتەرێ زاخۆ بۆ ڤەکۆلینێن کوردی - Page 22 of 22"
https://zcks.uoz.edu.krd/?paged=22&page_id=5249,200,2,text/html,چالاکی - Page 22 of 22 - سەنتەرێ زاخۆ بۆ ڤەکۆلینێن کوردی
https://zcks.uoz.edu.krd/?paged=3&author=2,200,4,text/html,"ZCKS, Author at سەنتەرێ زاخۆ بۆ ڤەکۆلینێن کوردی - Page 3 of 22"
https://zcks.uoz.edu.krd/?paged=3&cat=417,200,3,text/html,چالاکی Archives - Page 3 of 12 - سەنتەرێ زاخۆ بۆ ڤەکۆلینێن کوردی
https://zcks.uoz.edu.krd/?paged=3&cat=419,200,3,text/html,سەمپۆزیووم Archives - Page 3 of 8 - سەنتەرێ زاخۆ بۆ ڤەکۆلینێن کوردی
https://zcks.uoz.edu.krd/?paged=3&page_id=5249,200,3,text/html,چالاکی - Page 3 of 22 - سەنتەرێ زاخۆ بۆ ڤەکۆلینێن کوردی
https://zcks.uoz.edu.krd/?paged=4&author=2,200,5,text/html,"ZCKS, Author at سەنتەرێ زاخۆ بۆ ڤەکۆلینێن کوردی - Page 4 of 22"
https://zcks.uoz.edu.krd/?paged=4&cat=417,200,4,text/html,چالاکی Archives - Page 4 of 12 - سەنتەرێ زاخۆ بۆ ڤەکۆلینێن کوردی
https://zcks.uoz.edu.krd/?paged=4&cat=419,200,4,text/html,سەمپۆزیووم Archives - Page 4 of 8 - سەنتەرێ زاخۆ بۆ ڤەکۆلینێن کوردی
https://zcks.uoz.edu.krd/?paged=4&page_id=5249,200,4,text/html,چالاکی - Page 4 of 22 - سەنتەرێ زاخۆ بۆ ڤەکۆلینێن کوردی
https://zcks.uoz.edu.krd/?paged=5&author=2,200,6,text/html,"ZCKS, Author at سەنتەرێ زاخۆ بۆ ڤەکۆلینێن کوردی - Page 5 of 22"
https://zcks.uoz.edu.krd/?paged=5&cat=417,200,5,text/html,چالاکی Archives - Page 5 of 12 - سەنتەرێ زاخۆ بۆ ڤەکۆلینێن کوردی
https://zcks.uoz.edu.krd/?paged=5&cat=419,200,5,text/html,سەمپۆزیووم Archives - Page 5 of 8 - سەنتەرێ زاخۆ بۆ ڤەکۆلینێن کوردی
https://zcks.uoz.edu.krd/?paged=5&page_id=5249,200,5,text/html,چالاکی - Page 5 of 22 - سەنتەرێ زاخۆ بۆ ڤەکۆلینێن کوردی
https://zcks.uoz.edu.krd/?paged=6&author=2,200,7,text/html,"ZCKS, Author at سەنتەرێ زاخۆ بۆ ڤەکۆلینێن کوردی - Page 6 of 22"
https://zcks.uoz.edu.krd/?paged=6&cat=417,200,6,text/html,چالاکی Archives - Page 6 of 12 - سەنتەرێ زاخۆ بۆ ڤەکۆلینێن کوردی
https://zcks.uoz.edu.krd/?paged=6&cat=419,200,4,text/html,سەمپۆزیووم Archives - Page 6 of 8 - سەنتەرێ زاخۆ بۆ ڤەکۆلینێن کوردی
https://zcks.uoz.edu.krd/?paged=6&page_id=5249,200,6,text/html,چالاکی - Page 6 of 22 - سەنتەرێ زاخۆ بۆ ڤەکۆلینێن کوردی
https://zcks.uoz.edu.krd/?paged=7&author=2,200,8,text/html,"ZCKS, Author at سەنتەرێ زاخۆ بۆ ڤەکۆلینێن کوردی - Page 7 of 22"
https://zcks.uoz.edu.krd/?paged=7&cat=417,200,7,text/html,چالاکی Archives - Page 7 of 12 - سەنتەرێ زاخۆ بۆ ڤەکۆلینێن کوردی
https://zcks.uoz.edu.krd/?paged=7&cat=419,200,3,text/html,سەمپۆزیووم Archives - Page 7 of 8 - سەنتەرێ زاخۆ بۆ ڤەکۆلینێن کوردی
https://zcks.uoz.edu.krd/?paged=7&page_id=5249,200,7,text/html,چالاکی - Page 7 of 22 - سەنتەرێ زاخۆ بۆ ڤەکۆلینێن کوردی
https://zcks.uoz.edu.krd/?paged=8&author=2,200,9,text/html,"ZCKS, Author at سەنتەرێ زاخۆ بۆ ڤەکۆلینێن کوردی - Page 8 of 22"
https://zcks.uoz.edu.krd/?paged=8&cat=417,200,6,text/html,چالاکی Archives - Page 8 of 12 - سەنتەرێ زاخۆ بۆ ڤەکۆلینێن کوردی
https://zcks.uoz.edu.krd/?paged=8&cat=419,200,2,text/html,سەمپۆزیووم Archives - Page 8 of 8 - سەنتەرێ زاخۆ بۆ ڤەکۆلینێن کوردی
https://zcks.uoz.edu.krd/?paged=8&page_id=5249,200,8,text/html,چالاکی - Page 8 of 22 - سەنتەرێ زاخۆ بۆ ڤەکۆلینێن کوردی
https://zcks.uoz.edu.krd/?paged=9&author=2,200,10,text/html,"ZCKS, Author at سەنتەرێ زاخۆ بۆ ڤەکۆلینێن کوردی - Page 9 of 22"
https://zcks.uoz.edu.krd/?paged=9&cat=417,200,5,text/html,چالاکی Archives - Page 9 of 12 - سەنتەرێ زاخۆ بۆ ڤەکۆلینێن کوردی
https://zcks.uoz.edu.krd/?paged=9&page_id=5249,200,9,text/html,چالاکی - Page 9 of 22 - سەنتەرێ زاخۆ بۆ ڤەکۆلینێن کوردی
https://zcks.uoz.edu.krd/?post_type=product,200,1,text/html,بەرهەم - سەنتەرێ زاخۆ بۆ ڤەکۆلینێن کوردی
https://zcks.uoz.edu.krd/?post_type=product&paged=1,200,3,text/html,بەرهەم - سەنتەرێ زاخۆ بۆ ڤەکۆلینێن کوردی
https://zcks.uoz.edu.krd/?post_type=product&paged=10,200,3,text/html,بەرهەم - Page 10 of 15 - سەنتەرێ زاخۆ بۆ ڤەکۆلینێن کوردی
https://zcks.uoz.edu.krd/?post_type=product&paged=11,200,3,text/html,بەرهەم - Page 11 of 15 - سەنتەرێ زاخۆ بۆ ڤەکۆلینێن کوردی
https://zcks.uoz.edu.krd/?post_type=product&paged=12,200,3,text/html,بەرهەم - Page 12 of 15 - سەنتەرێ زاخۆ بۆ ڤەکۆلینێن کوردی
https://zcks.uoz.edu.krd/?post_type=product&paged=13,200,2,text/html,بەرهەم - Page 13 of 15 - سەنتەرێ زاخۆ بۆ ڤەکۆلینێن کوردی
https://zcks.uoz.edu.krd/?post_type=product&paged=14,200,2,text/html,بەرهەم - Page 14 of 15 - سەنتەرێ زاخۆ بۆ ڤەکۆلینێن کوردی
https://zcks.uoz.edu.krd/?post_type=product&paged=15,200,2,text/html,بەرهەم - Page 15 of 15 - سەنتەرێ زاخۆ بۆ ڤەکۆلینێن کوردی
https://zcks.uoz.edu.krd/?post_type=product&paged=2,200,2,text/html,بەرهەم - Page 2 of 15 - سەنتەرێ زاخۆ بۆ ڤەکۆلینێن کوردی
https://zcks.uoz.edu.krd/?post_type=product&paged=3,200,2,text/html,بەرهەم - Page 3 of 15 - سەنتەرێ زاخۆ بۆ ڤەکۆلینێن کوردی
https://zcks.uoz.edu.krd/?post_type=product&paged=4,200,2,text/html,بەرهەم - Page 4 of 15 - سەنتەرێ زاخۆ بۆ ڤەکۆلینێن کوردی
https://zcks.uoz.edu.krd/?post_type=product&paged=5,200,3,text/html,بەرهەم - Page 5 of 15 - سەنتەرێ زاخۆ بۆ ڤەکۆلینێن کوردی
https://zcks.uoz.edu.krd/?post_type=product&paged=6,200,3,text/html,بەرهەم - Page 6 of 15 - سەنتەرێ زاخۆ بۆ ڤەکۆلینێن کوردی
https://zcks.uoz.edu.krd/?post_type=product&paged=7,200,3,text/html,بەرهەم - Page 7 of 15 - سەنتەرێ زاخۆ بۆ ڤەکۆلینێن کوردی
https://zcks.uoz.edu.krd/?post_type=product&paged=8,200,4,text/html,بەرهەم - Page 8 of 15 - سەنتەرێ زاخۆ بۆ ڤەکۆلینێن کوردی
https://zcks.uoz.edu.krd/?post_type=product&paged=9,200,4,text/html,بەرهەم - Page 9 of 15 - سەنتەرێ زاخۆ بۆ ڤەکۆلینێن کوردی
https://zcks.uoz.edu.krd/?product=%D8%A2%D8%B4%D9%88%D8%B1%D9%8A%D9%88-%D9%87%D9%83%D8%A7%D8%B1%D9%8A-%D9%81%D9%89-%D8%A7%D9%84%D8%B9%D8%B1%D8%A7%D9%82-%D9%A1%D9%A9%D9%A3%D9%A3-%D9%A1%D9%A9%D9%A8%D9%A8,200,3,text/html,آشوريو هكاري فى العراق ١٩٣٣-١٩٨٨ - سەنتەرێ زاخۆ بۆ ڤەکۆلینێن کوردی
https://zcks.uoz.edu.krd/?product=%D8%A5%D9%85%D8%A7%D8%B1%D8%A9-%D8%A8%D8%AF%D9%84%D9%8A%D8%B3-%D9%81%D9%8A-%D8%A7%D9%84%D8%B9%D9%87%D8%AF-%D8%A7%D9%84%D8%B9%D8%AB%D9%85%D8%A7%D9%86%D9%8A-1514-%D9%80%D9%80-1665%D9%85-%D8%AF%D8%B1,200,4,text/html,إمارة بدليس في العهد العثماني 1514 ــ 1665م دراسة تاريخية وثائقية - سەنتەرێ زاخۆ بۆ ڤەکۆلینێن کوردی
https://zcks.uoz.edu.krd/?product=%D8%A6%D8%A7%DA%A4%D8%A7%DA%A9%D8%B1%D9%86%D8%A7-%DA%A9%DB%95%D8%B3%D8%A7%DB%8C%DB%95%D8%AA%DB%8C%DB%8C%DB%8E-%D8%AF-%DA%86%DB%8C%D8%B1%DB%86%DA%A9%DB%8E%D9%86-%DB%8C%D9%88%D9%86%D8%B3-%D8%A6%DB%95,200,3,text/html,ئاڤاکرنا کەسایەتییێ د چیرۆکێن (یونس ئەحمەد)یدا - سەنتەرێ زاخۆ بۆ ڤەکۆلینێن کوردی
https://zcks.uoz.edu.krd/?product=%D8%A6%DB%8C%D8%B3%D8%B1%D8%A7-%D9%88-%D9%85%DB%8C%D8%B9%D8%B1%D8%A7%D8%AC-%D9%88-%D9%85%D9%88%D8%B9%D8%AC%DB%8C%D8%B2%D8%A7%D8%AA%DB%8E%D9%86-%D9%BE%DB%8E%D8%BA%DB%95%D9%85%D8%A8%DB%95%D8%B1%DB%8C,200,4,text/html,ئیسرا و میعراج و موعجیزاتێن پێغەمبەری (س) - سەنتەرێ زاخۆ بۆ ڤەکۆلینێن کوردی
https://zcks.uoz.edu.krd/?product=%D8%A6%DB%95%DA%A4%D8%B3%D8%A7%D9%86%DB%95%DB%8C%D8%A7-%DA%A9%D9%88%D8%B1%D8%AF%DB%8C-%D8%A6%DB%95%D8%AF%DB%95%D8%A8%D8%8C%D8%B2%D9%85%D8%A7%D9%86%D8%8C%D8%AF%DB%8C%D8%B1%DB%86%DA%A9-%D9%88-%D8%AC,200,1,text/html,ئەفسانەیا کوردی ئەدەب،زمان،دیرۆک و جڤاک (نەهەمین کونفرانس) - سەنتەرێ زاخۆ بۆ ڤەکۆلینێن کوردی
https://zcks.uoz.edu.krd/?product=%D8%A7%D9%84%D8%A5%D9%82%D8%B7%D8%A7%D8%B9-%D9%81%D9%8A-%D9%83%D9%8F%D8%B1%D8%AF%D8%B3%D8%AA%D8%A7%D9%86-334-656-%D9%87%D9%80-945-1258%D9%85-2,200,4,text/html,الإقطاع في كُردستان 334-656 هـ/945-1258م - سەنتەرێ زاخۆ بۆ ڤەکۆلینێن کوردی
https://zcks.uoz.edu.krd/?product=%D8%A7%D9%84%D8%A8%D8%A7%D8%A8-%D9%81%D9%8A-%D8%B9%D9%84%D9%85-%D8%A7%D9%84%D8%AD%D8%B3%D8%A7%D8%A8-%D9%88%D8%A7%D9%84%D8%AC%D8%A8%D8%B1-%D9%88%D8%A7%D9%84%D9%85%D8%B3%D8%A7%D8%AD%D8%A9,200,3,text/html,الباب في علم الحساب والجبر والمساحة - سەنتەرێ زاخۆ بۆ ڤەکۆلینێن کوردی
https://zcks.uoz.edu.krd/?product=%D8%A7%D9%84%D8%B9%D9%84%D9%85%D8%A7%D8%A1-%D8%A7%D9%84%D9%83%D8%B1%D8%AF-%D9%88-%D8%B9%D9%84%D9%85%D8%A7%D8%A1-%D8%A7%D9%84%D9%85%D8%AF%D9%86-%D8%A7%D9%84%D9%83%D8%B1%D8%AF%D9%8A%D8%A9-%D9%88%D8%AF,200,3,text/html,العلماء الكرد و علماء المدن الكردية ودورهم في تقديم الفكر في العلوم التجريبية والتطبيقية - سەنتەرێ زاخۆ بۆ ڤەکۆلینێن کوردی
https://zcks.uoz.edu.krd/?product=%D8%A7%D9%84%D9%80%D9%80%D9%83%D9%8F%D9%80%D9%80%D9%80%D9%80%D9%80%D9%80%D9%80%D9%80%D9%80%D9%80%D9%80%D9%80%D9%80%D8%B1%D8%AF-%D9%81%D9%8A-%D8%A7%D9%84%D8%B3%D9%88%D8%AF%D8%A7%D9%86-%D8%AF%D8%B1,200,2,text/html,الــكُـــــــــــــرد في السودان  دراسة تاريخية - سەنتەرێ زاخۆ بۆ ڤەکۆلینێن کوردی
https://zcks.uoz.edu.krd/?product=%D8%A7%D9%84%D9%80%D9%83%D9%8F%D9%80%D9%80%D9%80%D9%80%D9%80%D9%80%D8%B1%D8%AF-%D8%A8%D8%AD%D9%88%D8%AB-%D9%88%D8%AF%D8%B1%D8%A7%D8%B3%D8%A7%D8%AA-%D9%81%D9%8A-%D8%AA%D8%A7%D8%B1%D9%8A%D8%AE%D9%87,200,2,text/html,الـكُــــــرد بحوث ودراسات في تاريخهم الحديث والمعاصر - سەنتەرێ زاخۆ بۆ ڤەکۆلینێن کوردی
https://zcks.uoz.edu.krd/?product=%D8%A7%D9%84%D9%83%D9%88%D8%B1%D8%AF-%D8%A7%D9%84%DA%AF%D9%88%D8%B1%D8%A7%D9%86-%D9%88%D8%AF%D9%88%D8%B1%D9%87%D9%85-%D8%A7%D9%84%D8%B3%D9%8A%D8%A7%D8%B3%D9%8A-%D9%88%D8%A7%D9%84%D8%AD%D8%B6%D8%A7,200,3,text/html,الكورد الگوران ودورهم السياسي والحضاري بين قرون (٦-٩هـ / ١٢-١٥ م) - سەنتەرێ زاخۆ بۆ ڤەکۆلینێن کوردی
https://zcks.uoz.edu.krd/?product=%D8%A7%D9%84%D9%83%D9%8F%D8%B1%D8%AF-%D9%81%D9%8A-%D8%A7%D9%84%D9%85%D8%B5%D8%A7%D8%AF%D8%B1-%D8%A7%D9%84%D8%A3%D8%AF%D8%A8%D9%8A%D8%A9-%D8%A7%D9%84%D8%B9%D8%B1%D8%A8%D9%8A%D8%A9-%D8%AE%D9%84%D8%A7,200,4,text/html,الكُرد في المصادر الأدبية العربية خلال العصر العباسي 132 ــ 656هـ/750 ــ 1258م دراسة تاريخية تحليلية - سەنتەرێ زاخۆ بۆ ڤەکۆلینێن کوردی
https://zcks.uoz.edu.krd/?product=%D8%A7%D9%84%D9%85%D9%80%D9%80%D9%80%D9%80%D9%80%D8%B1%D8%A3%D8%A9-%D8%A7%D9%84%D9%80%D9%80%D9%80%D9%83%D9%8F%D9%80%D9%80%D9%80%D9%80%D9%80%D8%B1%D8%AF%D9%8A%D9%80%D9%80%D8%A9-%D9%88%D8%AF%D9%88,200,2,text/html,المـــــرأة الـــكُـــــرديــة ودورها في خدمة الحديث النبوي الشريف من القرن(6-9هـ/12-15م) - سەنتەرێ زاخۆ بۆ ڤەکۆلینێن کوردی
https://zcks.uoz.edu.krd/?product=%D8%A8%D8%A7%D8%B2%D8%AA%D8%A7%D8%A8-%D9%82%DB%8C%D8%A7%D9%85-%D8%A7%DB%8C%D9%84%D9%88%D9%84-%D8%A8%DB%95%D8%B1%D9%87%D8%A8%D8%B1%DB%8C-%D9%85%D9%84%D8%A7-%D9%85%D8%B5%D8%B7%D9%81%DB%8C-%D8%A8%D8%A7,200,1,text/html,بازتاب قیام ایلول بەرهبری ملا مصطفی بارزانی در روزنامە اطلاعات (١٩٦١- ١٩٧٥) - سەنتەرێ زاخۆ بۆ ڤەکۆلینێن کوردی
https://zcks.uoz.edu.krd/?product=%D8%A8%D8%A7%D8%B4%D9%88%D9%88%D8%B1%DB%8E-%DA%A9%D9%88%D8%B1%D8%AF%D8%B3%D8%AA%D8%A7%D9%86%DB%8E-%D9%88-%D8%A8%DB%95%D8%BA%D8%AF%D8%A7,200,2,text/html,باشوورێ کوردستانێ و بەغدا،پێنجەمین کۆنفرانس - سەنتەرێ زاخۆ بۆ ڤەکۆلینێن کوردی
https://zcks.uoz.edu.krd/?product=%D8%A8%D8%A7%D8%BA%DB%8E-%D8%A6%DB%8C%D8%B1%D9%87%D9%85-%DA%AF%D9%87%D8%B4%D8%AA%D9%87%D9%83-%D8%AF-%D9%86%D8%A7%DA%A4-%DA%AF%D9%88%D9%84%D8%B2%D8%A7%D8%B1%D8%A7-%D8%B4,200,2,text/html,باغێ ئیره‌م گه‌شته‌ك د ناڤ گولزارا شعرا كرمانجى دا - سەنتەرێ زاخۆ بۆ ڤەکۆلینێن کوردی
https://zcks.uoz.edu.krd/?product=%D8%A8%D9%80%D9%80%D9%80%D9%80%D8%A7%D8%B1%D8%B2%D8%A7%D9%86-%D9%81%D9%8A-%D8%A7%D9%84%D9%85%D8%B5%D8%A7%D8%AF%D8%B1-%D8%A7%D9%84%D8%AA%D8%A3%D8%B1%D9%8A%D8%AE%D9%8A%D8%A9,200,2,text/html,بــــارزان في المصادر التأريخية - سەنتەرێ زاخۆ بۆ ڤەکۆلینێن کوردی
https://zcks.uoz.edu.krd/?product=%D8%A8%D9%86%DB%95%D9%85%D8%A7%D9%8A%DB%8E%D9%86-%D9%86%DA%A4%D9%8A%D8%B3%D9%8A%D9%86%D8%A7-%D8%AF%D8%A7%DA%95%D8%B4%D8%AA%D9%86%DB%8E,200,3,text/html,بنەمايێن نڤيسينا داڕشتنێ - سەنتەرێ زاخۆ بۆ ڤەکۆلینێن کوردی
https://zcks.uoz.edu.krd/?product=%D8%A8%D9%88%D9%86%DB%8C%D8%A7%D8%AF%DA%AF%D9%87%D8%B1%DB%8C%DB%8C%D8%A7-%D9%BE%DB%8E%D9%83%D9%87%D8%A7%D8%AA%D9%87%DB%8C%DB%8C-%D9%88-%D9%BE%D8%B1%D8%A7%D9%83%D8%AA%DB%8C%D8%B2,200,2,text/html,بونیادگه‌رییا پێكهاته‌یی و پراكتیزه‌كرنا ئه‌وێ ل سه‌ر رۆمانا (ئالێ دی یێ پرێ) - سەنتەرێ زاخۆ بۆ ڤەکۆلینێن کوردی
https://zcks.uoz.edu.krd/?product=%D8%A8%DB%95%D8%B1%D8%A7%D9%88%D8%B1%D8%AF%DA%A9%D8%B1%D9%86%D8%A7-%DA%A9%D8%A7%D8%B1%DB%8E-%D8%A8%DA%A9%DB%95%D8%B1%D9%86%DB%95%D8%AF%DB%8C%D8%A7%D8%B1-%D8%AF%D9%86%D8%A7%DA%A4%D8%A8%DB%95%D8%B1,200,3,text/html,بەراوردکرنا کارێ بکەرنەدیار دناڤبەرا زمانێ کوردی و فارسیدا - سەنتەرێ زاخۆ بۆ ڤەکۆلینێن کوردی
https://zcks.uoz.edu.krd/?product=%D8%AA%D8%A7%DB%8C%D8%A8%D9%87%D8%AA%D9%85%D9%87%D9%86%D8%AF%DB%8C%DB%8E%D9%86-%D9%81%DB%86%D9%86%DB%86%DA%B5%DB%86%DA%98%D9%89-%D9%88-%DA%95%DB%8E%D8%B2%D9%85%D8%A7%D9%86%D9%89,200,3,text/html,تایبه‌تمه‌ندیێن فۆنۆڵۆژى و ڕێزمانى د ده‌ڤۆكا زاخۆدا - سەنتەرێ زاخۆ بۆ ڤەکۆلینێن کوردی
https://zcks.uoz.edu.krd/?product=%D8%AA%D9%82%D8%A7%D9%86%D8%A9-%D8%AD%D8%B5%D8%A7%D8%AF-%D8%A7%D9%84%D9%85%D9%8A%D8%A7%D9%87-%D9%81%D9%8A-%D8%AD%D9%88%D8%B6%D9%8A-%D9%83%D9%88%D9%85%D9%84-%D9%88-%D8%B1%D9%88%D9%83%D8%B1%D9%85-%D9%88,200,2,text/html,تقانة حصاد المياه في حوضي كومل و روكرم واستثماراتها في محافظة دهوك - سەنتەرێ زاخۆ بۆ ڤەکۆلینێن کوردی
https://zcks.uoz.edu.krd/?product=%D8%AC%D9%87%DA%AF%D9%87%DB%86%D8%B1%DB%8C%D9%86%D8%A7-%D9%83%D9%87%D8%B1%D8%B3%D8%AA%D8%A7%D9%86-%D8%AF-%D8%B1%D8%B3%D8%AA%DB%8E%D8%AF%D8%A7-%DA%AF%DB%86%DA%A4%D9%87%D8%B1%D8%A7,200,3,text/html,جهگهۆرینا كه‌رستان د رستێدا ((گۆڤه‌را به‌هدینى)) - سەنتەرێ زاخۆ بۆ ڤەکۆلینێن کوردی
https://zcks.uoz.edu.krd/?product=%D8%AF%D8%A7%D8%B3%D8%AA%D8%A7%D9%86%D8%A7-%D9%83%D9%87%D9%84%D8%A7-%D8%AF%D9%85%D8%AF%D9%85-%D9%88-%D8%AE%D8%A7%D9%86%DB%8E-%D9%84%D9%87%D9%BE%D8%B2%DB%8E%D8%B1%DB%8C%D9%86-%DA%A4,200,2,text/html,داستانا كه‌لا دمدم و خانێ له‌پزێرین (ڤه‌كۆلینه‌كا ئه‌‌ده‌بی و دیرۆكی) - سەنتەرێ زاخۆ بۆ ڤەکۆلینێن کوردی
https://zcks.uoz.edu.krd/?product=%D8%AF%D8%B1%D8%A7%D8%B3%D8%A7%D8%AA-%D9%81%D9%8A-%D8%AA%D8%A7%D8%B1%D9%8A%D8%AE-%D8%A7%D9%84%D9%83%D9%8F%D8%B1%D8%AF-%D8%A7%D9%84%D8%B3%D9%8A%D8%A7%D8%B3%D9%8A-%D9%88%D8%A7%D9%84%D8%AD%D8%B6%D8%A7,200,2,text/html,دراسات في تاريخ الكُرد السياسي والحضاري عبر عصور مختلفة - سەنتەرێ زاخۆ بۆ ڤەکۆلینێن کوردی
https://zcks.uoz.edu.krd/?product=%D8%AF%D9%88%D8%B1-%D8%A7%D9%84%D9%85%D8%B1%D8%A3%D8%A9-%D9%81%D9%8A-%D8%A7%D9%84%D8%AD%D9%8A%D8%A7%D8%A9-%D8%A7%D9%84%D8%B3%D9%8A%D8%A7%D8%B3%D9%8A%D8%A9-%D9%88-%D8%A7%D9%84%D8%A7%D8%AC%D8%AA%D9%85,200,3,text/html,دور المرأة في الحياة السياسية و الاجتماعية و الثقافية فى محافضة دهوك ١٩٩١-٢٠٠٣ - سەنتەرێ زاخۆ بۆ ڤەکۆلینێن کوردی
https://zcks.uoz.edu.krd/?product=%D8%AF%D9%88%D9%88%DB%95%D9%85%DB%8C%D9%86-%DA%A9%DB%86%D9%86%D9%81%D8%B1%D8%A7%D9%86%D8%B3%DB%8E-%D9%86%D8%A7%DA%A4-%D8%AF%DB%95%D9%88%D9%84%DB%95%D8%AA,200,2,text/html,دووەمین کۆنفرانسێ نێڤدەولەتی - سەنتەرێ زاخۆ بۆ ڤەکۆلینێن کوردی
https://zcks.uoz.edu.krd/?product=%D8%AF%D9%8A%D9%88%D8%A7%D9%86%D8%A7-%D8%A6%DB%95%D8%AD%D9%85%DB%95%D8%AF-%D8%AD%D8%A7%D8%AC%DB%8C-%DA%AF%DB%95%DA%A4%DB%95%D8%B1%DA%A9%DB%8C,200,4,text/html,ديوانا ئەحمەد حاجی گەڤەرکی - سەنتەرێ زاخۆ بۆ ڤەکۆلینێن کوردی
https://zcks.uoz.edu.krd/?product=%D8%AF%D9%8A%D9%88%D8%A7%D9%86%D8%A7-%DA%95%D9%87-%D9%82%D9%8A%D8%A8-%D8%A6%D8%A7%D9%83%D8%B1%D9%87-%D9%8A%D9%89,200,1,text/html,ديوانا ڕەقيب ئاكرەيى - سەنتەرێ زاخۆ بۆ ڤەکۆلینێن کوردی
https://zcks.uoz.edu.krd/?product=%D8%AF%DB%8C%D9%80%D9%88%D8%A7%D9%86%D8%A7-%D8%AE%D9%80%D8%A7%D9%84%D9%80%D9%80%D8%AF-%D8%B3%D9%86%D8%AF%DB%86%D8%B1%DB%8C,200,1,text/html,دیـوانا خـالــد سندۆری - سەنتەرێ زاخۆ بۆ ڤەکۆلینێن کوردی
https://zcks.uoz.edu.krd/?product=%D8%AF%DB%8C%D9%88%D8%A7%D9%86%D8%A7%D9%85%DB%95%D9%84%D8%A7-%D8%B3%DB%95%D8%AF%D8%B1%D9%88%D8%AF%DB%8C%D9%86-%DA%A9%D8%A7%D8%AF%D8%A7%D9%86%DB%8C,200,4,text/html,دیوانا مەلا سەدرودین کادانی - سەنتەرێ زاخۆ بۆ ڤەکۆلینێن کوردی
https://zcks.uoz.edu.krd/?product=%D8%AF%DB%8C%D9%88%D8%A7%D9%86%D8%A7-%D8%A6%D8%A7%D8%BA%D8%A7-%D8%A6%D8%A7%D9%83%D8%B1%DB%95%DB%8C%DB%8C,200,4,text/html,دیوانا ئاغا ئاكرەیی - سەنتەرێ زاخۆ بۆ ڤەکۆلینێن کوردی
https://zcks.uoz.edu.krd/?product=%D8%AF%DB%8C%D9%88%D8%A7%D9%86%D8%A7-%D8%A6%D8%A7%DA%AF%D8%B1-%D9%88-%D8%A8%D8%B1%D9%88%D9%88%D8%B3%D9%83-%D8%A8%DB%95%D8%B1%DA%AF%DB%8E-%D8%A6%DB%8E%DA%A9%DB%8E,200,3,text/html,دیوانا ئاگر و برووسك (١٢ بەرگ) - سەنتەرێ زاخۆ بۆ ڤەکۆلینێن کوردی
https://zcks.uoz.edu.krd/?product=%D8%AF%DB%8C%D9%88%D8%A7%D9%86%D8%A7-%D8%A6%DB%95%D8%AD%D9%85%DB%95%D8%AF-%D8%B9%DB%95%D8%B1%DB%95%D8%A8-%D8%B3%D9%84%DB%8E%DA%A4%D8%A7%D9%86%DB%95%DB%8C%DB%8C,200,4,text/html,دیوانا ئەحمەد‌ عەرەب‌ سلێڤانەیی - سەنتەرێ زاخۆ بۆ ڤەکۆلینێن کوردی
https://zcks.uoz.edu.krd/?product=%D8%AF%DB%8C%D9%88%D8%A7%D9%86%D8%A7-%D8%A8%D9%80%D9%80%D9%80%D9%80%D9%80%D9%80%D9%80%D9%80%D9%80%D9%80%D9%80%D9%80%D9%80%D9%80%D9%80%D9%80%D9%80%D9%80%D9%80%D9%80%D9%80%D8%A7%D8%B2%DB%95%D9%84%D9%80,200,4,text/html,دیوانا بازەلی - سەنتەرێ زاخۆ بۆ ڤەکۆلینێن کوردی
https://zcks.uoz.edu.krd/?product=%D8%AF%DB%8C%D9%88%D8%A7%D9%86%D8%A7-%D8%AD%DB%95%D9%8A%D8%AF%DB%95%D8%B1-%D9%85%DB%95%D8%AA%D9%8A%D9%8A%D9%86,200,4,text/html,دیوانا حەيدەر مەتينی - سەنتەرێ زاخۆ بۆ ڤەکۆلینێن کوردی
https://zcks.uoz.edu.krd/?product=%D8%AF%DB%8C%D9%88%D8%A7%D9%86%D8%A7-%D8%B2%DA%A9%D8%B1%DB%8C-%D9%86%D9%80%D9%80%D9%80%D9%80%D9%80%D9%80%D9%80%DB%8E%D9%80%D9%80%D9%80%D8%B1%D9%88%DB%95%DB%8C%D9%80%D9%80%D9%80%DB%8C,200,4,text/html,دیوانا زکری نێروەیی - سەنتەرێ زاخۆ بۆ ڤەکۆلینێن کوردی
https://zcks.uoz.edu.krd/?product=%D8%AF%DB%8C%D9%88%D8%A7%D9%86%D8%A7-%D8%B3%D8%A8%D8%BA%DB%95%D8%AA%D9%88%DA%B5%D8%A7%DA%B5-%D9%85%D8%B2%D9%88%DB%8C%D8%B1%DB%8C,200,4,text/html,دیوانا سبغەتوڵلا مزویری - سەنتەرێ زاخۆ بۆ ڤەکۆلینێن کوردی
https://zcks.uoz.edu.krd/?product=%D8%AF%DB%8C%D9%88%D8%A7%D9%86%D8%A7-%D8%B3%DB%95%D8%B9%D8%AF%D9%88%D9%84%DA%B5%D8%A7-%D8%A8%D8%A7%D9%85%DB%95%DA%95%D9%86%DB%8C,200,4,text/html,دیوانا سەعدولڵا بامەڕنی - سەنتەرێ زاخۆ بۆ ڤەکۆلینێن کوردی
https://zcks.uoz.edu.krd/?product=%D8%AF%DB%8C%D9%88%D8%A7%D9%86%D8%A7-%D8%B3%DB%95%D9%84%D9%85%D8%A7%D9%86-%D8%B4%D9%88%D9%88%D8%B4%DB%8C,200,4,text/html,دیوانا سەلمان شووشی - سەنتەرێ زاخۆ بۆ ڤەکۆلینێن کوردی
https://zcks.uoz.edu.krd/?product=%D8%AF%DB%8C%D9%88%D8%A7%D9%86%D8%A7-%D8%B3%DB%95%D9%84%D9%85%D8%A7%D9%86-%DA%A9%DB%86%DA%A4%D9%84%DB%8C-%D9%A1%D9%A0-%D8%A8%DB%95%D8%B1%DA%AF,200,3,text/html,دیوانا سەلمان کۆڤلی (١٠ بەرگ) - سەنتەرێ زاخۆ بۆ ڤەکۆلینێن کوردی
https://zcks.uoz.edu.krd/?product=%D8%AF%DB%8C%D9%88%D8%A7%D9%86%D8%A7-%D8%B3%DB%95%DB%8C%D8%AF-%D8%B9%DB%95%D9%84%DB%8C%DB%8E-%DA%86%DB%95%D9%85%D8%B3%DB%95%DB%8C%D8%AF%DB%8C,200,4,text/html,دیوانا سەید عەلیێ چەمسەیدی - سەنتەرێ زاخۆ بۆ ڤەکۆلینێن کوردی
https://zcks.uoz.edu.krd/?product=%D8%AF%DB%8C%D9%88%D8%A7%D9%86%D8%A7-%D9%81%DB%95%D8%AE%D8%B1%DB%95%D8%AF%DB%8C%D9%86-%D8%AF%D9%88%D8%B3%DA%A9%DB%8C,200,4,text/html,دیوانا فەخرەدین دوسکی - سەنتەرێ زاخۆ بۆ ڤەکۆلینێن کوردی
https://zcks.uoz.edu.krd/?product=%D8%AF%DB%8C%D9%88%D8%A7%D9%86%D8%A7-%D9%85%D8%AD%DB%95%D9%85%DB%95%D8%AF-%D8%A7%D9%85%DB%8C%D9%86-%D8%AD%DB%95%D8%B3%DB%86-%D8%B2%DB%8E%D8%A8%D8%A7%D8%B1%DB%8C,200,4,text/html,دیوانا محەمەد امین حەسۆ زێباری - سەنتەرێ زاخۆ بۆ ڤەکۆلینێن کوردی
https://zcks.uoz.edu.krd/?product=%D8%AF%DB%8C%D9%88%D8%A7%D9%86%D8%A7-%D9%85%DB%95%D8%AD%D9%85%D9%88%D9%88%D8%AF-%D9%87%D8%A7%D9%84%DB%86,200,4,text/html,دیوانا مەحموود هالۆ - سەنتەرێ زاخۆ بۆ ڤەکۆلینێن کوردی
https://zcks.uoz.edu.krd/?product=%D8%AF%DB%8C%D9%88%D8%A7%D9%86%D8%A7-%D9%85%DB%95%D9%84%D8%A7%DB%8C%DB%8E-%D8%A8%DB%95%D9%86%DB%8E%D9%86%D8%A7%D9%86%DB%8C,200,4,text/html,دیوانا مەلایێ بەنێنانی - سەنتەرێ زاخۆ بۆ ڤەکۆلینێن کوردی
https://zcks.uoz.edu.krd/?product=%D8%AF%DB%8C%D9%88%D8%A7%D9%86%D8%A7-%D9%85%DB%95%D9%84%D8%A7-%D8%AD%DB%95%D9%85%DB%8C%D8%AF-%D8%B3%D9%80%D9%80%D9%80%D9%80%D9%84%D9%80%D9%80%D9%80%D9%80%D9%80%D9%80%D9%80%D9%80%DB%8E%D9%80%D9%80,200,4,text/html,دیوانا مەلا حەمید سلێڤانەی - سەنتەرێ زاخۆ بۆ ڤەکۆلینێن کوردی
https://zcks.uoz.edu.krd/?product=%D8%AF%DB%8C%D9%88%D8%A7%D9%86%D8%A7-%D9%85%DB%95%D9%84%D8%A7-%D8%B3%D9%84%DB%8E%D9%85%D8%A7%D9%86-%D8%AF%DB%86%D8%B3%D9%83%DB%8C,200,4,text/html,دیوانا مەلا سلێمان دۆسكی - سەنتەرێ زاخۆ بۆ ڤەکۆلینێن کوردی
https://zcks.uoz.edu.krd/?product=%D8%AF%DB%8C%D9%88%D8%A7%D9%86%D8%A7-%D9%85%DB%95%D9%84%D8%A7-%D8%B9%DB%8C%D8%B3%D8%A7-%D8%B2%DB%8E%D8%A8%D8%A7%D8%B1%DB%8C,200,4,text/html,دیوانا مەلا عیسا زێباری - سەنتەرێ زاخۆ بۆ ڤەکۆلینێن کوردی
https://zcks.uoz.edu.krd/?product=%D8%AF%DB%8C%D9%88%D8%A7%D9%86%D8%A7-%D9%85%DB%95%D9%84%D8%A7-%D8%B9%DB%95%D9%84%DB%8C-%D8%A8%DB%86%D8%AA%D8%A7%D9%86%DB%8C,200,3,text/html,دیوانا مەلا عەلی بۆتانی - سەنتەرێ زاخۆ بۆ ڤەکۆلینێن کوردی
https://zcks.uoz.edu.krd/?product=%D8%AF%DB%8C%D9%88%D8%A7%D9%86%D8%A7-%D9%85%DB%95%D9%84%D8%A7-%D8%B9%DB%95%D9%84%DB%8C-%DA%A9%DB%95%D8%B4%D8%A7%D9%86%DB%8C,200,4,text/html,دیوانا مەلا عەلی کەشانی - سەنتەرێ زاخۆ بۆ ڤەکۆلینێن کوردی
https://zcks.uoz.edu.krd/?product=%D8%AF%DB%8C%D9%88%D8%A7%D9%86%D8%A7-%D9%85%DB%95%D9%84%D8%A7-%D9%85%D9%88%D8%AD%DB%95%D9%85%DB%95%D8%AF-%D8%B3%DB%95%D8%B9%D9%8A%D8%AF-%D8%AF%D9%87%DB%86%DA%A9%DB%8C,200,4,text/html,دیوانا مەلا موحەمەد سەعيد دهۆکی - سەنتەرێ زاخۆ بۆ ڤەکۆلینێن کوردی
https://zcks.uoz.edu.krd/?product=%D8%AF%DB%8C%D9%88%D8%A7%D9%86%D8%A7-%D9%85%DB%95%D9%84%D8%A7-%D9%85%DB%95%D8%AD%D9%85%D9%88%D9%88%D8%AF-%D8%AF%DB%8E%D8%B1%D8%B4%DB%95%D9%88%DB%8C,200,4,text/html,دیوانا مەلا مەحموود دێرشەوی - سەنتەرێ زاخۆ بۆ ڤەکۆلینێن کوردی
https://zcks.uoz.edu.krd/?product=%D8%AF%DB%8C%D9%88%D8%A7%D9%86%D8%A7-%D9%85%DB%95%D9%84%D8%A7-%D9%86%D9%88%D8%B1%DB%95%D8%AF%DB%8C%D9%86-%D8%B3%D9%86%D8%AF%DB%8C,200,4,text/html,دیوانا مەلا نورەدین سندی - سەنتەرێ زاخۆ بۆ ڤەکۆلینێن کوردی
https://zcks.uoz.edu.krd/?product=%D8%AF%DB%8C%D9%88%D8%A7%D9%86%D8%A7-%D9%85%DB%95%D9%84%D8%A7-%DB%8C%D9%88%D8%B3%D9%81-%D8%B2%DA%A4%D9%86%DA%AF%DB%8C,200,3,text/html,دیوانا مەلا یوسف زڤنگی - سەنتەرێ زاخۆ بۆ ڤەکۆلینێن کوردی
https://zcks.uoz.edu.krd/?product=%D8%AF%DB%95%D9%87%DB%95%D9%85%DB%8C%D9%86-%DA%A9%DB%86%D9%86%D9%81%DA%95%D8%A7%D9%86%D8%B3%DB%8E-%D9%85%DB%95%D8%AF%D8%B1%DB%95%D8%B3%DB%95%DB%8C%DB%8E%D9%86-%DA%A9%D9%88%D8%B1%D8%AF%DB%8C-%D9%84,200,1,text/html,دەهەمین کۆنفڕانسێ )مەدرەسەیێن کوردی ل سەردەمێن نوی و هەڤچەرخ) - سەنتەرێ زاخۆ بۆ ڤەکۆلینێن کوردی
https://zcks.uoz.edu.krd/?product=%D8%AF%DB%95%D9%88%D9%84%DB%95%D8%AA-%D9%88%D9%85%DB%8C%D8%B1%DA%AF%DB%95%DA%BE%DB%8E%D9%86-%DA%A9%D9%88%D8%B1%D8%AF%DB%8C-%D8%A8%DB%95%D8%B1%DA%AF%DB%8E-%D8%A6%DB%8E%DA%A9%DB%8E,200,2,text/html,دەولەت ومیرگەھێن کوردی - بەرگێ ئێکێ،حەفتەمین كۆنفرانس - سەنتەرێ زاخۆ بۆ ڤەکۆلینێن کوردی
https://zcks.uoz.edu.krd/?product=%D8%AF%DB%95%D9%88%D9%84%DB%95%D8%AA-%D9%88%D9%85%DB%8C%D8%B1%DA%AF%DB%95%DA%BE%DB%8E%D9%86-%DA%A9%D9%88%D8%B1%D8%AF%DB%8C-%D8%A8%DB%95%D8%B1%DA%AF%DB%8E-%D8%AF%D9%88%D9%88%DB%8C%DB%8E,200,2,text/html,دەولەت ومیرگەھێن کوردی - بەرگێ دوویێ - سەنتەرێ زاخۆ بۆ ڤەکۆلینێن کوردی
https://zcks.uoz.edu.krd/?product=%D8%B1%DB%86%D9%85%D8%A7%D9%86%D8%A7-%D9%85%DB%8E%DA%98%D9%88%D9%88%DB%8C%DB%8C%D8%A7-%D9%83%D9%88%D8%B1%D8%AF%DB%8C-%D8%B1%DB%86%D9%85%D8%A7%D9%86%DB%8E%D9%86-%D9%85%D8%AD%D9%87%D9%85%D9%87,200,3,text/html,رۆمانا مێژووییا كوردی رۆمانێن محه‌مه‌د سه‌لیم سواری وه‌ك نموونه‌ - سەنتەرێ زاخۆ بۆ ڤەکۆلینێن کوردی
https://zcks.uoz.edu.krd/?product=%D8%B1%DB%86%DA%98%D9%86%D8%A7%D9%85%D8%A7-%D9%83%D9%88%D8%B1%D8%AF%D8%B3%D8%AA%D8%A7%D9%86-%D8%B2%D9%85%D8%A7%D9%86%D8%AD%D8%A7%D9%84%DB%8E-%D8%AD%D8%B2%D8%A8%D8%A7-%D8%AF%DB%8C%D9%85%D9%88%D9%83,200,3,text/html,رۆژناما كوردستان زمانحالێ حزبا دیموكراتى كوردستان- ئیران 11 كانوونا دووێ- 3 چرییا ئێكێ 1946 ڤه‌كۆلینه‌كا مێژوویى - سەنتەرێ زاخۆ بۆ ڤەکۆلینێن کوردی
https://zcks.uoz.edu.krd/?product=%D8%B1%DB%95%DA%AF%DB%95%D8%B2%DB%95%DA%A9%D8%A7%D9%86%DB%8C-%DA%86%DB%8C%D8%B1%DB%86%DA%A9-%D9%84%DB%95-%D8%AF%D8%A7%D8%B3%D8%AA%D8%A7%D9%86%DB%8C-%D9%85%DB%95%D9%85-%D9%88-%D8%B2%DB%8C%D9%86%DB%8C,200,3,text/html,رەگەزەکانی چیرۆک لە داستانی (مەم و زین)ی خانی دا - سەنتەرێ زاخۆ بۆ ڤەکۆلینێن کوردی
https://zcks.uoz.edu.krd/?product=%D8%B2%D8%A7%D8%AE%D9%80%D9%80%D9%80%D9%80%D9%80%D9%80%D9%80%D9%80%D9%80%D9%80%D9%80%D9%80%DB%86-14-%D9%89-%D8%AA%DB%8C%D8%B1%D9%85%D9%87%D9%87%D8%A7-1958%DB%8E-%D9%80%D9%80-6-%D9%89-%D8%A6,200,3,text/html,زاخــــــــــــۆ 14 ى تیرمه‌ها 1958ێ ــ 6 ى ئادارا 1975ێ  ڤه‌كۆلینه‌كا مێژوویى ــ سیاسى - سەنتەرێ زاخۆ بۆ ڤەکۆلینێن کوردی
https://zcks.uoz.edu.krd/?product=%D8%B3%DB%8C%D8%A7%D8%B3%D8%A9-%D8%A7%D9%84%D8%AA%D8%B1%D8%AD%D9%8A%D9%84-%D9%88-%D8%A7%D9%84%D8%AA%D8%B9%D8%B1%D9%8A%D8%A8-%D9%81%D9%89-%D9%85%D9%86%D8%B7%D9%82%D8%A9-%D8%A8%D9%87%D8%AF%D9%8A%D9%86,200,3,text/html,سیاسة الترحيل و التعريب فى منطقة بهدينان ١٩٧٥-١٩٨٨ - سەنتەرێ زاخۆ بۆ ڤەکۆلینێن کوردی
https://zcks.uoz.edu.krd/?product=%D8%B3%DB%8C%D8%A7%D8%B3%DB%95%D8%AA%D8%A7-%D8%A8%D8%B1%DB%8C%D8%AA%D8%A7%D9%86%DB%8C%D8%A7-%D9%84-%D9%87%DB%95%D9%85%D8%A8%DB%95%D8%B1-%DA%A9%DB%8E%D8%B4%DB%95%DB%8C%D8%A7-%DA%A9%D9%88%D8%B1%D8%AF,200,2,text/html,سیاسەتا بریتانیا ل هەمبەر کێشەیا کوردی،سێیەمین کۆنفرانس - سەنتەرێ زاخۆ بۆ ڤەکۆلینێن کوردی
https://zcks.uoz.edu.krd/?product=%D8%B4%D9%80%D9%80%DA%95%DB%86%DA%A4%D9%80%D9%80%D9%80%D9%87%D9%83%D9%80%D9%80%D9%80%D8%B1%D9%86%D8%A7-%D8%B2%D9%85%D8%A7%D9%86%DB%8E-%DA%95%DB%8C%D9%83%D9%84%D8%A7%D9%85%DB%8E%D9%86-%D8%A8,200,3,text/html,شــڕۆڤـــه‌كـــرنا زمانێ ڕیكلامێن بازرگانى - سەنتەرێ زاخۆ بۆ ڤەکۆلینێن کوردی
https://zcks.uoz.edu.krd/?product=%D8%B4%D9%88%D8%B1%D9%87%D8%B4%D8%A7-%D8%A6%DB%8C%D9%84%D9%88%D9%86%DB%8E-%D9%84-%D8%AF%D9%87%DA%A4%D9%87%D8%B1%D8%A7-%D8%A8%D9%87%D9%87%D8%AF%DB%8C%D9%86%D8%A7,200,2,text/html,شوره‌شا ئیلونێ ل ده‌ڤه‌را به‌هدینان 1961 – 1975 ڤه‌كۆلینه‌كا مێژوویى - سەنتەرێ زاخۆ بۆ ڤەکۆلینێن کوردی
https://zcks.uoz.edu.krd/?product=%D8%B4%DB%86%DA%95%DB%95%D8%B4%D8%A7-%D8%A6%DB%95%DB%8C%D9%84%D9%88%D9%84%DB%8E,200,2,text/html,شۆڕەشا ئەیلولێ،ئێکەمین کۆنفرانس - سەنتەرێ زاخۆ بۆ ڤەکۆلینێن کوردی
https://zcks.uoz.edu.krd/?product=%D9%81%DB%86%D9%84%DA%A9%D9%84%DB%86%D8%B1%DB%8E-%DA%A9%D9%88%D8%B1%D8%AF%DB%8C-%D8%A8%DB%95%D8%B1%DA%AF%DB%8E-%D8%A6%DB%8E%DA%A9%DB%8E,200,2,text/html,فۆلکلۆرێ کوردی - بەرگێ ئێکێ،شەشەمین كۆنفرانس - سەنتەرێ زاخۆ بۆ ڤەکۆلینێن کوردی
https://zcks.uoz.edu.krd/?product=%D9%81%DB%86%D9%84%DA%A9%D9%84%DB%86%D8%B1%DB%8E-%DA%A9%D9%88%D8%B1%D8%AF%DB%8C-%D8%A8%DB%95%D8%B1%DA%AF%DB%8E-%D8%AF%D9%88%D9%88%DB%8C%DB%8E,200,2,text/html,فۆلکلۆرێ کوردی - بەرگێ دوویێ - سەنتەرێ زاخۆ بۆ ڤەکۆلینێن کوردی
https://zcks.uoz.edu.krd/?product=%D9%83%D8%A7%D8%B1%DB%8C%DA%AF%D9%87%D8%B1%DB%8C%DB%8C%D8%A7-%D8%A8%D9%83%D8%A7%D8%B1%D9%87%DB%8C%D9%86%D8%A7%D9%86%D8%A7-%D8%B3%D8%AA%D8%B1%D8%A7%D8%AA%DB%8C%DA%98%DB%8C%D8%A7-%D9%87%DA%98,200,2,text/html,كاریگه‌رییا بكارهینانا ستراتیژیا هژاندنا هزرا و رێكا گه‌نگه‌شێ لسه‌ر ئاستێ فێربوونا قوتابیێن پۆلا ده‌هێ ئاماده‌یى د بابه‌تێ ئه‌ده‌بێ كوردیدا و گه‌شه‌كرنا چێژا ئه‌ده‌بى و باوه‌رى بخۆبوون لده‌ڤ وان - سەنتەرێ زاخۆ بۆ ڤەکۆلینێن کوردی
https://zcks.uoz.edu.krd/?product=%D9%83%D8%A7%D8%B1%DB%8C%DA%AF%D9%87%D8%B1%DB%8C%DB%8C%D8%A7-%D8%AA%D9%87%D9%85%D9%87%D9%86%D9%89-%D9%84-%D8%B3%D9%87%D8%B1-%D8%B2%D9%85%D8%A7%D9%86%DB%8E-%D9%BE,200,3,text/html,كاریگه‌رییا ته‌مه‌نى ل سه‌ر زمانێ په‌یوه‌ندیكرنێ - سەنتەرێ زاخۆ بۆ ڤەکۆلینێن کوردی
https://zcks.uoz.edu.krd/?product=%D9%83%D8%A7%D8%B1%DB%8C%DA%AF%D9%87%D8%B1%DB%8C%DB%8C%D8%A7-%D9%84%D8%A7%D8%B3%D8%A7%DB%8C%DB%8C%D9%83%D8%B1%D9%86%DB%8E-%D9%84%D8%B3%D9%87%D8%B1-%D9%88%DB%8E%D9%86%D9%87,200,3,text/html,كاریگه‌رییا لاساییكرنێ لسه‌ر وێنه‌یێ شعرا كلاسیكییا كوردى - سەنتەرێ زاخۆ بۆ ڤەکۆلینێن کوردی
https://zcks.uoz.edu.krd/?product=%D9%83%D9%88%D8%B1%D8%AF%D8%B3%D8%AA%D8%A7%D9%86-%D8%AF-%D9%85%D9%87%D8%AC%D9%84%D8%B3%DB%8E-%D9%85%D9%87%D8%A8%D8%B9%D9%88%D9%88%D8%B3%D8%A7%D9%86%DB%8E-%D8%A6%D9%88%D8%B3%D9%85,200,3,text/html,كوردستان د مه‌جلسێ مه‌بعووسانێ ئوسمانیدا 1908- 1920 ڤه‌كولینه‌كا مێژوویى - سەنتەرێ زاخۆ بۆ ڤەکۆلینێن کوردی
https://zcks.uoz.edu.krd/?product=%D9%83%D9%88%D8%B1%D8%AF-%D9%88-%D9%87%DB%95%D8%B1%DB%8E%D9%85%D8%A7-%D8%AC%DB%95%D8%B2%DB%8C%D8%B1%D8%A7-%D9%81%D9%88%D8%B1%D8%A7%D8%AA,200,2,text/html,كورد و هەرێما جەزیرا فورات،چارەمین کۆنفرانس - سەنتەرێ زاخۆ بۆ ڤەکۆلینێن کوردی
https://zcks.uoz.edu.krd/?product=%D9%83%D9%89-%D9%83%D8%B4%D9%87%D8%9F-%D9%83%D9%88%D8%B1%D8%AA%D9%87-%DA%86%DB%8C%D8%B1%D9%88%DA%A9,200,3,text/html,كى كشه؟ كورته چیروک - سەنتەرێ زاخۆ بۆ ڤەکۆلینێن کوردی
https://zcks.uoz.edu.krd/?product=%D9%83%DB%86%D8%B2%D8%A7-%D9%BE%DB%95%D9%86%D8%AF%D8%A7%D9%86-%DA%98-%D8%B4%D8%A7%D8%B1-%D9%88-%DA%AF%D9%88%D9%86%D8%AF%D8%A7%D9%86,200,3,text/html,كۆزا پەندان ژ شار و گوندان - سەنتەرێ زاخۆ بۆ ڤەکۆلینێن کوردی
https://zcks.uoz.edu.krd/?product=%D9%85%D8%AF%D9%8A%D9%86%D8%A9-%D8%AF%D9%86%D9%8A%D8%B3%D8%B1-%D8%A7%D9%84%D9%83%D8%B1%D8%AF%D9%8A%D8%A9-%D9%85%D9%86-%D8%A7%D9%84%D9%82%D8%B1%D9%86%D9%A6-%D9%A9%D9%87%D9%80-%D9%A1%D9%A2-%D9%A1,200,3,text/html,مدينة دنيسر الكردية من القرن(٦-٩هـ / ١٢-١٥ م) - سەنتەرێ زاخۆ بۆ ڤەکۆلینێن کوردی
https://zcks.uoz.edu.krd/?product=%D9%85%D8%B9%D8%A7%D8%B1%D9%83-%D8%A8%D8%A7%D8%AA%D9%8A%D9%81%D8%A7-%D9%A1%D9%A9-%D8%A3%D9%8A%D8%A7%D8%B1-%D9%A2%D9%A6-%D8%AD%D8%B2%D9%8A%D8%B1%D8%A7%D9%86-%D9%A1%D9%A9%D9%A6%D9%A2,200,3,text/html,معارك باتيفا ١٩ أيار-٢٦ حزيران ١٩٦٢ - سەنتەرێ زاخۆ بۆ ڤەکۆلینێن کوردی
https://zcks.uoz.edu.krd/?product=%D9%85%D9%82%D8%AF%D9%85%D8%A9-%D9%81%D9%8A-%D8%AA%D8%A7%D8%B1%D9%8A%D8%AE-%D8%B2%D8%A7%D8%AE%D9%88-%D8%AE%D9%84%D8%A7%D9%84-%D8%A7%D9%84%D8%B9%D9%87%D8%AF-%D8%A7%D9%84%D8%B9%D8%AB%D9%85%D8%A7%D9%86,200,2,text/html,مقدمة في تاريخ زاخو خلال العهد العثماني 1515 - 1918  دراسة تاريخية وثائقية - سەنتەرێ زاخۆ بۆ ڤەکۆلینێن کوردی
https://zcks.uoz.edu.krd/?product=%D9%85%D9%86%D9%87%D8%AC-%D8%A7%D9%84%D8%B9%D9%84%D8%A7%D9%82%D8%A9-%D8%A7%D9%84%D8%B3%D9%8A%D8%B1%D8%AA%D9%8A-%D9%81%D9%8A-%D9%84%D8%AA%D8%B5%D9%88%D9%81-%D9%89%D9%86-%D8%AE%D9%84%D8%A7%D9%84-%D9%85,200,3,text/html,منهج العلاقة السيرتي في لتصوف ىن خلال منظومته (زاد السالكين في التصويف و نصائح الدين) - سەنتەرێ زاخۆ بۆ ڤەکۆلینێن کوردی
https://zcks.uoz.edu.krd/?product=%D9%85%D9%88%D9%82%D9%81-%D8%A7%D9%84%D8%B5%D8%AD%D8%A7%D9%81%D8%A9-%D8%A7%D9%84%D8%B9%D8%B1%D8%A7%D9%82%D9%8A%D8%A9-%D9%85%D9%86-%D8%A7%D9%84%D9%82%D8%B6%D9%8A%D8%A9-%D8%A7%D9%84%D9%83%D8%B1%D8%AF,200,3,text/html,موقف الصحافة العراقية من القضية الكردية ١٩٢٣-١٩٤٧ - سەنتەرێ زاخۆ بۆ ڤەکۆلینێن کوردی
https://zcks.uoz.edu.krd/?product=%D9%85%D9%88%D9%82%D9%81-%D8%A8%D8%B1%D9%8A%D8%B7%D8%A7%D9%86%D9%8A%D8%A7-%D9%85%D9%86-%D8%A7%D9%84%D9%82%D8%B6%D9%8A%D8%A9-%D8%A7%D9%84%D9%83%D9%8F%D8%B1%D8%AF%D9%8A%D8%A9-%D9%81%D9%8A-%D8%A7%D9%84,200,4,text/html,موقف بريطانيا من القضية الكُردية في العراق 1975 ــ 1980 دراسة تاريخية وثائقية - سەنتەرێ زاخۆ بۆ ڤەکۆلینێن کوردی
https://zcks.uoz.edu.krd/?product=%D9%85%DB%95%D9%88%D9%84%D9%88%D9%88%D8%AF%D9%86%D8%A7%D9%85%D8%A7-%D9%85%D9%80%DB%95%D9%84%D8%A7-%D8%B3%D9%86%D9%80%D8%AF%DB%8C,200,3,text/html,مەولوودناما مـەلا سنـدی - سەنتەرێ زاخۆ بۆ ڤەکۆلینێن کوردی
https://zcks.uoz.edu.krd/?product=%D9%85%DB%95%D9%88%D9%84%D9%88%D9%88%D8%AF%D9%86%D8%A7%D9%85%D8%A7-%D9%85%DB%95%D9%84%D8%A7-%D8%B3%D9%84%DB%8E%D9%85%D8%A7%D9%86-%D8%AF%DB%86%D8%B3%DA%A9%DB%8C,200,3,text/html,مەولوودناما مەلا سلێمان دۆسکی - سەنتەرێ زاخۆ بۆ ڤەکۆلینێن کوردی
https://zcks.uoz.edu.krd/?product=%D9%86%D8%A7%DB%8C%D9%81-%D8%A8%D9%80%DB%86%D8%B3%DB%95%DA%B5%DB%8C,200,3,text/html,نایف بـۆسەڵی - سەنتەرێ زاخۆ بۆ ڤەکۆلینێن کوردی
https://zcks.uoz.edu.krd/?product=%D9%86%DA%A4%D9%8A%D8%B3%D9%8A%D9%86%D8%A7-%D9%BE%DB%95%D8%B1%DB%95%DA%AF%D8%B1%D8%A7%D9%81%D8%A7-%D8%A6%DB%95%D9%83%D8%A7%D8%AF%D9%8A%D9%85%D9%89,200,1,text/html,نڤيسينا پەرەگرافا ئەكاديمى - سەنتەرێ زاخۆ بۆ ڤەکۆلینێن کوردی
https://zcks.uoz.edu.krd/?product=%D9%87%D9%85%D8%B2%D8%A9-%D8%A2%D8%BA%D8%A7-%D9%85%D9%86%D9%83%D9%88%D8%B1-%D9%A1%D9%A8%D9%A5%D9%A4-%D9%A1%D9%A8%D9%A8%D9%A1,200,3,text/html,همزة آغا منكور ١٨٥٤-١٨٨١ دراسة في حياته السياسية والعسكرية - سەنتەرێ زاخۆ بۆ ڤەکۆلینێن کوردی
https://zcks.uoz.edu.krd/?product=%D9%87%D9%88%D9%86%DB%95%D8%B1%DB%8E-%DA%86%DB%8C%D8%B1%DB%86%DA%A9%D9%86%DA%A4%DB%8C%D8%B3%DB%8C%D9%86%DB%8E-%D9%84-%D8%AC%DB%95%D9%85%D9%86%D9%88%D8%B1%DB%95%D8%AF%DB%8C%D9%86-%D8%B2%D8%A7%D8%B2,200,3,text/html,هونەرێ چیرۆکنڤیسینێ ل جەم(نورەدین زازا)ی - سەنتەرێ زاخۆ بۆ ڤەکۆلینێن کوردی
https://zcks.uoz.edu.krd/?product=%D9%87%DB%95%D9%84%DB%86%DB%8C%D8%B3%D8%AA%DB%8E-%D8%A6%DB%95%D9%85%D8%B1%DB%8C%DA%A9%D8%A7-%DA%98-%D9%86%DB%95%D8%AE%DB%86%D8%B4%DB%8C%D8%A7-%D9%85%DB%95%D9%84%D8%A7-%D9%85%D8%B3%D8%AA%DB%95%D9%81,200,3,text/html,هەلۆیستێ ئەمریکا ژ نەخۆشیا مەلا مستەفا بارزانی ١٩٧٥-١٩٧٩ - سەنتەرێ زاخۆ بۆ ڤەکۆلینێن کوردی
https://zcks.uoz.edu.krd/?product=%D9%A1%D9%A1-%DA%86%DB%8C%D8%B1%DB%86%DA%A9%DB%8E%D9%86-%D9%87%D8%B2%D8%B1%DA%A9%D8%B1%D9%86%DB%8E,200,1,text/html,١١ چیرۆکێن بۆ هزرکرنێ - سەنتەرێ زاخۆ بۆ ڤەکۆلینێن کوردی
https://zcks.uoz.edu.krd/?product=%D9%BE%D8%B1%DB%86%DA%AF%D8%B1%D8%A7%D9%85%DB%8E-%D8%B4%DB%95%D8%B4%DB%95%D9%85%DB%8C%D9%86-%DA%A9%DB%86%D9%86%D9%81%D8%B1%D8%A7%D9%86%D8%B3%DB%8E-%D9%86%D8%A7%DA%A4%D8%AF%DB%95%D9%88%D9%84%DB%95,200,5,text/html,"پرۆگرامێ شەشەمین کۆنفرانسێ ناڤدەولەتی""فۆلکلۆرێ کوردی"". - سەنتەرێ زاخۆ بۆ ڤەکۆلینێن کوردی"
https://zcks.uoz.edu.krd/?product=%DA%86%D8%A7%D9%BE%DB%86%D9%83%D9%8A%D9%8A%D8%A7-%D9%86%DA%A4%D9%8A%D8%B3%D9%8A%D9%86%DB%8E,200,3,text/html,چاپۆكييا نڤيسينێ - سەنتەرێ زاخۆ بۆ ڤەکۆلینێن کوردی
https://zcks.uoz.edu.krd/?product=%DA%95%D9%87%D9%86%DA%AF%DA%A4%D9%87%D8%AF%D8%A7%D9%86%D8%A7-%D9%87%D9%87%D8%A8%D9%88%D9%88%D9%86%DA%AF%D9%87%D8%B1%DB%8C%DB%8E-%D8%AF-%D9%87%D9%87%D9%84,200,3,text/html,"ڕه‌نگڤه‌دانا هه‌بوونگه‌ریێ د هه‌لبه‌ستا هه‌ڤچه‌رخا كوردیدا دیوانا ""ل به‌ر سفكا مه‌ به‌فر دبارت"" یا (محسن قوچان) ى وه‌ك نموونه‌ - سەنتەرێ زاخۆ بۆ ڤەکۆلینێن کوردی"
https://zcks.uoz.edu.krd/?product=%DA%95%DB%86%D9%84%DB%8E-%D9%87%D9%87%DA%A4%D8%AA%DB%8E%D9%83%D8%B3%D8%AA%DB%8C%DB%8E-%D9%88-%D8%AC%DB%86%D8%B1%DB%8E%D9%86-%D9%88%DB%8E-%D8%AF-%D8%A6%D8%A7%DA%A4%D8%A7%D9%83%D8%B1%D9%86,200,2,text/html,ڕۆلێ هه‌ڤتێكستیێ و جۆرێن وێ د ئاڤاكرنا تێكستێ هوزانا كرمانجیا ژووریدا - سەنتەرێ زاخۆ بۆ ڤەکۆلینێن کوردی
https://zcks.uoz.edu.krd/?product=%DA%95%DB%8E%D8%B2%D9%85%D8%A7%D9%86%D8%A7-%D9%83%D8%B1%D9%85%D8%A7%D9%86%D8%AC%D9%83%D9%89-%D8%B2%D8%A7%D8%B2%D8%A7%D9%83%DB%8C%DB%8E-%D8%A8%D9%87%D8%B1%D8%A7%D9%88%D8%B1%D8%AF%D9%83%D8%B1,200,4,text/html,ڕێزمانا كرمانجكى (زازاكیێ) به‌راوردكرن لگه‌ل كرمانجیێ - سەنتەرێ زاخۆ بۆ ڤەکۆلینێن کوردی
https://zcks.uoz.edu.krd/?product=%DA%95%DB%95%D8%AE%D9%86%DB%95%DB%8C%D8%A7-%D9%BE%D8%B1%D8%A7%DA%A9%D8%AA%DB%8C%DA%A9%DB%8C,200,3,text/html,ڕەخنەیا پراکتیکی - سەنتەرێ زاخۆ بۆ ڤەکۆلینێن کوردی
https://zcks.uoz.edu.krd/?product=%DA%98-%D8%A6%DB%8E%D9%83%DA%AF%D8%B1%D8%AA%D9%86%DB%8E-%D8%A8%DB%86-%DA%98%DB%8E%D9%83%DA%A4%DB%95%D8%A8%D9%88%D9%88%D9%86%DB%8E,200,2,text/html,ژ ئێكگرتنێ بۆ ژێكڤەبوونێ،هەشتەمین كۆنفرانس - سەنتەرێ زاخۆ بۆ ڤەکۆلینێن کوردی
https://zcks.uoz.edu.krd/?product=%DA%A4%D9%87%DA%95%D9%87%DA%A4%D8%A7%D9%86%D8%AF%D9%86%D8%A7-%D9%85%DA%98%D8%AF%D8%A7%D8%B1%DB%8C%DB%8E-%D8%A8-%DA%95%DB%8E%D9%83%D8%A7-%D9%83%D9%87%D8%B1%D8%B3%D8%AA%DB%8E,200,2,text/html,ڤه‌ڕه‌ڤاندنا مژداریێ ب ڕێكا كه‌رستێن نه‌كه‌رتی - سەنتەرێ زاخۆ بۆ ڤەکۆلینێن کوردی
https://zcks.uoz.edu.krd/?product=%DA%A4%DB%95%D9%87%DB%8C%D9%86%DB%86%D9%83%D8%A7-%D8%AF%DB%8C%D8%B1%DB%86%D9%83%D8%A7-%D9%83%D9%88%D8%B1%D8%AF-%D9%88-%D9%83%D9%88%D8%B1%D8%AF%D8%B3%D8%AA%D8%A7%D9%86%DB%8E-%D9%85%DB%95%D9%84%D8%A7,200,4,text/html,ڤەهینۆكا دیرۆكا كورد و كوردستانێ - مەلا عبدالرحمن خەندەکى - سەنتەرێ زاخۆ بۆ ڤەکۆلینێن کوردی
https://zcks.uoz.edu.krd/?product=%DA%AF%D9%80%D9%88%D9%84%D8%A7-%D9%86%D8%A7%D8%B1%D9%86%D8%AC%DB%8C-%D9%85%DB%95%D9%88%D9%84%DB%8C%D8%AF%D8%A7-%DA%A9%D9%88%D8%B1%D9%85%D8%A7%D9%86%D8%AC%DB%8C,200,3,text/html,گـولا نارنجی مەولیدا کورمانجی - سەنتەرێ زاخۆ بۆ ڤەکۆلینێن کوردی
https://zcks.uoz.edu.krd/?product=%DA%AF%DB%86%DA%A4%D8%A7%D8%B1%D8%A7-%D8%B1%D9%88%D9%88%DA%AF%DB%95%D9%87%D9%80-%DA%98%D9%85%D8%A7%D8%B1%DB%95%D9%A1%D9%A0-%D9%A1%D9%A1%D8%A8%D9%87%D8%A7%D8%B1-%D9%88-%D9%BE%D8%A7%DB%8C%DB%8C%D8%B2,200,3,text/html,گۆڤارا رووگەهـ ژمارە ١٠-١١ بهار و پاییزا ٢٠٢٠ - سەنتەرێ زاخۆ بۆ ڤەکۆلینێن کوردی
https://zcks.uoz.edu.krd/?product=%DA%AF%DB%86%DA%A4%D8%A7%D8%B1%D8%A7-%D8%B1%D9%88%D9%88%DA%AF%DB%95%D9%87%D9%80-%DA%98%D9%85%D8%A7%D8%B1%DB%95-%D9%A1%D9%A2-%D9%BE%D8%A7%DB%8C%DB%8C%D8%B2%D8%A7-%D9%A2%D9%A0%D9%A2%D9%A0-%D8%B2%DA%A4,200,3,text/html,گۆڤارا رووگەهـ ژمارە ١٢ پاییزا ٢٠٢٠ | زڤستان و بهارا ٢٠٢١ - سەنتەرێ زاخۆ بۆ ڤەکۆلینێن کوردی
https://zcks.uoz.edu.krd/?product=%DA%AF%DB%86%DA%A4%D8%A7%D8%B1%D8%A7-%D8%B1%D9%88%D9%88%DA%AF%DB%95%D9%87%D9%80-%DA%98%D9%85%D8%A7%D8%B1%DB%95-%D9%A1%D9%A3-%D9%87%D8%A7%DA%A4%DB%8C%D9%86-%D9%88-%D9%BE%D8%A7%DB%8C%DB%8C%D8%B2%D8%A7,200,2,text/html,گۆڤارا رووگەهـ ژمارە ١٣ هاڤین و پاییزا ٢٠٢١ - سەنتەرێ زاخۆ بۆ ڤەکۆلینێن کوردی
https://zcks.uoz.edu.krd/?product=%DA%AF%DB%86%DA%A4%D8%A7%D8%B1%D8%A7-%D8%B1%D9%88%D9%88%DA%AF%DB%95%D9%87%D9%80-%DA%98%D9%85%D8%A7%D8%B1%DB%95-%D9%A1%D9%A4-%DA%AF%D9%88%D9%84%D8%A7%D9%86%D8%A7-%D9%A2%D9%A0%D9%A2%D9%A2,200,3,text/html,گۆڤارا رووگەهـ ژمارە ١٤ گولانا ٢٠٢٢ - سەنتەرێ زاخۆ بۆ ڤەکۆلینێن کوردی
https://zcks.uoz.edu.krd/?product=%DA%AF%DB%86%DA%A4%D8%A7%D8%B1%D8%A7-%D8%B1%D9%88%D9%88%DA%AF%DB%95%D9%87%D9%80-%DA%98%D9%85%D8%A7%D8%B1%DB%95-%D9%A1%D9%A5-%D8%AA%DB%95%D8%A8%D8%A7%D8%AE%D8%A7-%D9%A2%D9%A0%D9%A2%D9%A2,200,3,text/html,گۆڤارا رووگەهـ ژمارە ١٥ تەباخا ٢٠٢٢ - سەنتەرێ زاخۆ بۆ ڤەکۆلینێن کوردی
https://zcks.uoz.edu.krd/?product=%DA%AF%DB%86%DA%A4%D8%A7%D8%B1%D8%A7-%D8%B1%D9%88%D9%88%DA%AF%DB%95%D9%87%D9%80-%DA%98%D9%85%D8%A7%D8%B1%DB%95-%D9%A1%D9%A6-%D9%86%DB%8C%D8%B3%D8%A7%D9%86%D8%A7-%D9%A2%D9%A0%D9%A2%D9%A3,200,2,text/html,گۆڤارا رووگەهـ ژمارە ١٦ نیسانا ٢٠٢٣ - سەنتەرێ زاخۆ بۆ ڤەکۆلینێن کوردی
https://zcks.uoz.edu.krd/?product=%DA%AF%DB%86%DA%A4%D8%A7%D8%B1%D8%A7-%D8%B1%D9%88%D9%88%DA%AF%DB%95%D9%87%D9%80-%DA%98%D9%85%D8%A7%D8%B1%DB%95-%D9%A1%D9%A7%D8%A6%DB%95%DB%8C%D9%84%DB%86%D9%84%D8%A7-%D9%A2%D9%A0%D9%A2%D9%A3,200,3,text/html,گۆڤارا رووگەهـ ژمارە ١٧ ئەیلۆلا ٢٠٢٣ - سەنتەرێ زاخۆ بۆ ڤەکۆلینێن کوردی
https://zcks.uoz.edu.krd/?product=%DA%AF%DB%86%DA%A4%D8%A7%D8%B1%D8%A7-%D8%B1%D9%88%D9%88%DA%AF%DB%95%D9%87%D9%80-%DA%98%D9%85%D8%A7%D8%B1%DB%95-%D9%A1%D9%A8-%D8%A6%D8%A7%D8%AF%D8%A7%D8%B1%D8%A7-%D9%A2%D9%A0%D9%A2%D9%A5,200,1,text/html,گۆڤارا رووگەهـ ژمارە ١٨ ئادارا ٢٠٢٥ - سەنتەرێ زاخۆ بۆ ڤەکۆلینێن کوردی
https://zcks.uoz.edu.krd/?product=%DA%AF%DB%86%DA%A4%D8%A7%D8%B1%D8%A7-%D8%B1%D9%88%D9%88%DA%AF%DB%95%D9%87%D9%80-%DA%98%D9%85%D8%A7%D8%B1%DB%95-%D9%A1-%D9%87%D8%A7%DA%A4%DB%8C%D9%86%D8%A7-%D9%A2%D9%A0%D9%A1%D9%A1,200,2,text/html,گۆڤارا رووگەهـ ژمارە ١ هاڤینا ٢٠١١ - سەنتەرێ زاخۆ بۆ ڤەکۆلینێن کوردی
https://zcks.uoz.edu.krd/?product=%DA%AF%DB%86%DA%A4%D8%A7%D8%B1%D8%A7-%D8%B1%D9%88%D9%88%DA%AF%DB%95%D9%87%D9%80-%DA%98%D9%85%D8%A7%D8%B1%DB%95-%D9%A2-%D9%A3-%D9%BE%D8%A7%DB%8C%DB%8C%D8%B2%D8%A7-%D9%A2%D9%A0%D9%A1%D9%A1-%D8%B2,200,3,text/html,گۆڤارا رووگەهـ ژمارە ٢-٣ پاییزا ٢٠١١ - زڤستانا ٢٠١٢ - سەنتەرێ زاخۆ بۆ ڤەکۆلینێن کوردی
https://zcks.uoz.edu.krd/?product=%DA%AF%DB%86%DA%A4%D8%A7%D8%B1%D8%A7-%D8%B1%D9%88%D9%88%DA%AF%DB%95%D9%87%D9%80-%DA%98%D9%85%D8%A7%D8%B1%DB%95-%D9%A4-%D8%A8%D9%87%D8%A7%D8%B1%D8%A7-%D9%A2%D9%A0%D9%A1%D9%A2,200,3,text/html,گۆڤارا رووگەهـ ژمارە ٤ بهارا ٢٠١٢ - سەنتەرێ زاخۆ بۆ ڤەکۆلینێن کوردی
https://zcks.uoz.edu.krd/?product=%DA%AF%DB%86%DA%A4%D8%A7%D8%B1%D8%A7-%D8%B1%D9%88%D9%88%DA%AF%DB%95%D9%87%D9%80-%DA%98%D9%85%D8%A7%D8%B1%DB%95-%D9%A5-%D9%87%D8%A7%DA%A4%DB%8C%D9%86%D8%A7-%D9%A2%D9%A0%D9%A1%D9%A2,200,3,text/html,گۆڤارا رووگەهـ ژمارە ٥ هاڤینا ٢٠١٢ - سەنتەرێ زاخۆ بۆ ڤەکۆلینێن کوردی
https://zcks.uoz.edu.krd/?product=%DA%AF%DB%86%DA%A4%D8%A7%D8%B1%D8%A7-%D8%B1%D9%88%D9%88%DA%AF%DB%95%D9%87%D9%80-%DA%98%D9%85%D8%A7%D8%B1%DB%95-%D9%A6-%D8%A8%D9%87%D8%A7%D8%B1%D8%A7-%D9%A2%D9%A0%D9%A1%D9%A9,200,3,text/html,گۆڤارا رووگەهـ ژمارە ٦ بهارا ٢٠١٩ - سەنتەرێ زاخۆ بۆ ڤەکۆلینێن کوردی
https://zcks.uoz.edu.krd/?product=%DA%AF%DB%86%DA%A4%D8%A7%D8%B1%D8%A7-%D8%B1%D9%88%D9%88%DA%AF%DB%95%D9%87%D9%80-%DA%98%D9%85%D8%A7%D8%B1%DB%95-%D9%A7-%D9%87%D8%A7%DA%A4%DB%8C%D9%86%D8%A7-%D9%A2%D9%A0%D9%A1%D9%A9,200,3,text/html,گۆڤارا رووگەهـ ژمارە ٧ هاڤینا ٢٠١٩ - سەنتەرێ زاخۆ بۆ ڤەکۆلینێن کوردی
https://zcks.uoz.edu.krd/?product=%DA%AF%DB%86%DA%A4%D8%A7%D8%B1%D8%A7-%D8%B1%D9%88%D9%88%DA%AF%DB%95%D9%87%D9%80-%DA%98%D9%85%D8%A7%D8%B1%DB%95-%D9%A8-%D9%A9-%D9%BE%D8%A7%D8%A6%D9%8A%D8%B2%D8%A7-%D9%A2%D9%A0%D9%A1%D9%A9-%D8%B2,200,3,text/html,گۆڤارا رووگەهـ ژمارە ٨-٩ پائيزا ٢٠١٩ | زڤستانا ٢٠٢٠ - سەنتەرێ زاخۆ بۆ ڤەکۆلینێن کوردی
https://zcks.uoz.edu.krd/?product_cat=%D9%86%D8%A7%D9%85%DB%8C%D9%84%DA%A9%DB%95,200,6,text/html,نامیلکە Archives - سەنتەرێ زاخۆ بۆ ڤەکۆلینێن کوردی
https://zcks.uoz.edu.krd/?product_cat=%D9%BE%DB%95%D8%B1%D8%AA%D9%88%D9%88%D9%83,200,2,text/html,پەرتووك Archives - سەنتەرێ زاخۆ بۆ ڤەکۆلینێن کوردی
https://zcks.uoz.edu.krd/?product_cat=%D9%BE%DB%95%D8%B1%D8%AA%D9%88%D9%88%D9%83&paged=1,200,4,text/html,پەرتووك Archives - سەنتەرێ زاخۆ بۆ ڤەکۆلینێن کوردی
https://zcks.uoz.edu.krd/?product_cat=%D9%BE%DB%95%D8%B1%D8%AA%D9%88%D9%88%D9%83&paged=10,200,4,text/html,پەرتووك Archives - Page 10 of 13 - سەنتەرێ زاخۆ بۆ ڤەکۆلینێن کوردی
https://zcks.uoz.edu.krd/?product_cat=%D9%BE%DB%95%D8%B1%D8%AA%D9%88%D9%88%D9%83&paged=11,200,3,text/html,پەرتووك Archives - Page 11 of 13 - سەنتەرێ زاخۆ بۆ ڤەکۆلینێن کوردی
https://zcks.uoz.edu.krd/?product_cat=%D9%BE%DB%95%D8%B1%D8%AA%D9%88%D9%88%D9%83&paged=12,200,3,text/html,پەرتووك Archives - Page 12 of 13 - سەنتەرێ زاخۆ بۆ ڤەکۆلینێن کوردی
https://zcks.uoz.edu.krd/?product_cat=%D9%BE%DB%95%D8%B1%D8%AA%D9%88%D9%88%D9%83&paged=13,200,3,text/html,پەرتووك Archives - Page 13 of 13 - سەنتەرێ زاخۆ بۆ ڤەکۆلینێن کوردی
https://zcks.uoz.edu.krd/?product_cat=%D9%BE%DB%95%D8%B1%D8%AA%D9%88%D9%88%D9%83&paged=2,200,3,text/html,پەرتووك Archives - Page 2 of 13 - سەنتەرێ زاخۆ بۆ ڤەکۆلینێن کوردی
https://zcks.uoz.edu.krd/?product_cat=%D9%BE%DB%95%D8%B1%D8%AA%D9%88%D9%88%D9%83&paged=3,200,3,text/html,پەرتووك Archives - Page 3 of 13 - سەنتەرێ زاخۆ بۆ ڤەکۆلینێن کوردی
https://zcks.uoz.edu.krd/?product_cat=%D9%BE%DB%95%D8%B1%D8%AA%D9%88%D9%88%D9%83&paged=4,200,3,text/html,پەرتووك Archives - Page 4 of 13 - سەنتەرێ زاخۆ بۆ ڤەکۆلینێن کوردی
https://zcks.uoz.edu.krd/?product_cat=%D9%BE%DB%95%D8%B1%D8%AA%D9%88%D9%88%D9%83&paged=5,200,4,text/html,پەرتووك Archives - Page 5 of 13 - سەنتەرێ زاخۆ بۆ ڤەکۆلینێن کوردی
https://zcks.uoz.edu.krd/?product_cat=%D9%BE%DB%95%D8%B1%D8%AA%D9%88%D9%88%D9%83&paged=6,200,4,text/html,پەرتووك Archives - Page 6 of 13 - سەنتەرێ زاخۆ بۆ ڤەکۆلینێن کوردی
https://zcks.uoz.edu.krd/?product_cat=%D9%BE%DB%95%D8%B1%D8%AA%D9%88%D9%88%D9%83&paged=7,200,4,text/html,پەرتووك Archives - Page 7 of 13 - سەنتەرێ زاخۆ بۆ ڤەکۆلینێن کوردی
https://zcks.uoz.edu.krd/?product_cat=%D9%BE%DB%95%D8%B1%D8%AA%D9%88%D9%88%D9%83&paged=8,200,4,text/html,پەرتووك Archives - Page 8 of 13 - سەنتەرێ زاخۆ بۆ ڤەکۆلینێن کوردی
https://zcks.uoz.edu.krd/?product_cat=%D9%BE%DB%95%D8%B1%D8%AA%D9%88%D9%88%D9%83&paged=9,200,4,text/html,پەرتووك Archives - Page 9 of 13 - سەنتەرێ زاخۆ بۆ ڤەکۆلینێن کوردی
https://zcks.uoz.edu.krd/?product_cat=%DA%A9%DB%86%D9%86%D9%81%D8%B1%D8%A7%D9%86%D8%B3,200,2,text/html,کۆنفرانس Archives - سەنتەرێ زاخۆ بۆ ڤەکۆلینێن کوردی
https://zcks.uoz.edu.krd/?product_cat=%DA%A9%DB%86%D9%86%D9%81%D8%B1%D8%A7%D9%86%D8%B3&paged=1,200,4,text/html,کۆنفرانس Archives - سەنتەرێ زاخۆ بۆ ڤەکۆلینێن کوردی
https://zcks.uoz.edu.krd/?product_cat=%DA%A9%DB%86%D9%86%D9%81%D8%B1%D8%A7%D9%86%D8%B3&paged=2,200,3,text/html,کۆنفرانس Archives - Page 2 of 2 - سەنتەرێ زاخۆ بۆ ڤەکۆلینێن کوردی
https://zcks.uoz.edu.krd/?product_cat=%DA%AF%DB%86%DA%A4%D8%A7%D8%B1,200,2,text/html,گۆڤار Archives - سەنتەرێ زاخۆ بۆ ڤەکۆلینێن کوردی
https://zcks.uoz.edu.krd/?product_cat=%DA%AF%DB%86%DA%A4%D8%A7%D8%B1&paged=1,200,4,text/html,گۆڤار Archives - سەنتەرێ زاخۆ بۆ ڤەکۆلینێن کوردی
https://zcks.uoz.edu.krd/?product_cat=%DA%AF%DB%86%DA%A4%D8%A7%D8%B1&paged=2,200,3,text/html,گۆڤار Archives - Page 2 of 2 - سەنتەرێ زاخۆ بۆ ڤەکۆلینێن کوردی
https://zcks.uoz.edu.krd/?product_tag=%D8%A6%DB%95%D8%AF%DB%95%D8%A8,200,3,text/html,ئەدەب Archives - سەنتەرێ زاخۆ بۆ ڤەکۆلینێن کوردی
https://zcks.uoz.edu.krd/?product_tag=%D8%AF%DB%8C%D9%88%D8%A7%D9%86,200,4,text/html,دیوان Archives - سەنتەرێ زاخۆ بۆ ڤەکۆلینێن کوردی
https://zcks.uoz.edu.krd/kjk,404,1,text/html,
