[14:47:34] [xaniagency] robots.txt loaded (5 lines)
[14:47:34] [uod] robots.txt loaded (463 lines)
[14:47:34] [xaniagency] sitemap https://xaniagency.com/wp-sitemap-posts-post-1.xml: 2000 URLs (cumulative at this node)
[14:47:34] [xaniagency] sitemap https://xaniagency.com/wp-sitemap-posts-post-2.xml: 2000 URLs (cumulative at this node)
[14:47:35] [xaniagency] sitemap https://xaniagency.com/wp-sitemap-posts-post-3.xml: 2000 URLs (cumulative at this node)
[14:47:35] [xaniagency] sitemap https://xaniagency.com/wp-sitemap-posts-post-4.xml: 2000 URLs (cumulative at this node)
[14:47:35] [xaniagency] sitemap https://xaniagency.com/wp-sitemap-posts-post-5.xml: 2000 URLs (cumulative at this node)
[14:47:35] [xaniagency] sitemap https://xaniagency.com/wp-sitemap-posts-post-6.xml: 2000 URLs (cumulative at this node)
[14:47:36] [xaniagency] sitemap https://xaniagency.com/wp-sitemap-posts-post-7.xml: 2000 URLs (cumulative at this node)
[14:47:36] [xaniagency] sitemap https://xaniagency.com/wp-sitemap-posts-post-8.xml: 2000 URLs (cumulative at this node)
[14:47:36] [uod] sitemap https://journal.uod.ac/index.php/uodjournal/sitemap: 3034 URLs (cumulative at this node)
[14:47:36] [uod] sitemaps yielded 3034 URLs total
[14:47:36] [xaniagency] sitemap https://xaniagency.com/wp-sitemap-posts-post-9.xml: 2000 URLs (cumulative at this node)
[14:47:36] [xaniagency] sitemap https://xaniagency.com/wp-sitemap-posts-post-10.xml: 621 URLs (cumulative at this node)
[14:47:36] [xaniagency] sitemap https://xaniagency.com/wp-sitemap-posts-page-1.xml: 12 URLs (cumulative at this node)
[14:47:36] [xaniagency] sitemap https://xaniagency.com/wp-sitemap-posts-playlist-1.xml: 1 URLs (cumulative at this node)
[14:47:37] [xaniagency] sitemap https://xaniagency.com/wp-sitemap-taxonomies-category-1.xml: 38 URLs (cumulative at this node)
[14:47:37] [xaniagency] sitemap https://xaniagency.com/wp-sitemap-taxonomies-post_tag-1.xml: 23 URLs (cumulative at this node)
[14:47:37] [xaniagency] sitemap https://xaniagency.com/wp-sitemap-taxonomies-post_format-1.xml: 2 URLs (cumulative at this node)
[14:47:37] [xaniagency] sitemap https://xaniagency.com/wp-sitemap-users-1.xml: 10 URLs (cumulative at this node)
[14:47:37] [xaniagency] sitemap https://xaniagency.com/wp-sitemap.xml: 18707 URLs (cumulative at this node)
[14:47:37] [xaniagency] sitemaps yielded 18707 URLs total
[14:47:39] [uod] doc saved: article_3391_1918_d62c402f.pdf (957 KB)
[14:47:39] [uod] doc saved: article_3392_1919_2ebc2117.pdf (1325 KB)
[14:47:39] [uod] doc saved: article_3362_1912_24546cd1.pdf (1438 KB)
[14:47:40] [uod] doc saved: article_3363_1913_67d80888.pdf (2443 KB)
[14:47:41] [uod] doc saved: article_3365_1914_69bcbaa5.pdf (964 KB)
[14:47:41] [uod] doc saved: article_3366_1915_fe9886ec.pdf (3537 KB)
[14:47:41] [uod] doc saved: article_3394_1920_81e247b5.pdf (2809 KB)
[14:47:42] [uod] doc saved: article_3279_1834_f909bec3.pdf (1007 KB)
[14:47:42] [uod] doc saved: article_3280_1840_5781ba87.pdf (1712 KB)
[14:47:43] [uod] doc saved: article_3281_1835_711ba1f0.pdf (619 KB)
[14:47:43] [uod] doc saved: article_3282_1841_6bb7c6ba.pdf (919 KB)
[14:47:43] [uod] doc saved: article_3283_1836_dcfcec34.pdf (1406 KB)
[14:47:43] [uod] doc saved: article_3284_1842_3e138eac.pdf (952 KB)
[14:47:44] [uod] doc saved: article_3285_1847_de9df79f.pdf (1454 KB)
[14:47:44] [uod] doc saved: article_3286_1846_f2ec6911.pdf (1723 KB)
[14:47:45] [uod] doc saved: article_3287_1849_15676cf9.pdf (1059 KB)
[14:47:45] [uod] doc saved: article_3288_1848_519ae56f.pdf (542 KB)
[14:47:45] [uod] doc saved: article_3289_1850_fa882aae.pdf (1642 KB)
[14:47:46] [uod] doc saved: article_3290_1851_25453627.pdf (535 KB)
[14:47:46] [uod] doc saved: article_3292_1852_8bf5285d.pdf (909 KB)
[14:47:46] [uod] doc saved: article_3291_1838_d73411b5.pdf (1093 KB)
[14:47:47] [uod] doc saved: article_3293_1853_380daa9a.pdf (961 KB)
[14:47:47] [uod] doc saved: article_3294_1854_c6b6a5d3.pdf (1860 KB)
[14:47:48] [uod] doc saved: article_3295_1855_4de00424.pdf (1215 KB)
[14:47:48] [uod] doc saved: article_3296_1856_6b773e1f.pdf (535 KB)
[14:47:48] [uod] doc saved: article_3297_1857_03bc4622.pdf (1482 KB)
[14:47:49] [uod] doc saved: article_3298_1858_de4e98b9.pdf (1322 KB)
[14:47:49] [uod] doc saved: article_3299_1859_6afcf191.pdf (1828 KB)
[14:47:49] [uod] doc saved: article_3300_1860_82f6ba5c.pdf (1368 KB)
[14:47:50] [uod] doc saved: article_3302_1861_e70f533a.pdf (1187 KB)
[14:47:50] [uod] doc saved: article_3303_1862_549acd19.pdf (1237 KB)
[14:47:51] [uod] doc saved: article_3305_1863_1a04cef2.pdf (2168 KB)
[14:47:51] [uod] doc saved: article_3306_1864_6a286ab9.pdf (823 KB)
[14:47:51] [uod] doc saved: article_3307_1865_50be4229.pdf (1076 KB)
[14:47:51] [uod] doc saved: article_3308_1866_7515ffe9.pdf (1964 KB)
[14:47:52] [uod] doc saved: article_3309_1867_0886f2fe.pdf (1419 KB)
[14:47:52] [uod] doc saved: article_3310_1868_d47611d3.pdf (1754 KB)
[14:47:53] [uod] doc saved: article_3312_1869_84338a57.pdf (1238 KB)
[14:47:53] [uod] doc saved: article_3313_1870_eeb4bbe6.pdf (1008 KB)
[14:47:53] [uod] doc saved: article_3314_1871_b9b5e617.pdf (1120 KB)
[14:47:54] [uod] doc saved: article_3315_1872_6fdf8c45.pdf (839 KB)
[14:47:54] [uod] 100 pages, 41 docs, queue=3506+0
[14:47:55] [uod] doc saved: article_3316_1873_4ecf9478.pdf (741 KB)
[14:47:55] [uod] doc saved: article_3319_1874_010f255a.pdf (1099 KB)
[14:47:55] [uod] doc saved: article_3320_1875_86e5d854.pdf (1066 KB)
[14:47:55] [uod] doc saved: article_3321_1876_781c2118.pdf (610 KB)
[14:47:56] [uod] doc saved: article_3322_1877_14c9a7e1.pdf (590 KB)
[14:47:56] [uod] doc saved: article_3323_1878_6b330698.pdf (1996 KB)
[14:47:57] [uod] doc saved: article_3324_1879_c71063cf.pdf (847 KB)
[14:47:57] [uod] doc saved: article_3325_1880_bfce212d.pdf (1905 KB)
[14:47:57] [uod] doc saved: article_3326_1881_004f2b81.pdf (650 KB)
[14:47:58] [uod] doc saved: article_3327_1882_c0dee961.pdf (1111 KB)
[14:47:58] [uod] doc saved: article_3328_1883_4082ca5b.pdf (955 KB)
[14:47:58] [uod] doc saved: article_3329_1884_7eeae6c6.pdf (1159 KB)
[14:47:59] [uod] doc saved: article_3330_1885_50c7d0ce.pdf (2300 KB)
[14:47:59] [uod] doc saved: article_3331_1886_0c8554a8.pdf (5073 KB)
[14:48:00] [uod] doc saved: article_3332_1887_dab0d66b.pdf (1433 KB)
[14:48:00] [uod] doc saved: article_3333_1888_b9cc3355.pdf (1248 KB)
[14:48:00] [uod] doc saved: article_3334_1889_cfcf9cab.pdf (1065 KB)
[14:48:01] [uod] doc saved: article_3335_1890_3396ed4a.pdf (883 KB)
[14:48:01] [uod] doc saved: article_3336_1891_8a9c2c14.pdf (1522 KB)
[14:48:01] [uod] doc saved: article_3337_1892_d133e0c3.pdf (794 KB)
[14:48:02] [uod] doc saved: article_3338_1893_c352effb.pdf (770 KB)
[14:48:02] [uod] doc saved: article_3339_1894_52545800.pdf (2086 KB)
[14:48:03] [uod] doc saved: article_3340_1895_bbf24a51.pdf (1559 KB)
[14:48:03] [uod] doc saved: article_3341_1896_883bb9f3.pdf (1309 KB)
[14:48:03] [uod] doc saved: article_3342_1897_d9f69568.pdf (1513 KB)
[14:48:04] [uod] doc saved: article_3343_1898_dde2c818.pdf (1201 KB)
[14:48:04] [uod] doc saved: article_3344_1899_00b7ad87.pdf (1409 KB)
[14:48:04] [uod] doc saved: article_3345_1839_53da3361.pdf (1035 KB)
[14:48:05] [uod] doc saved: article_3346_1900_57bc3176.pdf (2235 KB)
[14:48:05] [uod] doc saved: article_3347_1901_c6ba1634.pdf (1430 KB)
[14:48:05] [uod] doc saved: article_3348_1902_d780fd2d.pdf (1536 KB)
[14:48:06] [uod] doc saved: article_3349_1905_3f863abd.pdf (1073 KB)
[14:48:06] [uod] doc saved: article_3350_1904_589d4e64.pdf (2054 KB)
[14:48:07] [uod] doc saved: article_3351_1903_4806ed80.pdf (1955 KB)
[14:48:07] [uod] doc saved: article_2835_1529_000517ae.pdf (953 KB)
[14:48:07] [uod] doc saved: article_2836_1530_8640f8df.pdf (563 KB)
[14:48:08] [uod] doc saved: article_2837_1531_83426c97.pdf (897 KB)
[14:48:08] [uod] doc saved: article_2838_1532_a42ceaab.pdf (569 KB)
[14:48:08] [uod] doc saved: article_2908_1563_1a8583a0.pdf (919 KB)
[14:48:09] [uod] doc saved: article_2973_1593_c5f7a4fe.pdf (899 KB)
[14:48:09] [uod] doc saved: article_2975_1597_61abda95.pdf (1559 KB)
[14:48:09] [uod] doc saved: article_3021_1638_5aeffd34.pdf (1133 KB)
[14:48:10] [uod] doc saved: article_3022_1651_49b74917.pdf (1290 KB)
[14:48:10] [uod] doc saved: article_3127_1752_b1d6f60d.pdf (877 KB)
[14:48:10] [uod] doc saved: article_3144_1759_34fde03c.pdf (552 KB)
[14:48:11] [uod] doc saved: article_3146_1760_0eb097cd.pdf (2266 KB)
[14:48:11] [uod] doc saved: article_3161_1765_af35e73c.pdf (1797 KB)
[14:48:12] [uod] doc saved: article_3178_1787_1f46a854.pdf (1626 KB)
[14:48:12] [uod] 200 pages, 89 docs, queue=4044+0
[14:48:12] [uod] doc saved: article_3196_1803_5862d503.pdf (542 KB)
[14:48:12] [uod] doc saved: article_3214_1814_96981a18.pdf (506 KB)
[14:48:13] [uod] doc saved: article_3231_1820_0b7a3c38.pdf (950 KB)
[14:48:13] [uod] doc saved: article_2817_1528_0328f56d.pdf (547 KB)
[14:48:14] [uod] doc saved: article_2818_1516_9424e450.pdf (1613 KB)
[14:48:14] [uod] doc saved: article_2819_1517_f20b73ca.pdf (1412 KB)
[14:48:14] [uod] doc saved: article_2820_1518_f88c7266.pdf (1411 KB)
[14:48:15] [uod] doc saved: article_2821_1519_ee35c97a.pdf (1098 KB)
[14:48:15] [uod] doc saved: article_2822_1520_64cf8c65.pdf (1059 KB)
[14:48:16] [uod] doc saved: article_2823_1521_03e79fea.pdf (1130 KB)
[14:48:16] [uod] doc saved: article_2825_1522_940c6501.pdf (2243 KB)
[14:48:16] [uod] doc saved: article_2826_1523_4287913c.pdf (2183 KB)
[14:48:17] [uod] doc saved: article_2827_1524_aeb538c7.pdf (1568 KB)
[14:48:17] [uod] doc saved: article_2852_1535_662d6a65.pdf (1227 KB)
[14:48:17] [uod] doc saved: article_2828_1525_eadb3adc.pdf (4778 KB)
[14:48:18] [uod] doc saved: article_2853_1536_6b1be714.pdf (2022 KB)
[14:48:18] [uod] doc saved: article_2854_1537_2df2d4f9.pdf (1843 KB)
[14:48:19] [uod] doc saved: article_2855_1538_b2d552b4.pdf (3080 KB)
[14:48:19] [uod] doc saved: article_2856_1539_38fc6ff8.pdf (1207 KB)
[14:48:19] [uod] doc saved: article_2857_1540_1a4d96b5.pdf (1610 KB)
[14:48:20] [uod] doc saved: article_2858_1541_d06542f0.pdf (1380 KB)
[14:48:20] [uod] doc saved: article_2879_1544_95977a12.pdf (1492 KB)
[14:48:20] [uod] doc saved: article_2880_1545_7bc549c4.pdf (1676 KB)
[14:48:21] [uod] doc saved: article_2881_1546_9ed20691.pdf (1488 KB)
[14:48:21] [uod] doc saved: article_2882_1547_2bf625be.pdf (1014 KB)
[14:48:22] [uod] doc saved: article_2883_1548_8a889321.pdf (1735 KB)
[14:48:22] [uod] doc saved: article_2891_1557_400c8184.pdf (1254 KB)
[14:48:22] [uod] doc saved: article_2892_1558_afb97883.pdf (1385 KB)
[14:48:23] [uod] doc saved: article_2909_1564_7fc66105.pdf (928 KB)
[14:48:23] [uod] doc saved: article_2910_1565_f670bb6f.pdf (671 KB)
[14:48:24] [uod] doc saved: article_2911_1566_9bef150a.pdf (1726 KB)
[14:48:24] [uod] doc saved: article_2912_1567_3011691c.pdf (1081 KB)
[14:48:24] [uod] doc saved: article_2913_1568_1aae482b.pdf (1491 KB)
[14:48:25] [uod] doc saved: article_2923_1573_4c7f8896.pdf (2598 KB)
[14:48:25] [uod] doc saved: article_2980_1813_373e5bb2.pdf (908 KB)
[14:48:25] [uod] doc saved: article_2981_1732_174e37b1.pdf (1438 KB)
[14:48:26] [uod] doc saved: article_3031_1643_4f5dd5b7.pdf (1668 KB)
[14:48:26] [uod] doc saved: article_3118_1740_dc6f4031.pdf (1579 KB)
[14:48:26] [uod] doc saved: article_3126_1753_64fff366.pdf (1227 KB)
[14:48:27] [uod] doc saved: article_3153_1763_cd3b6f6c.pdf (1122 KB)
[14:48:27] [uod] doc saved: article_3154_1764_b9edbd8b.pdf (1052 KB)
[14:48:27] [uod] doc saved: article_3162_1794_5a72286c.pdf (313 KB)
[14:48:28] [uod] doc saved: article_3163_1793_5632325f.pdf (1010 KB)
[14:48:28] [uod] doc saved: article_3164_1792_b195cd39.pdf (667 KB)
[14:48:28] [uod] doc saved: article_3168_1791_4e115b28.pdf (494 KB)
[14:48:29] [uod] doc saved: article_3187_1790_e9f3b5c2.pdf (676 KB)
[14:48:29] [uod] doc saved: article_3188_1789_4f7d6ff6.pdf (290 KB)
[14:48:29] [uod] doc saved: article_3189_1788_a706b1fd.pdf (335 KB)
[14:48:30] [uod] doc saved: article_2791_1496_b648c1c8.pdf (1072 KB)
[14:48:30] [uod] 300 pages, 138 docs, queue=4593+0
[14:48:30] [uod] doc saved: article_2792_1497_6a1fc709.pdf (950 KB)
[14:48:31] [uod] doc saved: article_2793_1498_48a0b29e.pdf (1418 KB)
[14:48:31] [uod] doc saved: article_2795_1499_0b68da6a.pdf (810 KB)
[14:48:31] [uod] doc saved: article_2796_1500_93d851d0.pdf (1343 KB)
[14:48:32] [uod] doc saved: article_2797_1501_2ddd861a.pdf (1582 KB)
[14:48:32] [uod] doc saved: article_2799_1503_795063b2.pdf (2399 KB)
[14:48:32] [uod] doc saved: article_2800_1505_81c0805a.pdf (1345 KB)
[14:48:33] [uod] doc saved: article_2805_1506_664efdcd.pdf (733 KB)
[14:48:33] [uod] doc saved: article_2806_1507_2361855e.pdf (1411 KB)
[14:48:34] [uod] doc saved: article_2807_1559_01fbd6a3.pdf (1959 KB)
[14:48:34] [uod] doc saved: article_2809_1509_57a42992.pdf (1282 KB)
[14:48:35] [uod] doc saved: article_2810_1510_53ee985c.pdf (2233 KB)
[14:48:35] [uod] doc saved: article_2811_1511_0e88718b.pdf (1902 KB)
[14:48:35] [uod] doc saved: article_2812_1512_9ff8850f.pdf (739 KB)
[14:48:35] [uod] doc saved: article_2813_1513_f06e9301.pdf (1226 KB)
[14:48:36] [uod] doc saved: article_2814_1514_ea9cb8a9.pdf (1273 KB)
[14:48:36] [uod] doc saved: article_2830_1526_94298a8b.pdf (659 KB)
[14:48:36] [uod] doc saved: article_2849_1533_f9e8059d.pdf (1324 KB)
[14:48:37] [uod] doc saved: article_2850_1555_d4aab73e.pdf (1988 KB)
[14:48:37] [uod] doc saved: article_2866_1542_b6255908.pdf (1485 KB)
[14:48:37] [uod] doc saved: article_2884_1549_897756a4.pdf (1557 KB)
[14:48:38] [uod] doc saved: article_2885_1550_be6fcd13.pdf (774 KB)
[14:48:38] [uod] doc saved: article_2886_1551_66b95d29.pdf (960 KB)
[14:48:39] [uod] doc saved: article_2887_1552_357001f0.pdf (885 KB)
[14:48:39] [uod] doc saved: article_2889_1553_5c50387f.pdf (1193 KB)
[14:48:39] [uod] doc saved: article_2890_1556_2e87e8e8.pdf (1456 KB)
[14:48:40] [uod] doc saved: article_2897_1560_8c0e800f.pdf (704 KB)
[14:48:40] [uod] doc saved: article_2907_1562_76a38c3d.pdf (2434 KB)
[14:48:40] [uod] doc saved: article_2914_1570_e4d5b22b.pdf (1216 KB)
[14:48:41] [uod] doc saved: article_2917_1571_0497bb3e.pdf (989 KB)
[14:48:41] [uod] doc saved: article_2918_1572_26c2c16c.pdf (1330 KB)
[14:48:42] [uod] doc saved: article_2924_1574_05127bd6.pdf (1486 KB)
[14:48:42] [uod] doc saved: article_2925_1575_d62d8643.pdf (1264 KB)
[14:48:43] [uod] doc saved: article_2927_1577_9e90d8f4.pdf (353 KB)
[14:48:43] [uod] doc saved: article_2926_1576_b583ce92.pdf (1373 KB)
[14:48:43] [uod] doc saved: article_2928_1578_679309a9.pdf (811 KB)
[14:48:43] [uod] doc saved: article_2937_1579_e3c4f54e.pdf (1557 KB)
[14:48:44] [uod] doc saved: article_2938_1580_995f1a96.pdf (886 KB)
[14:48:44] [uod] doc saved: article_2942_1582_30890cdf.pdf (995 KB)
[14:48:45] [uod] doc saved: article_2943_1583_75500eec.pdf (2763 KB)
[14:48:45] [uod] doc saved: article_2964_1585_d3e9bc4c.pdf (1285 KB)
[14:48:45] [uod] doc saved: article_2944_1584_437a978c.pdf (1256 KB)
[14:48:46] [uod] doc saved: article_2967_1589_dba09575.pdf (862 KB)
[14:48:46] [uod] doc saved: article_2968_1590_70b3a3b9.pdf (804 KB)
[14:48:46] [uod] doc saved: article_2976_1598_d1bbd784.pdf (846 KB)
[14:48:47] [uod] doc saved: article_2979_1600_a3639267.pdf (919 KB)
[14:48:47] [uod] doc saved: article_2982_1603_a211f98d.pdf (722 KB)
[14:48:47] [xaniagency] 100 pages, 0 docs, queue=18704+0
[14:48:48] [uod] doc saved: article_2985_1604_797afc49.pdf (1866 KB)
[14:48:48] [uod] doc saved: article_2986_1605_c665b4b3.pdf (1570 KB)
[14:48:48] [uod] doc saved: article_2989_1610_14c662d5.pdf (814 KB)
[14:48:48] [uod] doc saved: article_2994_1611_4e7e72dd.pdf (630 KB)
[14:48:49] [uod] 400 pages, 189 docs, queue=5140+0
[14:48:49] [uod] doc saved: article_2995_1612_4b4357a2.pdf (895 KB)
[14:48:49] [uod] doc saved: article_2996_1613_00ff6930.pdf (1602 KB)
[14:48:50] [uod] doc saved: article_2997_1614_a2ea2bad.pdf (1508 KB)
[14:48:50] [uod] doc saved: article_2998_1615_68b28c46.pdf (1186 KB)
[14:48:50] [uod] doc saved: article_3000_1616_a9cc8fe2.pdf (901 KB)
[14:48:50] [uod] doc saved: article_3001_1617_bc52b748.pdf (671 KB)
[14:48:51] [uod] doc saved: article_3002_1618_a9d3740e.pdf (588 KB)
[14:48:51] [uod] doc saved: article_3003_1619_1283c76f.pdf (1301 KB)
[14:48:52] [uod] doc saved: article_3004_1620_aefac635.pdf (631 KB)
[14:48:52] [uod] doc saved: article_3005_1621_70803018.pdf (740 KB)
[14:48:52] [uod] doc saved: article_3009_1624_50d92ac0.pdf (1503 KB)
[14:48:53] [uod] doc saved: article_3010_1625_fe04d79e.pdf (2425 KB)
[14:48:53] [uod] doc saved: article_3015_1636_4b27e026.pdf (1320 KB)
[14:48:53] [uod] doc saved: article_3016_1637_da366204.pdf (1101 KB)
[14:48:54] [uod] doc saved: article_3017_1630_54df3dc6.pdf (1867 KB)
[14:48:54] [uod] doc saved: article_3018_1631_2656b9db.pdf (1331 KB)
[14:48:54] [uod] doc saved: article_3019_1632_bde84224.pdf (1901 KB)
[14:48:55] [uod] doc saved: article_3020_1633_d4e518f4.pdf (1449 KB)
[14:48:55] [uod] doc saved: article_3034_1645_68a50e8d.pdf (765 KB)
[14:48:55] [uod] doc saved: article_3035_1646_b92329c8.pdf (1494 KB)
[14:48:56] [uod] doc saved: article_3036_1647_b1a52962.pdf (1980 KB)
[14:48:56] [uod] doc saved: article_3037_1648_6d816601.pdf (1509 KB)
[14:48:57] [uod] doc saved: article_3039_1650_0490acb9.pdf (1778 KB)
[14:48:57] [uod] doc saved: article_3111_1729_0553cddd.pdf (1325 KB)
[14:48:57] [uod] doc saved: article_3112_1733_4f1b3d48.pdf (2144 KB)
[14:48:58] [uod] doc saved: article_3113_1734_a9a943b1.pdf (1099 KB)
[14:48:58] [uod] doc saved: article_3114_1735_0ffae62d.pdf (631 KB)
[14:48:58] [uod] doc saved: article_3115_1737_fa837781.pdf (703 KB)
[14:48:59] [uod] doc saved: article_3117_1739_c0a45517.pdf (1315 KB)
[14:48:59] [uod] doc saved: article_3121_1743_09180002.pdf (1579 KB)
[14:48:59] [uod] doc saved: article_3122_1744_e348429d.pdf (1778 KB)
[14:49:00] [uod] doc saved: article_3123_1747_29da2af5.pdf (1302 KB)
[14:49:00] [uod] doc saved: article_3124_1748_dbf58143.pdf (1325 KB)
[14:49:00] [uod] doc saved: article_3125_1749_61c20993.pdf (1249 KB)
[14:49:00] [uod] doc saved: article_3134_1754_d493aef0.pdf (211 KB)
[14:49:01] [uod] doc saved: article_3136_1755_3a569475.pdf (1353 KB)
[14:49:01] [uod] doc saved: article_3137_1756_877a9bc9.pdf (792 KB)
[14:49:02] [uod] doc saved: article_3140_1757_1ae83085.pdf (1389 KB)
[14:49:02] [uod] doc saved: article_3141_1758_ef9a7099.pdf (539 KB)
[14:49:03] [uod] doc saved: article_3165_1796_f0ed81d3.pdf (896 KB)
[14:49:03] [uod] doc saved: article_3172_1797_a9513de0.pdf (827 KB)
[14:49:03] [uod] doc saved: article_3173_1772_a8714029.pdf (279 KB)
[14:49:03] [uod] doc saved: article_3175_1798_8c689595.pdf (337 KB)
[14:49:04] [uod] doc saved: article_3179_1799_13021840.pdf (684 KB)
[14:49:04] [uod] doc saved: article_3181_1800_095a9e75.pdf (907 KB)
[14:49:05] [uod] doc saved: article_3183_1801_7a671ac6.pdf (815 KB)
[14:49:05] [uod] doc saved: article_3190_1802_67588322.pdf (614 KB)
[14:49:05] [uod] doc saved: article_3199_1805_fbc79520.pdf (1324 KB)
[14:49:05] [uod] doc saved: article_3216_1816_06c3dde9.pdf (1141 KB)
[14:49:06] [uod] doc saved: article_3219_1817_a886352f.pdf (1573 KB)
[14:49:06] [uod] 500 pages, 239 docs, queue=5679+1
[14:49:06] [uod] doc saved: article_3220_1818_57b6b28e.pdf (887 KB)
[14:49:07] [uod] doc saved: article_3221_1819_cdf5da73.pdf (2010 KB)
[14:49:07] [uod] doc saved: article_3234_1821_32c03ffb.pdf (1292 KB)
[14:49:07] [uod] doc saved: article_3247_1825_5d91193e.pdf (1272 KB)
[14:49:08] [uod] doc saved: article_3248_1826_170ab042.pdf (569 KB)
[14:49:08] [uod] doc saved: article_3397_1921_cb48a536.pdf (1261 KB)
[14:49:08] [uod] doc saved: article_3399_1922_ae053657.pdf (987 KB)
[14:49:09] [uod] doc saved: article_3404_1923_7e9eedbb.pdf (747 KB)
[14:49:09] [uod] doc saved: article_2623_1386_bf2b423f.pdf (1227 KB)
[14:49:09] [uod] doc saved: article_2624_1387_7d02d364.pdf (1012 KB)
[14:49:10] [uod] doc saved: article_2625_1388_94e830bd.pdf (860 KB)
[14:49:10] [uod] doc saved: article_2626_1389_4aab0838.pdf (1036 KB)
[14:49:11] [uod] doc saved: article_2627_1390_e7099953.pdf (1032 KB)
[14:49:11] [uod] doc saved: article_2628_1391_0a3be096.pdf (1146 KB)
[14:49:11] [uod] doc saved: article_2629_1392_6d2a84df.pdf (1007 KB)
[14:49:12] [uod] doc saved: article_2633_1393_254c9606.pdf (1090 KB)
[14:49:12] [uod] doc saved: article_2634_1394_e725da43.pdf (830 KB)
[14:49:12] [uod] doc saved: article_2635_1395_0c99e5b9.pdf (1047 KB)
[14:49:13] [uod] doc saved: article_2637_1396_6c863409.pdf (1197 KB)
[14:49:13] [uod] doc saved: article_2638_1397_b6d304cd.pdf (1074 KB)
[14:49:13] [uod] doc saved: article_2645_1398_4546ee53.pdf (1088 KB)
[14:49:13] [uod] doc saved: article_2646_1400_e27cdd40.pdf (937 KB)
[14:49:14] [uod] doc saved: article_2648_1401_7aa4f6a4.pdf (1074 KB)
[14:49:15] [uod] doc saved: article_2650_1402_82a1c02e.pdf (1226 KB)
[14:49:15] [uod] doc saved: article_2652_1403_5e56af57.pdf (1228 KB)
[14:49:15] [uod] doc saved: article_2653_1404_fd829521.pdf (948 KB)
[14:49:15] [uod] doc saved: article_2654_1405_1e9311a0.pdf (984 KB)
[14:49:16] [uod] doc saved: article_2655_1406_613cdbdc.pdf (933 KB)
[14:49:16] [uod] doc saved: article_2656_1407_21359e75.pdf (1135 KB)
[14:49:16] [uod] doc saved: article_2657_1411_dc67c8e1.pdf (1105 KB)
[14:49:17] [uod] doc saved: article_2659_1413_c367fe70.pdf (905 KB)
[14:49:17] [uod] doc saved: article_2658_1412_cab20d70.pdf (1347 KB)
[14:49:17] [uod] doc saved: article_2661_1415_271d56da.pdf (772 KB)
[14:49:18] [uod] doc saved: article_2662_1416_6fa3c864.pdf (1100 KB)
[14:49:18] [uod] doc saved: article_2663_1417_83378faa.pdf (1067 KB)
[14:49:18] [uod] doc saved: article_2664_1418_c2dde33d.pdf (1093 KB)
[14:49:19] [uod] doc saved: article_2665_1419_1f8b96d7.pdf (886 KB)
[14:49:19] [uod] doc saved: article_2666_1420_fa95e06c.pdf (1001 KB)
[14:49:19] [uod] doc saved: article_2667_1421_da6c95ce.pdf (1227 KB)
[14:49:20] [uod] doc saved: article_2668_1422_abd0fed9.pdf (1096 KB)
[14:49:20] [uod] doc saved: article_2669_1423_5b0b1954.pdf (989 KB)
[14:49:21] [uod] doc saved: article_2670_1424_75124f0a.pdf (1284 KB)
[14:49:21] [uod] doc saved: article_2671_1425_a937665f.pdf (829 KB)
[14:49:21] [uod] doc saved: article_2672_1426_eaf3d608.pdf (1120 KB)
[14:49:21] [uod] doc saved: article_2673_1427_c3d26a58.pdf (1205 KB)
[14:49:22] [uod] doc saved: article_2674_1428_76948df1.pdf (923 KB)
[14:49:22] [uod] doc saved: article_2675_1429_cea8dcd5.pdf (1018 KB)
[14:49:22] [uod] doc saved: article_2676_1430_616d67db.pdf (910 KB)
[14:49:23] [uod] doc saved: article_2679_1432_8765a9af.pdf (935 KB)
[14:49:23] [uod] 600 pages, 288 docs, queue=6229+0
[14:49:23] [uod] doc saved: article_2680_1433_f47de1a5.pdf (1281 KB)
[14:49:23] [uod] doc saved: article_2681_1434_a299b77d.pdf (966 KB)
[14:49:24] [uod] doc saved: article_2683_1435_6e34f47e.pdf (1197 KB)
[14:49:24] [uod] doc saved: article_2684_1436_fd2de2ec.pdf (1057 KB)
[14:49:25] [uod] doc saved: article_2685_1437_2c19b8e1.pdf (1306 KB)
[14:49:25] [uod] doc saved: article_2687_1438_d3bb8a83.pdf (1135 KB)
[14:49:25] [uod] doc saved: article_2688_1493_4234d043.pdf (917 KB)
[14:49:25] [uod] doc saved: article_2689_1439_8a84b096.pdf (1164 KB)
[14:49:26] [uod] doc saved: article_2690_1440_9e8486b9.pdf (1273 KB)
[14:49:26] [uod] doc saved: article_2692_1441_63a9a32e.pdf (1006 KB)
[14:49:27] [uod] doc saved: article_2694_1442_ef8dab42.pdf (809 KB)
[14:49:27] [uod] doc saved: article_2695_1444_a0b7a1ab.pdf (987 KB)
[14:49:27] [uod] doc saved: article_2696_1443_b85b5392.pdf (1348 KB)
[14:49:28] [uod] doc saved: article_2697_1445_c6d8634d.pdf (1138 KB)
[14:49:28] [uod] doc saved: article_2698_1446_d4ff798d.pdf (1543 KB)
[14:49:28] [uod] doc saved: article_2699_1447_06bd8f5e.pdf (1050 KB)
[14:49:29] [uod] doc saved: article_2700_1448_eba56b7d.pdf (1153 KB)
[14:49:29] [uod] doc saved: article_2701_1449_d3fb47cf.pdf (882 KB)
[14:49:29] [uod] doc saved: article_2702_1450_77bbf859.pdf (969 KB)
[14:49:30] [uod] doc saved: article_2703_1451_67c3f718.pdf (1124 KB)
[14:49:30] [uod] doc saved: article_2704_1452_2dcb8836.pdf (1382 KB)
[14:49:30] [uod] doc saved: article_2705_1453_fdf40e62.pdf (1047 KB)
[14:49:31] [uod] doc saved: article_2706_1454_c9f7f1ee.pdf (1030 KB)
[14:49:31] [uod] doc saved: article_2707_1456_b024d177.pdf (807 KB)
[14:49:31] [uod] doc saved: article_2708_1457_038d18b7.pdf (1091 KB)
[14:49:32] [uod] doc saved: article_2709_1458_d696ec6c.pdf (1273 KB)
[14:49:32] [uod] doc saved: article_2710_1459_dc29be9b.pdf (956 KB)
[14:49:32] [uod] doc saved: article_2711_1460_22cb3567.pdf (1253 KB)
[14:49:33] [uod] doc saved: article_2712_1461_bd244c0d.pdf (898 KB)
[14:49:33] [uod] doc saved: article_2713_1462_c8866c5f.pdf (1131 KB)
[14:49:34] [uod] doc saved: article_2714_1463_443b38cc.pdf (1621 KB)
[14:49:34] [uod] doc saved: article_2715_1464_a9482e4e.pdf (1305 KB)
[14:49:34] [uod] doc saved: article_2716_1465_3b92e456.pdf (1014 KB)
[14:49:34] [uod] doc saved: article_2717_1466_2b3cf6ea.pdf (890 KB)
[14:49:35] [uod] doc saved: article_2718_1467_f634ce2c.pdf (1046 KB)
[14:49:35] [uod] doc saved: article_2719_1468_be71d9b4.pdf (1235 KB)
[14:49:36] [uod] doc saved: article_2720_1469_c4c9f11a.pdf (958 KB)
[14:49:36] [uod] doc saved: article_2721_1470_9c22d2b7.pdf (1420 KB)
[14:49:36] [uod] doc saved: article_2722_1471_735ae13a.pdf (1186 KB)
[14:49:36] [uod] doc saved: article_2726_1472_eb782ee3.pdf (1156 KB)
[14:49:37] [uod] doc saved: article_2728_1473_24639dc9.pdf (954 KB)
[14:49:37] [uod] doc saved: article_2729_1474_b1bcd910.pdf (1229 KB)
[14:49:38] [uod] doc saved: article_2730_1475_b8bb5a18.pdf (1056 KB)
[14:49:38] [uod] doc saved: article_2731_1476_ecc0e613.pdf (1135 KB)
[14:49:38] [uod] doc saved: article_2732_1477_b2445c25.pdf (956 KB)
[14:49:39] [uod] doc saved: article_2733_1478_6fae0367.pdf (1074 KB)
[14:49:39] [uod] doc saved: article_2734_1479_85d10231.pdf (1158 KB)
[14:49:39] [uod] doc saved: article_2735_1480_f3c49411.pdf (1117 KB)
[14:49:40] [uod] doc saved: article_2737_1481_8f8dcf35.pdf (914 KB)
[14:49:40] [uod] doc saved: article_2738_1482_a088305c.pdf (2058 KB)
[14:49:40] [uod] 700 pages, 338 docs, queue=6779+1
[14:49:40] [uod] doc saved: article_2739_1483_a4b0bf55.pdf (1230 KB)
[14:49:41] [uod] doc saved: article_2741_1484_a343b6e0.pdf (1030 KB)
[14:49:41] [uod] doc saved: article_2742_1485_08b451bf.pdf (1031 KB)
[14:49:41] [uod] doc saved: article_2743_1486_3609f0bf.pdf (1162 KB)
[14:49:42] [uod] doc saved: article_2744_1487_9802aef6.pdf (1057 KB)
[14:49:42] [uod] doc saved: article_2745_1488_81fcb095.pdf (1070 KB)
[14:49:42] [uod] doc saved: article_2747_1489_d19adad8.pdf (1044 KB)
[14:49:43] [uod] doc saved: article_2748_1490_fc6b97c8.pdf (1330 KB)
[14:49:43] [uod] doc saved: article_2749_1491_98743534.pdf (898 KB)
[14:49:44] [uod] doc saved: article_2750_1492_334e2931.pdf (1045 KB)
[14:49:44] [uod] doc saved: article_2318_1233_9d864930.pdf (1483 KB)
[14:49:44] [uod] doc saved: article_2319_1234_808ef127.pdf (1087 KB)
[14:49:45] [uod] doc saved: article_2320_1235_0f77a08f.pdf (1189 KB)
[14:49:45] [uod] doc saved: article_2321_1236_312d94eb.pdf (1244 KB)
[14:49:45] [uod] doc saved: article_2322_1237_368503b8.pdf (1159 KB)
[14:49:46] [uod] doc saved: article_2323_1238_fa6e99c6.pdf (1198 KB)
[14:49:46] [uod] doc saved: article_2354_1264_83a1dbce.pdf (1233 KB)
[14:49:46] [xaniagency] 200 pages, 0 docs, queue=18703+0
[14:49:46] [uod] doc saved: article_2355_1265_59ef99d7.pdf (1135 KB)
[14:49:47] [uod] doc saved: article_2356_1266_296683cc.pdf (1143 KB)
[14:49:47] [uod] doc saved: article_2394_1284_e85bf834.pdf (1238 KB)
[14:49:47] [uod] doc saved: article_2395_1285_0c9cee92.pdf (1316 KB)
[14:49:48] [uod] doc saved: article_2396_1286_bd3ffd18.pdf (930 KB)
[14:49:48] [uod] doc saved: article_2397_1287_d1a183a4.pdf (1126 KB)
[14:49:49] [uod] doc saved: article_2398_1288_cd62c532.pdf (1017 KB)
[14:49:49] [uod] doc saved: article_2399_1289_dec8a9ba.pdf (850 KB)
[14:49:49] [uod] doc saved: article_2401_1495_cee8d78f.pdf (496 KB)
[14:49:49] [uod] doc saved: article_2402_1291_590ca92e.pdf (1241 KB)
[14:49:50] [uod] doc saved: article_2403_1292_5e7e82dd.pdf (1375 KB)
[14:49:50] [uod] doc saved: article_2404_1293_3efbddbf.pdf (878 KB)
[14:49:51] [uod] doc saved: article_2437_1308_c0fbcfd9.pdf (1293 KB)
[14:49:51] [uod] doc saved: article_2518_1365_1f808622.pdf (1169 KB)
[14:49:51] [uod] doc saved: article_2519_1366_5a0f3b51.pdf (940 KB)
[14:49:52] [uod] doc saved: article_2520_1367_e5c1b495.pdf (1384 KB)
[14:49:52] [uod] doc saved: article_2521_1368_6ffceb27.pdf (1180 KB)
[14:49:53] [uod] doc saved: article_2522_1369_4f48bc50.pdf (1453 KB)
[14:49:53] [uod] doc saved: article_2523_1370_fc3e2b25.pdf (1507 KB)
[14:49:53] [uod] doc saved: article_2537_1373_d583e008.pdf (1080 KB)
[14:49:53] [uod] doc saved: article_2603_1385_86174b19.pdf (532 KB)
[14:49:54] [uod] doc saved: article_2295_1228_1c3f7516.pdf (1720 KB)
[14:49:54] [uod] doc saved: article_2296_1229_995ad103.pdf (1173 KB)
[14:49:55] [uod] doc saved: article_2297_1261_e6cf6e10.pdf (679 KB)
[14:49:55] [uod] doc saved: article_2298_1494_18ef5687.pdf (926 KB)
[14:49:55] [uod] doc saved: article_2299_1232_976a2453.pdf (2147 KB)
[14:49:56] [uod] doc saved: article_2340_1251_d550c763.pdf (1050 KB)
[14:49:56] [uod] doc saved: article_2341_1252_b6ca63a8.pdf (1727 KB)
[14:49:56] [uod] doc saved: article_2342_1253_cdc03678.pdf (1261 KB)
[14:49:57] [uod] doc saved: article_2343_1254_d810b8b1.pdf (1350 KB)
[14:49:57] [uod] doc saved: article_2344_1255_b4d0e245.pdf (1151 KB)
[14:49:58] [uod] doc saved: article_2345_1257_26bbf608.pdf (950 KB)
[14:49:58] [uod] 800 pages, 387 docs, queue=7315+1
[14:49:58] [uod] doc saved: article_2346_1258_653ff427.pdf (1062 KB)
[14:49:58] [uod] doc saved: article_2347_1259_3d814fd8.pdf (914 KB)
[14:49:59] [uod] doc saved: article_2350_1260_04109fdb.pdf (1855 KB)
[14:49:59] [uod] doc saved: article_2365_1267_fe3bb382.pdf (1173 KB)
[14:49:59] [uod] doc saved: article_2366_1268_1dade6e3.pdf (1030 KB)
[14:50:00] [uod] doc saved: article_2367_1269_34cd33b7.pdf (1156 KB)
[14:50:00] [uod] doc saved: article_2368_1270_98e8031a.pdf (1290 KB)
[14:50:00] [uod] doc saved: article_2369_1271_a54e9c39.pdf (1374 KB)
[14:50:01] [uod] doc saved: article_2370_1561_14b72b9d.pdf (305 KB)
[14:50:01] [uod] doc saved: article_2374_1273_84943c24.pdf (1122 KB)
[14:50:02] [uod] doc saved: article_2375_1275_f0d080da.pdf (731 KB)
[14:50:02] [uod] doc saved: article_2386_1276_a143a341.pdf (1099 KB)
[14:50:03] [uod] doc saved: article_2387_1277_37c7eaa6.pdf (1183 KB)
[14:50:03] [uod] doc saved: article_2388_1278_c49a9fc3.pdf (930 KB)
[14:50:03] [uod] doc saved: article_2389_1294_3d93d8cd.pdf (474 KB)
[14:50:04] [uod] doc saved: article_2390_1280_bf5663e5.pdf (1048 KB)
[14:50:04] [uod] doc saved: article_2391_1281_80454134.pdf (810 KB)
[14:50:05] [uod] doc saved: article_2392_1282_6af99f17.pdf (1498 KB)
[14:50:05] [uod] doc saved: article_2393_1283_7e12cb70.pdf (1470 KB)
[14:50:05] [uod] doc saved: article_2410_1384_1f84d846.pdf (1280 KB)
[14:50:05] [uod] doc saved: article_2411_1296_e4857eae.pdf (1623 KB)
[14:50:06] [uod] doc saved: article_2412_1297_b7ae0dbc.pdf (1457 KB)
[14:50:06] [uod] doc saved: article_2453_1314_5c0e0ae4.pdf (1086 KB)
[14:50:07] [uod] doc saved: article_2455_1315_9d24a426.pdf (720 KB)
[14:50:07] [uod] doc saved: article_2456_1316_c2e06e6a.pdf (836 KB)
[14:50:07] [uod] doc saved: article_2478_1331_9696e4e7.pdf (1325 KB)
[14:50:08] [uod] doc saved: article_2515_1362_b2d151aa.pdf (1167 KB)
[14:50:08] [uod] doc saved: article_2516_1363_0b01e417.pdf (1208 KB)
[14:50:08] [uod] doc saved: article_2517_1364_3ed3f30c.pdf (718 KB)
[14:50:09] [uod] doc saved: article_2538_1374_b544131e.pdf (692 KB)
[14:50:09] [uod] doc saved: article_3240_1824_9273dafe.pdf (560 KB)
[14:50:09] [uod] doc saved: article_2282_1220_43f78703.pdf (1003 KB)
[14:50:10] [uod] doc saved: article_2283_1221_a23133f4.pdf (1296 KB)
[14:50:10] [uod] doc saved: article_2284_1222_cbb40891.pdf (806 KB)
[14:50:11] [uod] doc saved: article_2285_1223_5edc54ec.pdf (1462 KB)
[14:50:11] [uod] doc saved: article_2286_1224_4046d957.pdf (1516 KB)
[14:50:11] [uod] doc saved: article_2287_1225_334099e2.pdf (694 KB)
[14:50:12] [uod] doc saved: article_2289_1227_9a9c3d25.pdf (443 KB)
[14:50:12] [uod] doc saved: article_2288_1226_3f730b8e.pdf (684 KB)
[14:50:12] [uod] doc saved: article_2324_1239_b1fd9624.pdf (1647 KB)
[14:50:12] [uod] doc saved: article_2325_1241_e522bedc.pdf (855 KB)
[14:50:13] [uod] doc saved: article_2326_1242_3252647f.pdf (1090 KB)
[14:50:13] [uod] doc saved: article_2327_1263_5d7fe2fd.pdf (1613 KB)
[14:50:14] [uod] doc saved: article_2331_1244_fcc5b021.pdf (1118 KB)
[14:50:14] [uod] doc saved: article_2332_1245_1c8064f2.pdf (836 KB)
[14:50:14] [uod] doc saved: article_2333_1246_b9e6d153.pdf (1689 KB)
[14:50:15] [uod] doc saved: article_2334_1247_62609d30.pdf (987 KB)
[14:50:15] [uod] doc saved: article_2335_1249_a0a76162.pdf (1223 KB)
[14:50:16] [uod] doc saved: article_2336_1250_926b20ac.pdf (1723 KB)
[14:50:16] [uod] doc saved: article_2417_1298_5681b477.pdf (798 KB)
[14:50:16] [uod] 900 pages, 437 docs, queue=7853+1
[14:50:16] [uod] doc saved: article_2418_1324_5a487a0e.pdf (957 KB)
[14:50:16] [uod] doc saved: article_2419_1336_169eceeb.pdf (1086 KB)
[14:50:17] [uod] doc saved: article_2420_1303_12fc746b.pdf (2573 KB)
[14:50:17] [uod] doc saved: article_2421_1304_6d2fa707.pdf (1420 KB)
[14:50:18] [uod] doc saved: article_2422_1305_cfbd1a82.pdf (1739 KB)
[14:50:18] [uod] doc saved: article_2435_1306_a9b49837.pdf (1588 KB)
[14:50:18] [uod] doc saved: article_2436_1307_416b12e5.pdf (1651 KB)
[14:50:19] [uod] doc saved: article_2438_1309_55ecb235.pdf (958 KB)
[14:50:19] [uod] doc saved: article_2449_1311_7a7b16b1.pdf (2154 KB)
[14:50:20] [uod] doc saved: article_2450_1312_ef175556.pdf (1645 KB)
[14:50:20] [uod] doc saved: article_2451_1313_0e26ecbc.pdf (2697 KB)
[14:50:20] [uod] doc saved: article_2467_1372_17ee237c.pdf (1559 KB)
[14:50:20] [uod] doc saved: article_2468_1319_d33a656f.pdf (983 KB)
[14:50:21] [uod] doc saved: article_2469_1320_81340135.pdf (915 KB)
[14:50:21] [uod] doc saved: article_2470_1321_dbf597fd.pdf (383 KB)
[14:50:22] [uod] doc saved: article_2471_1322_99fb8d69.pdf (1389 KB)
[14:50:22] [uod] doc saved: article_2472_1323_32cffcc6.pdf (1274 KB)
[14:50:22] [uod] doc saved: article_2474_1325_8bc6009c.pdf (613 KB)
[14:50:23] [uod] doc saved: article_2475_1326_63bd333a.pdf (444 KB)
[14:50:23] [uod] doc saved: article_2476_1327_3e8ea451.pdf (644 KB)
[14:50:23] [uod] doc saved: article_2477_1329_2d9b6902.pdf (720 KB)
[14:50:24] [uod] doc saved: article_2481_1341_a1ff0bb2.pdf (866 KB)
[14:50:24] [uod] doc saved: article_2482_1333_ea911daa.pdf (849 KB)
[14:50:24] [uod] doc saved: article_2483_1334_b017413e.pdf (523 KB)
[14:50:24] [uod] doc saved: article_2484_1335_701c4da1.pdf (549 KB)
[14:50:25] [uod] doc saved: article_2485_1337_c189597b.pdf (1258 KB)
[14:50:25] [uod] doc saved: article_2486_1338_fcb6aae7.pdf (1013 KB)
[14:50:26] [uod] doc saved: article_2487_1339_066b7e08.pdf (1253 KB)
[14:50:26] [uod] doc saved: article_2488_1340_a713ea94.pdf (1174 KB)
[14:50:27] [uod] doc saved: article_2497_1344_56fd34f1.pdf (861 KB)
[14:50:27] [uod] doc saved: article_2496_1342_71829fc6.pdf (3222 KB)
[14:50:27] [uod] doc saved: article_2498_1345_b8c818bb.pdf (1529 KB)
[14:50:27] [uod] doc saved: article_2499_1346_16a89388.pdf (1206 KB)
[14:50:28] [uod] doc saved: article_2500_1347_46f643ef.pdf (1111 KB)
[14:50:28] [uod] doc saved: article_2502_1348_44163f5a.pdf (1792 KB)
[14:50:29] [uod] doc saved: article_2503_1358_15a857c5.pdf (1199 KB)
[14:50:29] [uod] doc saved: article_2504_1350_889aee31.pdf (1508 KB)
[14:50:29] [uod] doc saved: article_2505_1351_8e37e0fb.pdf (1268 KB)
[14:50:30] [uod] doc saved: article_2506_1352_6d8b3118.pdf (972 KB)
[14:50:30] [uod] doc saved: article_2507_1353_6e7fedcd.pdf (1571 KB)
[14:50:30] [uod] doc saved: article_2508_1354_915d8cfc.pdf (1520 KB)
[14:50:31] [uod] doc saved: article_2509_1355_52cacc79.pdf (858 KB)
[14:50:31] [uod] doc saved: article_2510_1356_eaf399a4.pdf (1019 KB)
[14:50:31] [uod] doc saved: article_2511_1357_5503596f.pdf (1462 KB)
[14:50:32] [uod] doc saved: article_2512_1359_9af9b7d6.pdf (1160 KB)
[14:50:32] [uod] doc saved: article_2513_1360_ea25f985.pdf (958 KB)
[14:50:32] [uod] doc saved: article_2514_1361_1ae8d107.pdf (1576 KB)
[14:50:33] [uod] doc saved: article_2539_1375_98162403.pdf (1146 KB)
[14:50:33] [uod] doc saved: article_2540_1376_8eea038f.pdf (724 KB)
[14:50:33] [uod] doc saved: article_2541_1377_947fafac.pdf (1281 KB)
[14:50:34] [uod] 1000 pages, 487 docs, queue=8414+0
[14:50:34] [uod] doc saved: article_2552_1380_2b2e332d.pdf (2952 KB)
[14:50:34] [uod] doc saved: article_2551_1379_12a33caa.pdf (1552 KB)
[14:50:35] [uod] doc saved: article_2557_1381_b07f8e41.pdf (785 KB)
[14:50:35] [uod] doc saved: article_2578_1382_6e19b7bb.pdf (491 KB)
[14:50:35] [uod] doc saved: article_2588_1383_f9a81da3.pdf (1035 KB)
[14:50:36] [uod] doc saved: article_2798_1502_502121eb.pdf (487 KB)
[14:50:36] [uod] doc saved: article_2833_1527_1b776579.pdf (467 KB)
[14:50:37] [uod] doc saved: article_3007_1622_7452c5e1.pdf (2341 KB)
[14:50:37] [uod] doc saved: article_3008_1623_f3a8a35d.pdf (3349 KB)
[14:50:37] [uod] doc saved: article_3195_1795_4ecc1361.pdf (551 KB)
[14:50:37] [uod] doc saved: article_3197_1804_bb71616c.pdf (722 KB)
[14:50:38] [uod] doc saved: article_3202_1806_1ed8cf62.pdf (897 KB)
[14:50:38] [uod] doc saved: article_3204_1807_45c4879d.pdf (736 KB)
[14:50:38] [uod] doc saved: article_3205_1808_d3f2e7a0.pdf (1169 KB)
[14:50:39] [uod] doc saved: article_3207_1810_1db82538.pdf (661 KB)
[14:50:39] [uod] doc saved: article_3208_1811_794aebfb.pdf (535 KB)
[14:50:39] [uod] doc saved: article_3209_1812_b46bf51e.pdf (720 KB)
[14:50:40] [uod] doc saved: article_3251_1827_819e7d69.pdf (795 KB)
[14:50:40] [uod] doc saved: article_3361_1911_2e58c62b.pdf (705 KB)
[14:50:41] [uod] doc saved: article_2031_1153_c2e67583.pdf (2324 KB)
[14:50:41] [uod] doc saved: article_2033_1154_34f122bf.pdf (1075 KB)
[14:50:42] [uod] doc saved: article_2034_1155_5d64e7d1.pdf (1223 KB)
[14:50:42] [uod] doc saved: article_2035_1156_29ed0310.pdf (1681 KB)
[14:50:42] [uod] doc saved: article_2036_1157_d18618a1.pdf (1607 KB)
[14:50:43] [uod] doc saved: article_2037_1158_72b1b47c.pdf (1733 KB)
[14:50:43] [uod] doc saved: article_2039_1161_5652ae58.pdf (1627 KB)
[14:50:44] [uod] doc saved: article_2038_1159_44d981d6.pdf (2968 KB)
[14:50:44] [uod] doc saved: article_2040_1162_6ae9a5d8.pdf (1528 KB)
[14:50:44] [uod] doc saved: article_2042_1163_41599855.pdf (2500 KB)
[14:50:45] [uod] doc saved: article_2043_1164_58a72733.pdf (1180 KB)
[14:50:45] [uod] doc saved: article_2044_1165_fbd3d3aa.pdf (1489 KB)
[14:50:45] [uod] doc saved: article_2045_1166_babc6ada.pdf (1659 KB)
[14:50:46] [uod] doc saved: article_2046_1167_08d13ed4.pdf (4279 KB)
[14:50:46] [xaniagency] 300 pages, 0 docs, queue=18701+0
[14:50:46] [uod] doc saved: article_2050_1168_41d77544.pdf (1869 KB)
[14:50:46] [uod] doc saved: article_2051_1169_b8785c94.pdf (1006 KB)
[14:50:47] [uod] doc saved: article_2052_1170_dcbbe19e.pdf (922 KB)
[14:50:47] [uod] doc saved: article_2053_1171_33e63e17.pdf (1336 KB)
[14:50:48] [uod] doc saved: article_2054_1172_9539ec49.pdf (1328 KB)
[14:50:48] [uod] doc saved: article_2055_1173_7b7b3929.pdf (1167 KB)
[14:50:48] [uod] doc saved: article_2056_1174_d3760f3f.pdf (1460 KB)
[14:50:49] [uod] doc saved: article_2057_1175_f2181894.pdf (2297 KB)
[14:50:49] [uod] doc saved: article_2058_1176_b4307d66.pdf (1415 KB)
[14:50:49] [uod] doc saved: article_2059_1177_e422bfec.pdf (1396 KB)
[14:50:50] [uod] doc saved: article_2060_1178_a36d7725.pdf (2764 KB)
[14:50:50] [uod] doc saved: article_2061_1179_a1c401a0.pdf (864 KB)
[14:50:50] [uod] doc saved: article_2062_1180_ff501190.pdf (1613 KB)
[14:50:51] [uod] doc saved: article_2064_1181_0c51afe6.pdf (1294 KB)
[14:50:51] [uod] doc saved: article_2065_1182_f7ecd7cb.pdf (1417 KB)
[14:50:52] [uod] 1100 pages, 535 docs, queue=8953+1
[14:50:52] [uod] doc saved: article_2067_1184_a9a2ba79.pdf (1331 KB)
[14:50:52] [uod] doc saved: article_2066_1183_7b92432a.pdf (1878 KB)
[14:50:52] [uod] doc saved: article_2068_1185_59b66454.pdf (973 KB)
[14:50:53] [uod] doc saved: article_2069_1186_95003d95.pdf (1109 KB)
[14:50:53] [uod] doc saved: article_2085_1202_a278e4a6.pdf (2049 KB)
[14:50:53] [uod] doc saved: article_2083_1191_704e6dd9.pdf (1555 KB)
[14:50:54] [uod] doc saved: article_2086_1194_9774e92f.pdf (1310 KB)
[14:50:54] [uod] doc saved: article_2087_1195_c5be7065.pdf (1717 KB)
[14:50:54] [uod] doc saved: article_2088_1196_2a07182d.pdf (1342 KB)
[14:50:55] [uod] doc saved: article_2089_1197_ac773c70.pdf (2716 KB)
[14:50:55] [uod] doc saved: article_2098_1198_4762512d.pdf (1118 KB)
[14:50:56] [uod] doc saved: article_2099_1199_9950a8b8.pdf (951 KB)
[14:50:56] [uod] doc saved: article_2100_1200_466a986e.pdf (1361 KB)
[14:50:56] [uod] doc saved: article_2109_1203_78322de5.pdf (2868 KB)
[14:50:57] [uod] doc saved: article_2110_1204_b9658bb9.pdf (2255 KB)
[14:50:57] [uod] doc saved: article_2111_1219_eea8389b.pdf (1340 KB)
[14:50:57] [uod] doc saved: article_2118_1207_7fd41700.pdf (684 KB)
[14:50:58] [uod] doc saved: article_2127_1209_26484056.pdf (1559 KB)
[14:50:58] [uod] doc saved: article_2135_1210_ee3b27ab.pdf (1372 KB)
[14:50:59] [uod] doc saved: article_2136_1211_4fe49e67.pdf (1298 KB)
[14:50:59] [uod] doc saved: article_2138_1212_0349f82c.pdf (814 KB)
[14:50:59] [uod] doc saved: article_2145_1215_d8e8089f.pdf (608 KB)
[14:50:59] [uod] doc saved: article_2146_1216_1c88ce94.pdf (607 KB)
[14:51:00] [uod] doc saved: article_2182_1218_391366b6.pdf (850 KB)
[14:51:00] [uod] doc saved: article_1897_1084_4489ba08.pdf (745 KB)
[14:51:01] [uod] doc saved: article_1898_1085_624522d5.pdf (1438 KB)
[14:51:01] [uod] doc saved: article_1899_1317_6386cc2d.pdf (314 KB)
[14:51:01] [uod] doc saved: article_1900_1087_2a7d2734.pdf (1086 KB)
[14:51:02] [uod] doc saved: article_1901_1088_49e5ccc6.pdf (1014 KB)
[14:51:02] [uod] doc saved: article_1902_1089_ac91e6c9.pdf (1091 KB)
[14:51:03] [uod] doc saved: article_1904_1090_9492a8bb.pdf (1668 KB)
[14:51:03] [uod] doc saved: article_1905_1091_3a8a820d.pdf (1285 KB)
[14:51:03] [uod] doc saved: article_1906_1092_6f7de8a9.pdf (926 KB)
[14:51:03] [uod] doc saved: article_1907_1093_a107f91b.pdf (468 KB)
[14:51:04] [uod] doc saved: article_1908_1148_e2cf3cb6.pdf (1350 KB)
[14:51:04] [uod] doc saved: article_1909_1095_6549afce.pdf (954 KB)
[14:51:05] [uod] doc saved: article_1910_1096_023ca1f0.pdf (514 KB)
[14:51:05] [uod] doc saved: article_1911_1097_0b2deb68.pdf (1180 KB)
[14:51:05] [uod] doc saved: article_1926_1101_f7455a8f.pdf (852 KB)
[14:51:06] [uod] doc saved: article_1928_1102_a2c6bb88.pdf (518 KB)
[14:51:06] [uod] doc saved: article_1931_1103_69c03500.pdf (415 KB)
[14:51:06] [uod] doc saved: article_1932_1104_facfffdd.pdf (870 KB)
[14:51:07] [uod] doc saved: article_1933_1105_b107f173.pdf (300 KB)
[14:51:07] [uod] doc saved: article_1934_1107_c0f87eb8.pdf (458 KB)
[14:51:07] [uod] doc saved: article_1936_1108_5e752719.pdf (422 KB)
[14:51:08] [uod] doc saved: article_1937_1109_bf9044bf.pdf (741 KB)
[14:51:08] [uod] doc saved: article_1942_1110_0b47ec90.pdf (1017 KB)
[14:51:09] [uod] doc saved: article_1944_1112_05efb76c.pdf (572 KB)
[14:51:09] [uod] doc saved: article_1943_1111_8f0af57e.pdf (1022 KB)
[14:51:09] [uod] doc saved: article_1945_1115_2cca6d89.pdf (315 KB)
[14:51:09] [uod] doc saved: article_1960_1122_b35e2c73.pdf (342 KB)
[14:51:09] [uod] 1200 pages, 586 docs, queue=9501+0
[14:51:10] [uod] doc saved: article_1980_1124_b2f58004.pdf (862 KB)
[14:51:10] [uod] doc saved: article_1981_1125_02f996da.pdf (750 KB)
[14:51:11] [uod] doc saved: article_1983_1127_e05f5c0e.pdf (510 KB)
[14:51:11] [uod] doc saved: article_1982_1126_784ab9bb.pdf (1342 KB)
[14:51:11] [uod] doc saved: article_1984_1128_b6f78cd7.pdf (979 KB)
[14:51:11] [uod] doc saved: article_1985_1129_5e0d5995.pdf (1220 KB)
[14:51:12] [uod] doc saved: article_1986_1130_7441c0bb.pdf (1427 KB)
[14:51:13] [uod] doc saved: article_1987_1131_9f88e063.pdf (1114 KB)
[14:51:13] [uod] doc saved: article_1988_1132_c2e83d2a.pdf (2138 KB)
[14:51:13] [uod] doc saved: article_1989_1133_7dd86d9b.pdf (841 KB)
[14:51:13] [uod] doc saved: article_1990_1134_dff7400f.pdf (700 KB)
[14:51:14] [uod] doc saved: article_1991_1135_73ecb7bf.pdf (590 KB)
[14:51:14] [uod] doc saved: article_1996_1136_ed0c4e8e.pdf (1082 KB)
[14:51:14] [uod] doc saved: article_1997_1152_0fb766e6.pdf (406 KB)
[14:51:15] [uod] doc saved: article_2006_1143_7cd3b642.pdf (1395 KB)
[14:51:15] [uod] doc saved: article_2007_1144_d2b2bc0e.pdf (357 KB)
[14:51:16] [uod] doc saved: article_2010_1145_30bc3e90.pdf (1984 KB)
[14:51:16] [uod] doc saved: article_2011_1150_ccbbe7a0.pdf (1448 KB)
[14:51:16] [uod] doc saved: article_2030_1151_246dccd8.pdf (331 KB)
[14:51:16] [uod] doc saved: article_2080_1188_98cb04b1.pdf (356 KB)
[14:51:17] [uod] doc saved: article_2081_1189_656d9ecc.pdf (700 KB)
[14:51:17] [uod] doc saved: article_2082_1190_70606d87.pdf (852 KB)
[14:51:17] [uod] doc saved: article_2107_1201_55987303.pdf (982 KB)
[14:51:18] [uod] doc saved: article_2141_1214_28d76597.pdf (507 KB)
[14:51:18] [uod] doc saved: article_2181_1217_4af849f2.pdf (3549 KB)
[14:51:19] [uod] doc saved: article_2660_1414_5d77c13a.pdf (643 KB)
[14:51:19] [uod] doc saved: article_3239_1823_94569217.pdf (777 KB)
[14:51:19] [uod] doc saved: article_1820_1073_1bded98f.pdf (365 KB)
[14:51:20] [uod] doc saved: article_1837_1070_27729352.pdf (581 KB)
[14:51:20] [uod] doc saved: article_1838_1071_79bbef78.pdf (679 KB)
[14:51:20] [uod] doc saved: article_1839_1072_f056a067.pdf (526 KB)
[14:51:21] [uod] doc saved: article_1867_1074_0d3c4504.pdf (896 KB)
[14:51:21] [uod] doc saved: article_1868_1075_56d27466.pdf (380 KB)
[14:51:21] [uod] doc saved: article_1869_1076_dc87d328.pdf (717 KB)
[14:51:22] [uod] doc saved: article_1870_1078_25327493.pdf (1378 KB)
[14:51:22] [uod] doc saved: article_1890_1079_618f63c4.pdf (585 KB)
[14:51:22] [uod] doc saved: article_1891_1080_5a7b74c6.pdf (553 KB)
[14:51:23] [uod] doc saved: article_1892_1081_6b96bf81.pdf (807 KB)
[14:51:23] [uod] doc saved: article_1893_1082_2d0c8014.pdf (587 KB)
[14:51:23] [uod] doc saved: article_1894_1083_8eb4ea0a.pdf (502 KB)
[14:51:24] [uod] doc saved: article_1913_1099_9616438b.pdf (1152 KB)
[14:51:24] [uod] doc saved: article_1915_1117_e9f1f015.pdf (738 KB)
[14:51:25] [uod] doc saved: article_1956_1118_e3b5f9f8.pdf (1355 KB)
[14:51:25] [uod] doc saved: article_1957_1119_f6fe6013.pdf (1468 KB)
[14:51:25] [uod] doc saved: article_1958_1120_403b30f0.pdf (1223 KB)
[14:51:26] [uod] doc saved: article_1959_1121_24ebb579.pdf (1323 KB)
[14:51:26] [uod] doc saved: article_1998_1138_c44a4a71.pdf (867 KB)
[14:51:26] [uod] doc saved: article_2000_1140_ee5697ad.pdf (1501 KB)
[14:51:27] [uod] doc saved: article_1999_1139_2e5e2717.pdf (1226 KB)
[14:51:27] [uod] 1300 pages, 635 docs, queue=10040+0
[14:51:27] [uod] doc saved: article_2001_1141_87ffd713.pdf (1446 KB)
[14:51:27] [uod] doc saved: article_2002_1142_851e9f82.pdf (900 KB)
[14:51:28] [uod] doc saved: article_2015_1147_bce07713.pdf (1280 KB)
[14:51:28] [uod] doc saved: article_2140_1410_dd4735e9.pdf (1208 KB)
[14:51:29] [uod] doc saved: article_1554_1006_aeae9dd8.pdf (799 KB)
[14:51:29] [uod] doc saved: article_1555_1007_1713553e.pdf (422 KB)
[14:51:29] [uod] doc saved: article_1556_1015_d7ff55d3.pdf (417 KB)
[14:51:30] [uod] doc saved: article_1557_1009_96df224c.pdf (1840 KB)
[14:51:30] [uod] doc saved: article_1558_1010_6259bd86.pdf (634 KB)
[14:51:30] [uod] doc saved: article_1559_1011_bc27f0d2.pdf (475 KB)
[14:51:31] [uod] doc saved: article_1560_1012_b06c6e06.pdf (1120 KB)
[14:51:31] [uod] doc saved: article_1564_1016_b2c48e7a.pdf (949 KB)
[14:51:31] [uod] doc saved: article_1565_1017_e0bbbd9a.pdf (1019 KB)
[14:51:32] [uod] doc saved: article_1566_1018_1c231b1f.pdf (1386 KB)
[14:51:32] [uod] doc saved: article_1577_1028_c98cbd6f.pdf (1048 KB)
[14:51:33] [uod] doc saved: article_1578_1029_12257e8d.pdf (1355 KB)
[14:51:33] [uod] doc saved: article_1579_1030_20b3aeb1.pdf (1568 KB)
[14:51:33] [uod] doc saved: article_1628_1046_0c0c5660.pdf (364 KB)
[14:51:33] [uod] doc saved: article_1655_1063_937e188b.pdf (374 KB)
[14:51:34] [uod] doc saved: article_1545_1000_b0ce84cf.pdf (831 KB)
[14:51:34] [uod] doc saved: article_1546_1001_e452076a.pdf (587 KB)
[14:51:35] [uod] doc saved: article_1547_1002_c322b975.pdf (1343 KB)
[14:51:35] [uod] doc saved: article_1548_1003_d9b9bc27.pdf (4538 KB)
[14:51:36] [uod] doc saved: article_1549_1004_34708e8a.pdf (5210 KB)
[14:51:36] [uod] doc saved: article_1553_1005_6215e6a5.pdf (908 KB)
[14:51:36] [uod] doc saved: article_1568_1019_e35d24db.pdf (1718 KB)
[14:51:36] [uod] doc saved: article_1569_1020_1ad9cbf6.pdf (617 KB)
[14:51:37] [uod] doc saved: article_1570_1021_008c0e50.pdf (1357 KB)
[14:51:37] [uod] doc saved: article_1571_1022_691ca1c7.pdf (2172 KB)
[14:51:38] [uod] doc saved: article_1572_1023_b04f89aa.pdf (1357 KB)
[14:51:39] [uod] doc saved: article_1573_1024_8a2f215a.pdf (1450 KB)
[14:51:39] [uod] doc saved: article_1574_1025_d30852ea.pdf (1563 KB)
[14:51:39] [uod] doc saved: article_1575_1040_198eb4ec.pdf (1088 KB)
[14:51:39] [uod] doc saved: article_1583_1033_7e122a62.pdf (1258 KB)
[14:51:39] [uod] doc saved: article_1584_1034_63691a82.pdf (1485 KB)
[14:51:40] [uod] doc saved: article_1585_1035_3107ec14.pdf (2013 KB)
[14:51:40] [uod] doc saved: article_1586_1036_8ce34255.pdf (1448 KB)
[14:51:41] [uod] doc saved: article_1587_1037_4774afe2.pdf (625 KB)
[14:51:41] [uod] doc saved: article_1589_1038_96b01f29.pdf (1080 KB)
[14:51:41] [uod] doc saved: article_1590_1039_4b60f554.pdf (831 KB)
[14:51:42] [uod] doc saved: article_1642_1047_41e7fae8.pdf (637 KB)
[14:51:42] [uod] doc saved: article_1643_1048_37a73386.pdf (705 KB)
[14:51:43] [uod] doc saved: article_1644_1049_767df2ed.pdf (2770 KB)
[14:51:43] [uod] doc saved: article_1645_1050_607d4cf4.pdf (1568 KB)
[14:51:43] [uod] doc saved: article_1646_1051_b7dcbb5f.pdf (885 KB)
[14:51:43] [uod] doc saved: article_1647_1052_a96788ca.pdf (684 KB)
[14:51:44] [uod] doc saved: article_1648_1053_b17d6dd1.pdf (1730 KB)
[14:51:44] [uod] doc saved: article_1650_1055_0b050760.pdf (710 KB)
[14:51:44] [uod] doc saved: article_1649_1054_d9872c89.pdf (1315 KB)
[14:51:45] [uod] 1400 pages, 684 docs, queue=10577+0
[14:51:45] [xaniagency] 400 pages, 0 docs, queue=18699+0
[14:51:45] [uod] doc saved: article_1651_1056_0679d548.pdf (1332 KB)
[14:51:45] [uod] doc saved: article_1652_1057_3e0c94ef.pdf (1167 KB)
[14:51:46] [uod] doc saved: article_1653_1058_5d1965d4.pdf (1703 KB)
[14:51:46] [uod] doc saved: article_1654_1059_164ac64e.pdf (2494 KB)
[14:51:47] [uod] doc saved: article_1661_1064_1c503e68.pdf (2981 KB)
[14:51:47] [uod] doc saved: article_1674_1066_8ebdc495.pdf (692 KB)
[14:51:47] [uod] doc saved: article_1508_989_5a9a1bb9.pdf (778 KB)
[14:51:48] [uod] doc saved: article_1509_990_6eb79bae.pdf (995 KB)
[14:51:48] [uod] doc saved: article_1510_991_f188827e.pdf (995 KB)
[14:51:48] [uod] doc saved: article_1511_999_f4106cea.pdf (265 KB)
[14:51:49] [uod] doc saved: article_1512_993_f6a99de1.pdf (925 KB)
[14:51:49] [uod] doc saved: article_1513_994_e5c75bfc.pdf (905 KB)
[14:51:49] [uod] doc saved: article_1514_995_810077f4.pdf (1062 KB)
[14:51:50] [uod] doc saved: article_1515_996_98fbfe36.pdf (1871 KB)
[14:51:50] [uod] doc saved: article_1516_998_12825b59.pdf (843 KB)
[14:51:50] [uod] doc saved: article_1562_1013_d7fe2c7d.pdf (771 KB)
[14:51:51] [uod] doc saved: article_1563_1014_966fb892.pdf (727 KB)
[14:51:51] [uod] doc saved: article_1581_1031_e2dc092a.pdf (1163 KB)
[14:51:51] [uod] doc saved: article_1582_1032_56af5c21.pdf (849 KB)
[14:51:52] [uod] doc saved: article_1623_1041_2aab762f.pdf (599 KB)
[14:51:52] [uod] doc saved: article_1624_1061_d55958de.pdf (782 KB)
[14:51:52] [uod] doc saved: article_3358_1910_b9d336ac.pdf (630 KB)
[14:51:53] [uod] doc saved: article_1672_1065_35a1a385.pdf (613 KB)
[14:51:53] [uod] doc saved: article_1703_1067_4fb8a00c.pdf (545 KB)
[14:51:54] [uod] doc saved: article_1325_951_33990178.pdf (1769 KB)
[14:51:54] [uod] doc saved: article_1326_952_9ab42d51.pdf (1887 KB)
[14:51:54] [uod] doc saved: article_1327_953_7c50c40a.pdf (654 KB)
[14:51:54] [uod] doc saved: article_1328_954_986fde79.pdf (319 KB)
[14:51:55] [uod] doc saved: article_1329_955_f08b1f62.pdf (700 KB)
[14:51:55] [uod] doc saved: article_1330_956_5691b20b.pdf (286 KB)
[14:51:55] [uod] doc saved: article_1331_957_fe388282.pdf (401 KB)
[14:51:56] [uod] doc saved: article_1332_958_47311623.pdf (437 KB)
[14:51:56] [uod] doc saved: article_1353_964_c00a9195.pdf (1091 KB)
[14:51:56] [uod] doc saved: article_1354_965_3b19bc83.pdf (586 KB)
[14:51:57] [uod] doc saved: article_1383_975_3e208fd6.pdf (553 KB)
[14:51:57] [uod] doc saved: article_1384_976_c15471bb.pdf (568 KB)
[14:51:57] [uod] doc saved: article_1388_978_88c3b3e0.pdf (875 KB)
[14:51:58] [uod] doc saved: article_1400_982_f0cddcda.pdf (487 KB)
[14:51:58] [uod] doc saved: article_1303_940_e7ce6629.pdf (1364 KB)
[14:51:59] [uod] doc saved: article_1304_941_bc581a40.pdf (1265 KB)
[14:51:59] [uod] doc saved: article_1306_943_59ac555f.pdf (1303 KB)
[14:51:59] [uod] doc saved: article_1438_1044_62fbdc06.pdf (2521 KB)
[14:52:00] [uod] doc saved: article_1307_944_3c5e8643.pdf (1347 KB)
[14:52:00] [uod] doc saved: article_1308_945_ff09433e.pdf (1285 KB)
[14:52:01] [uod] doc saved: article_1309_946_fbc2cdd8.pdf (1096 KB)
[14:52:01] [uod] doc saved: article_1310_947_33e8b3bc.pdf (1352 KB)
[14:52:01] [uod] doc saved: article_1315_948_3d7aca65.pdf (1789 KB)
[14:52:02] [uod] doc saved: article_1347_960_7dfdef1f.pdf (1179 KB)
[14:52:02] [uod] doc saved: article_1374_974_2af63365.pdf (1866 KB)
[14:52:02] [uod] 1500 pages, 733 docs, queue=11112+0
[14:52:03] [uod] doc saved: article_1352_963_313476e3.pdf (536 KB)
[14:52:03] [uod] doc saved: article_1357_966_4f3b86fe.pdf (533 KB)
[14:52:03] [uod] doc saved: article_1358_968_2ba7685b.pdf (498 KB)
[14:52:04] [uod] doc saved: article_1390_1378_9628ee54.pdf (404 KB)
[14:52:04] [uod] doc saved: article_1391_980_ca5a50e1.pdf (373 KB)
[14:52:04] [uod] doc saved: article_1392_981_b2efd30c.pdf (331 KB)
[14:52:05] [uod] doc saved: article_1414_1062_a38aed28.pdf (848 KB)
[14:52:05] [uod] doc saved: article_1284_925_c46bfba1.pdf (1548 KB)
[14:52:05] [uod] doc saved: article_1285_926_a45449c6.pdf (884 KB)
[14:52:06] [uod] doc saved: article_1286_927_c9d7e8fa.pdf (1774 KB)
[14:52:06] [uod] doc saved: article_1287_928_64148046.pdf (2192 KB)
[14:52:07] [uod] doc saved: article_1289_930_32e8624a.pdf (1116 KB)
[14:52:07] [uod] doc saved: article_1288_929_6636b807.pdf (2151 KB)
[14:52:07] [uod] doc saved: article_1290_931_adf3b6c0.pdf (1456 KB)
[14:52:08] [uod] doc saved: article_1291_932_5cb340c7.pdf (1853 KB)
[14:52:08] [uod] doc saved: article_1292_933_cff36b86.pdf (1711 KB)
[14:52:08] [uod] doc saved: article_1293_934_01fad625.pdf (1059 KB)
[14:52:09] [uod] doc saved: article_1297_936_a27c53ea.pdf (2167 KB)
[14:52:09] [uod] doc saved: article_1298_937_5c0abba1.pdf (810 KB)
[14:52:10] [uod] doc saved: article_1299_938_bc2e0a91.pdf (2215 KB)
[14:52:10] [uod] doc saved: article_1301_939_ed5c0973.pdf (1990 KB)
[14:52:11] [uod] doc saved: article_1359_969_6a1a27b6.pdf (663 KB)
[14:52:11] [uod] doc saved: article_1576_1027_c72027af.pdf (2100 KB)
[14:52:11] [uod] doc saved: article_1368_970_09f58581.pdf (889 KB)
[14:52:12] [uod] doc saved: article_1372_972_d0379f03.pdf (756 KB)
[14:52:12] [uod] doc saved: article_1373_973_f1b45a34.pdf (666 KB)
[14:52:12] [uod] doc saved: article_1452_1068_fedefb12.pdf (678 KB)
[14:52:13] [uod] doc saved: article_1453_986_943ca56c.pdf (790 KB)
[14:52:13] [uod] doc saved: article_1477_988_78326ca4.pdf (1083 KB)
[14:52:13] [uod] doc saved: article_1625_1043_bc3d5d57.pdf (813 KB)
[14:52:14] [uod] doc saved: article_2868_1543_0c697b3f.pdf (1542 KB)
[14:52:14] [uod] doc saved: article_1143_834_658563b2.pdf (791 KB)
[14:52:14] [uod] doc saved: article_1144_835_c3ca36ea.pdf (1140 KB)
[14:52:15] [uod] doc saved: article_1145_836_2bbe07a7.pdf (1287 KB)
[14:52:15] [uod] doc saved: article_1146_837_51c7d1ec.pdf (1666 KB)
[14:52:16] [uod] doc saved: article_1147_838_b252d716.pdf (1114 KB)
[14:52:16] [uod] doc saved: article_1148_862_17924eb4.pdf (1478 KB)
[14:52:16] [uod] doc saved: article_1149_840_bb0a65ec.pdf (894 KB)
[14:52:17] [uod] doc saved: article_1159_841_7584a7aa.pdf (936 KB)
[14:52:17] [uod] doc saved: article_1160_842_7c65afff.pdf (1099 KB)
[14:52:17] [uod] doc saved: article_1161_843_284e1bc1.pdf (1197 KB)
[14:52:18] [uod] doc saved: article_1162_844_093e979e.pdf (1561 KB)
[14:52:18] [uod] doc saved: article_1163_845_c4976ddc.pdf (1389 KB)
[14:52:18] [uod] doc saved: article_1164_846_a741adfe.pdf (1623 KB)
[14:52:19] [uod] doc saved: article_1165_847_a58c5b14.pdf (2027 KB)
[14:52:19] [uod] doc saved: article_1166_848_a1a8d625.pdf (833 KB)
[14:52:20] [uod] doc saved: article_1167_860_41ab3eb8.pdf (1212 KB)
[14:52:20] [uod] doc saved: article_1168_850_44b6ea6f.pdf (808 KB)
[14:52:20] [uod] doc saved: article_1169_851_f3528570.pdf (1450 KB)
[14:52:20] [uod] 1600 pages, 782 docs, queue=11649+0
[14:52:21] [uod] doc saved: article_1170_852_b18eb840.pdf (1155 KB)
[14:52:21] [uod] doc saved: article_1173_853_60014aa3.pdf (1256 KB)
[14:52:21] [uod] doc saved: article_1174_854_0d973f58.pdf (772 KB)
[14:52:22] [uod] doc saved: article_1182_859_8e241f13.pdf (1461 KB)
[14:52:22] [uod] doc saved: article_1194_901_8bef45ba.pdf (1115 KB)
[14:52:22] [uod] doc saved: article_1195_902_4fdf2844.pdf (1159 KB)
[14:52:23] [uod] doc saved: article_1259_923_f6efe011.pdf (632 KB)
[14:52:23] [uod] doc saved: article_1296_935_f72d74b1.pdf (1161 KB)
[14:52:24] [uod] doc saved: article_1122_816_2689736d.pdf (1185 KB)
[14:52:24] [uod] doc saved: article_1123_817_e58c71cb.pdf (521 KB)
[14:52:24] [uod] doc saved: article_1124_818_19034612.pdf (756 KB)
[14:52:25] [uod] doc saved: article_1125_819_58d03a76.pdf (2907 KB)
[14:52:25] [uod] doc saved: article_1126_820_dbe41323.pdf (1090 KB)
[14:52:25] [uod] doc saved: article_1127_821_e364a2d6.pdf (820 KB)
[14:52:25] [uod] doc saved: article_1128_822_837738d0.pdf (984 KB)
[14:52:26] [uod] doc saved: article_1140_829_db53ae6f.pdf (374 KB)
[14:52:27] [uod] doc saved: article_1178_858_ad9c6bfd.pdf (941 KB)
[14:52:27] [uod] doc saved: article_1177_857_a492b86e.pdf (1387 KB)
[14:52:27] [uod] doc saved: article_1185_863_2c8f231e.pdf (848 KB)
[14:52:27] [uod] doc saved: article_1203_919_ed20573d.pdf (737 KB)
[14:52:28] [uod] doc saved: article_1371_971_ffbb3433.pdf (774 KB)
[14:52:28] [uod] doc saved: article_1080_779_1a91d816.pdf (717 KB)
[14:52:28] [uod] doc saved: article_1077_778_bbc85ec5.pdf (947 KB)
[14:52:29] [uod] doc saved: article_1081_780_75fc2413.pdf (549 KB)
[14:52:29] [uod] doc saved: article_1082_781_4a4597a4.pdf (638 KB)
[14:52:29] [uod] doc saved: article_1085_783_254f85ff.pdf (614 KB)
[14:52:30] [uod] doc saved: article_1086_784_c0aaaa8c.pdf (661 KB)
[14:52:30] [uod] doc saved: article_1087_785_b49cbba8.pdf (1202 KB)
[14:52:31] [uod] doc saved: article_1088_786_7d6c2b8d.pdf (990 KB)
[14:52:31] [uod] doc saved: article_1089_787_8f4345b9.pdf (2002 KB)
[14:52:31] [uod] doc saved: article_1090_788_4a344ba9.pdf (693 KB)
[14:52:31] [uod] doc saved: article_1091_789_aa4591e0.pdf (784 KB)
[14:52:32] [uod] doc saved: article_1092_790_45af9914.pdf (827 KB)
[14:52:32] [uod] doc saved: article_1093_791_e6ffa7e6.pdf (1673 KB)
[14:52:33] [uod] doc saved: article_1094_792_0b932731.pdf (956 KB)
[14:52:33] [uod] doc saved: article_1095_793_f5edda05.pdf (1579 KB)
[14:52:33] [uod] doc saved: article_1096_794_79fe0734.pdf (1261 KB)
[14:52:33] [uod] doc saved: article_1098_795_a4228f7f.pdf (1050 KB)
[14:52:34] [uod] doc saved: article_1099_894_7f74790a.pdf (1214 KB)
[14:52:34] [uod] doc saved: article_1100_797_93b0d975.pdf (991 KB)
[14:52:34] [uod] doc saved: article_1101_798_1c511241.pdf (1081 KB)
[14:52:35] [uod] doc saved: article_1102_799_b66dcb05.pdf (995 KB)
[14:52:35] [uod] doc saved: article_1103_800_89b12c25.pdf (1626 KB)
[14:52:36] [uod] doc saved: article_1104_801_64885183.pdf (1239 KB)
[14:52:36] [uod] doc saved: article_1106_803_45ad5d7e.pdf (778 KB)
[14:52:36] [uod] doc saved: article_1105_802_7da3381d.pdf (1096 KB)
[14:52:37] [uod] doc saved: article_1107_804_cc245361.pdf (1018 KB)
[14:52:37] [uod] doc saved: article_1108_805_635f7d5c.pdf (1046 KB)
[14:52:37] [uod] 1700 pages, 830 docs, queue=12174+1
[14:52:37] [uod] doc saved: article_1109_806_fc5c5fd1.pdf (1144 KB)
[14:52:38] [uod] doc saved: article_1061_807_241be9ae.pdf (514 KB)
[14:52:38] [uod] doc saved: article_1062_808_0ca73732.pdf (618 KB)
[14:52:39] [uod] doc saved: article_1063_809_50da6640.pdf (346 KB)
[14:52:39] [uod] doc saved: article_1064_810_272bad62.pdf (358 KB)
[14:52:39] [uod] doc saved: article_1065_811_80dbf4c4.pdf (219 KB)
[14:52:40] [uod] doc saved: article_1066_812_ae460ce6.pdf (334 KB)
[14:52:40] [uod] doc saved: article_1067_813_8f14e441.pdf (587 KB)
[14:52:40] [uod] doc saved: article_1068_814_df3084d6.pdf (296 KB)
[14:52:40] [uod] doc saved: article_1069_815_89dffc3a.pdf (2587 KB)
[14:52:41] [uod] doc saved: article_1138_827_758fdc28.pdf (1256 KB)
[14:52:41] [uod] doc saved: article_1139_828_8c3ae472.pdf (2419 KB)
[14:52:42] [uod] doc saved: article_1142_833_07a0b067.pdf (1104 KB)
[14:52:42] [uod] doc saved: article_1193_916_f3c34dab.pdf (1278 KB)
[14:52:42] [uod] doc saved: article_1201_917_270488b1.pdf (308 KB)
[14:52:43] [uod] doc saved: article_1202_918_6a4b142f.pdf (377 KB)
[14:52:43] [xaniagency] 500 pages, 0 docs, queue=18697+0
[14:52:43] [uod] doc saved: article_1324_959_c231f8bb.pdf (1199 KB)
[14:52:44] [uod] doc saved: article_1019_856_c93811fe.pdf (395 KB)
[14:52:44] [uod] doc saved: article_1018_733_f7d8b120.pdf (1590 KB)
[14:52:44] [uod] doc saved: article_1020_735_919cde8d.pdf (1420 KB)
[14:52:45] [uod] doc saved: article_1021_736_bf90ba0f.pdf (1998 KB)
[14:52:45] [uod] doc saved: article_1022_737_cc0813bf.pdf (1726 KB)
[14:52:46] [uod] doc saved: article_1024_739_627a2a70.pdf (831 KB)
[14:52:46] [uod] doc saved: article_1023_738_d5efb60f.pdf (2626 KB)
[14:52:46] [uod] doc saved: article_1025_740_b8e56fb1.pdf (1056 KB)
[14:52:47] [uod] doc saved: article_1026_741_acfcdba9.pdf (1540 KB)
[14:52:47] [uod] doc saved: article_1027_742_2388a23a.pdf (1693 KB)
[14:52:47] [uod] doc saved: article_1028_743_326d90bc.pdf (1057 KB)
[14:52:47] [uod] doc saved: article_1029_744_57d9fff7.pdf (890 KB)
[14:52:48] [uod] doc saved: article_1030_745_2e25f9a1.pdf (812 KB)
[14:52:49] [uod] doc saved: article_904_1906_d5af9c2a.pdf (1412 KB)
[14:52:49] [uod] doc saved: article_905_647_5b4812f1.pdf (1981 KB)
[14:52:49] [uod] doc saved: article_906_705_94af731d.pdf (1237 KB)
[14:52:49] [uod] doc saved: article_907_649_5a846943.pdf (1254 KB)
[14:52:50] [uod] doc saved: article_908_650_c89b4cf5.pdf (1982 KB)
[14:52:50] [uod] doc saved: article_909_1908_91b59254.pdf (1948 KB)
[14:52:51] [uod] doc saved: article_910_652_3c23980f.pdf (1677 KB)
[14:52:51] [uod] doc saved: article_911_653_1613b4ba.pdf (743 KB)
[14:52:51] [uod] doc saved: article_912_654_e5d4e628.pdf (1291 KB)
[14:52:52] [uod] doc saved: article_913_655_0fb56eb1.pdf (1524 KB)
[14:52:52] [uod] doc saved: article_914_656_de86bdff.pdf (1613 KB)
[14:52:53] [uod] doc saved: article_915_657_2dd8052e.pdf (1417 KB)
[14:52:53] [uod] doc saved: article_916_658_634c7511.pdf (2068 KB)
[14:52:54] [uod] doc saved: article_917_659_a88b5907.pdf (1514 KB)
[14:52:54] [uod] doc saved: article_918_660_a30f07c6.pdf (2067 KB)
[14:52:54] [uod] doc saved: article_924_661_3017c411.pdf (1060 KB)
[14:52:54] [uod] doc saved: article_925_662_700d9ae5.pdf (1101 KB)
[14:52:55] [uod] doc saved: article_926_663_9d022a48.pdf (1104 KB)
[14:52:55] [uod] 1800 pages, 878 docs, queue=12713+0
[14:52:56] [uod] doc saved: article_928_664_aa61d8f2.pdf (1861 KB)
[14:52:56] [uod] doc saved: article_929_665_f22e8023.pdf (1548 KB)
[14:52:56] [uod] doc saved: article_930_666_be10a989.pdf (1831 KB)
[14:52:56] [uod] doc saved: article_933_667_66716bf7.pdf (1314 KB)
[14:52:57] [uod] doc saved: article_934_668_872f6d76.pdf (1667 KB)
[14:52:57] [uod] doc saved: article_935_669_b3231864.pdf (1026 KB)
[14:52:58] [uod] doc saved: article_936_670_2436fe7d.pdf (1972 KB)
[14:52:58] [uod] doc saved: article_937_671_88008027.pdf (2661 KB)
[14:52:58] [uod] doc saved: article_938_672_bb1504d4.pdf (2513 KB)
[14:52:59] [uod] doc saved: article_941_673_c07a49e1.pdf (1450 KB)
[14:52:59] [uod] doc saved: article_942_674_3ef85073.pdf (1391 KB)
[14:52:59] [uod] doc saved: article_943_675_9fc00d4e.pdf (1751 KB)
[14:53:00] [uod] doc saved: article_944_676_5f65379e.pdf (1354 KB)
[14:53:00] [uod] doc saved: article_945_677_8baa198d.pdf (1043 KB)
[14:53:01] [uod] doc saved: article_946_830_3abe104e.pdf (1415 KB)
[14:53:01] [uod] doc saved: article_947_723_97878783.pdf (1755 KB)
[14:53:01] [uod] doc saved: article_948_680_63afc295.pdf (1396 KB)
[14:53:02] [uod] doc saved: article_949_681_ad3e0df9.pdf (1930 KB)
[14:53:02] [uod] doc saved: article_950_682_b235a7f5.pdf (1081 KB)
[14:53:02] [uod] doc saved: article_951_683_8105d1b5.pdf (1915 KB)
[14:53:03] [uod] doc saved: article_952_684_8d03ebf2.pdf (1563 KB)
[14:53:03] [uod] doc saved: article_953_685_c983e59c.pdf (1770 KB)
[14:53:04] [uod] doc saved: article_954_686_cf6bacf3.pdf (1391 KB)
[14:53:04] [uod] doc saved: article_955_687_495e6f0b.pdf (1404 KB)
[14:53:04] [uod] doc saved: article_956_688_f0552898.pdf (1842 KB)
[14:53:05] [uod] doc saved: article_957_689_e9830cad.pdf (1505 KB)
[14:53:05] [uod] doc saved: article_958_831_fc633943.pdf (2731 KB)
[14:53:06] [uod] doc saved: article_959_704_479f4a41.pdf (1700 KB)
[14:53:06] [uod] doc saved: article_960_692_cbe3c3fe.pdf (1413 KB)
[14:53:06] [uod] doc saved: article_961_719_20e9ae0a.pdf (2699 KB)
[14:53:07] [uod] doc saved: article_962_694_09773be2.pdf (1697 KB)
[14:53:07] [uod] doc saved: article_963_695_69ce435f.pdf (1167 KB)
[14:53:07] [uod] doc saved: article_964_832_a2593dfa.pdf (1073 KB)
[14:53:08] [uod] doc saved: article_969_697_6668ef58.pdf (1572 KB)
[14:53:08] [uod] doc saved: article_970_698_d0133a6b.pdf (2151 KB)
[14:53:09] [uod] doc saved: article_971_725_69b76fb5.pdf (1751 KB)
[14:53:09] [uod] doc saved: article_972_700_fbf5c450.pdf (1340 KB)
[14:53:09] [uod] doc saved: article_973_701_b1656d5b.pdf (1182 KB)
[14:53:10] [uod] doc saved: article_974_702_c8a459e3.pdf (1291 KB)
[14:53:10] [uod] doc saved: article_975_703_215d7641.pdf (1018 KB)
[14:53:11] [uod] doc saved: article_1251_910_8a85b587.pdf (983 KB)
[14:53:11] [uod] doc saved: article_1005_727_33521fd9.pdf (2595 KB)
[14:53:11] [uod] doc saved: article_1036_748_9911ada2.pdf (1530 KB)
[14:53:12] [uod] doc saved: article_878_865_4173f67c.pdf (1242 KB)
[14:53:12] [uod] doc saved: article_879_866_c2e7fd13.pdf (1477 KB)
[14:53:12] [uod] doc saved: article_880_867_0ec460ef.pdf (983 KB)
[14:53:13] [uod] doc saved: article_881_870_2ffa0309.pdf (1527 KB)
[14:53:13] [uod] doc saved: article_882_871_205b2040.pdf (839 KB)
[14:53:13] [uod] doc saved: article_883_873_9e7f5584.pdf (1307 KB)
[14:53:14] [uod] doc saved: article_884_874_738669cc.pdf (976 KB)
[14:53:14] [uod] doc saved: article_885_875_d140d876.pdf (1530 KB)
[14:53:14] [uod] 1900 pages, 929 docs, queue=13260+0
[14:53:15] [uod] doc saved: article_887_876_90d4633e.pdf (3507 KB)
[14:53:15] [uod] doc saved: article_889_881_79782ab5.pdf (860 KB)
[14:53:15] [uod] doc saved: article_979_879_515a4077.pdf (656 KB)
[14:53:16] [uod] doc saved: article_980_882_983af606.pdf (1247 KB)
[14:53:16] [uod] doc saved: article_981_884_0c6e0422.pdf (664 KB)
[14:53:16] [uod] doc saved: article_982_885_77014e86.pdf (1167 KB)
[14:53:17] [uod] doc saved: article_983_886_17c9b23f.pdf (817 KB)
[14:53:17] [uod] doc saved: article_984_888_82a925ef.pdf (2143 KB)
[14:53:17] [uod] doc saved: article_985_890_3563acd6.pdf (1100 KB)
[14:53:18] [uod] doc saved: article_986_891_16e36d36.pdf (1932 KB)
[14:53:18] [uod] doc saved: article_987_892_1518172f.pdf (1220 KB)
[14:53:18] [uod] doc saved: article_988_893_23f0b524.pdf (1732 KB)
[14:53:19] [uod] doc saved: article_989_895_5e36a89c.pdf (1491 KB)
[14:53:19] [uod] doc saved: article_990_897_9dd6c3a5.pdf (2001 KB)
[14:53:20] [uod] doc saved: article_994_722_4cdd7c00.pdf (1065 KB)
[14:53:20] [uod] doc saved: article_996_724_22feca7e.pdf (961 KB)
[14:53:20] [uod] doc saved: article_1013_728_b18ec1bd.pdf (919 KB)
[14:53:21] [uod] doc saved: article_1014_729_749f8727.pdf (1926 KB)
[14:53:21] [uod] doc saved: article_1015_730_7c23cd22.pdf (1702 KB)
[14:53:21] [uod] doc saved: article_1016_731_c0a86589.pdf (1264 KB)
[14:53:22] [uod] doc saved: article_1017_732_90471530.pdf (1710 KB)
[14:53:22] [uod] doc saved: article_1031_746_be94d50b.pdf (634 KB)
[14:53:22] [uod] doc saved: article_1032_747_b6791799.pdf (257 KB)
[14:53:23] [uod] doc saved: article_1057_758_c583b9b0.pdf (392 KB)
[14:53:23] [uod] doc saved: article_850_601_650ab5ea.pdf (832 KB)
[14:53:24] [uod] doc saved: article_851_602_2397b9d9.pdf (1048 KB)
[14:53:24] [uod] doc saved: article_852_603_e9d26978.pdf (864 KB)
[14:53:24] [uod] doc saved: article_853_604_0d7c3f2d.pdf (1224 KB)
[14:53:24] [uod] doc saved: article_854_605_b219f739.pdf (1072 KB)
[14:53:25] [uod] doc saved: article_855_606_5dd93ac3.pdf (809 KB)
[14:53:25] [uod] doc saved: article_857_607_95fbe49e.pdf (872 KB)
[14:53:25] [uod] doc saved: article_858_608_deae8582.pdf (852 KB)
[14:53:26] [uod] doc saved: article_859_609_41b223f3.pdf (821 KB)
[14:53:26] [uod] doc saved: article_860_610_f5bd648f.pdf (1028 KB)
[14:53:27] [uod] doc saved: article_861_611_6de37a09.pdf (1157 KB)
[14:53:27] [uod] doc saved: article_862_612_25d1cac6.pdf (1101 KB)
[14:53:27] [uod] doc saved: article_863_613_82fa1e8e.pdf (575 KB)
[14:53:28] [uod] doc saved: article_865_615_d1c41e81.pdf (856 KB)
[14:53:28] [uod] doc saved: article_864_614_5913bc39.pdf (1789 KB)
[14:53:28] [uod] doc saved: article_866_616_d60c3637.pdf (645 KB)
[14:53:29] [uod] doc saved: article_867_617_e6f4c184.pdf (896 KB)
[14:53:29] [uod] doc saved: article_868_618_2ca9e06e.pdf (1220 KB)
[14:53:30] [uod] doc saved: article_869_619_0e71ba7e.pdf (826 KB)
[14:53:30] [uod] doc saved: article_870_620_d75aaf2e.pdf (813 KB)
[14:53:30] [uod] doc saved: article_872_621_068c7293.pdf (1097 KB)
[14:53:31] [uod] doc saved: article_873_622_f95e1362.pdf (942 KB)
[14:53:31] [uod] doc saved: article_874_623_a1d29d81.pdf (1025 KB)
[14:53:31] [uod] doc saved: article_875_624_258d045f.pdf (972 KB)
[14:53:31] [uod] doc saved: article_876_625_97384f98.pdf (1012 KB)
[14:53:32] [uod] 2000 pages, 978 docs, queue=13799+1
[14:53:32] [uod] doc saved: article_890_636_a0b5bb0c.pdf (976 KB)
[14:53:32] [uod] doc saved: article_891_637_ca696f46.pdf (1462 KB)
[14:53:33] [uod] doc saved: article_1084_782_f439e71f.pdf (479 KB)
[14:53:33] [uod] doc saved: article_820_574_23ff3700.pdf (801 KB)
[14:53:34] [uod] doc saved: article_821_575_f9a4d622.pdf (905 KB)
[14:53:34] [uod] doc saved: article_822_576_3c57d7ad.pdf (987 KB)
[14:53:34] [uod] doc saved: article_823_577_1dfe7a8a.pdf (901 KB)
[14:53:34] [uod] doc saved: article_824_578_5edecb58.pdf (784 KB)
[14:53:35] [uod] doc saved: article_825_579_4d6d880f.pdf (989 KB)
[14:53:35] [uod] doc saved: article_826_580_eb3fc174.pdf (1748 KB)
[14:53:36] [uod] doc saved: article_827_581_066230cb.pdf (851 KB)
[14:53:36] [uod] doc saved: article_828_582_7f4885b6.pdf (714 KB)
[14:53:36] [uod] doc saved: article_829_583_fe54eea0.pdf (747 KB)
[14:53:37] [uod] doc saved: article_830_584_498a20d3.pdf (878 KB)
[14:53:37] [uod] doc saved: article_831_585_c82d1bb5.pdf (1044 KB)
[14:53:37] [uod] doc saved: article_832_586_542d7526.pdf (546 KB)
[14:53:38] [uod] doc saved: article_833_587_6738695b.pdf (1303 KB)
[14:53:38] [uod] doc saved: article_834_638_0c2e2c82.pdf (1189 KB)
[14:53:38] [uod] doc saved: article_842_594_95f4024e.pdf (709 KB)
[14:53:39] [uod] doc saved: article_843_595_be9bed14.pdf (842 KB)
[14:53:39] [uod] doc saved: article_844_596_ba762d18.pdf (1675 KB)
[14:53:39] [uod] doc saved: article_845_597_4aa1963a.pdf (1906 KB)
[14:53:40] [uod] doc saved: article_847_599_0c0b4f2c.pdf (529 KB)
[14:53:40] [uod] doc saved: article_846_598_d5cbd535.pdf (696 KB)
[14:53:40] [uod] doc saved: article_848_911_d0ecda88.pdf (1892 KB)
[14:53:41] [uod] doc saved: article_2117_1206_92838322.pdf (447 KB)
[14:53:41] [uod] doc saved: article_661_504_3746ba98.pdf (791 KB)
[14:53:42] [uod] doc saved: article_663_505_386df201.pdf (782 KB)
[14:53:42] [uod] doc saved: article_665_506_e95c7e6b.pdf (1901 KB)
[14:53:43] [uod] doc saved: article_666_508_c88080d0.pdf (2648 KB)
[14:53:43] [uod] doc saved: article_667_509_5d492b44.pdf (2442 KB)
[14:53:43] [uod] doc saved: article_668_510_96a407da.pdf (1208 KB)
[14:53:43] [xaniagency] 600 pages, 0 docs, queue=18693+0
[14:53:44] [uod] doc saved: article_836_589_38080145.pdf (812 KB)
[14:53:44] [uod] doc saved: article_837_590_601406de.pdf (1798 KB)
[14:53:44] [uod] doc saved: article_838_591_69df1e8e.pdf (2304 KB)
[14:53:45] [uod] doc saved: article_839_592_23a55101.pdf (1393 KB)
[14:53:45] [uod] doc saved: article_840_593_333bc1be.pdf (1410 KB)
[14:53:45] [uod] doc saved: article_895_641_f299cb41.pdf (1049 KB)
[14:53:46] [uod] doc saved: article_896_642_47e83fd6.pdf (1386 KB)
[14:53:46] [uod] doc saved: article_897_643_06d36709.pdf (1068 KB)
[14:53:46] [uod] doc saved: article_898_644_611eff0a.pdf (1848 KB)
[14:53:47] [uod] doc saved: article_899_645_73a51653.pdf (1145 KB)
[14:53:47] [uod] doc saved: article_632_475_f7a62fb0.pdf (1409 KB)
[14:53:48] [uod] doc saved: article_633_476_0ecbefad.pdf (1089 KB)
[14:53:48] [uod] doc saved: article_634_477_4d1180f5.pdf (724 KB)
[14:53:48] [uod] doc saved: article_635_478_6d35eab5.pdf (943 KB)
[14:53:49] [uod] doc saved: article_636_479_f4033b7c.pdf (921 KB)
[14:53:49] [uod] doc saved: article_637_480_548fbcce.pdf (745 KB)
[14:53:49] [uod] 2100 pages, 1026 docs, queue=14336+0
[14:53:50] [uod] doc saved: article_638_481_829e138c.pdf (978 KB)
[14:53:50] [uod] doc saved: article_639_482_a4968e7a.pdf (853 KB)
[14:53:50] [uod] doc saved: article_641_484_c979acab.pdf (994 KB)
[14:53:50] [uod] doc saved: article_642_485_f53b9af4.pdf (775 KB)
[14:53:51] [uod] doc saved: article_643_487_34cb581f.pdf (992 KB)
[14:53:51] [uod] doc saved: article_644_488_e96865dd.pdf (1048 KB)
[14:53:52] [uod] doc saved: article_645_489_1fff1657.pdf (1190 KB)
[14:53:52] [uod] doc saved: article_646_490_9e0472ea.pdf (620 KB)
[14:53:52] [uod] doc saved: article_647_491_7da5a2c9.pdf (930 KB)
[14:53:52] [uod] doc saved: article_648_492_0c17fdac.pdf (904 KB)
[14:53:53] [uod] doc saved: article_649_493_52563c79.pdf (710 KB)
[14:53:53] [uod] doc saved: article_650_494_1649bb79.pdf (931 KB)
[14:53:54] [uod] doc saved: article_651_495_891b7f31.pdf (1182 KB)
[14:53:54] [uod] doc saved: article_652_496_36282b8c.pdf (1247 KB)
[14:53:54] [uod] doc saved: article_653_497_de3ab833.pdf (1259 KB)
[14:53:55] [uod] doc saved: article_654_498_dc332e4d.pdf (1099 KB)
[14:53:55] [uod] doc saved: article_655_499_7bfd8c3a.pdf (837 KB)
[14:53:55] [uod] doc saved: article_718_760_a36b3300.pdf (273 KB)
[14:53:56] [uod] doc saved: article_719_761_bad0a833.pdf (351 KB)
[14:53:56] [uod] doc saved: article_720_762_7eb60a56.pdf (357 KB)
[14:53:56] [uod] doc saved: article_722_763_1cabcd22.pdf (515 KB)
[14:53:57] [uod] doc saved: article_723_764_10d4ed89.pdf (421 KB)
[14:53:57] [uod] doc saved: article_724_899_6240db72.pdf (645 KB)
[14:53:57] [uod] doc saved: article_725_766_e90d6e11.pdf (1361 KB)
[14:53:58] [uod] doc saved: article_750_767_a7be4a03.pdf (380 KB)
[14:53:58] [uod] doc saved: article_751_768_764eab94.pdf (1517 KB)
[14:53:58] [uod] doc saved: article_683_525_73ebaae2.pdf (340 KB)
[14:53:59] [uod] doc saved: article_684_526_5ddb27ee.pdf (277 KB)
[14:53:59] [uod] doc saved: article_685_527_541e8993.pdf (450 KB)
[14:53:59] [uod] doc saved: article_686_528_def40d92.pdf (222 KB)
[14:54:00] [uod] doc saved: article_687_529_3c2c5edd.pdf (249 KB)
[14:54:00] [uod] doc saved: article_688_530_5ad69f56.pdf (839 KB)
[14:54:01] [uod] doc saved: article_689_531_4da7fb92.pdf (336 KB)
[14:54:01] [uod] doc saved: article_691_532_46244a2d.pdf (784 KB)
[14:54:01] [uod] doc saved: article_692_533_f270ec39.pdf (993 KB)
[14:54:02] [uod] doc saved: article_693_534_04ce5fa2.pdf (942 KB)
[14:54:02] [uod] doc saved: article_694_535_a5de54b0.pdf (1152 KB)
[14:54:02] [uod] doc saved: article_695_536_9cb04dc3.pdf (647 KB)
[14:54:03] [uod] doc saved: article_696_537_c45d53aa.pdf (1644 KB)
[14:54:03] [uod] doc saved: article_697_538_ee63b9b0.pdf (1035 KB)
[14:54:03] [uod] doc saved: article_698_541_0e5fc302.pdf (876 KB)
[14:54:04] [uod] doc saved: article_702_542_18950767.pdf (2595 KB)
[14:54:04] [uod] doc saved: article_703_543_2be430e9.pdf (1258 KB)
[14:54:05] [uod] doc saved: article_704_544_cbe6eadc.pdf (1170 KB)
[14:54:05] [uod] doc saved: article_708_545_806219d6.pdf (982 KB)
[14:54:05] [uod] doc saved: article_728_557_ed1bb70f.pdf (1959 KB)
[14:54:06] [uod] doc saved: article_755_572_90f494e8.pdf (628 KB)
[14:54:06] [uod] doc saved: article_729_558_694aab07.pdf (2827 KB)
[14:54:06] [uod] doc saved: article_514_447_6c87261b.pdf (1154 KB)
[14:54:07] [uod] 2200 pages, 1075 docs, queue=14859+1
[14:54:07] [uod] doc saved: article_613_435_eb9c8879.pdf (1305 KB)
[14:54:07] [uod] doc saved: article_614_449_af83c89a.pdf (659 KB)
[14:54:08] [uod] doc saved: article_615_437_8b1c8e31.pdf (766 KB)
[14:54:08] [uod] doc saved: article_616_439_601e3d88.pdf (1103 KB)
[14:54:08] [uod] doc saved: article_618_440_5a1a6828.pdf (720 KB)
[14:54:09] [uod] doc saved: article_619_450_084ec9f4.pdf (466 KB)
[14:54:09] [uod] doc saved: article_620_442_009c0044.pdf (949 KB)
[14:54:09] [uod] doc saved: article_621_443_53ba74da.pdf (631 KB)
[14:54:10] [uod] doc saved: article_622_444_60449585.pdf (595 KB)
[14:54:10] [uod] doc saved: article_623_445_d5f6c10b.pdf (1035 KB)
[14:54:10] [uod] doc saved: article_624_448_b392924a.pdf (994 KB)
[14:54:11] [uod] doc saved: article_731_559_14090388.pdf (551 KB)
[14:54:11] [uod] doc saved: article_732_560_b42dcfe0.pdf (1070 KB)
[14:54:11] [uod] doc saved: article_734_561_443ad68e.pdf (992 KB)
[14:54:12] [uod] doc saved: article_735_563_f22c9b7d.pdf (1394 KB)
[14:54:12] [uod] doc saved: article_736_564_49bc4f82.pdf (1626 KB)
[14:54:13] [uod] doc saved: article_737_565_ff2dfa3d.pdf (1258 KB)
[14:54:13] [uod] doc saved: article_738_566_d819b71f.pdf (1091 KB)
[14:54:13] [uod] doc saved: article_739_567_0b0ee90f.pdf (1046 KB)
[14:54:13] [uod] doc saved: article_816_573_cd903340.pdf (227 KB)
[14:54:14] [uod] doc saved: article_502_365_9c90266f.pdf (637 KB)
[14:54:15] [uod] doc saved: article_512_393_569d7b22.pdf (764 KB)
[14:54:15] [uod] doc saved: article_513_394_3179d1b1.pdf (83 KB)
[14:54:15] [uod] doc saved: article_570_395_c8d0e56a.pdf (423 KB)
[14:54:16] [uod] doc saved: article_571_438_c8ed34b5.pdf (1292 KB)
[14:54:16] [uod] doc saved: article_572_396_ee6267e1.pdf (898 KB)
[14:54:16] [uod] doc saved: article_573_397_b252b4b8.pdf (896 KB)
[14:54:17] [uod] doc saved: article_574_398_efc1057e.pdf (864 KB)
[14:54:17] [uod] doc saved: article_586_409_2364d4ac.pdf (1303 KB)
[14:54:18] [uod] doc saved: article_588_411_fce7cff5.pdf (650 KB)
[14:54:18] [uod] doc saved: article_587_410_33e14c30.pdf (1584 KB)
[14:54:18] [uod] doc saved: article_589_906_2e034ccb.pdf (627 KB)
[14:54:18] [uod] doc saved: article_591_412_1017d0d9.pdf (1064 KB)
[14:54:19] [uod] doc saved: article_592_413_0099651b.pdf (2127 KB)
[14:54:19] [uod] doc saved: article_593_414_92252314.pdf (556 KB)
[14:54:20] [uod] doc saved: article_594_907_06570c2a.pdf (544 KB)
[14:54:20] [uod] doc saved: article_601_423_0746fe24.pdf (1286 KB)
[14:54:20] [uod] doc saved: article_602_424_eb1b3423.pdf (581 KB)
[14:54:21] [uod] doc saved: article_603_425_d9de424c.pdf (1048 KB)
[14:54:21] [uod] doc saved: article_604_426_3857ffba.pdf (663 KB)
[14:54:21] [uod] doc saved: article_605_427_37375c69.pdf (855 KB)
[14:54:22] [uod] doc saved: article_607_428_e54b4bb1.pdf (930 KB)
[14:54:22] [uod] doc saved: article_608_429_57cccf66.pdf (806 KB)
[14:54:22] [uod] doc saved: article_609_430_c947a303.pdf (625 KB)
[14:54:23] [uod] doc saved: article_610_431_9f66ecdc.pdf (765 KB)
[14:54:23] [uod] doc saved: article_611_432_ffc06c53.pdf (389 KB)
[14:54:24] [uod] doc saved: article_612_967_8303ec12.pdf (449 KB)
[14:54:24] [uod] doc saved: article_505_359_2c05a353.pdf (1109 KB)
[14:54:24] [uod] doc saved: article_508_360_93d4f8a4.pdf (1647 KB)
[14:54:25] [uod] 2300 pages, 1124 docs, queue=15400+0
[14:54:25] [uod] doc saved: article_509_361_3d22410b.pdf (1227 KB)
[14:54:25] [uod] doc saved: article_510_362_4afa603a.pdf (1530 KB)
[14:54:25] [uod] doc saved: article_539_366_13e63e3e.pdf (1273 KB)
[14:54:26] [uod] doc saved: article_543_367_9df210ee.pdf (1287 KB)
[14:54:26] [uod] doc saved: article_551_372_c6fa8ec9.pdf (1153 KB)
[14:54:27] [uod] doc saved: article_552_373_9046a505.pdf (2550 KB)
[14:54:27] [uod] doc saved: article_553_374_d6463e8c.pdf (1484 KB)
[14:54:27] [uod] doc saved: article_554_377_a5c3aae0.pdf (906 KB)
[14:54:28] [uod] doc saved: article_556_379_41b07fd6.pdf (1927 KB)
[14:54:29] [uod] doc saved: article_557_381_460905f5.pdf (967 KB)
[14:54:29] [uod] doc saved: article_578_400_a455a386.pdf (729 KB)
[14:54:29] [uod] doc saved: article_577_399_7764253e.pdf (1913 KB)
[14:54:30] [uod] doc saved: article_579_401_caaad3cb.pdf (1033 KB)
[14:54:30] [uod] doc saved: article_580_402_f9d757c7.pdf (1131 KB)
[14:54:30] [uod] doc saved: article_581_403_620dc6b3.pdf (907 KB)
[14:54:30] [uod] doc saved: article_582_404_14bd4c9a.pdf (1086 KB)
[14:54:31] [uod] doc saved: article_583_406_501202cb.pdf (714 KB)
[14:54:31] [uod] doc saved: article_584_407_816455b5.pdf (893 KB)
[14:54:32] [uod] doc saved: article_585_408_a44d0989.pdf (1097 KB)
[14:54:32] [uod] doc saved: article_595_451_71cad713.pdf (1225 KB)
[14:54:32] [uod] doc saved: article_596_452_1a1cb263.pdf (744 KB)
[14:54:33] [uod] doc saved: article_597_453_f60143e2.pdf (887 KB)
[14:54:33] [uod] doc saved: article_598_454_4e189c60.pdf (709 KB)
[14:54:33] [uod] doc saved: article_599_455_91687e2d.pdf (851 KB)
[14:54:34] [uod] doc saved: article_600_461_785f009e.pdf (824 KB)
[14:54:34] [uod] doc saved: article_630_462_53a37ca3.pdf (830 KB)
[14:54:34] [uod] doc saved: article_658_548_dae6b039.pdf (1629 KB)
[14:54:35] [uod] doc saved: article_709_547_93e7b7ea.pdf (601 KB)
[14:54:35] [uod] doc saved: article_991_718_14659cfb.pdf (1337 KB)
[14:54:36] [uod] doc saved: article_489_464_c7f270b1.pdf (802 KB)
[14:54:36] [uod] doc saved: article_490_465_23cbc4df.pdf (896 KB)
[14:54:36] [uod] doc saved: article_491_466_78612611.pdf (1357 KB)
[14:54:36] [uod] doc saved: article_492_467_9b124e17.pdf (977 KB)
[14:54:37] [uod] doc saved: article_493_468_ff5c5b3a.pdf (725 KB)
[14:54:37] [uod] doc saved: article_494_474_72dc1cc8.pdf (1223 KB)
[14:54:38] [uod] doc saved: article_498_470_d6ae1011.pdf (940 KB)
[14:54:38] [uod] doc saved: article_499_471_17537777.pdf (614 KB)
[14:54:38] [uod] doc saved: article_544_368_199aa2a0.pdf (672 KB)
[14:54:39] [uod] doc saved: article_545_458_0c9e22a0.pdf (820 KB)
[14:54:39] [uod] doc saved: article_548_370_9a49040e.pdf (901 KB)
[14:54:40] [uod] doc saved: article_558_382_312b1955.pdf (970 KB)
[14:54:40] [uod] doc saved: article_559_383_8716bddf.pdf (1166 KB)
[14:54:40] [uod] doc saved: article_561_384_39ca30fd.pdf (994 KB)
[14:54:41] [uod] doc saved: article_562_385_72f45689.pdf (828 KB)
[14:54:41] [uod] doc saved: article_563_386_31c843a9.pdf (966 KB)
[14:54:41] [uod] doc saved: article_564_387_711cac71.pdf (1036 KB)
[14:54:42] [uod] doc saved: article_565_388_9b134236.pdf (871 KB)
[14:54:42] [uod] doc saved: article_566_389_6ff59793.pdf (667 KB)
[14:54:42] [uod] doc saved: article_567_390_8c54d9bd.pdf (1037 KB)
[14:54:43] [uod] 2400 pages, 1173 docs, queue=15942+0
[14:54:43] [uod] doc saved: article_568_391_47ff0c5a.pdf (1377 KB)
[14:54:43] [uod] doc saved: article_569_392_3e40806e.pdf (1173 KB)
[14:54:44] [uod] doc saved: article_464_759_f49eac41.pdf (558 KB)
[14:54:44] [uod] doc saved: article_465_341_f3cbd0f1.pdf (1162 KB)
[14:54:44] [uod] doc saved: article_484_342_4d789048.pdf (1244 KB)
[14:54:45] [uod] doc saved: article_467_343_60459d09.pdf (1170 KB)
[14:54:45] [uod] doc saved: article_475_344_e9322957.pdf (977 KB)
[14:54:45] [uod] doc saved: article_476_345_7db15463.pdf (1179 KB)
[14:54:46] [uod] doc saved: article_479_912_1c83a98a.pdf (344 KB)
[14:54:46] [uod] doc saved: article_483_913_190f473c.pdf (107 KB)
[14:54:46] [uod] doc saved: article_629_915_c1ecbaea.pdf (611 KB)
[14:54:47] [uod] doc saved: article_423_307_1fa18531.pdf (277 KB)
[14:54:47] [uod] doc saved: article_424_330_c105762f.pdf (315 KB)
[14:54:47] [uod] doc saved: article_425_331_677eace6.pdf (405 KB)
[14:54:48] [uod] doc saved: article_426_308_825ecf19.pdf (435 KB)
[14:54:48] [uod] doc saved: article_427_309_b0fe01bb.pdf (242 KB)
[14:54:48] [uod] doc saved: article_428_310_a59621c0.pdf (328 KB)
[14:54:48] [uod] doc saved: article_429_311_c7e7754a.pdf (369 KB)
[14:54:49] [uod] doc saved: article_430_337_e54c8b69.pdf (512 KB)
[14:54:49] [uod] doc saved: article_431_312_737d4fce.pdf (248 KB)
[14:54:49] [uod] doc saved: article_432_313_baaf54b8.pdf (761 KB)
[14:54:50] [uod] doc saved: article_433_316_4e0d1956.pdf (819 KB)
[14:54:50] [uod] doc saved: article_435_317_cc86f4e3.pdf (414 KB)
[14:54:50] [uod] doc saved: article_436_319_57dadf28.pdf (431 KB)
[14:54:51] [uod] doc saved: article_438_320_4617a0c9.pdf (606 KB)
[14:54:51] [uod] doc saved: article_441_321_51a61551.pdf (542 KB)
[14:54:51] [uod] doc saved: article_442_322_b98505b9.pdf (621 KB)
[14:54:52] [uod] doc saved: article_443_336_0237172e.pdf (307 KB)
[14:54:52] [uod] doc saved: article_444_324_037a6745.pdf (760 KB)
[14:54:52] [uod] doc saved: article_445_325_ae9256d6.pdf (440 KB)
[14:54:53] [uod] doc saved: article_446_326_7917f20d.pdf (431 KB)
[14:54:53] [uod] doc saved: article_447_327_4d6bf10d.pdf (573 KB)
[14:54:53] [uod] doc saved: article_450_328_62eb4016.pdf (396 KB)
[14:54:54] [uod] doc saved: article_451_329_f58d0328.pdf (421 KB)
[14:54:54] [uod] doc saved: article_452_332_d9fa89b7.pdf (152 KB)
[14:54:55] [uod] doc saved: article_454_334_cca6bea6.pdf (688 KB)
[14:54:55] [xaniagency] 700 pages, 0 docs, queue=18692+0
[14:54:55] [uod] doc saved: article_455_335_586751a6.pdf (476 KB)
[14:54:55] [uod] doc saved: article_403_285_01ceda12.pdf (701 KB)
[14:54:56] [uod] doc saved: article_404_286_bb03ce6a.pdf (1000 KB)
[14:54:56] [uod] doc saved: article_405_287_125932d0.pdf (816 KB)
[14:54:56] [uod] doc saved: article_406_288_e1721aed.pdf (662 KB)
[14:54:57] [uod] doc saved: article_407_289_b68fe676.pdf (684 KB)
[14:54:57] [uod] doc saved: article_408_1123_f89cf4ef.pdf (239 KB)
[14:54:58] [uod] doc saved: article_409_305_275a0ace.pdf (573 KB)
[14:54:58] [uod] doc saved: article_410_292_f8e510ef.pdf (434 KB)
[14:54:58] [uod] doc saved: article_411_293_9bcba60a.pdf (1427 KB)
[14:54:59] [uod] doc saved: article_413_306_68a5e3ef.pdf (609 KB)
[14:54:59] [uod] doc saved: article_412_294_98d39b50.pdf (1240 KB)
[14:54:59] [uod] 2500 pages, 1221 docs, queue=16478+1
[14:55:00] [uod] doc saved: article_414_296_2693b911.pdf (561 KB)
[14:55:00] [uod] doc saved: article_415_297_61a020d4.pdf (639 KB)
[14:55:00] [uod] doc saved: article_419_298_479fe20b.pdf (532 KB)
[14:55:01] [uod] doc saved: article_420_299_cbfd61d4.pdf (2854 KB)
[14:55:01] [uod] doc saved: article_421_303_f83474e5.pdf (650 KB)
[14:55:02] [uod] doc saved: article_311_194_279425d7.pdf (1016 KB)
[14:55:02] [uod] doc saved: article_312_195_c6e7d3e1.pdf (812 KB)
[14:55:03] [uod] doc saved: article_313_196_97f75a33.pdf (854 KB)
[14:55:03] [uod] doc saved: article_315_197_685fccab.pdf (585 KB)
[14:55:03] [uod] doc saved: article_316_198_d5cfeb27.pdf (881 KB)
[14:55:03] [uod] doc saved: article_317_199_68ca78f5.pdf (1265 KB)
[14:55:04] [uod] doc saved: article_318_200_b0076820.pdf (619 KB)
[14:55:04] [uod] doc saved: article_320_201_4268f911.pdf (612 KB)
[14:55:05] [uod] doc saved: article_319_202_34e67383.pdf (531 KB)
[14:55:05] [uod] doc saved: article_322_203_f8467c45.pdf (558 KB)
[14:55:05] [uod] doc saved: article_336_338_abb65af7.pdf (573 KB)
[14:55:06] [uod] doc saved: article_326_204_7bdf5112.pdf (946 KB)
[14:55:06] [uod] doc saved: article_324_205_1ba1c983.pdf (446 KB)
[14:55:06] [uod] doc saved: article_328_206_0d4cade1.pdf (642 KB)
[14:55:07] [uod] doc saved: article_avuod.2019.22.1.15_207_4d93b937.pdf (689 KB)
[14:55:07] [uod] doc saved: article_330_208_9f551d65.pdf (613 KB)
[14:55:07] [uod] doc saved: article_327_209_f4f30315.pdf (1039 KB)
[14:55:07] [uod] doc saved: article_354_210_81abaa89.pdf (601 KB)
[14:55:08] [uod] doc saved: article_329_211_6d6616c5.pdf (615 KB)
[14:55:08] [uod] doc saved: article_333_212_12875c7b.pdf (741 KB)
[14:55:08] [uod] doc saved: article_332_283_5f919ad1.pdf (689 KB)
[14:55:09] [uod] doc saved: article_335_214_8eaaa4e4.pdf (748 KB)
[14:55:09] [uod] doc saved: article_334_215_5c55e0b1.pdf (900 KB)
[14:55:10] [uod] doc saved: article_345_284_bd4fed0d.pdf (964 KB)
[14:55:10] [uod] doc saved: article_347_751_a340b1db.pdf (597 KB)
[14:55:10] [uod] doc saved: article_348_752_277413dc.pdf (500 KB)
[14:55:10] [uod] doc saved: article_349_753_22c42524.pdf (381 KB)
[14:55:11] [uod] doc saved: article_350_754_73b9c017.pdf (768 KB)
[14:55:11] [uod] doc saved: article_351_755_829829d5.pdf (394 KB)
[14:55:12] [uod] doc saved: article_352_756_b57760b0.pdf (542 KB)
[14:55:12] [uod] doc saved: article_353_757_db1694c3.pdf (793 KB)
[14:55:13] [uod] doc saved: article_290_238_24fcd812.pdf (1117 KB)
[14:55:13] [uod] doc saved: article_292_242_e286313c.pdf (645 KB)
[14:55:13] [uod] doc saved: article_293_243_16c181fa.pdf (960 KB)
[14:55:14] [uod] doc saved: article_389_281_4bd31645.pdf (1997 KB)
[14:55:14] [uod] doc saved: article_294_244_a154063d.pdf (1841 KB)
[14:55:14] [uod] doc saved: article_295_245_0d0b19f1.pdf (801 KB)
[14:55:15] [uod] doc saved: article_296_246_fcd56b69.pdf (738 KB)
[14:55:15] [uod] doc saved: article_297_247_d574ff34.pdf (737 KB)
[14:55:15] [uod] doc saved: article_299_248_374f5f49.pdf (913 KB)
[14:55:16] [uod] doc saved: article_300_249_8a034598.pdf (710 KB)
[14:55:16] [uod] doc saved: article_377_250_68b6f425.pdf (545 KB)
[14:55:16] [uod] doc saved: article_304_251_98032563.pdf (516 KB)
[14:55:17] [uod] doc saved: article_303_253_10e93a52.pdf (753 KB)
[14:55:17] [uod] doc saved: article_305_254_38f716cd.pdf (579 KB)
[14:55:17] [uod] 2600 pages, 1271 docs, queue=17014+1
[14:55:17] [uod] doc saved: article_306_255_bf8909ff.pdf (833 KB)
[14:55:18] [uod] doc saved: article_307_256_eef2f9ac.pdf (879 KB)
[14:55:18] [uod] doc saved: article_308_257_422a8ab1.pdf (982 KB)
[14:55:19] [uod] doc saved: article_378_258_d0cacae3.pdf (583 KB)
[14:55:19] [uod] doc saved: article_356_259_5907dc9e.pdf (1061 KB)
[14:55:19] [uod] doc saved: article_357_260_72b36104.pdf (472 KB)
[14:55:19] [uod] doc saved: article_358_261_73a66b16.pdf (1047 KB)
[14:55:20] [uod] doc saved: article_376_262_fa2c3192.pdf (783 KB)
[14:55:20] [uod] doc saved: article_359_263_a3089c08.pdf (1382 KB)
[14:55:21] [uod] doc saved: article_360_264_64b2a83f.pdf (1139 KB)
[14:55:21] [uod] doc saved: article_361_265_e400e246.pdf (581 KB)
[14:55:21] [uod] doc saved: article_362_266_c351d4cf.pdf (1013 KB)
[14:55:21] [uod] doc saved: article_364_267_41ec638f.pdf (803 KB)
[14:55:22] [uod] doc saved: article_365_268_c9d2ed2a.pdf (451 KB)
[14:55:22] [uod] doc saved: article_369_269_5cb11a7e.pdf (996 KB)
[14:55:22] [uod] doc saved: article_371_270_dae3af09.pdf (428 KB)
[14:55:23] [uod] doc saved: article_372_271_3cb04cd9.pdf (767 KB)
[14:55:23] [uod] doc saved: article_373_272_b118bd42.pdf (864 KB)
[14:55:23] [uod] doc saved: article_388_273_9a870f44.pdf (642 KB)
[14:55:24] [uod] doc saved: article_379_274_46a8f991.pdf (555 KB)
[14:55:24] [uod] doc saved: article_382_275_c5fdada4.pdf (555 KB)
[14:55:25] [uod] doc saved: article_383_276_999108c7.pdf (744 KB)
[14:55:25] [uod] doc saved: article_384_277_2cbbbc8b.pdf (566 KB)
[14:55:25] [uod] doc saved: article_385_279_ec3408a6.pdf (786 KB)
[14:55:26] [uod] doc saved: article_386_278_48081ca4.pdf (657 KB)
[14:55:26] [uod] doc saved: article_291_280_60769f1e.pdf (867 KB)
[14:55:26] [uod] doc saved: article_271_181_08821010.pdf (1552 KB)
[14:55:27] [uod] doc saved: article_272_182_7954643b.pdf (1077 KB)
[14:55:27] [uod] doc saved: article_273_183_a051f4d7.pdf (687 KB)
[14:55:27] [uod] doc saved: article_276_185_8faae0ac.pdf (1012 KB)
[14:55:28] [uod] doc saved: article_277_186_2748b620.pdf (938 KB)
[14:55:28] [uod] doc saved: article_278_187_c8c84a24.pdf (943 KB)
[14:55:29] [uod] doc saved: article_279_188_8e62d9cf.pdf (548 KB)
[14:55:29] [uod] doc saved: article_281_189_2429757d.pdf (1243 KB)
[14:55:29] [uod] doc saved: article_282_190_f7698abc.pdf (2235 KB)
[14:55:29] [uod] doc saved: article_283_191_8071f372.pdf (603 KB)
[14:55:30] [uod] doc saved: article_284_192_273cd683.pdf (955 KB)
[14:55:30] [uod] doc saved: article_285_193_f391d787.pdf (720 KB)
[14:55:31] [uod] doc saved: article_12_1_e8a7c802.pdf (510 KB)
[14:55:31] [uod] doc saved: article_13_2_3a888652.pdf (1309 KB)
[14:55:32] [uod] doc saved: article_14_3_16580b90.pdf (859 KB)
[14:55:32] [uod] doc saved: article_15_4_406876cd.pdf (1368 KB)
[14:55:32] [uod] doc saved: article_16_5_69c296b8.pdf (1653 KB)
[14:55:32] [uod] doc saved: article_17_6_92d86aaa.pdf (662 KB)
[14:55:33] [uod] doc saved: article_18_7_8a3c22da.pdf (1439 KB)
[14:55:33] [uod] doc saved: article_19_8_57bd53cb.pdf (664 KB)
[14:55:34] [uod] doc saved: article_20_9_ac884fe1.pdf (1086 KB)
[14:55:34] [uod] doc saved: article_21_11_5e5bf999.pdf (1489 KB)
[14:55:34] [uod] 2700 pages, 1319 docs, queue=17563+0
[14:55:34] [uod] doc saved: article_22_12_519e8837.pdf (1131 KB)
[14:55:34] [uod] doc saved: article_23_13_7ab47c47.pdf (1095 KB)
[14:55:35] [uod] doc saved: article_24_14_fded89e1.pdf (847 KB)
[14:55:35] [uod] doc saved: article_25_15_f0906723.pdf (1015 KB)
[14:55:35] [uod] doc saved: article_26_16_7e920e0b.pdf (1071 KB)
[14:55:36] [uod] doc saved: article_28_17_abccff33.pdf (736 KB)
[14:55:36] [uod] doc saved: article_29_18_8fc6788c.pdf (562 KB)
[14:55:36] [uod] doc saved: article_30_19_09816c10.pdf (962 KB)
[14:55:37] [uod] doc saved: article_31_20_4eb7ed7a.pdf (948 KB)
[14:55:37] [uod] doc saved: article_32_21_bd8e45b0.pdf (1347 KB)
[14:55:37] [uod] doc saved: article_33_22_0b04753f.pdf (1108 KB)
[14:55:38] [uod] doc saved: article_34_23_0e2b2a69.pdf (721 KB)
[14:55:38] [uod] doc saved: article_35_24_4c70b632.pdf (932 KB)
[14:55:38] [uod] doc saved: article_36_25_71b2f3ed.pdf (1269 KB)
[14:55:39] [uod] doc saved: article_37_26_935e33da.pdf (813 KB)
[14:55:39] [uod] doc saved: article_38_27_52f3674b.pdf (1057 KB)
[14:55:39] [uod] doc saved: article_39_28_af1b77eb.pdf (802 KB)
[14:55:40] [uod] doc saved: article_40_29_994c3a6c.pdf (470 KB)
[14:55:40] [uod] doc saved: article_41_30_8532a469.pdf (2168 KB)
[14:55:40] [uod] doc saved: article_43_31_c09ccc70.pdf (620 KB)
[14:55:41] [uod] doc saved: article_44_32_54b5e96c.pdf (608 KB)
[14:55:41] [uod] doc saved: article_45_33_36806954.pdf (476 KB)
[14:55:42] [uod] doc saved: article_46_34_4ef32cd6.pdf (1170 KB)
[14:55:42] [uod] doc saved: article_47_35_ce3f9e78.pdf (481 KB)
[14:55:42] [uod] doc saved: article_48_36_186e7c38.pdf (1011 KB)
[14:55:43] [uod] doc saved: article_79_66_4e48bc5e.pdf (520 KB)
[14:55:43] [uod] doc saved: article_49_37_27848698.pdf (897 KB)
[14:55:43] [uod] doc saved: article_50_38_3fad5a9c.pdf (989 KB)
[14:55:43] [uod] doc saved: article_80_67_2325cf97.pdf (750 KB)
[14:55:44] [uod] doc saved: article_51_39_55db3cac.pdf (1437 KB)
[14:55:44] [uod] doc saved: article_52_40_110dcc0a.pdf (1070 KB)
[14:55:45] [uod] doc saved: article_53_41_e08d31ad.pdf (865 KB)
[14:55:45] [uod] doc saved: article_54_43_124217f9.pdf (1095 KB)
[14:55:45] [uod] doc saved: article_55_44_e697b22b.pdf (754 KB)
[14:55:46] [uod] doc saved: article_56_45_880d05f1.pdf (754 KB)
[14:55:46] [uod] doc saved: article_57_46_4b387e8a.pdf (2313 KB)
[14:55:46] [uod] doc saved: article_58_47_592cf1df.pdf (1119 KB)
[14:55:47] [uod] doc saved: article_59_48_06c912e0.pdf (798 KB)
[14:55:47] [uod] doc saved: article_60_49_e82ca715.pdf (533 KB)
[14:55:47] [uod] doc saved: article_61_50_ebd750c2.pdf (1110 KB)
[14:55:48] [uod] doc saved: article_62_51_7ea4c112.pdf (912 KB)
[14:55:48] [uod] doc saved: article_63_52_c30553cd.pdf (890 KB)
[14:55:49] [uod] doc saved: article_65_54_f0786fbe.pdf (2473 KB)
[14:55:49] [uod] doc saved: article_64_53_d95ed55f.pdf (1346 KB)
[14:55:49] [uod] doc saved: article_67_55_8f074fb1.pdf (2483 KB)
[14:55:49] [uod] doc saved: article_68_56_5c0aefd9.pdf (716 KB)
[14:55:50] [uod] doc saved: article_69_57_b439eba4.pdf (2898 KB)
[14:55:50] [uod] doc saved: article_81_68_da2fb365.pdf (1392 KB)
[14:55:51] [uod] doc saved: article_71_58_5139a0dd.pdf (717 KB)
[14:55:51] [uod] doc saved: article_72_59_406c1cc2.pdf (1290 KB)
[14:55:51] [uod] doc saved: article_73_60_1dc567d8.pdf (858 KB)
[14:55:51] [uod] 2800 pages, 1370 docs, queue=18101+1
[14:55:52] [uod] doc saved: article_74_61_e6769b0b.pdf (807 KB)
[14:55:52] [uod] doc saved: article_75_62_d5d525ed.pdf (855 KB)
[14:55:52] [uod] doc saved: article_76_63_8d315c69.pdf (1642 KB)
[14:55:53] [uod] doc saved: article_77_64_974f2760.pdf (1460 KB)
[14:55:53] [uod] doc saved: article_78_65_a0d88825.pdf (851 KB)
[14:55:53] [uod] doc saved: article_83_70_28cba989.pdf (515 KB)
[14:55:54] [uod] doc saved: article_97_72_96d4d5fe.pdf (683 KB)
[14:55:54] [uod] doc saved: article_98_73_4027ac80.pdf (1027 KB)
[14:55:54] [uod] doc saved: article_99_74_a84dc032.pdf (564 KB)
[14:55:55] [uod] doc saved: article_101_76_0a2a5f3c.pdf (1143 KB)
[14:55:55] [uod] doc saved: article_100_75_28cbef95.pdf (582 KB)
[14:55:56] [uod] doc saved: article_172_122_abc1ddbe.pdf (842 KB)
[14:55:56] [uod] doc saved: article_173_123_ec569b7e.pdf (1397 KB)
[14:55:57] [uod] doc saved: article_113_78_19521b43.pdf (918 KB)
[14:55:57] [uod] doc saved: article_114_79_b4173fd9.pdf (582 KB)
[14:55:57] [uod] doc saved: article_115_80_6a53e1f9.pdf (875 KB)
[14:55:58] [uod] doc saved: article_116_81_5bf4cb2f.pdf (1104 KB)
[14:55:58] [uod] doc saved: article_117_82_7e857280.pdf (1518 KB)
[14:55:58] [uod] doc saved: article_118_83_11cac581.pdf (685 KB)
[14:55:59] [uod] doc saved: article_119_84_37e4e923.pdf (868 KB)
[14:55:59] [uod] doc saved: article_120_85_99b74979.pdf (1047 KB)
[14:55:59] [uod] doc saved: article_121_86_b4197f69.pdf (931 KB)
[14:56:00] [uod] doc saved: article_122_87_d91377e9.pdf (122 KB)
[14:56:00] [uod] doc saved: article_128_88_a6a6005c.pdf (810 KB)
[14:56:01] [uod] doc saved: article_129_89_6886c6da.pdf (490 KB)
[14:56:01] [uod] doc saved: article_130_90_5fad5d8c.pdf (2310 KB)
[14:56:01] [uod] doc saved: article_131_91_e694e24e.pdf (552 KB)
[14:56:01] [uod] doc saved: article_139_92_6dc45257.pdf (492 KB)
[14:56:02] [uod] doc saved: article_141_93_40e4cbc0.pdf (590 KB)
[14:56:02] [uod] doc saved: article_146_94_ed745881.pdf (826 KB)
[14:56:03] [uod] doc saved: article_147_95_a171228a.pdf (649 KB)
[14:56:03] [uod] doc saved: article_148_96_3be15487.pdf (946 KB)
[14:56:03] [uod] doc saved: article_149_97_6000b95c.pdf (823 KB)
[14:56:04] [uod] doc saved: article_150_98_1f38aa56.pdf (965 KB)
[14:56:04] [uod] doc saved: article_151_99_31c4db48.pdf (695 KB)
[14:56:04] [uod] doc saved: article_152_750_890f79e0.pdf (398 KB)
[14:56:05] [uod] doc saved: article_154_101_c2fda7ec.pdf (1157 KB)
[14:56:05] [uod] doc saved: article_155_102_c06901ab.pdf (470 KB)
[14:56:06] [uod] doc saved: article_156_103_2d94453f.pdf (973 KB)
[14:56:06] [uod] doc saved: article_157_104_26743dde.pdf (681 KB)
[14:56:06] [uod] doc saved: article_158_105_bdc1b8ab.pdf (685 KB)
[14:56:06] [uod] doc saved: article_159_106_a6a1b21b.pdf (724 KB)
[14:56:07] [uod] doc saved: article_160_107_f09766d5.pdf (781 KB)
[14:56:07] [uod] doc saved: article_161_108_6d01914c.pdf (561 KB)
[14:56:07] [uod] doc saved: article_162_109_e663e3cf.pdf (469 KB)
[14:56:08] [uod] doc saved: article_163_111_c23bc4d9.pdf (653 KB)
[14:56:08] [uod] doc saved: article_164_112_c7abb88b.pdf (653 KB)
[14:56:08] [uod] 2900 pages, 1417 docs, queue=18636+0
[14:56:08] [uod] doc saved: article_165_114_3dc214c4.pdf (668 KB)
[14:56:09] [uod] doc saved: article_166_113_158ac746.pdf (749 KB)
[14:56:09] [uod] doc saved: article_167_115_b072e9a9.pdf (1198 KB)
[14:56:10] [uod] doc saved: article_168_116_91e9f7a9.pdf (1447 KB)
[14:56:10] [uod] doc saved: article_169_117_e1735a4e.pdf (1021 KB)
[14:56:10] [uod] doc saved: article_170_118_cd6aec47.pdf (1070 KB)
[14:56:10] [uod] doc saved: article_171_119_85545772.pdf (594 KB)
[14:56:11] [uod] doc saved: article_174_124_7abd244d.pdf (1577 KB)
[14:56:11] [uod] doc saved: article_175_125_f01da48d.pdf (507 KB)
[14:56:11] [uod] doc saved: article_176_126_d0808616.pdf (819 KB)
[14:56:12] [uod] doc saved: article_177_127_77ab7aa5.pdf (743 KB)
[14:56:12] [uod] doc saved: article_178_128_cd84a28a.pdf (1072 KB)
[14:56:13] [uod] doc saved: article_179_129_94a3ca2d.pdf (1024 KB)
[14:56:13] [uod] doc saved: article_180_130_57619923.pdf (244 KB)
[14:56:13] [uod] doc saved: article_181_131_2cfc3fd4.pdf (853 KB)
[14:56:14] [uod] doc saved: article_182_132_56d140e8.pdf (643 KB)
[14:56:14] [uod] doc saved: article_183_133_2b8096d4.pdf (1711 KB)
[14:56:14] [uod] doc saved: article_185_134_988f69b9.pdf (1495 KB)
[14:56:15] [uod] doc saved: article_186_135_caa9c07d.pdf (1956 KB)
[14:56:15] [uod] doc saved: article_187_136_3908056b.pdf (529 KB)
[14:56:15] [uod] doc saved: article_189_137_3578f462.pdf (889 KB)
[14:56:16] [uod] doc saved: article_190_138_0f4d1df3.pdf (745 KB)
[14:56:16] [uod] doc saved: article_191_139_6d6bacd4.pdf (911 KB)
[14:56:16] [uod] doc saved: article_192_140_7b0a4216.pdf (768 KB)
[14:56:17] [uod] doc saved: article_193_141_843852ad.pdf (997 KB)
[14:56:17] [uod] doc saved: article_194_142_84b7eea4.pdf (1084 KB)
[14:56:18] [uod] doc saved: article_195_143_1e01df1d.pdf (1436 KB)
[14:56:18] [uod] doc saved: article_196_144_9b0eeb88.pdf (857 KB)
[14:56:18] [uod] doc saved: article_200_145_a6b4ea55.pdf (571 KB)
[14:56:19] [uod] doc saved: article_201_146_5fc61c40.pdf (1066 KB)
[14:56:19] [uod] doc saved: article_202_147_d3f1874e.pdf (751 KB)
[14:56:19] [uod] doc saved: article_203_148_2f34c40c.pdf (877 KB)
[14:56:19] [uod] doc saved: article_204_149_0d682987.pdf (882 KB)
[14:56:20] [uod] doc saved: article_205_150_45e4d6ea.pdf (927 KB)
[14:56:20] [uod] doc saved: article_206_151_b23fa25c.pdf (1685 KB)
[14:56:20] [uod] doc saved: article_207_152_a25781c4.pdf (983 KB)
[14:56:21] [uod] doc saved: article_208_153_09656b59.pdf (886 KB)
[14:56:21] [uod] doc saved: article_209_154_e515517d.pdf (808 KB)
[14:56:21] [uod] doc saved: article_210_155_24135fc6.pdf (825 KB)
[14:56:22] [uod] doc saved: article_211_156_a3435e37.pdf (808 KB)
[14:56:22] [uod] doc saved: article_212_157_2251673b.pdf (1616 KB)
[14:56:22] [uod] doc saved: article_213_158_4575d24c.pdf (456 KB)
[14:56:23] [uod] doc saved: article_214_159_9ccef590.pdf (439 KB)
[14:56:23] [xaniagency] 800 pages, 0 docs, queue=18691+0
[14:56:24] [uod] doc saved: article_221_160_17af8c61.pdf (563 KB)
[14:56:24] [uod] doc saved: article_222_161_6e54399e.pdf (571 KB)
[14:56:24] [uod] doc saved: article_223_162_42c27696.pdf (1473 KB)
[14:56:24] [uod] doc saved: article_224_163_a99e8257.pdf (2459 KB)
[14:56:25] [uod] doc saved: article_225_164_3ea4bac7.pdf (1114 KB)
[14:56:25] [uod] doc saved: article_226_165_3c0c7688.pdf (1569 KB)
[14:56:25] [uod] 3000 pages, 1466 docs, queue=19160+1
[14:56:25] [uod] doc saved: article_227_166_5be9904c.pdf (855 KB)
[14:56:26] [uod] doc saved: article_228_167_aeb7df9f.pdf (555 KB)
[14:56:26] [uod] doc saved: article_229_168_2f1ac6b8.pdf (1613 KB)
[14:56:26] [uod] doc saved: article_246_171_f9193a3e.pdf (570 KB)
[14:56:27] [uod] doc saved: article_231_169_d976d305.pdf (710 KB)
[14:56:27] [uod] doc saved: article_232_170_1e87804a.pdf (926 KB)
[14:56:27] [uod] doc saved: article_251_172_7ef99574.pdf (457 KB)
[14:56:28] [uod] doc saved: article_252_173_3f73750c.pdf (476 KB)
[14:56:28] [uod] doc saved: article_253_174_705fc25a.pdf (786 KB)
[14:56:29] [uod] doc saved: article_254_175_ddb3059e.pdf (618 KB)
[14:56:29] [uod] doc saved: article_255_176_eea6dc25.pdf (529 KB)
[14:56:29] [uod] doc saved: article_256_177_c96e94c8.pdf (691 KB)
[14:56:29] [uod] doc saved: article_257_178_3f1ce374.pdf (752 KB)
[14:56:30] [uod] doc saved: article_258_179_07ad1684.pdf (732 KB)
[14:56:30] [uod] doc saved: article_260_180_4be2acab.pdf (836 KB)
/home/sawab/AI - Project/KI_finetuning/data/Bahdini_Crawler/crawler.py:361: XMLParsedAsHTMLWarning: It looks like you're parsing an XML document using an HTML parser. If this really is an HTML document (maybe it's XHTML?), you can ignore or filter this warning. If it's XML, you should know that using an XML parser will be more reliable. To parse this document as XML, make sure you have the lxml package installed, and pass the keyword argument `features="xml"` into the BeautifulSoup constructor.
  soup = BeautifulSoup(body, "lxml")
[14:56:38] [uod] 3100 pages, 1481 docs, queue=19216+0
[14:56:49] [uod] 3200 pages, 1481 docs, queue=19098+0
[14:57:01] [uod] 3300 pages, 1481 docs, queue=18981+0
[14:57:12] [uod] 3400 pages, 1481 docs, queue=18862+0
[14:57:24] [uod] 3500 pages, 1481 docs, queue=18744+0
[14:57:36] [uod] 3600 pages, 1481 docs, queue=18624+0
[14:57:47] [uod] 3700 pages, 1481 docs, queue=18507+0
[14:57:50] [xaniagency] 900 pages, 0 docs, queue=18691+0
[14:57:58] [uod] 3800 pages, 1481 docs, queue=18390+0
[14:58:10] [uod] 3900 pages, 1481 docs, queue=18271+0
[14:58:22] [uod] 4000 pages, 1481 docs, queue=18153+0
[14:58:33] [uod] 4100 pages, 1481 docs, queue=18035+0
[14:58:45] [uod] 4200 pages, 1481 docs, queue=17917+0
[14:58:57] [uod] 4300 pages, 1481 docs, queue=17797+0
[14:59:08] [uod] 4400 pages, 1481 docs, queue=17681+0
[14:59:15] [xaniagency] 1000 pages, 0 docs, queue=18691+0
[14:59:20] [uod] 4500 pages, 1481 docs, queue=17562+0
[14:59:31] [uod] 4600 pages, 1481 docs, queue=17443+0
[14:59:43] [uod] 4700 pages, 1481 docs, queue=17326+0
[14:59:54] [uod] 4800 pages, 1481 docs, queue=17209+0
[15:00:06] [uod] 4900 pages, 1481 docs, queue=17089+0
[15:00:18] [uod] 5000 pages, 1481 docs, queue=16972+0
[15:00:19] [uod] DONE: {"site": "uod", "base": "https://journal.uod.ac/index.php/uodjournal", "pages_total": 5371, "pages_ok": 5362, "documents": 1481, "doc_bytes": 1689752057, "errors": 10, "stopped_reason": "page cap (5000) reached", "duration_s": 765.5}
[15:00:43] [xaniagency] 1100 pages, 0 docs, queue=18690+0
[15:02:09] [xaniagency] 1200 pages, 0 docs, queue=18689+0
[15:03:33] [xaniagency] 1300 pages, 0 docs, queue=18689+0
[15:04:56] [xaniagency] 1400 pages, 0 docs, queue=18689+0
