url,source_page,file,bytes,content_type
https://spirez.org/about/about us A.pdf,https://spirez.org/about.html,about_us_A_019e3da1.pdf,22788,application/pdf
https://spirez.org/about/about us E.pdf,https://spirez.org/about.html,about_us_E_045340ae.pdf,17700,application/pdf
https://spirez.org/about/about us K.pdf,https://spirez.org/about.html,about_us_K_d9cfcca1.pdf,31154,application/pdf
https://spirez.org/about/About us L .pdf,https://spirez.org/about.html,About_us_L__58b6fbbb.pdf,103012,application/pdf
https://spirez.org/helin/6/20-21.pdf,https://spirez.org/helin/h6.html,20-21_ff161cfb.pdf,291276,application/pdf
https://spirez.org/helin/6/39.pdf,https://spirez.org/helin/h6.html,39_7d311575.pdf,113151,application/pdf
https://spirez.org/helin/6/3.pdf,https://spirez.org/helin/h6.html,3_76bb86c8.pdf,147506,application/pdf
https://spirez.org/helin/6/12-13.pdf,https://spirez.org/helin/h6.html,12-13_1b152d02.pdf,255763,application/pdf
https://spirez.org/helin/6/2.pdf,https://spirez.org/helin/h6.html,2_83ade26c.pdf,87800,application/pdf
https://spirez.org/helin/6/37.pdf,https://spirez.org/helin/h6.html,37_2880bc08.pdf,70566,application/pdf
https://spirez.org/helin/6/34-35.pdf,https://spirez.org/helin/h6.html,34-35_d9870e71.pdf,247043,application/pdf
https://spirez.org/helin/6/28.pdf,https://spirez.org/helin/h6.html,28_b2922953.pdf,145195,application/pdf
https://spirez.org/helin/6/18-19.pdf,https://spirez.org/helin/h6.html,18-19_2e2c5621.pdf,259295,application/pdf
https://spirez.org/helin/6/4.pdf,https://spirez.org/helin/h6.html,4_b4ab65ad.pdf,156412,application/pdf
https://spirez.org/helin/6/10-11.pdf,https://spirez.org/helin/h6.html,10-11_5ecd23fc.pdf,266611,application/pdf
https://spirez.org/helin/6/25.pdf,https://spirez.org/helin/h6.html,25_cd4f0985.pdf,92305,application/pdf
https://spirez.org/helin/6/14-15.pdf,https://spirez.org/helin/h6.html,14-15_e9e660ec.pdf,273121,application/pdf
https://spirez.org/helin/6/38.pdf,https://spirez.org/helin/h6.html,38_dfc328ae.pdf,91282,application/pdf
https://spirez.org/helin/6/36.pdf,https://spirez.org/helin/h6.html,36_6785be4a.pdf,103026,application/pdf
https://spirez.org/helin/6/31.pdf,https://spirez.org/helin/h6.html,31_9b06c0d4.pdf,130705,application/pdf
https://spirez.org/helin/6/30.pdf,https://spirez.org/helin/h6.html,30_0b9d3404.pdf,84948,application/pdf
https://spirez.org/helin/6/9.pdf,https://spirez.org/helin/h6.html,9_02e8fc16.pdf,129972,application/pdf
https://spirez.org/helin/6/29.pdf,https://spirez.org/helin/h6.html,29_033bed0a.pdf,171611,application/pdf
https://spirez.org/helin/6/5.pdf,https://spirez.org/helin/h6.html,5_ad9cca9d.pdf,170196,application/pdf
https://spirez.org/helin/6/23.pdf,https://spirez.org/helin/h6.html,23_4b114068.pdf,97738,application/pdf
https://spirez.org/helin/6/16.pdf,https://spirez.org/helin/h6.html,16_3d5c7e6e.pdf,144681,application/pdf
https://spirez.org/helin/6/22.pdf,https://spirez.org/helin/h6.html,22_e3ebad40.pdf,131625,application/pdf
https://spirez.org/helin/6/26.pdf,https://spirez.org/helin/h6.html,26_2f89e5f8.pdf,154295,application/pdf
https://spirez.org/helin/6/32-33.pdf,https://spirez.org/helin/h6.html,32-33_7f4ead56.pdf,208376,application/pdf
https://spirez.org/helin/6/6-7.pdf,https://spirez.org/helin/h6.html,6-7_e8b9e9eb.pdf,269059,application/pdf
https://spirez.org/helin/6/27.pdf,https://spirez.org/helin/h6.html,27_c6ece008.pdf,156712,application/pdf
https://spirez.org/helin/6/8.pdf,https://spirez.org/helin/h6.html,8_0794fbc3.pdf,130495,application/pdf
https://spirez.org/helin/6/17.pdf,https://spirez.org/helin/h6.html,17_3a7f4a73.pdf,172674,application/pdf
https://spirez.org/helin/6/24.pdf,https://spirez.org/helin/h6.html,24_9fece1b2.pdf,114525,application/pdf
https://spirez.org/poetica/jimare 13/14.pdf,https://spirez.org/poetica/poe13.html,14_eaf9e1e5.pdf,354040,application/pdf
https://spirez.org/poetica/jimare 13/17.pdf,https://spirez.org/poetica/poe13.html,17_c8441560.pdf,2035417,application/pdf
https://spirez.org/poetica/jimare 13/15.pdf,https://spirez.org/poetica/poe13.html,15_57253ba7.pdf,877364,application/pdf
https://spirez.org/poetica/jimare 13/08.pdf,https://spirez.org/poetica/poe13.html,08_8e16f759.pdf,825322,application/pdf
https://spirez.org/poetica/jimare 13/00.pdf,https://spirez.org/poetica/poe13.html,00_3e9515e9.pdf,233371,application/pdf
https://spirez.org/poetica/jimare 13/05.pdf,https://spirez.org/poetica/poe13.html,05_4086877e.pdf,1636550,application/pdf
https://spirez.org/poetica/jimare 13/03.pdf,https://spirez.org/poetica/poe13.html,03_b0b67fd0.pdf,863781,application/pdf
https://spirez.org/poetica/jimare 13/12.pdf,https://spirez.org/poetica/poe13.html,12_88b30763.pdf,1080863,application/pdf
https://spirez.org/poetica/jimare 13/02.pdf,https://spirez.org/poetica/poe13.html,02_451f2c3b.pdf,261213,application/pdf
https://spirez.org/poetica/jimare 13/01.pdf,https://spirez.org/poetica/poe13.html,01_dfdf1285.pdf,459983,application/pdf
https://spirez.org/poetica/jimare 13/06.pdf,https://spirez.org/poetica/poe13.html,06_6a6e94b5.pdf,2833729,application/pdf
https://spirez.org/poetica/jimare 13/07.pdf,https://spirez.org/poetica/poe13.html,07_23851eae.pdf,1025589,application/pdf
https://spirez.org/poetica/jimare 13/18.pdf,https://spirez.org/poetica/poe13.html,18_ca06337e.pdf,2903249,application/pdf
https://spirez.org/poetica/jimare 13/11.pdf,https://spirez.org/poetica/poe13.html,11_5a6d385c.pdf,499479,application/pdf
https://spirez.org/poetica/jimare 13/13.pdf,https://spirez.org/poetica/poe13.html,13_5f8fb19e.pdf,1793629,application/pdf
https://spirez.org/poetica/jimare 13/16.pdf,https://spirez.org/poetica/poe13.html,16_a366374d.pdf,626624,application/pdf
https://spirez.org/poetica/jimare 13/04.pdf,https://spirez.org/poetica/poe13.html,04_c291bafa.pdf,2853234,application/pdf
https://spirez.org/poetica/jimare 13/09.pdf,https://spirez.org/poetica/poe13.html,09_72ccf7b1.pdf,2739203,application/pdf
https://spirez.org/poetica/jimare 13/10.pdf,https://spirez.org/poetica/poe13.html,10_a4cd6130.pdf,2987744,application/pdf
https://spirez.org/poetica/jimare 04/88.pdf,https://spirez.org/poetica/poe04.html,88_b9b71707.pdf,6697025,application/pdf
https://spirez.org/poetica/jimare 04/84-85.pdf,https://spirez.org/poetica/poe04.html,84-85_a448c664.pdf,6768192,application/pdf
https://spirez.org/poetica/jimare 04/56-61.pdf,https://spirez.org/poetica/poe04.html,56-61_c772cb54.pdf,6551693,application/pdf
https://spirez.org/poetica/jimare 04/86-87.pdf,https://spirez.org/poetica/poe04.html,86-87_6b92dc7b.pdf,6741018,application/pdf
https://spirez.org/poetica/jimare 04/6-23.pdf,https://spirez.org/poetica/poe04.html,6-23_9f9dabe2.pdf,7799080,application/pdf
https://spirez.org/poetica/jimare 04/89-112.pdf,https://spirez.org/poetica/poe04.html,89-112_bacf7167.pdf,11977242,application/pdf
https://spirez.org/poetica/jimare 04/65.pdf,https://spirez.org/poetica/poe04.html,65_dd32b5c5.pdf,6621820,application/pdf
https://spirez.org/poetica/jimare 04/62-64.pdf,https://spirez.org/poetica/poe04.html,62-64_791352cc.pdf,6570399,application/pdf
https://spirez.org/poetica/jimare 04/113-136.pdf,https://spirez.org/poetica/poe04.html,113-136_a29928fa.pdf,13842001,application/pdf
https://spirez.org/poetica/jimare 04/34-37.pdf,https://spirez.org/poetica/poe04.html,34-37_25cd76f6.pdf,8230149,application/pdf
https://spirez.org/poetica/jimare 04/27-33.pdf,https://spirez.org/poetica/poe04.html,27-33_000c4c8e.pdf,8504401,application/pdf
https://spirez.org/poetica/jimare 04/66-75.pdf,https://spirez.org/poetica/poe04.html,66-75_66a30acc.pdf,6801032,application/pdf
https://spirez.org/poetica/jimare 04/80-83.pdf,https://spirez.org/poetica/poe04.html,80-83_c4d0cbce.pdf,7875027,application/pdf
https://spirez.org/poetica/jimare 04/50-55.pdf,https://spirez.org/poetica/poe04.html,50-55_8a0640d8.pdf,7162769,application/pdf
https://spirez.org/poetica/jimare 04/naverok.pdf,https://spirez.org/poetica/poe04.html,naverok_f4598ead.pdf,6662885,application/pdf
https://spirez.org/poetica/jimare 04/00.pdf,https://spirez.org/poetica/poe04.html,00_6d306892.pdf,6456544,application/pdf
https://spirez.org/poetica/jimare 04/24-26.pdf,https://spirez.org/poetica/poe04.html,24-26_f61d0356.pdf,6756799,application/pdf
https://spirez.org/poetica/jimare 04/76-79.pdf,https://spirez.org/poetica/poe04.html,76-79_cf4f480b.pdf,6602890,application/pdf
https://spirez.org/afaq/3/36.pdf,https://spirez.org/afaq/a3.html,36_1655032f.pdf,328540,application/pdf
https://spirez.org/poetica/jimare 04/38-49.pdf,https://spirez.org/poetica/poe04.html,38-49_1d325112.pdf,7569474,application/pdf
https://spirez.org/afaq/3/7.pdf,https://spirez.org/afaq/a3.html,7_d5529db8.pdf,340112,application/pdf
https://spirez.org/afaq/3/8.pdf,https://spirez.org/afaq/a3.html,8_b2386198.pdf,226737,application/pdf
https://spirez.org/poetica/jimare 04/5.pdf,https://spirez.org/poetica/poe04.html,5_4fdb0a20.pdf,7134257,application/pdf
https://spirez.org/afaq/3/32.pdf,https://spirez.org/afaq/a3.html,32_53171253.pdf,218070,application/pdf
https://spirez.org/afaq/3/12.pdf,https://spirez.org/afaq/a3.html,12_444dd3e6.pdf,578816,application/pdf
https://spirez.org/afaq/3/35.pdf,https://spirez.org/afaq/a3.html,35_aefe63ef.pdf,518561,application/pdf
https://spirez.org/afaq/3/17.pdf,https://spirez.org/afaq/a3.html,17_3384057e.pdf,263700,application/pdf
https://spirez.org/afaq/3/16.pdf,https://spirez.org/afaq/a3.html,16_1b40e9cd.pdf,313298,application/pdf
https://spirez.org/afaq/3/14.pdf,https://spirez.org/afaq/a3.html,14_c547a27a.pdf,324129,application/pdf
https://spirez.org/afaq/3/20.pdf,https://spirez.org/afaq/a3.html,20_ee5f47db.pdf,374510,application/pdf
https://spirez.org/afaq/3/3.pdf,https://spirez.org/afaq/a3.html,3_a5e007cb.pdf,225840,application/pdf
https://spirez.org/afaq/3/29.pdf,https://spirez.org/afaq/a3.html,29_1ab62486.pdf,241068,application/pdf
https://spirez.org/afaq/3/13.pdf,https://spirez.org/afaq/a3.html,13_d5a7f9e0.pdf,1063255,application/pdf
https://spirez.org/afaq/3/10.pdf,https://spirez.org/afaq/a3.html,10_88191d7e.pdf,282867,application/pdf
https://spirez.org/afaq/3/28.pdf,https://spirez.org/afaq/a3.html,28_0ba9ad73.pdf,685184,application/pdf
https://spirez.org/afaq/3/24.pdf,https://spirez.org/afaq/a3.html,24_8b3ad574.pdf,183732,application/pdf
https://spirez.org/afaq/3/33.pdf,https://spirez.org/afaq/a3.html,33_db529ae3.pdf,218605,application/pdf
https://spirez.org/afaq/3/11.pdf,https://spirez.org/afaq/a3.html,11_f8d8469d.pdf,297611,application/pdf
https://spirez.org/afaq/3/31.pdf,https://spirez.org/afaq/a3.html,31_c0b2c296.pdf,209243,application/pdf
https://spirez.org/afaq/3/22.pdf,https://spirez.org/afaq/a3.html,22_b10dea32.pdf,208156,application/pdf
https://spirez.org/afaq/3/info.pdf,https://spirez.org/afaq/a3.html,info_900192dc.pdf,206569,application/pdf
https://spirez.org/afaq/3/5.pdf,https://spirez.org/afaq/a3.html,5_ef1ce5a0.pdf,235714,application/pdf
https://spirez.org/afaq/3/9.pdf,https://spirez.org/afaq/a3.html,9_ae6d1c7a.pdf,221870,application/pdf
https://spirez.org/afaq/3/26.pdf,https://spirez.org/afaq/a3.html,26_333ff3af.pdf,685174,application/pdf
https://spirez.org/afaq/3/25.pdf,https://spirez.org/afaq/a3.html,25_980ffc4f.pdf,685186,application/pdf
https://spirez.org/afaq/3/4.pdf,https://spirez.org/afaq/a3.html,4_5dea3d49.pdf,347073,application/pdf
https://spirez.org/afaq/3/27.pdf,https://spirez.org/afaq/a3.html,27_f9a6c4f6.pdf,685167,application/pdf
https://spirez.org/afaq/3/19.pdf,https://spirez.org/afaq/a3.html,19_6ba3470d.pdf,472356,application/pdf
https://spirez.org/afaq/3/21.pdf,https://spirez.org/afaq/a3.html,21_d065160d.pdf,245413,application/pdf
https://spirez.org/afaq/3/23.pdf,https://spirez.org/afaq/a3.html,23_14cd0746.pdf,196948,application/pdf
https://spirez.org/afaq/3/34.pdf,https://spirez.org/afaq/a3.html,34_71f1698c.pdf,197642,application/pdf
https://spirez.org/afaq/3/6.pdf,https://spirez.org/afaq/a3.html,6_64ca9ebf.pdf,328506,application/pdf
https://spirez.org/afaq/3/15.pdf,https://spirez.org/afaq/a3.html,15_97592879.pdf,233766,application/pdf
https://spirez.org/afaq/3/30.pdf,https://spirez.org/afaq/a3.html,30_ca50f1f3.pdf,205087,application/pdf
https://spirez.org/afaq/3/1.pdf,https://spirez.org/afaq/a3.html,1_7930d46f.pdf,116074,application/pdf
https://spirez.org/afaq/3/18.pdf,https://spirez.org/afaq/a3.html,18_103643ae.pdf,178787,application/pdf
https://spirez.org/afaq/3/2.pdf,https://spirez.org/afaq/a3.html,2_b15af11d.pdf,165822,application/pdf
https://spirez.org/helin/3/18.pdf,https://spirez.org/helin/h3.html,18_a730469c.pdf,146218,application/pdf
https://spirez.org/helin/3/35.pdf,https://spirez.org/helin/h3.html,35_916bcd61.pdf,127478,application/pdf
https://spirez.org/helin/3/14-15.pdf,https://spirez.org/helin/h3.html,14-15_62a8f62c.pdf,286025,application/pdf
https://spirez.org/helin/3/23-25.pdf,https://spirez.org/helin/h3.html,23-25_e3d35c9c.pdf,417944,application/pdf
https://spirez.org/helin/3/36.pdf,https://spirez.org/helin/h3.html,36_6982f0d1.pdf,141325,application/pdf
https://spirez.org/helin/3/2.pdf,https://spirez.org/helin/h3.html,2_87b01474.pdf,82925,application/pdf
https://spirez.org/helin/3/32.pdf,https://spirez.org/helin/h3.html,32_377517c3.pdf,140208,application/pdf
https://spirez.org/helin/3/39.pdf,https://spirez.org/helin/h3.html,39_d1f04795.pdf,114741,application/pdf
https://spirez.org/helin/3/38.pdf,https://spirez.org/helin/h3.html,38_b7e690ed.pdf,103912,application/pdf
https://spirez.org/helin/3/28-29.pdf,https://spirez.org/helin/h3.html,28-29_10e03e7f.pdf,269851,application/pdf
https://spirez.org/helin/3/6-7.pdf,https://spirez.org/helin/h3.html,6-7_d683c2d7.pdf,235296,application/pdf
https://spirez.org/helin/3/20-21.pdf,https://spirez.org/helin/h3.html,20-21_569ae12c.pdf,211372,application/pdf
https://spirez.org/helin/3/5.pdf,https://spirez.org/helin/h3.html,5_25c70897.pdf,138508,application/pdf
https://spirez.org/helin/3/12-13.pdf,https://spirez.org/helin/h3.html,12-13_29e4ca9e.pdf,184920,application/pdf
https://spirez.org/helin/3/10-11.pdf,https://spirez.org/helin/h3.html,10-11_09532633.pdf,258209,application/pdf
https://spirez.org/helin/3/22.pdf,https://spirez.org/helin/h3.html,22_b637af48.pdf,131106,application/pdf
https://spirez.org/helin/3/30.pdf,https://spirez.org/helin/h3.html,30_3c4b5d42.pdf,115739,application/pdf
https://spirez.org/helin/3/27.pdf,https://spirez.org/helin/h3.html,27_3c1a8c51.pdf,133030,application/pdf
https://spirez.org/helin/3/37.pdf,https://spirez.org/helin/h3.html,37_24fd7c5e.pdf,70836,application/pdf
https://spirez.org/helin/3/16-17.pdf,https://spirez.org/helin/h3.html,16-17_fdb8c90e.pdf,259970,application/pdf
https://spirez.org/helin/3/9.pdf,https://spirez.org/helin/h3.html,9_14a81083.pdf,156255,application/pdf
https://spirez.org/helin/3/31.pdf,https://spirez.org/helin/h3.html,31_614c579c.pdf,99583,application/pdf
https://spirez.org/helin/3/3.pdf,https://spirez.org/helin/h3.html,3_d9f59458.pdf,165140,application/pdf
https://spirez.org/helin/3/19.pdf,https://spirez.org/helin/h3.html,19_9b584bc6.pdf,145565,application/pdf
https://spirez.org/helin/3/26.pdf,https://spirez.org/helin/h3.html,26_dadb9797.pdf,115729,application/pdf
https://spirez.org/helin/3/8.pdf,https://spirez.org/helin/h3.html,8_4b00668b.pdf,140343,application/pdf
https://spirez.org/helin/3/34.pdf,https://spirez.org/helin/h3.html,34_222e55e5.pdf,113080,application/pdf
https://spirez.org/helin/3/33.pdf,https://spirez.org/helin/h3.html,33_4f08b53b.pdf,108481,application/pdf
https://spirez.org/helin/3/4.pdf,https://spirez.org/helin/h3.html,4_8320eeaa.pdf,115541,application/pdf
https://spirez.org/poetica/jimare 02/120-121.pdf,https://spirez.org/poetica/poe02.html,120-121_2d0d02fa.pdf,4279944,application/pdf
https://spirez.org/poetica/jimare 02/38-49.pdf,https://spirez.org/poetica/poe02.html,38-49_6eebedc6.pdf,5188578,application/pdf
https://spirez.org/poetica/jimare 02/28-37.pdf,https://spirez.org/poetica/poe02.html,28-37_1d6edbd1.pdf,4308530,application/pdf
https://spirez.org/poetica/jimare 02/16-27.pdf,https://spirez.org/poetica/poe02.html,16-27_4d078dc2.pdf,4657523,application/pdf
https://spirez.org/poetica/jimare 02/90.pdf,https://spirez.org/poetica/poe02.html,90_6fb1ea74.pdf,4474058,application/pdf
https://spirez.org/poetica/jimare 02/123.pdf,https://spirez.org/poetica/poe02.html,123_c47771f2.pdf,4139083,application/pdf
https://spirez.org/poetica/jimare 02/91-93.pdf,https://spirez.org/poetica/poe02.html,91-93_4128fa92.pdf,4484584,application/pdf
https://spirez.org/poetica/jimare 02/122.pdf,https://spirez.org/poetica/poe02.html,122_cccdf95c.pdf,4203271,application/pdf
https://spirez.org/poetica/jimare 02/50-58.pdf,https://spirez.org/poetica/poe02.html,50-58_0364aaf9.pdf,5131448,application/pdf
https://spirez.org/poetica/jimare 02/94-95.pdf,https://spirez.org/poetica/poe02.html,94-95_9b196ef2.pdf,4331221,application/pdf
https://spirez.org/poetica/jimare 02/5-9.pdf,https://spirez.org/poetica/poe02.html,5-9_a15aca7c.pdf,4324678,application/pdf
https://spirez.org/poetica/jimare 02/119.pdf,https://spirez.org/poetica/poe02.html,119_37717fe9.pdf,4203952,application/pdf
https://spirez.org/poetica/jimare 02/100-101.pdf,https://spirez.org/poetica/poe02.html,100-101_dc2d063e.pdf,4188782,application/pdf
https://spirez.org/poetica/jimare 02/125-133.pdf,https://spirez.org/poetica/poe02.html,125-133_afb28a0a.pdf,5975953,application/pdf
https://spirez.org/poetica/jimare 02/118.pdf,https://spirez.org/poetica/poe02.html,118_8bc0f92b.pdf,4230784,application/pdf
https://spirez.org/poetica/jimare 02/124.pdf,https://spirez.org/poetica/poe02.html,124_6cece1cf.pdf,4168578,application/pdf
https://spirez.org/poetica/jimare 02/96-99.pdf,https://spirez.org/poetica/poe02.html,96-99_ec875fd9.pdf,4989153,application/pdf
https://spirez.org/poetica/jimare 02/00.pdf,https://spirez.org/poetica/poe02.html,00_4008620a.pdf,4073791,application/pdf
https://spirez.org/poetica/jimare 02/113-116.pdf,https://spirez.org/poetica/poe02.html,113-116_5f2ef891.pdf,4773181,application/pdf
https://spirez.org/poetica/jimare 02/108-112.pdf,https://spirez.org/poetica/poe02.html,108-112_e79f9413.pdf,4764360,application/pdf
https://spirez.org/poetica/jimare 02/117.pdf,https://spirez.org/poetica/poe02.html,117_cda0e702.pdf,4234265,application/pdf
https://spirez.org/poetica/jimare 02/81-89.pdf,https://spirez.org/poetica/poe02.html,81-89_bcae3f37.pdf,4339111,application/pdf
https://spirez.org/poetica/jimare 02/vekolin.pdf,https://spirez.org/poetica/poe02.html,vekolin_b9463560.pdf,4661425,application/pdf
https://spirez.org/poetica/jimare 02/10-15.pdf,https://spirez.org/poetica/poe02.html,10-15_f01856f3.pdf,4285655,application/pdf
https://spirez.org/poetica/jimare 02/59-80.pdf,https://spirez.org/poetica/poe02.html,59-80_45f1e719.pdf,5278336,application/pdf
https://spirez.org/poetica/jimare 02/102-107.pdf,https://spirez.org/poetica/poe02.html,102-107_2b4f6d18.pdf,5143442,application/pdf
https://spirez.org/poetica/jimare 02/naverok.pdf,https://spirez.org/poetica/poe02.html,naverok_73e33d26.pdf,4321370,application/pdf
https://spirez.org/poetica/jimare 11/12.pdf,https://spirez.org/poetica/poe11.html,12_3c0ed069.pdf,445292,application/pdf
https://spirez.org/poetica/jimare 02/134-152.pdf,https://spirez.org/poetica/poe02.html,134-152_ac117757.pdf,6317823,application/pdf
https://spirez.org/poetica/jimare 11/08.pdf,https://spirez.org/poetica/poe11.html,08_ef9b6f18.pdf,2204458,application/pdf
https://spirez.org/poetica/jimare 11/10.pdf,https://spirez.org/poetica/poe11.html,10_25fc29dd.pdf,1001827,application/pdf
https://spirez.org/poetica/jimare 11/11.pdf,https://spirez.org/poetica/poe11.html,11_a5bb2a87.pdf,695154,application/pdf
https://spirez.org/poetica/jimare 11/01.pdf,https://spirez.org/poetica/poe11.html,01_f2b711e2.pdf,453105,application/pdf
https://spirez.org/poetica/jimare 11/09.pdf,https://spirez.org/poetica/poe11.html,09_b80236b6.pdf,5420397,application/pdf
https://spirez.org/poetica/jimare 11/00.pdf,https://spirez.org/poetica/poe11.html,00_2625164f.pdf,232517,application/pdf
https://spirez.org/poetica/jimare 11/16.pdf,https://spirez.org/poetica/poe11.html,16_e86b5b0f.pdf,758369,application/pdf
https://spirez.org/poetica/jimare 11/06.pdf,https://spirez.org/poetica/poe11.html,06_52f5ce0a.pdf,2601020,application/pdf
https://spirez.org/poetica/jimare 11/03.pdf,https://spirez.org/poetica/poe11.html,03_70f1ab25.pdf,863163,application/pdf
https://spirez.org/poetica/jimare 11/13.pdf,https://spirez.org/poetica/poe11.html,13_ca6ad466.pdf,1438252,application/pdf
https://spirez.org/poetica/jimare 11/15.pdf,https://spirez.org/poetica/poe11.html,15_67e76dbc.pdf,748889,application/pdf
https://spirez.org/poetica/jimare 11/18.pdf,https://spirez.org/poetica/poe11.html,18_6989efdf.pdf,3092926,application/pdf
https://spirez.org/poetica/jimare 11/05.pdf,https://spirez.org/poetica/poe11.html,05_8afde538.pdf,786810,application/pdf
https://spirez.org/poetica/jimare 11/14.pdf,https://spirez.org/poetica/poe11.html,14_d7779b2f.pdf,1316133,application/pdf
https://spirez.org/poetica/jimare 11/02.pdf,https://spirez.org/poetica/poe11.html,02_3a07708a.pdf,273594,application/pdf
https://spirez.org/poetica/jimare 11/04.pdf,https://spirez.org/poetica/poe11.html,04_6eeaf4f4.pdf,698876,application/pdf
https://spirez.org/helin/4/36.pdf,https://spirez.org/helin/h4.html,36_3d9affde.pdf,114679,application/pdf
https://spirez.org/helin/4/34.pdf,https://spirez.org/helin/h4.html,34_62795a0d.pdf,119253,application/pdf
https://spirez.org/helin/4/8.pdf,https://spirez.org/helin/h4.html,8_4866b024.pdf,124291,application/pdf
https://spirez.org/helin/4/4.pdf,https://spirez.org/helin/h4.html,4_2a5e6c75.pdf,92951,application/pdf
https://spirez.org/helin/4/12-13.pdf,https://spirez.org/helin/h4.html,12-13_7be3e3e3.pdf,265292,application/pdf
https://spirez.org/poetica/jimare 11/07.pdf,https://spirez.org/poetica/poe11.html,07_52537692.pdf,7353197,application/pdf
https://spirez.org/helin/4/22.pdf,https://spirez.org/helin/h4.html,22_e6500bea.pdf,147986,application/pdf
https://spirez.org/helin/4/35.pdf,https://spirez.org/helin/h4.html,35_19f2a6ca.pdf,127252,application/pdf
https://spirez.org/helin/4/38.pdf,https://spirez.org/helin/h4.html,38_3cd8ca3f.pdf,114426,application/pdf
https://spirez.org/helin/4/26.pdf,https://spirez.org/helin/h4.html,26_40db9468.pdf,118372,application/pdf
https://spirez.org/helin/4/3.pdf,https://spirez.org/helin/h4.html,3_4ea70fac.pdf,145734,application/pdf
https://spirez.org/helin/4/33.pdf,https://spirez.org/helin/h4.html,33_df20f3de.pdf,109158,application/pdf
https://spirez.org/poetica/jimare 11/17.pdf,https://spirez.org/poetica/poe11.html,17_c25512ac.pdf,6606467,application/pdf
https://spirez.org/helin/4/19.pdf,https://spirez.org/helin/h4.html,19_628070e5.pdf,131000,application/pdf
https://spirez.org/helin/4/2.pdf,https://spirez.org/helin/h4.html,2_ac812c0b.pdf,73397,application/pdf
https://spirez.org/helin/4/32.pdf,https://spirez.org/helin/h4.html,32_ea1bf796.pdf,132878,application/pdf
https://spirez.org/helin/4/37.pdf,https://spirez.org/helin/h4.html,37_7005d230.pdf,77102,application/pdf
https://spirez.org/helin/4/28-29.pdf,https://spirez.org/helin/h4.html,28-29_8004ac1d.pdf,274149,application/pdf
https://spirez.org/helin/4/39.pdf,https://spirez.org/helin/h4.html,39_ec5c9f7d.pdf,104075,application/pdf
https://spirez.org/helin/4/6-7.pdf,https://spirez.org/helin/h4.html,6-7_102f9f5b.pdf,209734,application/pdf
https://spirez.org/helin/4/31.pdf,https://spirez.org/helin/h4.html,31_9f87df40.pdf,93244,application/pdf
https://spirez.org/helin/4/5.pdf,https://spirez.org/helin/h4.html,5_7a80f43d.pdf,138199,application/pdf
https://spirez.org/helin/4/20-21.pdf,https://spirez.org/helin/h4.html,20-21_c0fa7e46.pdf,260215,application/pdf
https://spirez.org/helin/4/27.pdf,https://spirez.org/helin/h4.html,27_76424c8d.pdf,161064,application/pdf
https://spirez.org/helin/4/16-17.pdf,https://spirez.org/helin/h4.html,16-17_1139f5eb.pdf,264458,application/pdf
https://spirez.org/helin/4/10-11.pdf,https://spirez.org/helin/h4.html,10-11_5aca764c.pdf,242316,application/pdf
https://spirez.org/helin/4/18.pdf,https://spirez.org/helin/h4.html,18_62b601c8.pdf,132627,application/pdf
https://spirez.org/helin/4/24-25.pdf,https://spirez.org/helin/h4.html,24-25_08c9cb6e.pdf,224932,application/pdf
https://spirez.org/helin/4/23.pdf,https://spirez.org/helin/h4.html,23_7d84a448.pdf,138581,application/pdf
https://spirez.org/helin/4/30.pdf,https://spirez.org/helin/h4.html,30_4be8d4ea.pdf,112804,application/pdf
https://spirez.org/helin/4/9.pdf,https://spirez.org/helin/h4.html,9_bec27b2c.pdf,137670,application/pdf
https://spirez.org/ciwan/4/0.pdf,https://spirez.org/ciwan/c4.html,0_b74ca0df.pdf,132643,application/pdf
https://spirez.org/helin/4/14-15.pdf,https://spirez.org/helin/h4.html,14-15_d21e5f2f.pdf,280137,application/pdf
https://spirez.org/ciwan/4/4-9.pdf,https://spirez.org/ciwan/c4.html,4-9_d2335636.pdf,926698,application/pdf
https://spirez.org/ciwan/4/26-27.pdf,https://spirez.org/ciwan/c4.html,26-27_8764b264.pdf,292011,application/pdf
https://spirez.org/ciwan/4/22-23.pdf,https://spirez.org/ciwan/c4.html,22-23_dd10fd17.pdf,282645,application/pdf
https://spirez.org/ciwan/4/28-33.pdf,https://spirez.org/ciwan/c4.html,28-33_20fddd22.pdf,705049,application/pdf
https://spirez.org/ciwan/4/21.pdf,https://spirez.org/ciwan/c4.html,21_6d6e2d02.pdf,159060,application/pdf
https://spirez.org/ciwan/4/12-13.pdf,https://spirez.org/ciwan/c4.html,12-13_5bdeabfa.pdf,270256,application/pdf
https://spirez.org/ciwan/4/1.pdf,https://spirez.org/ciwan/c4.html,1_f0d59e17.pdf,124062,application/pdf
https://spirez.org/ciwan/4/24-25.pdf,https://spirez.org/ciwan/c4.html,24-25_464625d8.pdf,235627,application/pdf
https://spirez.org/ciwan/4/2-3.pdf,https://spirez.org/ciwan/c4.html,2-3_40cc8e91.pdf,250749,application/pdf
https://spirez.org/ciwan/4/10-11.pdf,https://spirez.org/ciwan/c4.html,10-11_bd087dfe.pdf,314797,application/pdf
https://spirez.org/ciwan/4/14-15.pdf,https://spirez.org/ciwan/c4.html,14-15_df1bcba2.pdf,235662,application/pdf
https://spirez.org/afaq/2/170.pdf,https://spirez.org/afaq/a2.html,170_0b732c59.pdf,167187,application/pdf
https://spirez.org/afaq/2/54-59.pdf,https://spirez.org/afaq/a2.html,54-59_351a26e8.pdf,369023,application/pdf
https://spirez.org/afaq/2/25-27.pdf,https://spirez.org/afaq/a2.html,25-27_f64fc23b.pdf,168435,application/pdf
https://spirez.org/afaq/2/150-151.pdf,https://spirez.org/afaq/a2.html,150-151_f75f53bd.pdf,175372,application/pdf
https://spirez.org/ciwan/4/16-17.pdf,https://spirez.org/ciwan/c4.html,16-17_7a700be6.pdf,266678,application/pdf
https://spirez.org/afaq/2/131.pdf,https://spirez.org/afaq/a2.html,131_811b6830.pdf,142986,application/pdf
https://spirez.org/ciwan/4/18-20.pdf,https://spirez.org/ciwan/c4.html,18-20_05544a36.pdf,415661,application/pdf
https://spirez.org/afaq/2/60-68.pdf,https://spirez.org/afaq/a2.html,60-68_cafb1953.pdf,471574,application/pdf
https://spirez.org/afaq/2/145-146.pdf,https://spirez.org/afaq/a2.html,145-146_5da1d4e4.pdf,278249,application/pdf
https://spirez.org/afaq/2/165-167.pdf,https://spirez.org/afaq/a2.html,165-167_8df2c794.pdf,197969,application/pdf
https://spirez.org/afaq/2/159-161.pdf,https://spirez.org/afaq/a2.html,159-161_8d8faf7e.pdf,195208,application/pdf
https://spirez.org/afaq/2/171.pdf,https://spirez.org/afaq/a2.html,171_0f2cc64f.pdf,187185,application/pdf
https://spirez.org/afaq/2/156-158.pdf,https://spirez.org/afaq/a2.html,156-158_79fb0071.pdf,305234,application/pdf
https://spirez.org/afaq/2/176.pdf,https://spirez.org/afaq/a2.html,176_c7dda0fd.pdf,146699,application/pdf
https://spirez.org/afaq/2/152-153.pdf,https://spirez.org/afaq/a2.html,152-153_1921e510.pdf,181991,application/pdf
https://spirez.org/afaq/2/42-53.pdf,https://spirez.org/afaq/a2.html,42-53_eaf28cc8.pdf,334825,application/pdf
https://spirez.org/afaq/2/108-113.pdf,https://spirez.org/afaq/a2.html,108-113_9e6ec1ef.pdf,430149,application/pdf
https://spirez.org/afaq/2/28-34.pdf,https://spirez.org/afaq/a2.html,28-34_1bd20fdd.pdf,393166,application/pdf
https://spirez.org/afaq/2/127-130.pdf,https://spirez.org/afaq/a2.html,127-130_807fef3b.pdf,404990,application/pdf
https://spirez.org/afaq/2/5-18.pdf,https://spirez.org/afaq/a2.html,5-18_49e9e71b.pdf,380189,application/pdf
https://spirez.org/afaq/2/168-169.pdf,https://spirez.org/afaq/a2.html,168-169_fa4df38c.pdf,166938,application/pdf
https://spirez.org/afaq/2/114-120.pdf,https://spirez.org/afaq/a2.html,114-120_19cd601e.pdf,406576,application/pdf
https://spirez.org/afaq/2/154-155.pdf,https://spirez.org/afaq/a2.html,154-155_e61ddfa7.pdf,186103,application/pdf
https://spirez.org/afaq/2/2-4.pdf,https://spirez.org/afaq/a2.html,2-4_05a9a7b2.pdf,171984,application/pdf
https://spirez.org/afaq/2/162-164.pdf,https://spirez.org/afaq/a2.html,162-164_5414a652.pdf,183079,application/pdf
https://spirez.org/afaq/2/35-41.pdf,https://spirez.org/afaq/a2.html,35-41_8f1e0171.pdf,287054,application/pdf
https://spirez.org/afaq/2/74-85.pdf,https://spirez.org/afaq/a2.html,74-85_159c2475.pdf,418280,application/pdf
https://spirez.org/afaq/2/69-73.pdf,https://spirez.org/afaq/a2.html,69-73_26af83cd.pdf,251083,application/pdf
https://spirez.org/afaq/2/19-24.pdf,https://spirez.org/afaq/a2.html,19-24_ca088448.pdf,214743,application/pdf
https://spirez.org/afaq/2/103-107.pdf,https://spirez.org/afaq/a2.html,103-107_7cc89da7.pdf,163061,application/pdf
https://spirez.org/afaq/2/86-102.pdf,https://spirez.org/afaq/a2.html,86-102_3f906d0f.pdf,428153,application/pdf
https://spirez.org/afaq/2/1.pdf,https://spirez.org/afaq/a2.html,1_93448fe5.pdf,174702,application/pdf
https://spirez.org/afaq/2/172-175.pdf,https://spirez.org/afaq/a2.html,172-175_b1f1c9fb.pdf,242942,application/pdf
https://spirez.org/afaq/2/121.pdf,https://spirez.org/afaq/a2.html,121_2677f276.pdf,134891,application/pdf
https://spirez.org/afaq/2/122-126.pdf,https://spirez.org/afaq/a2.html,122-126_9b0c830a.pdf,443719,application/pdf
https://spirez.org/afaq/2/147-149.pdf,https://spirez.org/afaq/a2.html,147-149_9e3f2028.pdf,153595,application/pdf
https://spirez.org/rengiz/1/48-50.pdf,https://spirez.org/rengiz/r1.html,48-50_ac83aa5a.pdf,549693,application/pdf
https://spirez.org/afaq/2/132-144.pdf,https://spirez.org/afaq/a2.html,132-144_64b5a621.pdf,426458,application/pdf
https://spirez.org/rengiz/1/26-28.pdf,https://spirez.org/rengiz/r1.html,26-28_a22c7a0e.pdf,402290,application/pdf
https://spirez.org/rengiz/1/51-52.pdf,https://spirez.org/rengiz/r1.html,51-52_d564d638.pdf,374495,application/pdf
https://spirez.org/rengiz/1/46-47.pdf,https://spirez.org/rengiz/r1.html,46-47_cf34dc1e.pdf,335587,application/pdf
https://spirez.org/rengiz/1/38-45.pdf,https://spirez.org/rengiz/r1.html,38-45_1edde6d1.pdf,1157785,application/pdf
https://spirez.org/rengiz/1/16-25.pdf,https://spirez.org/rengiz/r1.html,16-25_611a6297.pdf,1186702,application/pdf
https://spirez.org/rengiz/1/14-15.pdf,https://spirez.org/rengiz/r1.html,14-15_4f358eb2.pdf,321088,application/pdf
https://spirez.org/rengiz/1/2-3.pdf,https://spirez.org/rengiz/r1.html,2-3_5a92f6de.pdf,285285,application/pdf
https://spirez.org/rengiz/1/nav.pdf,https://spirez.org/rengiz/r1.html,nav_5f94fe74.pdf,169396,application/pdf
https://spirez.org/rengiz/1/29-37.pdf,https://spirez.org/rengiz/r1.html,29-37_0ae307b0.pdf,1722010,application/pdf
https://spirez.org/rengiz/1/4-13.pdf,https://spirez.org/rengiz/r1.html,4-13_d2062b51.pdf,1802467,application/pdf
https://spirez.org/helin/5/6-7.pdf,https://spirez.org/helin/h5.html,6-7_841bbbde.pdf,263498,application/pdf
https://spirez.org/helin/5/8.pdf,https://spirez.org/helin/h5.html,8_28c05337.pdf,150374,application/pdf
https://spirez.org/helin/5/30.pdf,https://spirez.org/helin/h5.html,30_a8c739b4.pdf,123702,application/pdf
https://spirez.org/helin/5/20-21.pdf,https://spirez.org/helin/h5.html,20-21_f6671220.pdf,313665,application/pdf
https://spirez.org/helin/5/37.pdf,https://spirez.org/helin/h5.html,37_9025dce3.pdf,95583,application/pdf
https://spirez.org/helin/5/12-13.pdf,https://spirez.org/helin/h5.html,12-13_15ac9506.pdf,289255,application/pdf
https://spirez.org/helin/5/36.pdf,https://spirez.org/helin/h5.html,36_22c7dda1.pdf,120154,application/pdf
https://spirez.org/helin/5/35.pdf,https://spirez.org/helin/h5.html,35_6c379199.pdf,131357,application/pdf
https://spirez.org/helin/5/34.pdf,https://spirez.org/helin/h5.html,34_f8251133.pdf,140195,application/pdf
https://spirez.org/helin/5/3.pdf,https://spirez.org/helin/h5.html,3_0ad3f74d.pdf,137181,application/pdf
https://spirez.org/helin/5/28-29.pdf,https://spirez.org/helin/h5.html,28-29_3c303324.pdf,267685,application/pdf
https://spirez.org/helin/5/18-19.pdf,https://spirez.org/helin/h5.html,18-19_726a69b4.pdf,291529,application/pdf
https://spirez.org/helin/5/9.pdf,https://spirez.org/helin/h5.html,9_2a6c7748.pdf,178056,application/pdf
https://spirez.org/helin/5/32.pdf,https://spirez.org/helin/h5.html,32_c6c2a669.pdf,125301,application/pdf
https://spirez.org/helin/5/38.pdf,https://spirez.org/helin/h5.html,38_24e102b3.pdf,134334,application/pdf
https://spirez.org/helin/5/22.pdf,https://spirez.org/helin/h5.html,22_5ba7dd9d.pdf,138202,application/pdf
https://spirez.org/helin/5/33.pdf,https://spirez.org/helin/h5.html,33_b608c025.pdf,113715,application/pdf
https://spirez.org/helin/5/39.pdf,https://spirez.org/helin/h5.html,39_614b6798.pdf,126326,application/pdf
https://spirez.org/helin/5/31.pdf,https://spirez.org/helin/h5.html,31_669511d8.pdf,96893,application/pdf
https://spirez.org/helin/5/10-11.pdf,https://spirez.org/helin/h5.html,10-11_8532fffd.pdf,276541,application/pdf
https://spirez.org/helin/5/2.pdf,https://spirez.org/helin/h5.html,2_5ea984b4.pdf,110712,application/pdf
https://spirez.org/helin/5/14-15.pdf,https://spirez.org/helin/h5.html,14-15_868c4c2d.pdf,332774,application/pdf
https://spirez.org/helin/5/16-17.pdf,https://spirez.org/helin/h5.html,16-17_4832a130.pdf,305639,application/pdf
https://spirez.org/helin/5/5.pdf,https://spirez.org/helin/h5.html,5_b9620034.pdf,150995,application/pdf
https://spirez.org/helin/5/26.pdf,https://spirez.org/helin/h5.html,26_d0868099.pdf,125418,application/pdf
https://spirez.org/helin/5/27.pdf,https://spirez.org/helin/h5.html,27_cd4cd27f.pdf,160285,application/pdf
https://spirez.org/helin/5/23-25.pdf,https://spirez.org/helin/h5.html,23-25_a6a95436.pdf,422399,application/pdf
https://spirez.org/helin/5/4.pdf,https://spirez.org/helin/h5.html,4_7686bc67.pdf,112914,application/pdf
https://spirez.org/afaq/1/P137-138.pdf,https://spirez.org/afaq/a1.html,P137-138_4d36c7f1.pdf,132216,application/pdf
https://spirez.org/afaq/1/P48-54.pdf,https://spirez.org/afaq/a1.html,P48-54_24e404a8.pdf,288388,application/pdf
https://spirez.org/afaq/1/P74-85.pdf,https://spirez.org/afaq/a1.html,P74-85_40dfd230.pdf,492476,application/pdf
https://spirez.org/afaq/1/P129-131.pdf,https://spirez.org/afaq/a1.html,P129-131_02cbafe2.pdf,124692,application/pdf
https://spirez.org/afaq/1/P86-96.pdf,https://spirez.org/afaq/a1.html,P86-96_5ee0adc1.pdf,588642,application/pdf
https://spirez.org/afaq/1/P6-27.pdf,https://spirez.org/afaq/a1.html,P6-27_3118ae22.pdf,537897,application/pdf
https://spirez.org/afaq/1/P62-68.pdf,https://spirez.org/afaq/a1.html,P62-68_79f42783.pdf,237926,application/pdf
https://spirez.org/afaq/1/P125-126.pdf,https://spirez.org/afaq/a1.html,P125-126_97af1f4d.pdf,145386,application/pdf
https://spirez.org/afaq/1/P132-134.pdf,https://spirez.org/afaq/a1.html,P132-134_47e5f6f6.pdf,150456,application/pdf
https://spirez.org/afaq/1/P177.pdf,https://spirez.org/afaq/a1.html,P177_92657aaa.pdf,134976,application/pdf
https://spirez.org/afaq/1/P33-47.pdf,https://spirez.org/afaq/a1.html,P33-47_9090693f.pdf,549093,application/pdf
https://spirez.org/afaq/1/P55-61.pdf,https://spirez.org/afaq/a1.html,P55-61_ad72ad01.pdf,264889,application/pdf
https://spirez.org/afaq/1/P69-73.pdf,https://spirez.org/afaq/a1.html,P69-73_54162f2f.pdf,174474,application/pdf
https://spirez.org/afaq/1/P127-128.pdf,https://spirez.org/afaq/a1.html,P127-128_eb0e1e73.pdf,114473,application/pdf
https://spirez.org/afaq/1/P176.pdf,https://spirez.org/afaq/a1.html,P176_1b811a6f.pdf,94903,application/pdf
https://spirez.org/afaq/1/P28-32.pdf,https://spirez.org/afaq/a1.html,P28-32_8ae20042.pdf,176644,application/pdf
https://spirez.org/afaq/1/P121-124.pdf,https://spirez.org/afaq/a1.html,P121-124_7eeb1de1.pdf,296749,application/pdf
https://spirez.org/afaq/1/P168-175.pdf,https://spirez.org/afaq/a1.html,P168-175_b194a100.pdf,467213,application/pdf
https://spirez.org/afaq/1/P153-155.pdf,https://spirez.org/afaq/a1.html,P153-155_9ed3e2fc.pdf,186209,application/pdf
https://spirez.org/afaq/1/P135-136.pdf,https://spirez.org/afaq/a1.html,P135-136_6cea1525.pdf,117950,application/pdf
https://spirez.org/afaq/1/P139-152.pdf,https://spirez.org/afaq/a1.html,P139-152_e8a0bd0f.pdf,402679,application/pdf
https://spirez.org/afaq/1/P2-5.pdf,https://spirez.org/afaq/a1.html,P2-5_dee4e197.pdf,130576,application/pdf
https://spirez.org/afaq/1/0-1.pdf,https://spirez.org/afaq/a1.html,0-1_fa2b9911.pdf,155434,application/pdf
https://spirez.org/afaq/1/P97-109.pdf,https://spirez.org/afaq/a1.html,P97-109_ef220932.pdf,297893,application/pdf
https://spirez.org/afaq/1/P157.pdf,https://spirez.org/afaq/a1.html,P157_0515f197.pdf,123609,application/pdf
https://spirez.org/afaq/1/P114-120.pdf,https://spirez.org/afaq/a1.html,P114-120_aab5ebb7.pdf,454359,application/pdf
https://spirez.org/afaq/1/P156.pdf,https://spirez.org/afaq/a1.html,P156_ff5eac0d.pdf,108555,application/pdf
https://spirez.org/afaq/1/P110-113.pdf,https://spirez.org/afaq/a1.html,P110-113_fea19396.pdf,397482,application/pdf
https://spirez.org/ciwan/5/22-23.pdf,https://spirez.org/ciwan/c5.html,22-23_413734bf.pdf,242158,application/pdf
https://spirez.org/ciwan/5/16-17.pdf,https://spirez.org/ciwan/c5.html,16-17_1c60e770.pdf,319353,application/pdf
https://spirez.org/ciwan/5/28-33.pdf,https://spirez.org/ciwan/c5.html,28-33_90b51548.pdf,780362,application/pdf
https://spirez.org/ciwan/5/2-3.pdf,https://spirez.org/ciwan/c5.html,2-3_9e8ad65e.pdf,275553,application/pdf
https://spirez.org/ciwan/5/21.pdf,https://spirez.org/ciwan/c5.html,21_eead6eeb.pdf,157589,application/pdf
https://spirez.org/ciwan/5/10-13.pdf,https://spirez.org/ciwan/c5.html,10-13_5db81c1b.pdf,618044,application/pdf
https://spirez.org/ciwan/5/26-27.pdf,https://spirez.org/ciwan/c5.html,26-27_d5f81737.pdf,301964,application/pdf
https://spirez.org/ciwan/5/4-9.pdf,https://spirez.org/ciwan/c5.html,4-9_d3e6d418.pdf,890287,application/pdf
https://spirez.org/ciwan/5/24-25.pdf,https://spirez.org/ciwan/c5.html,24-25_581e09d0.pdf,245108,application/pdf
https://spirez.org/ciwan/5/0.pdf,https://spirez.org/ciwan/c5.html,0_3996de82.pdf,136658,application/pdf
https://spirez.org/ciwan/5/18-20.pdf,https://spirez.org/ciwan/c5.html,18-20_ef68affb.pdf,448931,application/pdf
https://spirez.org/ciwan/5/14-15.pdf,https://spirez.org/ciwan/c5.html,14-15_5ee93489.pdf,172988,application/pdf
https://spirez.org/ciwan/5/1.pdf,https://spirez.org/ciwan/c5.html,1_1d96e00d.pdf,125464,application/pdf
https://spirez.org/helin/1/16.pdf,https://spirez.org/helin/h1.html,16_0405fac2.pdf,181193,application/pdf
https://spirez.org/helin/1/8.pdf,https://spirez.org/helin/h1.html,8_e0af5704.pdf,151175,application/pdf
https://spirez.org/helin/1/3-4.pdf,https://spirez.org/helin/h1.html,3-4_2edad14b.pdf,295799,application/pdf
https://spirez.org/helin/1/27.pdf,https://spirez.org/helin/h1.html,27_6466b5d7.pdf,113876,application/pdf
https://spirez.org/helin/1/12.pdf,https://spirez.org/helin/h1.html,12_1c1cf12a.pdf,154386,application/pdf
https://spirez.org/helin/1/22.pdf,https://spirez.org/helin/h1.html,22_25c79ed6.pdf,180005,application/pdf
https://spirez.org/helin/1/17-18.pdf,https://spirez.org/helin/h1.html,17-18_e35bf5d1.pdf,327623,application/pdf
https://spirez.org/helin/1/1.pdf,https://spirez.org/helin/h1.html,1_6848ae8a.pdf,205137,application/pdf
https://spirez.org/helin/1/29-31.pdf,https://spirez.org/helin/h1.html,29-31_4325a7b8.pdf,338290,application/pdf
https://spirez.org/helin/1/28.pdf,https://spirez.org/helin/h1.html,28_75c45fd5.pdf,134270,application/pdf
https://spirez.org/helin/1/naverok.pdf,https://spirez.org/helin/h1.html,naverok_823d82dc.pdf,117295,application/pdf
https://spirez.org/helin/1/14-15.pdf,https://spirez.org/helin/h1.html,14-15_431ec8f0.pdf,405833,application/pdf
https://spirez.org/helin/1/11.pdf,https://spirez.org/helin/h1.html,11_1493db8a.pdf,161064,application/pdf
https://spirez.org/helin/1/9-10.pdf,https://spirez.org/helin/h1.html,9-10_9f040bb5.pdf,313628,application/pdf
https://spirez.org/helin/1/13.pdf,https://spirez.org/helin/h1.html,13_c29b10a0.pdf,128568,application/pdf
https://spirez.org/helin/1/5.pdf,https://spirez.org/helin/h1.html,5_ffbc0789.pdf,181234,application/pdf
https://spirez.org/helin/1/6-7.pdf,https://spirez.org/helin/h1.html,6-7_6dd729df.pdf,272882,application/pdf
https://spirez.org/helin/1/20.pdf,https://spirez.org/helin/h1.html,20_8f0efe51.pdf,134387,application/pdf
https://spirez.org/helin/1/26.pdf,https://spirez.org/helin/h1.html,26_d8d7be26.pdf,127873,application/pdf
https://spirez.org/helin/1/25.pdf,https://spirez.org/helin/h1.html,25_73498b96.pdf,182202,application/pdf
https://spirez.org/helin/1/19.pdf,https://spirez.org/helin/h1.html,19_0eb683bc.pdf,166749,application/pdf
https://spirez.org/helin/1/32.pdf,https://spirez.org/helin/h1.html,32_19a88a6e.pdf,154674,application/pdf
https://spirez.org/helin/1/23.pdf,https://spirez.org/helin/h1.html,23_8dbcb58d.pdf,189797,application/pdf
https://spirez.org/helin/1/2.pdf,https://spirez.org/helin/h1.html,2_71445753.pdf,143624,application/pdf
https://spirez.org/helin/1/24.pdf,https://spirez.org/helin/h1.html,24_61de5a99.pdf,116637,application/pdf
https://spirez.org/helin/1/21.pdf,https://spirez.org/helin/h1.html,21_4d06b74e.pdf,152417,application/pdf
https://spirez.org/afaq/5/A23.pdf,https://spirez.org/afaq/a5.html,A23_d684e8f1.pdf,107884,application/pdf
https://spirez.org/afaq/5/A11.pdf,https://spirez.org/afaq/a5.html,A11_cb469e7a.pdf,214307,application/pdf
https://spirez.org/afaq/5/A05.pdf,https://spirez.org/afaq/a5.html,A05_c4410064.pdf,278194,application/pdf
https://spirez.org/afaq/5/A12.pdf,https://spirez.org/afaq/a5.html,A12_14dca926.pdf,267772,application/pdf
https://spirez.org/afaq/5/A25.pdf,https://spirez.org/afaq/a5.html,A25_425b21e9.pdf,264089,application/pdf
https://spirez.org/afaq/5/A26.pdf,https://spirez.org/afaq/a5.html,A26_0818f62a.pdf,198579,application/pdf
https://spirez.org/afaq/5/A10.pdf,https://spirez.org/afaq/a5.html,A10_df9e859f.pdf,95812,application/pdf
https://spirez.org/afaq/5/A15.pdf,https://spirez.org/afaq/a5.html,A15_4581c7ad.pdf,155044,application/pdf
https://spirez.org/afaq/5/A01.pdf,https://spirez.org/afaq/a5.html,A01_a8650522.pdf,144351,application/pdf
https://spirez.org/afaq/5/A06.pdf,https://spirez.org/afaq/a5.html,A06_72c77b37.pdf,248933,application/pdf
https://spirez.org/afaq/5/A04.pdf,https://spirez.org/afaq/a5.html,A04_46076990.pdf,202427,application/pdf
https://spirez.org/afaq/5/5C.pdf,https://spirez.org/afaq/a5.html,5C_8473b314.pdf,91210,application/pdf
https://spirez.org/afaq/5/A22.pdf,https://spirez.org/afaq/a5.html,A22_d35cd719.pdf,116065,application/pdf
https://spirez.org/afaq/5/A13.pdf,https://spirez.org/afaq/a5.html,A13_4d05e4e0.pdf,293803,application/pdf
https://spirez.org/afaq/5/A18.pdf,https://spirez.org/afaq/a5.html,A18_7eaf6fac.pdf,142449,application/pdf
https://spirez.org/afaq/5/A09.pdf,https://spirez.org/afaq/a5.html,A09_3388fae8.pdf,132475,application/pdf
https://spirez.org/afaq/5/A02.pdf,https://spirez.org/afaq/a5.html,A02_349b8006.pdf,178292,application/pdf
https://spirez.org/afaq/5/A08.pdf,https://spirez.org/afaq/a5.html,A08_63625628.pdf,179054,application/pdf
https://spirez.org/afaq/5/A19.pdf,https://spirez.org/afaq/a5.html,A19_0d50309c.pdf,121487,application/pdf
https://spirez.org/afaq/5/5D.pdf,https://spirez.org/afaq/a5.html,5D_992ba79d.pdf,126424,application/pdf
https://spirez.org/afaq/5/A16.pdf,https://spirez.org/afaq/a5.html,A16_6960c5dc.pdf,133916,application/pdf
https://spirez.org/afaq/5/A07.pdf,https://spirez.org/afaq/a5.html,A07_71826121.pdf,230248,application/pdf
https://spirez.org/afaq/5/A17.pdf,https://spirez.org/afaq/a5.html,A17_a063bdff.pdf,118346,application/pdf
https://spirez.org/afaq/5/A14.pdf,https://spirez.org/afaq/a5.html,A14_e789f7ea.pdf,371649,application/pdf
https://spirez.org/afaq/5/A24.pdf,https://spirez.org/afaq/a5.html,A24_9ce5b13f.pdf,95450,application/pdf
https://spirez.org/afaq/5/A21.pdf,https://spirez.org/afaq/a5.html,A21_f1401192.pdf,92514,application/pdf
https://spirez.org/afaq/5/A20.pdf,https://spirez.org/afaq/a5.html,A20_3b90c598.pdf,412801,application/pdf
https://spirez.org/afaq/5/A27.pdf,https://spirez.org/afaq/a5.html,A27_64a45ed2.pdf,210909,application/pdf
https://spirez.org/afaq/4/P 126-127.pdf,https://spirez.org/afaq/a4.html,P_126-127_82a70880.pdf,165845,application/pdf
https://spirez.org/afaq/5/A03.pdf,https://spirez.org/afaq/a5.html,A03_5a2cc45c.pdf,342201,application/pdf
https://spirez.org/ershif/2015/413.pdf,https://spirez.org/2015.html,413_9ccfead5.pdf,1435208,application/pdf
https://spirez.org/afaq/4/P 57-58.pdf,https://spirez.org/afaq/a4.html,P_57-58_45a74b4f.pdf,124367,application/pdf
https://spirez.org/afaq/4/P 74-75.pdf,https://spirez.org/afaq/a4.html,P_74-75_1da2e0b6.pdf,120999,application/pdf
https://spirez.org/afaq/4/P 152-155.pdf,https://spirez.org/afaq/a4.html,P_152-155_d2484b31.pdf,327675,application/pdf
https://spirez.org/afaq/4/P26-43.pdf,https://spirez.org/afaq/a4.html,P26-43_ec8128b7.pdf,352114,application/pdf
https://spirez.org/afaq/4/P 76-77.pdf,https://spirez.org/afaq/a4.html,P_76-77_dd2b88e1.pdf,126587,application/pdf
https://spirez.org/afaq/4/P 162-175.pdf,https://spirez.org/afaq/a4.html,P_162-175_0333d06e.pdf,513946,application/pdf
https://spirez.org/afaq/4/P 128-131.pdf,https://spirez.org/afaq/a4.html,P_128-131_a4243774.pdf,302807,application/pdf
https://spirez.org/afaq/4/P 132-133.pdf,https://spirez.org/afaq/a4.html,P_132-133_265c0a55.pdf,135729,application/pdf
https://spirez.org/afaq/4/P13-16.pdf,https://spirez.org/afaq/a4.html,P13-16_23cc099c.pdf,162956,application/pdf
https://spirez.org/afaq/4/P 134-137.pdf,https://spirez.org/afaq/a4.html,P_134-137_200e5f4c.pdf,267611,application/pdf
https://spirez.org/afaq/4/P 59-60.pdf,https://spirez.org/afaq/a4.html,P_59-60_62a89e5b.pdf,128985,application/pdf
https://spirez.org/afaq/4/P 52-53.pdf,https://spirez.org/afaq/a4.html,P_52-53_dc18972f.pdf,134784,application/pdf
https://spirez.org/afaq/4/P44-47.pdf,https://spirez.org/afaq/a4.html,P44-47_cd598dff.pdf,185486,application/pdf
https://spirez.org/afaq/4/P 140-141.pdf,https://spirez.org/afaq/a4.html,P_140-141_40c31304.pdf,179948,application/pdf
https://spirez.org/afaq/4/P 176.pdf,https://spirez.org/afaq/a4.html,P_176_c59609b3.pdf,188286,application/pdf
https://spirez.org/afaq/4/P23-25.pdf,https://spirez.org/afaq/a4.html,P23-25_79dac916.pdf,142875,application/pdf
https://spirez.org/afaq/4/P 82-91.pdf,https://spirez.org/afaq/a4.html,P_82-91_e35a5c98.pdf,183298,application/pdf
https://spirez.org/afaq/4/P 156-161.pdf,https://spirez.org/afaq/a4.html,P_156-161_0ad5a722.pdf,245327,application/pdf
https://spirez.org/afaq/4/P 66-73.pdf,https://spirez.org/afaq/a4.html,P_66-73_f7fb56a9.pdf,156981,application/pdf
https://spirez.org/afaq/4/P 118-119.pdf,https://spirez.org/afaq/a4.html,P_118-119_6c4aaea9.pdf,205911,application/pdf
https://spirez.org/afaq/4/P48-51.pdf,https://spirez.org/afaq/a4.html,P48-51_31b34fca.pdf,320813,application/pdf
https://spirez.org/afaq/4/P 142-143.pdf,https://spirez.org/afaq/a4.html,P_142-143_f03b2600.pdf,191248,application/pdf
https://spirez.org/afaq/4/P 144-151.pdf,https://spirez.org/afaq/a4.html,P_144-151_fdbe52e9.pdf,306289,application/pdf
https://spirez.org/afaq/4/P20-22.pdf,https://spirez.org/afaq/a4.html,P20-22_a1ffae68.pdf,138955,application/pdf
https://spirez.org/afaq/4/P2-3.pdf,https://spirez.org/afaq/a4.html,P2-3_ee911785.pdf,100151,application/pdf
https://spirez.org/afaq/4/P 63-65.pdf,https://spirez.org/afaq/a4.html,P_63-65_57918369.pdf,173450,application/pdf
https://spirez.org/afaq/4/P 61-62.pdf,https://spirez.org/afaq/a4.html,P_61-62_a22916bc.pdf,135605,application/pdf
https://spirez.org/afaq/4/P 102-110.pdf,https://spirez.org/afaq/a4.html,P_102-110_cf2c9b2d.pdf,426005,application/pdf
https://spirez.org/afaq/4/P 78-81.pdf,https://spirez.org/afaq/a4.html,P_78-81_b3218d2f.pdf,138663,application/pdf
https://spirez.org/afaq/4/P4-12.pdf,https://spirez.org/afaq/a4.html,P4-12_08cea252.pdf,311380,application/pdf
https://spirez.org/afaq/4/P 54-56.pdf,https://spirez.org/afaq/a4.html,P_54-56_3c0568a0.pdf,142073,application/pdf
https://spirez.org/afaq/4/P 177.pdf,https://spirez.org/afaq/a4.html,P_177_d16bfee6.pdf,104560,application/pdf
https://spirez.org/afaq/4/P 120-123.pdf,https://spirez.org/afaq/a4.html,P_120-123_d61418a5.pdf,315982,application/pdf
https://spirez.org/afaq/4/P 114-117.pdf,https://spirez.org/afaq/a4.html,P_114-117_390649bc.pdf,369725,application/pdf
https://spirez.org/afaq/4/P 96-101.pdf,https://spirez.org/afaq/a4.html,P_96-101_568e8097.pdf,360692,application/pdf
https://spirez.org/afaq/4/P 124-125.pdf,https://spirez.org/afaq/a4.html,P_124-125_eeea8217.pdf,137711,application/pdf
https://spirez.org/afaq/4/P 138-139.pdf,https://spirez.org/afaq/a4.html,P_138-139_68b4ad45.pdf,179556,application/pdf
https://spirez.org/afaq/4/P17-19.pdf,https://spirez.org/afaq/a4.html,P17-19_4daf6a7a.pdf,138335,application/pdf
https://spirez.org/afaq/4/P 92-95.pdf,https://spirez.org/afaq/a4.html,P_92-95_78a31209.pdf,243018,application/pdf
https://spirez.org/afaq/4/P 111-113.pdf,https://spirez.org/afaq/a4.html,P_111-113_bfa8f691.pdf,163848,application/pdf
https://spirez.org/poetica/jimare 09-10/03.pdf,https://spirez.org/poetica/poe09-10.html,03_7e7c2f78.pdf,1274181,application/pdf
https://spirez.org/poetica/jimare 09-10/02.pdf,https://spirez.org/poetica/poe09-10.html,02_a6baf5a6.pdf,684222,application/pdf
https://spirez.org/poetica/jimare 09-10/10.pdf,https://spirez.org/poetica/poe09-10.html,10_a545597e.pdf,869794,application/pdf
https://spirez.org/poetica/jimare 09-10/17.pdf,https://spirez.org/poetica/poe09-10.html,17_9c2acf27.pdf,8158748,application/pdf
https://spirez.org/poetica/jimare 09-10/16.pdf,https://spirez.org/poetica/poe09-10.html,16_743bc163.pdf,1739677,application/pdf
https://spirez.org/poetica/jimare 09-10/11.pdf,https://spirez.org/poetica/poe09-10.html,11_79a540a5.pdf,4630896,application/pdf
https://spirez.org/poetica/jimare 09-10/06.pdf,https://spirez.org/poetica/poe09-10.html,06_c9c92202.pdf,1095999,application/pdf
https://spirez.org/poetica/jimare 09-10/09.pdf,https://spirez.org/poetica/poe09-10.html,09_a506c4c1.pdf,1612886,application/pdf
https://spirez.org/poetica/jimare 09-10/00.pdf,https://spirez.org/poetica/poe09-10.html,00_fc8544bf.pdf,642834,application/pdf
https://spirez.org/poetica/jimare 09-10/13.pdf,https://spirez.org/poetica/poe09-10.html,13_9d2a174a.pdf,918870,application/pdf
https://spirez.org/poetica/jimare 09-10/08.pdf,https://spirez.org/poetica/poe09-10.html,08_be4783a9.pdf,1251250,application/pdf
https://spirez.org/poetica/jimare 09-10/01.pdf,https://spirez.org/poetica/poe09-10.html,01_c475b07b.pdf,866447,application/pdf
https://spirez.org/poetica/jimare 09-10/14.pdf,https://spirez.org/poetica/poe09-10.html,14_bd0b76e9.pdf,1683078,application/pdf
https://spirez.org/poetica/jimare 09-10/18.pdf,https://spirez.org/poetica/poe09-10.html,18_d674f92b.pdf,3504494,application/pdf
https://spirez.org/poetica/jimare 09-10/07.pdf,https://spirez.org/poetica/poe09-10.html,07_63ebbc0b.pdf,1101008,application/pdf
https://spirez.org/poetica/jimare 09-10/04.pdf,https://spirez.org/poetica/poe09-10.html,04_4f50d4ec.pdf,1966745,application/pdf
https://spirez.org/poetica/jimare 09-10/12.pdf,https://spirez.org/poetica/poe09-10.html,12_f69b2ad4.pdf,855864,application/pdf
https://spirez.org/poetica/jimare 09-10/15.pdf,https://spirez.org/poetica/poe09-10.html,15_304715a6.pdf,879525,application/pdf
https://spirez.org/poetica/jimare 09-10/05.pdf,https://spirez.org/poetica/poe09-10.html,05_9dff240f.pdf,2605193,application/pdf
https://spirez.org/ciwan/2/14-15.pdf,https://spirez.org/ciwan/c2.html,14-15_872d7ed9.pdf,233268,application/pdf
https://spirez.org/ciwan/2/22-23.pdf,https://spirez.org/ciwan/c2.html,22-23_77ef1264.pdf,273619,application/pdf
https://spirez.org/ciwan/2/21.pdf,https://spirez.org/ciwan/c2.html,21_f2208def.pdf,135261,application/pdf
https://spirez.org/ciwan/2/1.pdf,https://spirez.org/ciwan/c2.html,1_a7b785ce.pdf,128514,application/pdf
https://spirez.org/ciwan/2/18-19.pdf,https://spirez.org/ciwan/c2.html,18-19_77a610cc.pdf,257547,application/pdf
https://spirez.org/ciwan/2/16-17.pdf,https://spirez.org/ciwan/c2.html,16-17_4963e567.pdf,261052,application/pdf
https://spirez.org/ciwan/2/10-11.pdf,https://spirez.org/ciwan/c2.html,10-11_8ff61d82.pdf,240620,application/pdf
https://spirez.org/ciwan/2/2-3.pdf,https://spirez.org/ciwan/c2.html,2-3_5e884a4b.pdf,253859,application/pdf
https://spirez.org/ciwan/2/26-27.pdf,https://spirez.org/ciwan/c2.html,26-27_25f44636.pdf,268475,application/pdf
https://spirez.org/ciwan/2/24-25.pdf,https://spirez.org/ciwan/c2.html,24-25_de6d6a60.pdf,245020,application/pdf
https://spirez.org/ciwan/2/28-33.pdf,https://spirez.org/ciwan/c2.html,28-33_79fb4325.pdf,703880,application/pdf
https://spirez.org/ciwan/2/12-13.pdf,https://spirez.org/ciwan/c2.html,12-13_b3104210.pdf,286693,application/pdf
https://spirez.org/ciwan/2/4-9.pdf,https://spirez.org/ciwan/c2.html,4-9_4ab3dc66.pdf,1036746,application/pdf
https://spirez.org/ciwan/2/info.pdf,https://spirez.org/ciwan/c2.html,info_8164ea42.pdf,105839,application/pdf
https://spirez.org/poetica/jimare 12/11.pdf,https://spirez.org/poetica/poe12.html,11_0587e6bb.pdf,1339705,application/pdf
https://spirez.org/poetica/jimare 12/17.pdf,https://spirez.org/poetica/poe12.html,17_1469906c.pdf,1050105,application/pdf
https://spirez.org/poetica/jimare 12/18.pdf,https://spirez.org/poetica/poe12.html,18_adebf9ab.pdf,4278495,application/pdf
https://spirez.org/poetica/jimare 12/04.pdf,https://spirez.org/poetica/poe12.html,04_569831a5.pdf,2578355,application/pdf
https://spirez.org/poetica/jimare 12/14.pdf,https://spirez.org/poetica/poe12.html,14_df83307f.pdf,3937485,application/pdf
https://spirez.org/poetica/jimare 12/00.pdf,https://spirez.org/poetica/poe12.html,00_ca682324.pdf,622766,application/pdf
https://spirez.org/poetica/jimare 12/06.pdf,https://spirez.org/poetica/poe12.html,06_48c6c930.pdf,1712190,application/pdf
https://spirez.org/poetica/jimare 12/19.pdf,https://spirez.org/poetica/poe12.html,19_c8a4cfd7.pdf,3292229,application/pdf
https://spirez.org/poetica/jimare 12/05.pdf,https://spirez.org/poetica/poe12.html,05_88fd65c8.pdf,1707471,application/pdf
https://spirez.org/poetica/jimare 12/07.pdf,https://spirez.org/poetica/poe12.html,07_b522f5c7.pdf,3804293,application/pdf
https://spirez.org/poetica/jimare 12/01.pdf,https://spirez.org/poetica/poe12.html,01_c9fe5c59.pdf,852372,application/pdf
https://spirez.org/poetica/jimare 12/08.pdf,https://spirez.org/poetica/poe12.html,08_9d20e690.pdf,1141245,application/pdf
https://spirez.org/poetica/jimare 12/02.pdf,https://spirez.org/poetica/poe12.html,02_bbaa6de3.pdf,643618,application/pdf
https://spirez.org/poetica/jimare 12/10.pdf,https://spirez.org/poetica/poe12.html,10_d3d19ffd.pdf,2862981,application/pdf
https://spirez.org/poetica/jimare 12/15.pdf,https://spirez.org/poetica/poe12.html,15_bd0c2fdc.pdf,698299,application/pdf
https://spirez.org/poetica/jimare 12/03.pdf,https://spirez.org/poetica/poe12.html,03_8658cdec.pdf,1253913,application/pdf
https://spirez.org/poetica/jimare 12/09.pdf,https://spirez.org/poetica/poe12.html,09_d1704561.pdf,2682554,application/pdf
https://spirez.org/poetica/jimare 12/16.pdf,https://spirez.org/poetica/poe12.html,16_5271e97b.pdf,1046908,application/pdf
https://spirez.org/poetica/jimare 12/13.pdf,https://spirez.org/poetica/poe12.html,13_9b78968d.pdf,1510959,application/pdf
https://spirez.org/poetica/jimare 12/12.pdf,https://spirez.org/poetica/poe12.html,12_4558828f.pdf,869092,application/pdf
https://spirez.org/ciwan/1/6-7.pdf,https://spirez.org/ciwan/c1.html,6-7_dce15e79.pdf,259559,application/pdf
https://spirez.org/ciwan/1/1.pdf,https://spirez.org/ciwan/c1.html,1_c59b6ce8.pdf,100809,application/pdf
https://spirez.org/ciwan/1/11-12.pdf,https://spirez.org/ciwan/c1.html,11-12_74421fd7.pdf,271404,application/pdf
https://spirez.org/ciwan/1/8.pdf,https://spirez.org/ciwan/c1.html,8_42a4381c.pdf,123833,application/pdf
https://spirez.org/ciwan/1/28-33.pdf,https://spirez.org/ciwan/c1.html,28-33_41201e64.pdf,720302,application/pdf
https://spirez.org/ciwan/1/ciwan.pdf,https://spirez.org/ciwan/c1.html,ciwan_c4227c1c.pdf,118760,application/pdf
https://spirez.org/ciwan/1/9.pdf,https://spirez.org/ciwan/c1.html,9_17b58cf2.pdf,153458,application/pdf
https://spirez.org/ciwan/1/2-3.pdf,https://spirez.org/ciwan/c1.html,2-3_7b504ed4.pdf,286372,application/pdf
https://spirez.org/ciwan/1/14-15.pdf,https://spirez.org/ciwan/c1.html,14-15_8e06c304.pdf,327050,application/pdf
https://spirez.org/ciwan/1/13.pdf,https://spirez.org/ciwan/c1.html,13_ccb7c4f2.pdf,122082,application/pdf
https://spirez.org/ciwan/1/23.pdf,https://spirez.org/ciwan/c1.html,23_561a7cc3.pdf,168507,application/pdf
https://spirez.org/ciwan/1/22.pdf,https://spirez.org/ciwan/c1.html,22_4c6be3bb.pdf,130607,application/pdf
https://spirez.org/ciwan/1/26-27.pdf,https://spirez.org/ciwan/c1.html,26-27_495be0e8.pdf,279058,application/pdf
https://spirez.org/ciwan/1/10.pdf,https://spirez.org/ciwan/c1.html,10_1e29a4c0.pdf,121986,application/pdf
https://spirez.org/ciwan/1/24-25.pdf,https://spirez.org/ciwan/c1.html,24-25_6e6d6d62.pdf,216801,application/pdf
https://spirez.org/ciwan/1/20-21.pdf,https://spirez.org/ciwan/c1.html,20-21_c3471207.pdf,258492,application/pdf
https://spirez.org/ciwan/1/4-5.pdf,https://spirez.org/ciwan/c1.html,4-5_425231ed.pdf,272129,application/pdf
https://spirez.org/helin/2/38.pdf,https://spirez.org/helin/h2.html,38_78ec59e1.pdf,144486,application/pdf
https://spirez.org/ciwan/1/16-19.pdf,https://spirez.org/ciwan/c1.html,16-19_1d74ba2d.pdf,594242,application/pdf
https://spirez.org/helin/2/37.pdf,https://spirez.org/helin/h2.html,37_8621dd9c.pdf,149646,application/pdf
https://spirez.org/helin/2/32.pdf,https://spirez.org/helin/h2.html,32_d1c3aa4a.pdf,175590,application/pdf
https://spirez.org/helin/2/4.pdf,https://spirez.org/helin/h2.html,4_1ed49063.pdf,174408,application/pdf
https://spirez.org/helin/2/28.pdf,https://spirez.org/helin/h2.html,28_667a4626.pdf,224379,application/pdf
https://spirez.org/helin/2/34-36.pdf,https://spirez.org/helin/h2.html,34-36_8fc5c991.pdf,368752,application/pdf
https://spirez.org/helin/2/8.pdf,https://spirez.org/helin/h2.html,8_3b87cb9e.pdf,153953,application/pdf
https://spirez.org/helin/2/12-13.pdf,https://spirez.org/helin/h2.html,12-13_15fcc1fd.pdf,396603,application/pdf
https://spirez.org/helin/2/18-19.pdf,https://spirez.org/helin/h2.html,18-19_47f6620c.pdf,378448,application/pdf
https://spirez.org/helin/2/16-17.pdf,https://spirez.org/helin/h2.html,16-17_33600eca.pdf,398183,application/pdf
https://spirez.org/helin/2/27.pdf,https://spirez.org/helin/h2.html,27_b450050a.pdf,174038,application/pdf
https://spirez.org/helin/2/10-11.pdf,https://spirez.org/helin/h2.html,10-11_d52a7255.pdf,383237,application/pdf
https://spirez.org/helin/2/22.pdf,https://spirez.org/helin/h2.html,22_0fe358c8.pdf,194744,application/pdf
https://spirez.org/helin/2/20-21.pdf,https://spirez.org/helin/h2.html,20-21_71f82566.pdf,347583,application/pdf
https://spirez.org/helin/2/9.pdf,https://spirez.org/helin/h2.html,9_895e3eee.pdf,189000,application/pdf
https://spirez.org/helin/2/23.pdf,https://spirez.org/helin/h2.html,23_888a5647.pdf,126759,application/pdf
https://spirez.org/helin/2/39.pdf,https://spirez.org/helin/h2.html,39_4d8512ca.pdf,98492,application/pdf
https://spirez.org/helin/2/24-26.pdf,https://spirez.org/helin/h2.html,24-26_b21a968f.pdf,484548,application/pdf
https://spirez.org/helin/2/31.pdf,https://spirez.org/helin/h2.html,31_c61e38df.pdf,174613,application/pdf
https://spirez.org/helin/2/6-7.pdf,https://spirez.org/helin/h2.html,6-7_f9fd4274.pdf,305492,application/pdf
https://spirez.org/helin/2/2.pdf,https://spirez.org/helin/h2.html,2_5e514f1c.pdf,104074,application/pdf
https://spirez.org/helin/2/30.pdf,https://spirez.org/helin/h2.html,30_efdd3755.pdf,154517,application/pdf
https://spirez.org/helin/2/3.pdf,https://spirez.org/helin/h2.html,3_6f76b7ca.pdf,189036,application/pdf
https://spirez.org/helin/2/14-15.pdf,https://spirez.org/helin/h2.html,14-15_c44f1281.pdf,351491,application/pdf
https://spirez.org/helin/2/33.pdf,https://spirez.org/helin/h2.html,33_009fe510.pdf,151577,application/pdf
https://spirez.org/helin/2/5.pdf,https://spirez.org/helin/h2.html,5_d06e0cb6.pdf,157698,application/pdf
https://spirez.org/helin/2/29.pdf,https://spirez.org/helin/h2.html,29_3c2ce6a5.pdf,142888,application/pdf
https://spirez.org/ciwan/3/10-11.pdf,https://spirez.org/ciwan/c3.html,10-11_707c9353.pdf,281703,application/pdf
https://spirez.org/ciwan/3/info.pdf,https://spirez.org/ciwan/c3.html,info_31068cad.pdf,111285,application/pdf
https://spirez.org/ciwan/3/14-15.pdf,https://spirez.org/ciwan/c3.html,14-15_5fe59f11.pdf,195055,application/pdf
https://spirez.org/ciwan/3/22-23.pdf,https://spirez.org/ciwan/c3.html,22-23_8020d9d4.pdf,327839,application/pdf
https://spirez.org/ciwan/3/1.pdf,https://spirez.org/ciwan/c3.html,1_2bf16e1c.pdf,142652,application/pdf
https://spirez.org/ciwan/3/4-9.pdf,https://spirez.org/ciwan/c3.html,4-9_cc38d893.pdf,862504,application/pdf
https://spirez.org/ciwan/3/18-20.pdf,https://spirez.org/ciwan/c3.html,18-20_13291e2b.pdf,439575,application/pdf
https://spirez.org/ciwan/3/16-17.pdf,https://spirez.org/ciwan/c3.html,16-17_fd5c6598.pdf,271336,application/pdf
https://spirez.org/ciwan/3/24-25.pdf,https://spirez.org/ciwan/c3.html,24-25_a86713b4.pdf,297177,application/pdf
https://spirez.org/ciwan/3/21.pdf,https://spirez.org/ciwan/c3.html,21_92aaaa95.pdf,151316,application/pdf
https://spirez.org/ciwan/3/28-33.pdf,https://spirez.org/ciwan/c3.html,28-33_30f32e28.pdf,724722,application/pdf
https://spirez.org/ciwan/3/2-3.pdf,https://spirez.org/ciwan/c3.html,2-3_2f325303.pdf,290957,application/pdf
https://spirez.org/ciwan/3/26-27.pdf,https://spirez.org/ciwan/c3.html,26-27_1c753481.pdf,263583,application/pdf
https://spirez.org/ciwan/3/12-13.pdf,https://spirez.org/ciwan/c3.html,12-13_ca14a4ad.pdf,335819,application/pdf
https://spirez.org/poetica/jimare 08/07.pdf,https://spirez.org/poetica/poe08.html,07_676caa54.pdf,1829062,application/pdf
https://spirez.org/poetica/jimare 08/16.pdf,https://spirez.org/poetica/poe08.html,16_e8bc1f72.pdf,940683,application/pdf
https://spirez.org/poetica/jimare 08/04.pdf,https://spirez.org/poetica/poe08.html,04_a4af7e49.pdf,2615983,application/pdf
https://spirez.org/poetica/jimare 08/19.pdf,https://spirez.org/poetica/poe08.html,19_bc786e1f.pdf,5110134,application/pdf
https://spirez.org/poetica/jimare 08/18.pdf,https://spirez.org/poetica/poe08.html,18_bfbcd6c8.pdf,1266406,application/pdf
https://spirez.org/poetica/jimare 08/14.pdf,https://spirez.org/poetica/poe08.html,14_2be10a45.pdf,2359381,application/pdf
https://spirez.org/poetica/jimare 08/02.pdf,https://spirez.org/poetica/poe08.html,02_309fe08e.pdf,649986,application/pdf
https://spirez.org/poetica/jimare 08/01.pdf,https://spirez.org/poetica/poe08.html,01_e4137604.pdf,854251,application/pdf
https://spirez.org/poetica/jimare 08/09.pdf,https://spirez.org/poetica/poe08.html,09_273d71f8.pdf,1731055,application/pdf
https://spirez.org/poetica/jimare 08/10.pdf,https://spirez.org/poetica/poe08.html,10_a6a70672.pdf,1381714,application/pdf
https://spirez.org/poetica/jimare 08/03.pdf,https://spirez.org/poetica/poe08.html,03_3d6df88d.pdf,1261112,application/pdf
https://spirez.org/poetica/jimare 08/06.pdf,https://spirez.org/poetica/poe08.html,06_5511ad7e.pdf,3206119,application/pdf
https://spirez.org/poetica/jimare 08/00.pdf,https://spirez.org/poetica/poe08.html,00_3aa85504.pdf,629359,application/pdf
https://spirez.org/poetica/jimare 08/15.pdf,https://spirez.org/poetica/poe08.html,15_303c6109.pdf,994473,application/pdf
https://spirez.org/poetica/jimare 08/20.pdf,https://spirez.org/poetica/poe08.html,20_6b89dbb1.pdf,5322770,application/pdf
https://spirez.org/poetica/jimare 08/12.pdf,https://spirez.org/poetica/poe08.html,12_0643b92c.pdf,1523793,application/pdf
https://spirez.org/poetica/jimare 08/11.pdf,https://spirez.org/poetica/poe08.html,11_7891c041.pdf,899500,application/pdf
https://spirez.org/poetica/jimare 08/05.pdf,https://spirez.org/poetica/poe08.html,05_5accc0c8.pdf,3671790,application/pdf
https://spirez.org/poetica/jimare 08/08.pdf,https://spirez.org/poetica/poe08.html,08_471e020d.pdf,2400539,application/pdf
https://spirez.org/poetica/jimare 08/17.pdf,https://spirez.org/poetica/poe08.html,17_c80b1913.pdf,852637,application/pdf
https://spirez.org/poetica/jimare 08/13.pdf,https://spirez.org/poetica/poe08.html,13_62b3cdd1.pdf,789452,application/pdf
https://spirez.org/prez/1/01.pdf,https://spirez.org/prez/p1.html,01_9531c6a6.pdf,258064,application/pdf
https://spirez.org/prez/1/09.pdf,https://spirez.org/prez/p1.html,09_8ca91760.pdf,493942,application/pdf
https://spirez.org/prez/1/12.pdf,https://spirez.org/prez/p1.html,12_0bcd0ad8.pdf,1288207,application/pdf
https://spirez.org/prez/1/19.pdf,https://spirez.org/prez/p1.html,19_636e383b.pdf,323217,application/pdf
https://spirez.org/prez/1/18.pdf,https://spirez.org/prez/p1.html,18_1b35da93.pdf,472245,application/pdf
https://spirez.org/prez/1/07.pdf,https://spirez.org/prez/p1.html,07_109ef478.pdf,283152,application/pdf
https://spirez.org/prez/1/03.pdf,https://spirez.org/prez/p1.html,03_63de3f9d.pdf,91361,application/pdf
https://spirez.org/prez/1/21.pdf,https://spirez.org/prez/p1.html,21_0dfc5e86.pdf,464141,application/pdf
https://spirez.org/prez/1/08.pdf,https://spirez.org/prez/p1.html,08_7d1a0e07.pdf,843609,application/pdf
https://spirez.org/prez/1/15.pdf,https://spirez.org/prez/p1.html,15_93cd6597.pdf,194615,application/pdf
https://spirez.org/prez/1/13.pdf,https://spirez.org/prez/p1.html,13_e44880e9.pdf,236392,application/pdf
https://spirez.org/prez/1/10.pdf,https://spirez.org/prez/p1.html,10_4118c785.pdf,632900,application/pdf
https://spirez.org/prez/1/06.pdf,https://spirez.org/prez/p1.html,06_f98b3bda.pdf,703995,application/pdf
https://spirez.org/prez/1/24.pdf,https://spirez.org/prez/p1.html,24_0e4fac39.pdf,399844,application/pdf
https://spirez.org/prez/1/02.pdf,https://spirez.org/prez/p1.html,02_92c4d675.pdf,435648,application/pdf
https://spirez.org/prez/1/20.pdf,https://spirez.org/prez/p1.html,20_3060de27.pdf,533895,application/pdf
https://spirez.org/prez/1/11.pdf,https://spirez.org/prez/p1.html,11_615393df.pdf,587523,application/pdf
https://spirez.org/prez/1/14.pdf,https://spirez.org/prez/p1.html,14_5fd55f7f.pdf,447867,application/pdf
https://spirez.org/prez/1/22.pdf,https://spirez.org/prez/p1.html,22_21b57ebd.pdf,256225,application/pdf
https://spirez.org/prez/1/23.pdf,https://spirez.org/prez/p1.html,23_c8d5ec10.pdf,204950,application/pdf
https://spirez.org/prez/1/16.pdf,https://spirez.org/prez/p1.html,16_2e32c99d.pdf,521016,application/pdf
https://spirez.org/prez/1/05.pdf,https://spirez.org/prez/p1.html,05_a9f7a8b3.pdf,817075,application/pdf
https://spirez.org/prez/1/17.pdf,https://spirez.org/prez/p1.html,17_b280f039.pdf,165208,application/pdf
https://spirez.org/prez/1/04.pdf,https://spirez.org/prez/p1.html,04_f6d840c3.pdf,74347,application/pdf
https://spirez.org/poetica/jimare 01/134-152.pdf,https://spirez.org/poetica/poe01.html,134-152_e81b30a0.pdf,6697289,application/pdf
https://spirez.org/poetica/jimare 01/108-111.pdf,https://spirez.org/poetica/poe01.html,108-111_bb41b143.pdf,5043330,application/pdf
https://spirez.org/poetica/jimare 01/1.pdf,https://spirez.org/poetica/poe01.html,1_0951ba0a.pdf,5873015,application/pdf
https://spirez.org/poetica/jimare 01/68-78.pdf,https://spirez.org/poetica/poe01.html,68-78_e6b63732.pdf,7860482,application/pdf
https://spirez.org/poetica/jimare 01/103-107.pdf,https://spirez.org/poetica/poe01.html,103-107_c4f61aa0.pdf,5637767,application/pdf
https://spirez.org/poetica/jimare 01/8-24.pdf,https://spirez.org/poetica/poe01.html,8-24_f7dc34b7.pdf,7697200,application/pdf
https://spirez.org/poetica/jimare 01/123-133.pdf,https://spirez.org/poetica/poe01.html,123-133_95f63dc7.pdf,5872367,application/pdf
https://spirez.org/poetica/jimare 01/50-67.pdf,https://spirez.org/poetica/poe01.html,50-67_a36de131.pdf,7604149,application/pdf
https://spirez.org/poetica/jimare 01/116-118.pdf,https://spirez.org/poetica/poe01.html,116-118_5cf6453c.pdf,5626670,application/pdf
https://spirez.org/poetica/jimare 01/25-34.pdf,https://spirez.org/poetica/poe01.html,25-34_b695d40f.pdf,7607507,application/pdf
https://spirez.org/poetica/jimare 01/35-49.pdf,https://spirez.org/poetica/poe01.html,35-49_0f056506.pdf,6460344,application/pdf
https://spirez.org/poetica/jimare 01/3-7.pdf,https://spirez.org/poetica/poe01.html,3-7_5c0e1744.pdf,8218059,application/pdf
https://spirez.org/poetica/jimare 01/96-102.pdf,https://spirez.org/poetica/poe01.html,96-102_c0885741.pdf,5165813,application/pdf
https://spirez.org/poetica/jimare 01/112-113.pdf,https://spirez.org/poetica/poe01.html,112-113_717bee10.pdf,5293025,application/pdf
https://spirez.org/poetica/jimare 01/121-122.pdf,https://spirez.org/poetica/poe01.html,121-122_ad5bfe56.pdf,4966416,application/pdf
https://spirez.org/poetica/jimare 01/2.pdf,https://spirez.org/poetica/poe01.html,2_50ff45ca.pdf,6427048,application/pdf
https://spirez.org/poetica/jimare 01/95.pdf,https://spirez.org/poetica/poe01.html,95_8db31921.pdf,5079450,application/pdf
https://spirez.org/poetica/jimare 01/114-115.pdf,https://spirez.org/poetica/poe01.html,114-115_eeea4a19.pdf,4825683,application/pdf
https://spirez.org/poetica/jimare 01/79-94.pdf,https://spirez.org/poetica/poe01.html,79-94_d0067f3d.pdf,8837144,application/pdf
https://spirez.org/poetica/jimare 01/119-120.pdf,https://spirez.org/poetica/poe01.html,119-120_9a235cb7.pdf,5274926,application/pdf
https://spirez.org/poetica/jimare 03/73-77.pdf,https://spirez.org/poetica/poe03.html,73-77_3d2b4992.pdf,3385130,application/pdf
https://spirez.org/poetica/jimare 03/92-93.pdf,https://spirez.org/poetica/poe03.html,92-93_cf586560.pdf,4494860,application/pdf
https://spirez.org/poetica/jimare 03/86-87.pdf,https://spirez.org/poetica/poe03.html,86-87_b8846dc9.pdf,3001808,application/pdf
https://spirez.org/poetica/jimare 03/67.pdf,https://spirez.org/poetica/poe03.html,67_b17f5ca7.pdf,3141698,application/pdf
https://spirez.org/poetica/jimare 03/15-27.pdf,https://spirez.org/poetica/poe03.html,15-27_52c91238.pdf,3389689,application/pdf
https://spirez.org/poetica/jimare 03/91.pdf,https://spirez.org/poetica/poe03.html,91_9f031997.pdf,3059963,application/pdf
https://spirez.org/poetica/jimare 03/82-83.pdf,https://spirez.org/poetica/poe03.html,82-83_a1d4fee5.pdf,3046252,application/pdf
https://spirez.org/poetica/jimare 03/84-85.pdf,https://spirez.org/poetica/poe03.html,84-85_2ee887e5.pdf,2588629,application/pdf
https://spirez.org/poetica/jimare 03/62-66.pdf,https://spirez.org/poetica/poe03.html,62-66_61f470e9.pdf,3243620,application/pdf
https://spirez.org/poetica/jimare 03/88-90.pdf,https://spirez.org/poetica/poe03.html,88-90_fcada3eb.pdf,3111947,application/pdf
https://spirez.org/poetica/jimare 03/naverok.pdf,https://spirez.org/poetica/poe03.html,naverok_6b0a48be.pdf,2971472,application/pdf
https://spirez.org/poetica/jimare 03/96.pdf,https://spirez.org/poetica/poe03.html,96_74c1f518.pdf,2872610,application/pdf
https://spirez.org/poetica/jimare 03/28-36.pdf,https://spirez.org/poetica/poe03.html,28-36_90563ae5.pdf,5046708,application/pdf
https://spirez.org/poetica/jimare 03/00.pdf,https://spirez.org/poetica/poe03.html,00_08c8e9aa.pdf,2845050,application/pdf
https://spirez.org/poetica/jimare 03/37-49.pdf,https://spirez.org/poetica/poe03.html,37-49_a9b6aa6a.pdf,4409634,application/pdf
https://spirez.org/poetica/jimare 03/68-72.pdf,https://spirez.org/poetica/poe03.html,68-72_7e8c68f2.pdf,3527357,application/pdf
https://spirez.org/poetica/jimare 03/107-128.pdf,https://spirez.org/poetica/poe03.html,107-128_830d7c76.pdf,6288488,application/pdf
https://spirez.org/poetica/jimare 03/97-106.pdf,https://spirez.org/poetica/poe03.html,97-106_27fa2f14.pdf,5056397,application/pdf
https://spirez.org/poetica/jimare 03/6-14.pdf,https://spirez.org/poetica/poe03.html,6-14_fa5f5e2f.pdf,7610094,application/pdf
https://spirez.org/poetica/jimare 03/94-95.pdf,https://spirez.org/poetica/poe03.html,94-95_5c8d2112.pdf,3118664,application/pdf
https://spirez.org/poetica/jimare 03/50-61.pdf,https://spirez.org/poetica/poe03.html,50-61_ae367d10.pdf,3505683,application/pdf
https://spirez.org/poetica/jimare 03/78-81.pdf,https://spirez.org/poetica/poe03.html,78-81_0fcb1f8e.pdf,3559561,application/pdf
https://spirez.org/poetica/jimare 05/00.pdf,https://spirez.org/poetica/poe05.html,00_59e194e5.pdf,627646,application/pdf
https://spirez.org/poetica/jimare 03/5.pdf,https://spirez.org/poetica/poe03.html,5_033f83e7.pdf,3568819,application/pdf
https://spirez.org/poetica/jimare 05/07.pdf,https://spirez.org/poetica/poe05.html,07_2558432d.pdf,2650164,application/pdf
https://spirez.org/poetica/jimare 05/01.pdf,https://spirez.org/poetica/poe05.html,01_21750e42.pdf,897263,application/pdf
https://spirez.org/poetica/jimare 05/05.pdf,https://spirez.org/poetica/poe05.html,05_66a283dc.pdf,7008859,application/pdf
https://spirez.org/poetica/jimare 05/09.pdf,https://spirez.org/poetica/poe05.html,09_61ac9f0a.pdf,1193866,application/pdf
https://spirez.org/poetica/jimare 05/06.pdf,https://spirez.org/poetica/poe05.html,06_b003e6e8.pdf,2181878,application/pdf
https://spirez.org/poetica/jimare 05/08.pdf,https://spirez.org/poetica/poe05.html,08_f9dc10f7.pdf,1756868,application/pdf
https://spirez.org/poetica/jimare 05/03.pdf,https://spirez.org/poetica/poe05.html,03_58f06861.pdf,2581958,application/pdf
https://spirez.org/poetica/jimare 05/14.pdf,https://spirez.org/poetica/poe05.html,14_00d0311c.pdf,855082,application/pdf
https://spirez.org/poetica/jimare 05/10.pdf,https://spirez.org/poetica/poe05.html,10_0f051be5.pdf,1079067,application/pdf
https://spirez.org/poetica/jimare 05/11.pdf,https://spirez.org/poetica/poe05.html,11_b3b1403d.pdf,1430377,application/pdf
https://spirez.org/poetica/jimare 05/13.pdf,https://spirez.org/poetica/poe05.html,13_c6a11f2b.pdf,798509,application/pdf
https://spirez.org/poetica/jimare 05/15.pdf,https://spirez.org/poetica/poe05.html,15_40ecbb45.pdf,1060410,application/pdf
https://spirez.org/poetica/jimare 05/16.pdf,https://spirez.org/poetica/poe05.html,16_4842eb90.pdf,3528405,application/pdf
https://spirez.org/poetica/jimare 05/04.pdf,https://spirez.org/poetica/poe05.html,04_b1f53151.pdf,2206699,application/pdf
https://spirez.org/poetica/jimare 05/02.pdf,https://spirez.org/poetica/poe05.html,02_a059d44d.pdf,1321575,application/pdf
https://spirez.org/poetica/jimare 05/12.pdf,https://spirez.org/poetica/poe05.html,12_278ed0a9.pdf,2224856,application/pdf
https://spirez.org/poetica/jimare 05/17.pdf,https://spirez.org/poetica/poe05.html,17_cf73e2e0.pdf,7850679,application/pdf
https://spirez.org/rengiz/2/3.pdf,https://spirez.org/rengiz/r2.html,3_76fafbef.pdf,1589663,application/pdf
https://spirez.org/rengiz/2/1.pdf,https://spirez.org/rengiz/r2.html,1_299b6b45.pdf,703802,application/pdf
https://spirez.org/rengiz/2/5.pdf,https://spirez.org/rengiz/r2.html,5_f02f16a6.pdf,2934604,application/pdf
https://spirez.org/rengiz/2/2.pdf,https://spirez.org/rengiz/r2.html,2_9a8ae14f.pdf,293222,application/pdf
https://spirez.org/rengiz/2/11.pdf,https://spirez.org/rengiz/r2.html,11_ee3c7131.pdf,4977682,application/pdf
https://spirez.org/rengiz/2/4.pdf,https://spirez.org/rengiz/r2.html,4_d1bced76.pdf,7840887,application/pdf
https://spirez.org/rengiz/2/8.pdf,https://spirez.org/rengiz/r2.html,8_73924aaa.pdf,2335776,application/pdf
https://spirez.org/rengiz/2/13.pdf,https://spirez.org/rengiz/r2.html,13_82b0427a.pdf,1331947,application/pdf
https://spirez.org/rengiz/2/9.pdf,https://spirez.org/rengiz/r2.html,9_59038f99.pdf,2280621,application/pdf
https://spirez.org/rengiz/2/14.pdf,https://spirez.org/rengiz/r2.html,14_fcd1b959.pdf,221923,application/pdf
https://spirez.org/rengiz/2/12.pdf,https://spirez.org/rengiz/r2.html,12_2d93487a.pdf,3840809,application/pdf
https://spirez.org/rengiz/2/10.pdf,https://spirez.org/rengiz/r2.html,10_1ea6e063.pdf,4526603,application/pdf
https://spirez.org/poetica/jimare 06-07/04.pdf,https://spirez.org/poetica/poe06-07.html,04_2179e542.pdf,3085159,application/pdf
https://spirez.org/poetica/jimare 06-07/03.pdf,https://spirez.org/poetica/poe06-07.html,03_139eff19.pdf,1401809,application/pdf
https://spirez.org/poetica/jimare 06-07/18.pdf,https://spirez.org/poetica/poe06-07.html,18_4ab46451.pdf,6577569,application/pdf
https://spirez.org/poetica/jimare 06-07/05.pdf,https://spirez.org/poetica/poe06-07.html,05_a9b9cacf.pdf,941529,application/pdf
https://spirez.org/rengiz/2/7.pdf,https://spirez.org/rengiz/r2.html,7_9e9830e1.pdf,6908139,application/pdf
https://spirez.org/poetica/jimare 06-07/01.pdf,https://spirez.org/poetica/poe06-07.html,01_54b67e76.pdf,880123,application/pdf
https://spirez.org/poetica/jimare 06-07/11.pdf,https://spirez.org/poetica/poe06-07.html,11_8dfdb848.pdf,874261,application/pdf
https://spirez.org/poetica/jimare 06-07/09.pdf,https://spirez.org/poetica/poe06-07.html,09_c2c9daef.pdf,955114,application/pdf
https://spirez.org/poetica/jimare 06-07/12.pdf,https://spirez.org/poetica/poe06-07.html,12_86e0b7c7.pdf,767145,application/pdf
https://spirez.org/poetica/jimare 06-07/19.pdf,https://spirez.org/poetica/poe06-07.html,19_97362b4c.pdf,3757571,application/pdf
https://spirez.org/poetica/jimare 06-07/14.pdf,https://spirez.org/poetica/poe06-07.html,14_96f45e7d.pdf,1048896,application/pdf
https://spirez.org/poetica/jimare 06-07/00.pdf,https://spirez.org/poetica/poe06-07.html,00_18b469ef.pdf,639314,application/pdf
https://spirez.org/poetica/jimare 06-07/16.pdf,https://spirez.org/poetica/poe06-07.html,16_4ce8bc41.pdf,1821193,application/pdf
https://spirez.org/poetica/jimare 06-07/08.pdf,https://spirez.org/poetica/poe06-07.html,08_dcc47228.pdf,1233573,application/pdf
https://spirez.org/poetica/jimare 06-07/02.pdf,https://spirez.org/poetica/poe06-07.html,02_88c96f31.pdf,691640,application/pdf
https://spirez.org/poetica/jimare 06-07/15.pdf,https://spirez.org/poetica/poe06-07.html,15_bbf993d4.pdf,809550,application/pdf
https://spirez.org/poetica/jimare 06-07/06.pdf,https://spirez.org/poetica/poe06-07.html,06_0e6a4aee.pdf,3682413,application/pdf
https://spirez.org/poetica/jimare 06-07/07.pdf,https://spirez.org/poetica/poe06-07.html,07_2a1e5df3.pdf,2953614,application/pdf
https://spirez.org/poetica/jimare 06-07/10.pdf,https://spirez.org/poetica/poe06-07.html,10_7e25ea21.pdf,4923654,application/pdf
https://spirez.org/poetica/jimare 06-07/17.pdf,https://spirez.org/poetica/poe06-07.html,17_9109585d.pdf,1439935,application/pdf
https://spirez.org/kepirla/45/4-5.pdf,https://spirez.org/kepirla/kla45.html,4-5_df5d7dca.pdf,334604,application/pdf
https://spirez.org/poetica/jimare 06-07/13.pdf,https://spirez.org/poetica/poe06-07.html,13_d17ae019.pdf,3994767,application/pdf
https://spirez.org/kepirla/45/28-29.pdf,https://spirez.org/kepirla/kla45.html,28-29_e35fbfff.pdf,303898,application/pdf
https://spirez.org/kepirla/45/10-11.pdf,https://spirez.org/kepirla/kla45.html,10-11_917136e6.pdf,397393,application/pdf
https://spirez.org/kepirla/45/16-17.pdf,https://spirez.org/kepirla/kla45.html,16-17_9aa5a05d.pdf,349230,application/pdf
https://spirez.org/kepirla/45/6-9.pdf,https://spirez.org/kepirla/kla45.html,6-9_b5e4e20a.pdf,698848,application/pdf
https://spirez.org/kepirla/45/12-13.pdf,https://spirez.org/kepirla/kla45.html,12-13_20ac0285.pdf,208956,application/pdf
https://spirez.org/kepirla/45/38.pdf,https://spirez.org/kepirla/kla45.html,38_e49792d0.pdf,123993,application/pdf
https://spirez.org/kepirla/45/22-23.pdf,https://spirez.org/kepirla/kla45.html,22-23_cf38b008.pdf,293224,application/pdf
https://spirez.org/kepirla/45/3.pdf,https://spirez.org/kepirla/kla45.html,3_6ac60a00.pdf,158461,application/pdf
https://spirez.org/kepirla/45/24-25.pdf,https://spirez.org/kepirla/kla45.html,24-25_b15f225a.pdf,306234,application/pdf
https://spirez.org/kepirla/45/34-35.pdf,https://spirez.org/kepirla/kla45.html,34-35_a6e91534.pdf,133372,application/pdf
https://spirez.org/kepirla/45/14-15.pdf,https://spirez.org/kepirla/kla45.html,14-15_6622a252.pdf,281593,application/pdf
https://spirez.org/kepirla/45/40-41.pdf,https://spirez.org/kepirla/kla45.html,40-41_7acbfa7b.pdf,225206,application/pdf
https://spirez.org/kepirla/45/20.pdf,https://spirez.org/kepirla/kla45.html,20_e6976598.pdf,139513,application/pdf
https://spirez.org/kepirla/45/42.pdf,https://spirez.org/kepirla/kla45.html,42_fe45f36d.pdf,143783,application/pdf
https://spirez.org/kepirla/45/36-37.pdf,https://spirez.org/kepirla/kla45.html,36-37_b91c79b7.pdf,243061,application/pdf
https://spirez.org/kepirla/45/32-33.pdf,https://spirez.org/kepirla/kla45.html,32-33_8cb78f8f.pdf,205478,application/pdf
https://spirez.org/kepirla/45/21.pdf,https://spirez.org/kepirla/kla45.html,21_41539a8b.pdf,137517,application/pdf
https://spirez.org/kepirla/45/26-27.pdf,https://spirez.org/kepirla/kla45.html,26-27_a9e40598.pdf,251010,application/pdf
https://spirez.org/kepirla/45/18-19.pdf,https://spirez.org/kepirla/kla45.html,18-19_7142c392.pdf,319678,application/pdf
https://spirez.org/kepirla/45/2.pdf,https://spirez.org/kepirla/kla45.html,2_c3abc3fe.pdf,188525,application/pdf
https://spirez.org/kepirla/45/39.pdf,https://spirez.org/kepirla/kla45.html,39_93a1667b.pdf,140901,application/pdf
https://spirez.org/kepirla/45/30-31.pdf,https://spirez.org/kepirla/kla45.html,30-31_e0fcacfa.pdf,293707,application/pdf
https://spirez.org/kepirla/45/43.pdf,https://spirez.org/kepirla/kla45.html,43_f0774eb7.pdf,192168,application/pdf
https://spirez.org/kepirla/43/33.pdf,https://spirez.org/kepirla/kla43.html,33_2ba245b6.pdf,139763,application/pdf
https://spirez.org/kepirla/43/14.pdf,https://spirez.org/kepirla/kla43.html,14_38407800.pdf,138707,application/pdf
https://spirez.org/kepirla/43/34-35.pdf,https://spirez.org/kepirla/kla43.html,34-35_57cc9457.pdf,295365,application/pdf
https://spirez.org/kepirla/43/16-17.pdf,https://spirez.org/kepirla/kla43.html,16-17_aecec982.pdf,251736,application/pdf
https://spirez.org/kepirla/43/39.pdf,https://spirez.org/kepirla/kla43.html,39_5e89dd6e.pdf,197708,application/pdf
https://spirez.org/kepirla/43/24-25.pdf,https://spirez.org/kepirla/kla43.html,24-25_a3f77ef2.pdf,301444,application/pdf
https://spirez.org/kepirla/43/6-9.pdf,https://spirez.org/kepirla/kla43.html,6-9_38ab75f1.pdf,564138,application/pdf
https://spirez.org/kepirla/43/20-21.pdf,https://spirez.org/kepirla/kla43.html,20-21_d6c365fb.pdf,327035,application/pdf
https://spirez.org/kepirla/43/3.pdf,https://spirez.org/kepirla/kla43.html,3_8beeaead.pdf,163831,application/pdf
https://spirez.org/kepirla/43/15.pdf,https://spirez.org/kepirla/kla43.html,15_fb95f72b.pdf,140999,application/pdf
https://spirez.org/kepirla/43/30-31.pdf,https://spirez.org/kepirla/kla43.html,30-31_270a6d88.pdf,227553,application/pdf
https://spirez.org/kepirla/43/28-29.pdf,https://spirez.org/kepirla/kla43.html,28-29_5aa003d8.pdf,285857,application/pdf
https://spirez.org/kepirla/43/32.pdf,https://spirez.org/kepirla/kla43.html,32_eb173c46.pdf,145139,application/pdf
https://spirez.org/kepirla/43/38.pdf,https://spirez.org/kepirla/kla43.html,38_3eebd066.pdf,172541,application/pdf
https://spirez.org/kepirla/43/26-27.pdf,https://spirez.org/kepirla/kla43.html,26-27_67d241be.pdf,372035,application/pdf
https://spirez.org/kepirla/43/36-37.pdf,https://spirez.org/kepirla/kla43.html,36-37_7d6deca2.pdf,178202,application/pdf
https://spirez.org/kepirla/43/2.pdf,https://spirez.org/kepirla/kla43.html,2_4864e08b.pdf,196198,application/pdf
https://spirez.org/kepirla/43/10-11.pdf,https://spirez.org/kepirla/kla43.html,10-11_8a6018a5.pdf,407129,application/pdf
https://spirez.org/kepirla/43/22-23.pdf,https://spirez.org/kepirla/kla43.html,22-23_736580a8.pdf,336381,application/pdf
https://spirez.org/kepirla/43/12-13.pdf,https://spirez.org/kepirla/kla43.html,12-13_6326a15d.pdf,310687,application/pdf
https://spirez.org/kepirla/43/4-5.pdf,https://spirez.org/kepirla/kla43.html,4-5_02a138a9.pdf,337061,application/pdf
https://spirez.org/kepirla/43/18-19.pdf,https://spirez.org/kepirla/kla43.html,18-19_d8905855.pdf,337627,application/pdf
https://spirez.org/kepirla/44/36-37.pdf,https://spirez.org/kepirla/kla44.html,36-37_ee8624af.pdf,217927,application/pdf
https://spirez.org/kepirla/44/2.pdf,https://spirez.org/kepirla/kla44.html,2_89c959a8.pdf,179292,application/pdf
https://spirez.org/kepirla/44/6-9.pdf,https://spirez.org/kepirla/kla44.html,6-9_245d0a7c.pdf,649019,application/pdf
https://spirez.org/kepirla/44/28-29.pdf,https://spirez.org/kepirla/kla44.html,28-29_9331231d.pdf,323172,application/pdf
https://spirez.org/kepirla/44/33.pdf,https://spirez.org/kepirla/kla44.html,33_08027566.pdf,148466,application/pdf
https://spirez.org/kepirla/44/10-11.pdf,https://spirez.org/kepirla/kla44.html,10-11_2724d019.pdf,370283,application/pdf
https://spirez.org/kepirla/44/38.pdf,https://spirez.org/kepirla/kla44.html,38_96134a8d.pdf,150034,application/pdf
https://spirez.org/kepirla/44/34-35.pdf,https://spirez.org/kepirla/kla44.html,34-35_5c091050.pdf,280560,application/pdf
https://spirez.org/kepirla/44/3.pdf,https://spirez.org/kepirla/kla44.html,3_a5998692.pdf,165649,application/pdf
https://spirez.org/kepirla/44/18-19.pdf,https://spirez.org/kepirla/kla44.html,18-19_62e83e32.pdf,377892,application/pdf
https://spirez.org/kepirla/44/32.pdf,https://spirez.org/kepirla/kla44.html,32_95bdf2f6.pdf,142658,application/pdf
https://spirez.org/kepirla/44/30-31.pdf,https://spirez.org/kepirla/kla44.html,30-31_05587dac.pdf,243060,application/pdf
https://spirez.org/kepirla/44/26-27.pdf,https://spirez.org/kepirla/kla44.html,26-27_81eff8c9.pdf,351760,application/pdf
https://spirez.org/kepirla/44/22-23.pdf,https://spirez.org/kepirla/kla44.html,22-23_99b682e0.pdf,309067,application/pdf
https://spirez.org/kepirla/44/12-13.pdf,https://spirez.org/kepirla/kla44.html,12-13_81dd7653.pdf,283413,application/pdf
https://spirez.org/kepirla/44/4-5.pdf,https://spirez.org/kepirla/kla44.html,4-5_17a0f90c.pdf,336419,application/pdf
https://spirez.org/kepirla/44/16-17.pdf,https://spirez.org/kepirla/kla44.html,16-17_33f51975.pdf,278764,application/pdf
https://spirez.org/kepirla/44/14.pdf,https://spirez.org/kepirla/kla44.html,14_2a3a6bb9.pdf,140401,application/pdf
https://spirez.org/kepirla/44/15.pdf,https://spirez.org/kepirla/kla44.html,15_abb7d9ed.pdf,144473,application/pdf
https://spirez.org/kepirla/44/39.pdf,https://spirez.org/kepirla/kla44.html,39_86b13ba4.pdf,184743,application/pdf
https://spirez.org/kepirla/44/24-25.pdf,https://spirez.org/kepirla/kla44.html,24-25_7c6ab551.pdf,281553,application/pdf
https://spirez.org/kepirla/44/20-21.pdf,https://spirez.org/kepirla/kla44.html,20-21_a1f75b50.pdf,324512,application/pdf
https://spirez.org/kepirla/1/8-9.pdf,https://spirez.org/kepirla/kla1.html,8-9_d66b73d9.pdf,743121,application/pdf
https://spirez.org/kepirla/1/10-11.pdf,https://spirez.org/kepirla/kla1.html,10-11_b0ed3dc4.pdf,494555,application/pdf
https://spirez.org/kepirla/1/12-13.pdf,https://spirez.org/kepirla/kla1.html,12-13_08b0d696.pdf,350029,application/pdf
https://spirez.org/kepirla/1/4-7.pdf,https://spirez.org/kepirla/kla1.html,4-7_ebe51f42.pdf,1351931,application/pdf
https://spirez.org/kepirla/1/14-15.pdf,https://spirez.org/kepirla/kla1.html,14-15_4314360e.pdf,396655,application/pdf
https://spirez.org/kepirla/1/18.pdf,https://spirez.org/kepirla/kla1.html,18_c5382d24.pdf,197396,application/pdf
https://spirez.org/kepirla/1/3.pdf,https://spirez.org/kepirla/kla1.html,3_e4975e65.pdf,162234,application/pdf
https://spirez.org/kepirso/1/9.pdf,https://spirez.org/kepirso/s1.html,9_6c5c6823.pdf,230789,application/pdf
https://spirez.org/kepirla/1/16-17.pdf,https://spirez.org/kepirla/kla1.html,16-17_1f84e815.pdf,346361,application/pdf
https://spirez.org/kepirso/1/2.pdf,https://spirez.org/kepirso/s1.html,2_ee71307c.pdf,281734,application/pdf
https://spirez.org/kepirso/1/11.pdf,https://spirez.org/kepirso/s1.html,11_ab20f1e3.pdf,252481,application/pdf
https://spirez.org/kepirso/1/23.pdf,https://spirez.org/kepirso/s1.html,23_aba4d90e.pdf,227445,application/pdf
https://spirez.org/kepirso/1/20-22.pdf,https://spirez.org/kepirso/s1.html,20-22_a6ebd21b.pdf,649159,application/pdf
https://spirez.org/kepirso/1/10.pdf,https://spirez.org/kepirso/s1.html,10_6e97976b.pdf,219463,application/pdf
https://spirez.org/kepirso/1/15.pdf,https://spirez.org/kepirso/s1.html,15_48d20eb0.pdf,230528,application/pdf
https://spirez.org/kepirso/1/12-13.pdf,https://spirez.org/kepirso/s1.html,12-13_66c6a6fd.pdf,361300,application/pdf
https://spirez.org/kepirso/1/17.pdf,https://spirez.org/kepirso/s1.html,17_0fe5a19d.pdf,253358,application/pdf
https://spirez.org/kepirso/1/6-8.pdf,https://spirez.org/kepirso/s1.html,6-8_3634c0ef.pdf,768065,application/pdf
https://spirez.org/kepirso/1/14.pdf,https://spirez.org/kepirso/s1.html,14_e8b8f526.pdf,240005,application/pdf
https://spirez.org/kepirso/1/16.pdf,https://spirez.org/kepirso/s1.html,16_f842bd10.pdf,213733,application/pdf
https://spirez.org/kepirso/1/3.pdf,https://spirez.org/kepirso/s1.html,3_55f3da93.pdf,348285,application/pdf
https://spirez.org/kepirso/1/4-5.pdf,https://spirez.org/kepirso/s1.html,4-5_c3e6d86f.pdf,320366,application/pdf
https://spirez.org/kepirso/3/16.pdf,https://spirez.org/kepirso/s3.html,16_9d1647d5.pdf,201069,application/pdf
https://spirez.org/kepirso/1/18-19.pdf,https://spirez.org/kepirso/s1.html,18-19_ffa27904.pdf,418080,application/pdf
https://spirez.org/kepirso/3/11.pdf,https://spirez.org/kepirso/s3.html,11_1ffe6fc4.pdf,251627,application/pdf
https://spirez.org/kepirso/3/23.pdf,https://spirez.org/kepirso/s3.html,23_98c48e68.pdf,231544,application/pdf
https://spirez.org/kepirso/3/3.pdf,https://spirez.org/kepirso/s3.html,3_1dc215e4.pdf,345394,application/pdf
https://spirez.org/kepirso/3/10.pdf,https://spirez.org/kepirso/s3.html,10_98a8b0a1.pdf,216097,application/pdf
https://spirez.org/kepirso/3/9.pdf,https://spirez.org/kepirso/s3.html,9_4cd39760.pdf,209901,application/pdf
https://spirez.org/kepirso/3/15.pdf,https://spirez.org/kepirso/s3.html,15_83ed41a5.pdf,219691,application/pdf
https://spirez.org/kepirso/3/14.pdf,https://spirez.org/kepirso/s3.html,14_fb688183.pdf,253794,application/pdf
https://spirez.org/kepirso/3/4-5.pdf,https://spirez.org/kepirso/s3.html,4-5_fe8d1271.pdf,420361,application/pdf
https://spirez.org/kepirso/3/6-8.pdf,https://spirez.org/kepirso/s3.html,6-8_e56ea068.pdf,862645,application/pdf
https://spirez.org/kepirso/3/18-19.pdf,https://spirez.org/kepirso/s3.html,18-19_7d3f4d2e.pdf,423501,application/pdf
https://spirez.org/kepirso/3/2.pdf,https://spirez.org/kepirso/s3.html,2_04a77b23.pdf,281754,application/pdf
https://spirez.org/kepirso/3/12-13.pdf,https://spirez.org/kepirso/s3.html,12-13_0fb122cb.pdf,319539,application/pdf
https://spirez.org/kepirso/3/20-22.pdf,https://spirez.org/kepirso/s3.html,20-22_cb0d1aa3.pdf,530972,application/pdf
https://spirez.org/kepirso/6/2.pdf,https://spirez.org/kepirso/s6.html,2_b49ac47d.pdf,276681,application/pdf
https://spirez.org/kepirso/3/17.pdf,https://spirez.org/kepirso/s3.html,17_d9502158.pdf,256604,application/pdf
https://spirez.org/kepirso/6/16-17.pdf,https://spirez.org/kepirso/s6.html,16-17_b6dc9659.pdf,494487,application/pdf
https://spirez.org/kepirso/6/14-15.pdf,https://spirez.org/kepirso/s6.html,14-15_468ed551.pdf,468539,application/pdf
https://spirez.org/kepirso/6/19.pdf,https://spirez.org/kepirso/s6.html,19_ff30dbb3.pdf,263312,application/pdf
https://spirez.org/kepirso/6/12.pdf,https://spirez.org/kepirso/s6.html,12_d8bd0a03.pdf,260346,application/pdf
https://spirez.org/kepirso/6/13.pdf,https://spirez.org/kepirso/s6.html,13_56af59a7.pdf,230439,application/pdf
https://spirez.org/kepirso/6/10-11.pdf,https://spirez.org/kepirso/s6.html,10-11_0e5c891c.pdf,394134,application/pdf
https://spirez.org/kepirso/6/4-5.pdf,https://spirez.org/kepirso/s6.html,4-5_c994a92b.pdf,410499,application/pdf
https://spirez.org/kepirso/6/18.pdf,https://spirez.org/kepirso/s6.html,18_27a5065e.pdf,223404,application/pdf
https://spirez.org/kepirso/6/6-9.pdf,https://spirez.org/kepirso/s6.html,6-9_34a13abc.pdf,1099142,application/pdf
https://spirez.org/kepirso/2/23.pdf,https://spirez.org/kepirso/s2.html,23_9c8a3b78.pdf,239439,application/pdf
https://spirez.org/kepirso/6/3.pdf,https://spirez.org/kepirso/s6.html,3_254410cd.pdf,350535,application/pdf
https://spirez.org/kepirso/2/9.pdf,https://spirez.org/kepirso/s2.html,9_2a32b3a5.pdf,227822,application/pdf
https://spirez.org/kepirso/2/16.pdf,https://spirez.org/kepirso/s2.html,16_b907ce47.pdf,197682,application/pdf
https://spirez.org/kepirso/2/15.pdf,https://spirez.org/kepirso/s2.html,15_35b0ae33.pdf,224613,application/pdf
https://spirez.org/kepirso/2/2.pdf,https://spirez.org/kepirso/s2.html,2_af36b344.pdf,237132,application/pdf
https://spirez.org/kepirso/2/12-13.pdf,https://spirez.org/kepirso/s2.html,12-13_3341bae0.pdf,361693,application/pdf
https://spirez.org/kepirso/2/11.pdf,https://spirez.org/kepirso/s2.html,11_fc89dc12.pdf,237062,application/pdf
https://spirez.org/kepirso/2/17.pdf,https://spirez.org/kepirso/s2.html,17_1475fbcc.pdf,266235,application/pdf
https://spirez.org/kepirso/2/18-19.pdf,https://spirez.org/kepirso/s2.html,18-19_d4febcf7.pdf,445364,application/pdf
https://spirez.org/kepirso/2/3.pdf,https://spirez.org/kepirso/s2.html,3_046dcea2.pdf,379433,application/pdf
https://spirez.org/kepirso/2/20-22.pdf,https://spirez.org/kepirso/s2.html,20-22_c4fe69f6.pdf,652385,application/pdf
https://spirez.org/kepirso/2/10.pdf,https://spirez.org/kepirso/s2.html,10_295db8b5.pdf,222143,application/pdf
https://spirez.org/kepirso/2/14.pdf,https://spirez.org/kepirso/s2.html,14_b79588c6.pdf,208891,application/pdf
https://spirez.org/kepirso/2/4-5.pdf,https://spirez.org/kepirso/s2.html,4-5_eb7482f5.pdf,420027,application/pdf
https://spirez.org/kepirso/2/6-8.pdf,https://spirez.org/kepirso/s2.html,6-8_bae7e69c.pdf,737507,application/pdf
https://spirez.org/kepirso/5/17.pdf,https://spirez.org/kepirso/s5.html,17_61edb6c6.pdf,285060,application/pdf
https://spirez.org/kepirso/5/18-19.pdf,https://spirez.org/kepirso/s5.html,18-19_78986c4d.pdf,421188,application/pdf
https://spirez.org/kepirso/5/3.pdf,https://spirez.org/kepirso/s5.html,3_28c13959.pdf,372851,application/pdf
https://spirez.org/kepirso/5/6-9.pdf,https://spirez.org/kepirso/s5.html,6-9_b87a4c29.pdf,889195,application/pdf
https://spirez.org/kepirso/5/4-5.pdf,https://spirez.org/kepirso/s5.html,4-5_a7a97107.pdf,504355,application/pdf
https://spirez.org/kepirso/5/12-13.pdf,https://spirez.org/kepirso/s5.html,12-13_c8bcbdc9.pdf,370422,application/pdf
https://spirez.org/kepirso/5/14.pdf,https://spirez.org/kepirso/s5.html,14_d4ba711d.pdf,237207,application/pdf
https://spirez.org/kepirso/5/11.pdf,https://spirez.org/kepirso/s5.html,11_1eb00873.pdf,208342,application/pdf
https://spirez.org/kepirso/5/23.pdf,https://spirez.org/kepirso/s5.html,23_8f009207.pdf,277310,application/pdf
https://spirez.org/kepirso/5/2.pdf,https://spirez.org/kepirso/s5.html,2_4d1cb2ff.pdf,281574,application/pdf
https://spirez.org/kepirso/5/20-22.pdf,https://spirez.org/kepirso/s5.html,20-22_e44408f9.pdf,695653,application/pdf
https://spirez.org/kepirso/5/15.pdf,https://spirez.org/kepirso/s5.html,15_cecc4acf.pdf,248718,application/pdf
https://spirez.org/kepirso/5/10.pdf,https://spirez.org/kepirso/s5.html,10_dc681f62.pdf,218168,application/pdf
https://spirez.org/kepirso/5/16.pdf,https://spirez.org/kepirso/s5.html,16_605813f9.pdf,277262,application/pdf
https://spirez.org/kepirso/4/12-13.pdf,https://spirez.org/kepirso/s4.html,12-13_312e820a.pdf,430768,application/pdf
https://spirez.org/kepirso/4/20-22.pdf,https://spirez.org/kepirso/s4.html,20-22_6f558522.pdf,704527,application/pdf
https://spirez.org/kepirso/4/4-5.pdf,https://spirez.org/kepirso/s4.html,4-5_6eb5a980.pdf,345219,application/pdf
https://spirez.org/kepirso/4/9.pdf,https://spirez.org/kepirso/s4.html,9_7658d4f2.pdf,188094,application/pdf
https://spirez.org/kepirso/4/16-17.pdf,https://spirez.org/kepirso/s4.html,16-17_af30a9e5.pdf,372773,application/pdf
https://spirez.org/kepirso/4/23.pdf,https://spirez.org/kepirso/s4.html,23_0e974799.pdf,226773,application/pdf
https://spirez.org/kepirso/4/10.pdf,https://spirez.org/kepirso/s4.html,10_eeea3f0b.pdf,214442,application/pdf
https://spirez.org/kepirso/4/15.pdf,https://spirez.org/kepirso/s4.html,15_c6e5a21a.pdf,218828,application/pdf
https://spirez.org/kepirso/4/14.pdf,https://spirez.org/kepirso/s4.html,14_b0e5de73.pdf,191935,application/pdf
https://spirez.org/kepirso/4/6-8.pdf,https://spirez.org/kepirso/s4.html,6-8_0089432a.pdf,646768,application/pdf
https://spirez.org/kepirso/4/18.pdf,https://spirez.org/kepirso/s4.html,18_435df31e.pdf,205854,application/pdf
https://spirez.org/kepirso/4/19.pdf,https://spirez.org/kepirso/s4.html,19_1eec36ba.pdf,243894,application/pdf
https://spirez.org/kepirso/4/3.pdf,https://spirez.org/kepirso/s4.html,3_7e6f5b99.pdf,373585,application/pdf
https://spirez.org/kepirso/4/2.pdf,https://spirez.org/kepirso/s4.html,2_8018ef3d.pdf,275984,application/pdf
https://spirez.org/kepirb/60/12-13.pdf,https://spirez.org/kepirb/k60.html,12-13_574ab1b5.pdf,107851,application/pdf
https://spirez.org/kepirso/4/11.pdf,https://spirez.org/kepirso/s4.html,11_01f8d6f6.pdf,189252,application/pdf
https://spirez.org/kepirb/60/4-5.pdf,https://spirez.org/kepirb/k60.html,4-5_64f3b1a9.pdf,101261,application/pdf
https://spirez.org/kepirb/60/14-15.pdf,https://spirez.org/kepirb/k60.html,14-15_0e7d232b.pdf,99728,application/pdf
https://spirez.org/kepirb/60/22-23.pdf,https://spirez.org/kepirb/k60.html,22-23_11b88315.pdf,86372,application/pdf
https://spirez.org/kepirb/60/30-31.pdf,https://spirez.org/kepirb/k60.html,30-31_f667152d.pdf,101435,application/pdf
https://spirez.org/kepirb/60/3.pdf,https://spirez.org/kepirb/k60.html,3_3589994d.pdf,176918,application/pdf
https://spirez.org/kepirb/60/2.pdf,https://spirez.org/kepirb/k60.html,2_6be7abf4.pdf,240736,application/pdf
https://spirez.org/kepirb/60/10-11.pdf,https://spirez.org/kepirb/k60.html,10-11_8d430bb0.pdf,118242,application/pdf
https://spirez.org/kepirb/60/42-43.pdf,https://spirez.org/kepirb/k60.html,42-43_b9243bdf.pdf,85241,application/pdf
https://spirez.org/kepirb/60/25.pdf,https://spirez.org/kepirb/k60.html,25_0e437713.pdf,149080,application/pdf
https://spirez.org/kepirb/60/24.pdf,https://spirez.org/kepirb/k60.html,24_dd038b04.pdf,160645,application/pdf
https://spirez.org/kepirb/60/6-9.pdf,https://spirez.org/kepirb/k60.html,6-9_dfb3e993.pdf,232822,application/pdf
https://spirez.org/kepirb/60/40-41.pdf,https://spirez.org/kepirb/k60.html,40-41_496563a5.pdf,117175,application/pdf
https://spirez.org/kepirb/60/51.pdf,https://spirez.org/kepirb/k60.html,51_5e531ec0.pdf,245799,application/pdf
https://spirez.org/kepirb/60/50.pdf,https://spirez.org/kepirb/k60.html,50_73886265.pdf,173055,application/pdf
https://spirez.org/kepirb/60/48-49.pdf,https://spirez.org/kepirb/k60.html,48-49_b05a3cb5.pdf,103381,application/pdf
https://spirez.org/kepirb/60/20-21.pdf,https://spirez.org/kepirb/k60.html,20-21_a913dca1.pdf,92269,application/pdf
https://spirez.org/kepirb/60/36-37.pdf,https://spirez.org/kepirb/k60.html,36-37_653bde88.pdf,116110,application/pdf
https://spirez.org/kepirb/60/18-19.pdf,https://spirez.org/kepirb/k60.html,18-19_626a5861.pdf,112898,application/pdf
https://spirez.org/kepirb/60/28-29.pdf,https://spirez.org/kepirb/k60.html,28-29_308c6db5.pdf,112923,application/pdf
https://spirez.org/kepirb/60/44-47.pdf,https://spirez.org/kepirb/k60.html,44-47_6ed4ef3b.pdf,199713,application/pdf
https://spirez.org/kepirb/60/34-35.pdf,https://spirez.org/kepirb/k60.html,34-35_4a1abcc7.pdf,84852,application/pdf
https://spirez.org/kepirb/60/16-17.pdf,https://spirez.org/kepirb/k60.html,16-17_d426dca3.pdf,117479,application/pdf
https://spirez.org/kepirb/60/26-27.pdf,https://spirez.org/kepirb/k60.html,26-27_2d9cb7c8.pdf,117290,application/pdf
https://spirez.org/kepirb/60/32-33.pdf,https://spirez.org/kepirb/k60.html,32-33_a29e60c7.pdf,110154,application/pdf
https://spirez.org/kepirb/60/38-39.pdf,https://spirez.org/kepirb/k60.html,38-39_a9f79b57.pdf,117732,application/pdf
https://spirez.org/kepirb/13/16.pdf,https://spirez.org/kepirb/k13.html,16_467ac005.pdf,208492,application/pdf
https://spirez.org/kepirb/13/2.pdf,https://spirez.org/kepirb/k13.html,2_cd13cbfc.pdf,304371,application/pdf
https://spirez.org/kepirb/13/19.pdf,https://spirez.org/kepirb/k13.html,19_3e35b5b0.pdf,259797,application/pdf
https://spirez.org/kepirb/13/13.pdf,https://spirez.org/kepirb/k13.html,13_46564254.pdf,171315,application/pdf
https://spirez.org/kepirb/13/18.pdf,https://spirez.org/kepirb/k13.html,18_a9b7a6ef.pdf,202258,application/pdf
https://spirez.org/kepirb/13/6-9.pdf,https://spirez.org/kepirb/k13.html,6-9_01fe569c.pdf,970097,application/pdf
https://spirez.org/kepirb/13/4-5.pdf,https://spirez.org/kepirb/k13.html,4-5_4a30a40e.pdf,508610,application/pdf
https://spirez.org/kepirb/13/27.pdf,https://spirez.org/kepirb/k13.html,27_7ba03fd7.pdf,240401,application/pdf
https://spirez.org/kepirb/13/14-15.pdf,https://spirez.org/kepirb/k13.html,14-15_85dc193a.pdf,422515,application/pdf
https://spirez.org/kepirb/13/24-26.pdf,https://spirez.org/kepirb/k13.html,24-26_5b3849cb.pdf,725675,application/pdf
https://spirez.org/kepirb/13/22-23.pdf,https://spirez.org/kepirb/k13.html,22-23_a7de34b2.pdf,416826,application/pdf
https://spirez.org/kepirb/13/12.pdf,https://spirez.org/kepirb/k13.html,12_c6ffc5b9.pdf,244710,application/pdf
https://spirez.org/kepirb/13/20-21.pdf,https://spirez.org/kepirb/k13.html,20-21_a5912931.pdf,496464,application/pdf
https://spirez.org/kepirb/13/11.pdf,https://spirez.org/kepirb/k13.html,11_51199299.pdf,216433,application/pdf
https://spirez.org/kepirb/13/17.pdf,https://spirez.org/kepirb/k13.html,17_fbd137e7.pdf,223470,application/pdf
https://spirez.org/kepirb/13/3.pdf,https://spirez.org/kepirb/k13.html,3_4540ba33.pdf,350895,application/pdf
https://spirez.org/kepirb/13/10.pdf,https://spirez.org/kepirb/k13.html,10_bfba6dd8.pdf,218077,application/pdf
https://spirez.org/kepirb/54/26-27.pdf,https://spirez.org/kepirb/k54.html,26-27_4961591b.pdf,331653,application/pdf
https://spirez.org/kepirb/54/32-33.pdf,https://spirez.org/kepirb/k54.html,32-33_e19b1efa.pdf,223344,application/pdf
https://spirez.org/kepirb/54/4-5.pdf,https://spirez.org/kepirb/k54.html,4-5_6958a07c.pdf,264854,application/pdf
https://spirez.org/kepirb/54/38-39.pdf,https://spirez.org/kepirb/k54.html,38-39_96d785eb.pdf,294690,application/pdf
https://spirez.org/kepirb/54/3.pdf,https://spirez.org/kepirb/k54.html,3_575ff6c6.pdf,129769,application/pdf
https://spirez.org/kepirb/54/42.pdf,https://spirez.org/kepirb/k54.html,42_fec5b563.pdf,132761,application/pdf
https://spirez.org/kepirb/54/30-31.pdf,https://spirez.org/kepirb/k54.html,30-31_3a1b588a.pdf,291553,application/pdf
https://spirez.org/kepirb/54/21.pdf,https://spirez.org/kepirb/k54.html,21_40224e14.pdf,135506,application/pdf
https://spirez.org/kepirb/54/10-11.pdf,https://spirez.org/kepirb/k54.html,10-11_3880283e.pdf,366950,application/pdf
https://spirez.org/kepirb/54/12-13.pdf,https://spirez.org/kepirb/k54.html,12-13_977901c1.pdf,223951,application/pdf
https://spirez.org/kepirb/54/18-19.pdf,https://spirez.org/kepirb/k54.html,18-19_82c66239.pdf,291799,application/pdf
https://spirez.org/kepirb/54/14-15.pdf,https://spirez.org/kepirb/k54.html,14-15_6b44d527.pdf,291543,application/pdf
https://spirez.org/kepirb/54/22-23.pdf,https://spirez.org/kepirb/k54.html,22-23_d733a92b.pdf,336402,application/pdf
https://spirez.org/kepirb/54/28-29.pdf,https://spirez.org/kepirb/k54.html,28-29_2a0e6354.pdf,273401,application/pdf
https://spirez.org/kepirb/54/20.pdf,https://spirez.org/kepirb/k54.html,20_b604e4e0.pdf,129318,application/pdf
https://spirez.org/kepirb/54/6-9.pdf,https://spirez.org/kepirb/k54.html,6-9_df403faf.pdf,528623,application/pdf
https://spirez.org/kepirb/54/24-25.pdf,https://spirez.org/kepirb/k54.html,24-25_b033cd47.pdf,301404,application/pdf
https://spirez.org/kepirb/54/34-37.pdf,https://spirez.org/kepirb/k54.html,34-37_54ab6c42.pdf,556786,application/pdf
https://spirez.org/kepirb/54/40-41.pdf,https://spirez.org/kepirb/k54.html,40-41_7e89d90d.pdf,236041,application/pdf
https://spirez.org/kepirb/54/2.pdf,https://spirez.org/kepirb/k54.html,2_aa4d732e.pdf,181494,application/pdf
https://spirez.org/kepirb/54/16-17.pdf,https://spirez.org/kepirb/k54.html,16-17_2722acb5.pdf,284823,application/pdf
https://spirez.org/kepirb/54/43.pdf,https://spirez.org/kepirb/k54.html,43_0ae99b44.pdf,180875,application/pdf
https://spirez.org/kepirb/1/7.pdf,https://spirez.org/kepirb/k1.html,7_3c0ff385.pdf,107314,application/pdf
https://spirez.org/kepirb/1/4.pdf,https://spirez.org/kepirb/k1.html,4_d9205947.pdf,100327,application/pdf
https://spirez.org/kepirb/1/10-11.pdf,https://spirez.org/kepirb/k1.html,10-11_5a4518cd.pdf,232353,application/pdf
https://spirez.org/kepirb/1/3.pdf,https://spirez.org/kepirb/k1.html,3_ac91c2c0.pdf,1983524,application/pdf
https://spirez.org/kepirb/1/2.pdf,https://spirez.org/kepirb/k1.html,2_4add4285.pdf,144169,application/pdf
https://spirez.org/kepirb/1/12.pdf,https://spirez.org/kepirb/k1.html,12_c4fc8a55.pdf,122835,application/pdf
https://spirez.org/kepirb/1/14-15.pdf,https://spirez.org/kepirb/k1.html,14-15_4fee1676.pdf,221283,application/pdf
https://spirez.org/kepirb/1/9.pdf,https://spirez.org/kepirb/k1.html,9_bf9ce5de.pdf,149126,application/pdf
https://spirez.org/kepirb/1/19.pdf,https://spirez.org/kepirb/k1.html,19_bb85ce05.pdf,148733,application/pdf
https://spirez.org/kepirb/1/6.pdf,https://spirez.org/kepirb/k1.html,6_4966461b.pdf,124910,application/pdf
https://spirez.org/kepirb/1/16-18.pdf,https://spirez.org/kepirb/k1.html,16-18_19661590.pdf,326407,application/pdf
https://spirez.org/kepirb/1/5.pdf,https://spirez.org/kepirb/k1.html,5_ac724f5f.pdf,66463,application/pdf
https://spirez.org/kepirb/1/8.pdf,https://spirez.org/kepirb/k1.html,8_473d6a44.pdf,120607,application/pdf
https://spirez.org/kepirb/1/13.pdf,https://spirez.org/kepirb/k1.html,13_4d6ced07.pdf,115536,application/pdf
https://spirez.org/kepirb/30/17.pdf,https://spirez.org/kepirb/k30.html,17_e4bd9281.pdf,149786,application/pdf
https://spirez.org/kepirb/30/2.pdf,https://spirez.org/kepirb/k30.html,2_36b2d436.pdf,189377,application/pdf
https://spirez.org/kepirb/30/26.pdf,https://spirez.org/kepirb/k30.html,26_7abde151.pdf,133989,application/pdf
https://spirez.org/kepirb/30/24-25.pdf,https://spirez.org/kepirb/k30.html,24-25_843864e0.pdf,266108,application/pdf
https://spirez.org/kepirb/30/19.pdf,https://spirez.org/kepirb/k30.html,19_7fc04604.pdf,143957,application/pdf
https://spirez.org/kepirb/30/27.pdf,https://spirez.org/kepirb/k30.html,27_9b994e0e.pdf,142509,application/pdf
https://spirez.org/kepirb/30/6-9.pdf,https://spirez.org/kepirb/k30.html,6-9_92dbeab8.pdf,704624,application/pdf
https://spirez.org/kepirb/30/18.pdf,https://spirez.org/kepirb/k30.html,18_1f027859.pdf,120769,application/pdf
https://spirez.org/kepirb/30/11.pdf,https://spirez.org/kepirb/k30.html,11_47aa4864.pdf,171986,application/pdf
https://spirez.org/kepirb/30/12.pdf,https://spirez.org/kepirb/k30.html,12_851c5a51.pdf,143841,application/pdf
https://spirez.org/kepirb/30/22-23.pdf,https://spirez.org/kepirb/k30.html,22-23_6c5174a5.pdf,260670,application/pdf
https://spirez.org/kepirb/30/14-15.pdf,https://spirez.org/kepirb/k30.html,14-15_a77164ee.pdf,289714,application/pdf
https://spirez.org/kepirb/30/10.pdf,https://spirez.org/kepirb/k30.html,10_164d2d5d.pdf,160622,application/pdf
https://spirez.org/kepirb/30/20-21.pdf,https://spirez.org/kepirb/k30.html,20-21_2635e2cd.pdf,374267,application/pdf
https://spirez.org/kepirb/30/3.pdf,https://spirez.org/kepirb/k30.html,3_aaeb72ce.pdf,225323,application/pdf
https://spirez.org/kepirb/30/16.pdf,https://spirez.org/kepirb/k30.html,16_0acfb8b8.pdf,130212,application/pdf
https://spirez.org/kepirb/30/4-5.pdf,https://spirez.org/kepirb/k30.html,4-5_c17e2ee7.pdf,267223,application/pdf
https://spirez.org/kepirb/30/13.pdf,https://spirez.org/kepirb/k30.html,13_bfeb89b0.pdf,137927,application/pdf
https://spirez.org/kepirb/17/18.pdf,https://spirez.org/kepirb/k17.html,18_bab4d713.pdf,190737,application/pdf
https://spirez.org/kepirb/17/19.pdf,https://spirez.org/kepirb/k17.html,19_fad4c9a5.pdf,228117,application/pdf
https://spirez.org/kepirb/17/3.pdf,https://spirez.org/kepirb/k17.html,3_6280b931.pdf,374347,application/pdf
https://spirez.org/kepirb/17/6-9.pdf,https://spirez.org/kepirb/k17.html,6-9_1b9aeab0.pdf,783820,application/pdf
https://spirez.org/kepirb/17/27.pdf,https://spirez.org/kepirb/k17.html,27_56bff9f9.pdf,222528,application/pdf
https://spirez.org/kepirb/17/10.pdf,https://spirez.org/kepirb/k17.html,10_f362434c.pdf,226589,application/pdf
https://spirez.org/kepirb/17/4-5.pdf,https://spirez.org/kepirb/k17.html,4-5_148cc898.pdf,357638,application/pdf
https://spirez.org/kepirb/17/11.pdf,https://spirez.org/kepirb/k17.html,11_e9352bdc.pdf,222041,application/pdf
https://spirez.org/kepirb/17/13.pdf,https://spirez.org/kepirb/k17.html,13_c69054a9.pdf,206812,application/pdf
https://spirez.org/kepirb/17/12.pdf,https://spirez.org/kepirb/k17.html,12_5358eaaf.pdf,207830,application/pdf
https://spirez.org/kepirb/17/16.pdf,https://spirez.org/kepirb/k17.html,16_399cee00.pdf,207992,application/pdf
https://spirez.org/kepirb/17/22-23.pdf,https://spirez.org/kepirb/k17.html,22-23_3cb102f0.pdf,372446,application/pdf
https://spirez.org/kepirb/17/17.pdf,https://spirez.org/kepirb/k17.html,17_d91283be.pdf,201954,application/pdf
https://spirez.org/kepirb/17/14-15.pdf,https://spirez.org/kepirb/k17.html,14-15_0e271e39.pdf,359129,application/pdf
https://spirez.org/kepirb/17/2.pdf,https://spirez.org/kepirb/k17.html,2_a28d6993.pdf,242405,application/pdf
https://spirez.org/kepirb/42/13.pdf,https://spirez.org/kepirb/k42.html,13_66131d6b.pdf,130935,application/pdf
https://spirez.org/kepirb/42/27.pdf,https://spirez.org/kepirb/k42.html,27_bd827199.pdf,179738,application/pdf
https://spirez.org/kepirb/17/20-21.pdf,https://spirez.org/kepirb/k17.html,20-21_91619222.pdf,3096253,application/pdf
https://spirez.org/kepirb/17/24-26.pdf,https://spirez.org/kepirb/k17.html,24-26_3dd34ce5.pdf,597735,application/pdf
https://spirez.org/kepirb/42/2.pdf,https://spirez.org/kepirb/k42.html,2_d9cd5b93.pdf,207869,application/pdf
https://spirez.org/kepirb/42/16.pdf,https://spirez.org/kepirb/k42.html,16_fc0b39d5.pdf,80419,application/pdf
https://spirez.org/kepirb/42/18-19.pdf,https://spirez.org/kepirb/k42.html,18-19_0b960674.pdf,253842,application/pdf
https://spirez.org/kepirb/42/14-15.pdf,https://spirez.org/kepirb/k42.html,14-15_1531d0fd.pdf,267526,application/pdf
https://spirez.org/kepirb/42/22-23.pdf,https://spirez.org/kepirb/k42.html,22-23_779d6bac.pdf,289320,application/pdf
https://spirez.org/kepirb/42/12.pdf,https://spirez.org/kepirb/k42.html,12_3f14d4ae.pdf,92760,application/pdf
https://spirez.org/kepirb/42/3.pdf,https://spirez.org/kepirb/k42.html,3_03b7d934.pdf,208519,application/pdf
https://spirez.org/kepirb/42/21.pdf,https://spirez.org/kepirb/k42.html,21_a3215cbe.pdf,150965,application/pdf
https://spirez.org/kepirb/42/26.pdf,https://spirez.org/kepirb/k42.html,26_84ed6053.pdf,130660,application/pdf
https://spirez.org/kepirb/42/24-25.pdf,https://spirez.org/kepirb/k42.html,24-25_67758820.pdf,236944,application/pdf
https://spirez.org/kepirb/42/17.pdf,https://spirez.org/kepirb/k42.html,17_22de21c0.pdf,161791,application/pdf
https://spirez.org/kepirb/42/4-5.pdf,https://spirez.org/kepirb/k42.html,4-5_4848045c.pdf,258274,application/pdf
https://spirez.org/kepirb/42/10.pdf,https://spirez.org/kepirb/k42.html,10_7bc7d1f5.pdf,161364,application/pdf
https://spirez.org/kepirb/42/6-9.pdf,https://spirez.org/kepirb/k42.html,6-9_7280d63a.pdf,723733,application/pdf
https://spirez.org/kepirb/29/16.pdf,https://spirez.org/kepirb/k29.html,16_b13bbddb.pdf,128861,application/pdf
https://spirez.org/kepirb/42/11.pdf,https://spirez.org/kepirb/k42.html,11_63ad3878.pdf,177254,application/pdf
https://spirez.org/kepirb/29/26.pdf,https://spirez.org/kepirb/k29.html,26_8afdc9d0.pdf,120387,application/pdf
https://spirez.org/kepirb/29/22-23.pdf,https://spirez.org/kepirb/k29.html,22-23_27fdfe75.pdf,281129,application/pdf
https://spirez.org/kepirb/29/4-5.pdf,https://spirez.org/kepirb/k29.html,4-5_75f09d4b.pdf,287911,application/pdf
https://spirez.org/kepirb/29/14-15.pdf,https://spirez.org/kepirb/k29.html,14-15_ca297a75.pdf,289608,application/pdf
https://spirez.org/kepirb/29/17.pdf,https://spirez.org/kepirb/k29.html,17_ff325a38.pdf,136707,application/pdf
https://spirez.org/kepirb/29/12.pdf,https://spirez.org/kepirb/k29.html,12_e78e0479.pdf,141069,application/pdf
https://spirez.org/kepirb/29/27.pdf,https://spirez.org/kepirb/k29.html,27_001bf658.pdf,141166,application/pdf
https://spirez.org/kepirb/29/6-9.pdf,https://spirez.org/kepirb/k29.html,6-9_202cb296.pdf,683593,application/pdf
https://spirez.org/kepirb/29/3.pdf,https://spirez.org/kepirb/k29.html,3_6894769c.pdf,218002,application/pdf
https://spirez.org/kepirb/29/18.pdf,https://spirez.org/kepirb/k29.html,18_1c20f12d.pdf,118441,application/pdf
https://spirez.org/kepirb/29/11.pdf,https://spirez.org/kepirb/k29.html,11_cbefc116.pdf,151298,application/pdf
https://spirez.org/kepirb/29/19.pdf,https://spirez.org/kepirb/k29.html,19_e3dcb608.pdf,143520,application/pdf
https://spirez.org/kepirb/29/24-25.pdf,https://spirez.org/kepirb/k29.html,24-25_109d081c.pdf,259587,application/pdf
https://spirez.org/kepirb/29/13.pdf,https://spirez.org/kepirb/k29.html,13_9f2c8473.pdf,128954,application/pdf
https://spirez.org/kepirb/29/10.pdf,https://spirez.org/kepirb/k29.html,10_f76128a9.pdf,148813,application/pdf
https://spirez.org/kepirb/29/2.pdf,https://spirez.org/kepirb/k29.html,2_93180b91.pdf,188768,application/pdf
https://spirez.org/kepirb/53/18-19.pdf,https://spirez.org/kepirb/k53.html,18-19_d1c3cf58.pdf,308895,application/pdf
https://spirez.org/kepirb/53/21.pdf,https://spirez.org/kepirb/k53.html,21_87e89b67.pdf,136254,application/pdf
https://spirez.org/kepirb/29/20-21.pdf,https://spirez.org/kepirb/k29.html,20-21_f7f3ef6b.pdf,319686,application/pdf
https://spirez.org/kepirb/53/43.pdf,https://spirez.org/kepirb/k53.html,43_584d44c1.pdf,182159,application/pdf
https://spirez.org/kepirb/53/12-13.pdf,https://spirez.org/kepirb/k53.html,12-13_70516faf.pdf,228446,application/pdf
https://spirez.org/kepirb/53/4-5.pdf,https://spirez.org/kepirb/k53.html,4-5_700749f9.pdf,129470,application/pdf
https://spirez.org/kepirb/53/38-39.pdf,https://spirez.org/kepirb/k53.html,38-39_479f077b.pdf,305640,application/pdf
https://spirez.org/kepirb/53/10-11.pdf,https://spirez.org/kepirb/k53.html,10-11_c0e53b41.pdf,367219,application/pdf
https://spirez.org/kepirb/53/42.pdf,https://spirez.org/kepirb/k53.html,42_762751f8.pdf,162166,application/pdf
https://spirez.org/kepirb/53/32-33.pdf,https://spirez.org/kepirb/k53.html,32-33_cfde247a.pdf,206825,application/pdf
https://spirez.org/kepirb/53/3.pdf,https://spirez.org/kepirb/k53.html,3_7a77a133.pdf,117568,application/pdf
https://spirez.org/kepirb/53/40-41.pdf,https://spirez.org/kepirb/k53.html,40-41_51e6dfc5.pdf,240607,application/pdf
https://spirez.org/kepirb/53/26-27.pdf,https://spirez.org/kepirb/k53.html,26-27_82f61763.pdf,364595,application/pdf
https://spirez.org/kepirb/53/20.pdf,https://spirez.org/kepirb/k53.html,20_2a85e572.pdf,136014,application/pdf
https://spirez.org/kepirb/53/14-15.pdf,https://spirez.org/kepirb/k53.html,14-15_83b00d2b.pdf,290388,application/pdf
https://spirez.org/kepirb/53/30-31.pdf,https://spirez.org/kepirb/k53.html,30-31_f547e7ef.pdf,272598,application/pdf
https://spirez.org/kepirb/53/16-17.pdf,https://spirez.org/kepirb/k53.html,16-17_35b24732.pdf,305689,application/pdf
https://spirez.org/kepirb/53/22-23.pdf,https://spirez.org/kepirb/k53.html,22-23_f70f2e53.pdf,297631,application/pdf
https://spirez.org/kepirb/53/24-25.pdf,https://spirez.org/kepirb/k53.html,24-25_d1793416.pdf,305483,application/pdf
https://spirez.org/kepirb/53/6-9.pdf,https://spirez.org/kepirb/k53.html,6-9_13f5cd8a.pdf,696729,application/pdf
https://spirez.org/kepirb/53/28-29.pdf,https://spirez.org/kepirb/k53.html,28-29_093bab6e.pdf,249408,application/pdf
https://spirez.org/kepirb/53/2.pdf,https://spirez.org/kepirb/k53.html,2_65dd50fd.pdf,174656,application/pdf
https://spirez.org/kepirb/53/34-37.pdf,https://spirez.org/kepirb/k53.html,34-37_6ee7f4d6.pdf,557850,application/pdf
https://spirez.org/kepirb/20/2.pdf,https://spirez.org/kepirb/k20.html,2_dde1d616.pdf,309106,application/pdf
https://spirez.org/kepirb/20/11.pdf,https://spirez.org/kepirb/k20.html,11_b9cba7db.pdf,212793,application/pdf
https://spirez.org/kepirb/20/3.pdf,https://spirez.org/kepirb/k20.html,3_ba527af9.pdf,348219,application/pdf
https://spirez.org/kepirb/20/19.pdf,https://spirez.org/kepirb/k20.html,19_5110ad66.pdf,205427,application/pdf
https://spirez.org/kepirb/20/20-21.pdf,https://spirez.org/kepirb/k20.html,20-21_8305b880.pdf,503160,application/pdf
https://spirez.org/kepirb/20/24-25.pdf,https://spirez.org/kepirb/k20.html,24-25_fefcb607.pdf,406784,application/pdf
https://spirez.org/kepirb/20/27.pdf,https://spirez.org/kepirb/k20.html,27_7dcedbc2.pdf,232260,application/pdf
https://spirez.org/kepirb/20/13.pdf,https://spirez.org/kepirb/k20.html,13_fd85a5f2.pdf,182921,application/pdf
https://spirez.org/kepirb/20/6-9.pdf,https://spirez.org/kepirb/k20.html,6-9_9b4d46cd.pdf,973877,application/pdf
https://spirez.org/kepirb/20/18.pdf,https://spirez.org/kepirb/k20.html,18_9a83b77f.pdf,196131,application/pdf
https://spirez.org/kepirb/20/17.pdf,https://spirez.org/kepirb/k20.html,17_a0cae780.pdf,212683,application/pdf
https://spirez.org/kepirb/20/16.pdf,https://spirez.org/kepirb/k20.html,16_4077bb29.pdf,206464,application/pdf
https://spirez.org/kepirb/20/4-5.pdf,https://spirez.org/kepirb/k20.html,4-5_295e225e.pdf,404627,application/pdf
https://spirez.org/kepirb/20/26.pdf,https://spirez.org/kepirb/k20.html,26_93f867e5.pdf,210784,application/pdf
https://spirez.org/kepirb/20/22-23.pdf,https://spirez.org/kepirb/k20.html,22-23_ad71a956.pdf,381442,application/pdf
https://spirez.org/kepirb/20/12.pdf,https://spirez.org/kepirb/k20.html,12_28dc2b8c.pdf,185224,application/pdf
https://spirez.org/kepirb/20/14-15.pdf,https://spirez.org/kepirb/k20.html,14-15_742fb67c.pdf,422589,application/pdf
https://spirez.org/kepirb/20/10.pdf,https://spirez.org/kepirb/k20.html,10_4223f385.pdf,234754,application/pdf
https://spirez.org/kepirb/28/3.pdf,https://spirez.org/kepirb/k28.html,3_581b3e85.pdf,212071,application/pdf
https://spirez.org/kepirb/28/27.pdf,https://spirez.org/kepirb/k28.html,27_35eed3d9.pdf,131712,application/pdf
https://spirez.org/kepirb/28/19.pdf,https://spirez.org/kepirb/k28.html,19_07c424ed.pdf,133540,application/pdf
https://spirez.org/kepirb/28/26.pdf,https://spirez.org/kepirb/k28.html,26_0b92a37e.pdf,118818,application/pdf
https://spirez.org/kepirb/28/14-15.pdf,https://spirez.org/kepirb/k28.html,14-15_d5c514be.pdf,260088,application/pdf
https://spirez.org/kepirb/28/17.pdf,https://spirez.org/kepirb/k28.html,17_bace492a.pdf,134575,application/pdf
https://spirez.org/kepirb/28/12.pdf,https://spirez.org/kepirb/k28.html,12_cd3b343c.pdf,122228,application/pdf
https://spirez.org/kepirb/28/20-21.pdf,https://spirez.org/kepirb/k28.html,20-21_f8dbc682.pdf,273825,application/pdf
https://spirez.org/kepirb/28/13.pdf,https://spirez.org/kepirb/k28.html,13_d961bb56.pdf,112874,application/pdf
https://spirez.org/kepirb/28/10.pdf,https://spirez.org/kepirb/k28.html,10_79debbe1.pdf,133411,application/pdf
https://spirez.org/kepirb/28/18.pdf,https://spirez.org/kepirb/k28.html,18_c66acc89.pdf,114384,application/pdf
https://spirez.org/kepirb/28/24-25.pdf,https://spirez.org/kepirb/k28.html,24-25_85091538.pdf,218306,application/pdf
https://spirez.org/kepirb/28/6-9.pdf,https://spirez.org/kepirb/k28.html,6-9_c3e344c6.pdf,523988,application/pdf
https://spirez.org/kepirb/28/4-5.pdf,https://spirez.org/kepirb/k28.html,4-5_31501e9a.pdf,234927,application/pdf
https://spirez.org/kepirb/28/22-23.pdf,https://spirez.org/kepirb/k28.html,22-23_c148d9c8.pdf,259812,application/pdf
https://spirez.org/kepirb/28/16.pdf,https://spirez.org/kepirb/k28.html,16_6f6faf28.pdf,124524,application/pdf
https://spirez.org/kepirb/28/11.pdf,https://spirez.org/kepirb/k28.html,11_c6cf740e.pdf,161089,application/pdf
https://spirez.org/kepirb/28/2.pdf,https://spirez.org/kepirb/k28.html,2_5d9ea543.pdf,180710,application/pdf
https://spirez.org/kepirb/56/14-15.pdf,https://spirez.org/kepirb/k56.html,14-15_b6da956f.pdf,289955,application/pdf
https://spirez.org/kepirb/56/12-13.pdf,https://spirez.org/kepirb/k56.html,12-13_28a72ded.pdf,224793,application/pdf
https://spirez.org/kepirb/56/3.pdf,https://spirez.org/kepirb/k56.html,3_f070c451.pdf,116949,application/pdf
https://spirez.org/kepirb/56/21.pdf,https://spirez.org/kepirb/k56.html,21_1224464a.pdf,133940,application/pdf
https://spirez.org/kepirb/56/10-11.pdf,https://spirez.org/kepirb/k56.html,10-11_2c67bfb4.pdf,378870,application/pdf
https://spirez.org/kepirb/56/32-33.pdf,https://spirez.org/kepirb/k56.html,32-33_4abc31fa.pdf,236081,application/pdf
https://spirez.org/kepirb/56/38-39.pdf,https://spirez.org/kepirb/k56.html,38-39_38a37483.pdf,312748,application/pdf
https://spirez.org/kepirb/56/20.pdf,https://spirez.org/kepirb/k56.html,20_6c3bdf01.pdf,136252,application/pdf
https://spirez.org/kepirb/56/28-29.pdf,https://spirez.org/kepirb/k56.html,28-29_44899ec8.pdf,313289,application/pdf
https://spirez.org/kepirb/56/30-31.pdf,https://spirez.org/kepirb/k56.html,30-31_e605212a.pdf,230539,application/pdf
https://spirez.org/kepirb/56/22-23.pdf,https://spirez.org/kepirb/k56.html,22-23_0abfa67f.pdf,225463,application/pdf
https://spirez.org/kepirb/56/43.pdf,https://spirez.org/kepirb/k56.html,43_de10735a.pdf,185881,application/pdf
https://spirez.org/kepirb/56/42.pdf,https://spirez.org/kepirb/k56.html,42_366a21b9.pdf,145501,application/pdf
https://spirez.org/kepirb/56/34-37.pdf,https://spirez.org/kepirb/k56.html,34-37_5e14800f.pdf,570029,application/pdf
https://spirez.org/kepirb/56/26-27.pdf,https://spirez.org/kepirb/k56.html,26-27_9c16b576.pdf,296469,application/pdf
https://spirez.org/kepirb/56/4-5.pdf,https://spirez.org/kepirb/k56.html,4-5_bb6a39f1.pdf,229847,application/pdf
https://spirez.org/kepirb/56/2.pdf,https://spirez.org/kepirb/k56.html,2_40887cf8.pdf,176558,application/pdf
https://spirez.org/kepirb/56/18-19.pdf,https://spirez.org/kepirb/k56.html,18-19_10d60ff9.pdf,292199,application/pdf
https://spirez.org/kepirb/56/16-17.pdf,https://spirez.org/kepirb/k56.html,16-17_6252aa4e.pdf,292918,application/pdf
https://spirez.org/kepirb/56/6-9.pdf,https://spirez.org/kepirb/k56.html,6-9_8f5b8414.pdf,694887,application/pdf
https://spirez.org/kepirb/56/40-41.pdf,https://spirez.org/kepirb/k56.html,40-41_4efa37a3.pdf,248504,application/pdf
https://spirez.org/kepirb/56/24-25.pdf,https://spirez.org/kepirb/k56.html,24-25_7c1b6fca.pdf,338615,application/pdf
https://spirez.org/kepirb/59/48-49.pdf,https://spirez.org/kepirb/k59.html,48-49_fff1cdc2.pdf,206868,application/pdf
https://spirez.org/kepirb/59/20-21.pdf,https://spirez.org/kepirb/k59.html,20-21_640fddef.pdf,205809,application/pdf
https://spirez.org/kepirb/59/34-35.pdf,https://spirez.org/kepirb/k59.html,34-35_add474b3.pdf,223000,application/pdf
https://spirez.org/kepirb/59/16-17.pdf,https://spirez.org/kepirb/k59.html,16-17_b21b96cb.pdf,260584,application/pdf
https://spirez.org/kepirb/59/10-11.pdf,https://spirez.org/kepirb/k59.html,10-11_c7442e65.pdf,390684,application/pdf
https://spirez.org/kepirb/59/2.pdf,https://spirez.org/kepirb/k59.html,2_7d5044e2.pdf,181111,application/pdf
https://spirez.org/kepirb/59/14-15.pdf,https://spirez.org/kepirb/k59.html,14-15_0801606f.pdf,285140,application/pdf
https://spirez.org/kepirb/59/26-27.pdf,https://spirez.org/kepirb/k59.html,26-27_afc72a30.pdf,331788,application/pdf
https://spirez.org/kepirb/59/30-31.pdf,https://spirez.org/kepirb/k59.html,30-31_572ddc6f.pdf,280348,application/pdf
https://spirez.org/kepirb/59/22-23.pdf,https://spirez.org/kepirb/k59.html,22-23_477b3707.pdf,232360,application/pdf
https://spirez.org/kepirb/59/36-37.pdf,https://spirez.org/kepirb/k59.html,36-37_5b987f0b.pdf,280556,application/pdf
https://spirez.org/kepirb/59/6-9.pdf,https://spirez.org/kepirb/k59.html,6-9_7d25a8be.pdf,578066,application/pdf
https://spirez.org/kepirb/59/51.pdf,https://spirez.org/kepirb/k59.html,51_635e6f2c.pdf,185998,application/pdf
https://spirez.org/kepirb/59/18-19.pdf,https://spirez.org/kepirb/k59.html,18-19_5bcf8cae.pdf,321387,application/pdf
https://spirez.org/kepirb/59/4-5.pdf,https://spirez.org/kepirb/k59.html,4-5_3a3fbca3.pdf,226471,application/pdf
https://spirez.org/kepirb/59/44-47.pdf,https://spirez.org/kepirb/k59.html,44-47_546f2405.pdf,460681,application/pdf
https://spirez.org/kepirb/59/24.pdf,https://spirez.org/kepirb/k59.html,24_b8e22a45.pdf,129946,application/pdf
https://spirez.org/kepirb/59/28-29.pdf,https://spirez.org/kepirb/k59.html,28-29_a823c92f.pdf,295312,application/pdf
https://spirez.org/kepirb/59/42-43.pdf,https://spirez.org/kepirb/k59.html,42-43_55d3dc52.pdf,182633,application/pdf
https://spirez.org/kepirb/59/25.pdf,https://spirez.org/kepirb/k59.html,25_f9343626.pdf,135293,application/pdf
https://spirez.org/kepirb/59/50.pdf,https://spirez.org/kepirb/k59.html,50_498c95ef.pdf,162780,application/pdf
https://spirez.org/kepirb/59/38-39.pdf,https://spirez.org/kepirb/k59.html,38-39_b9de2f2a.pdf,266537,application/pdf
https://spirez.org/kepirb/59/12-13.pdf,https://spirez.org/kepirb/k59.html,12-13_4da0f58f.pdf,222195,application/pdf
https://spirez.org/kepirb/59/3.pdf,https://spirez.org/kepirb/k59.html,3_403b0fb5.pdf,131491,application/pdf
https://spirez.org/kepirb/59/40-41.pdf,https://spirez.org/kepirb/k59.html,40-41_b8ba23ef.pdf,272837,application/pdf
https://spirez.org/kepirb/59/32-33.pdf,https://spirez.org/kepirb/k59.html,32-33_873f8ff7.pdf,265056,application/pdf
https://spirez.org/kepirb/32/20-21.pdf,https://spirez.org/kepirb/k32.html,20-21_b12a3184.pdf,336306,application/pdf
https://spirez.org/kepirb/32/22-23.pdf,https://spirez.org/kepirb/k32.html,22-23_ebf49b91.pdf,261520,application/pdf
https://spirez.org/kepirb/32/13.pdf,https://spirez.org/kepirb/k32.html,13_0d5444f3.pdf,115929,application/pdf
https://spirez.org/kepirb/32/26.pdf,https://spirez.org/kepirb/k32.html,26_254979ac.pdf,107093,application/pdf
https://spirez.org/kepirb/32/3.pdf,https://spirez.org/kepirb/k32.html,3_6a93ce36.pdf,191455,application/pdf
https://spirez.org/kepirb/32/14-15.pdf,https://spirez.org/kepirb/k32.html,14-15_13af16e0.pdf,253216,application/pdf
https://spirez.org/kepirb/32/6-9.pdf,https://spirez.org/kepirb/k32.html,6-9_920ab4ee.pdf,529135,application/pdf
https://spirez.org/kepirb/32/12.pdf,https://spirez.org/kepirb/k32.html,12_4b8660ef.pdf,119266,application/pdf
https://spirez.org/kepirb/32/19.pdf,https://spirez.org/kepirb/k32.html,19_375639a3.pdf,131521,application/pdf
https://spirez.org/kepirb/32/17.pdf,https://spirez.org/kepirb/k32.html,17_e1a61e59.pdf,143223,application/pdf
https://spirez.org/kepirb/32/24-25.pdf,https://spirez.org/kepirb/k32.html,24-25_f57f7bab.pdf,230319,application/pdf
https://spirez.org/kepirb/32/4-5.pdf,https://spirez.org/kepirb/k32.html,4-5_18a650a0.pdf,282555,application/pdf
https://spirez.org/kepirb/32/11.pdf,https://spirez.org/kepirb/k32.html,11_16f005cd.pdf,158829,application/pdf
https://spirez.org/kepirb/32/16.pdf,https://spirez.org/kepirb/k32.html,16_d699ca9d.pdf,99303,application/pdf
https://spirez.org/kepirb/32/18.pdf,https://spirez.org/kepirb/k32.html,18_4680bfe4.pdf,121361,application/pdf
https://spirez.org/kepirb/32/10.pdf,https://spirez.org/kepirb/k32.html,10_504c587f.pdf,166339,application/pdf
https://spirez.org/kepirb/32/27.pdf,https://spirez.org/kepirb/k32.html,27_72e5f1e1.pdf,135082,application/pdf
https://spirez.org/kepirb/32/2.pdf,https://spirez.org/kepirb/k32.html,2_cc1bd1a9.pdf,192150,application/pdf
https://spirez.org/kepirb/6/14.pdf,https://spirez.org/kepirb/k6.html,14_82842110.pdf,161809,application/pdf
https://spirez.org/kepirb/6/17.pdf,https://spirez.org/kepirb/k6.html,17_37bc00a2.pdf,130637,application/pdf
https://spirez.org/kepirb/6/2.pdf,https://spirez.org/kepirb/k6.html,2_c00eb0e0.pdf,169406,application/pdf
https://spirez.org/kepirb/6/12-13.pdf,https://spirez.org/kepirb/k6.html,12-13_722e3ab4.pdf,203538,application/pdf
https://spirez.org/kepirb/6/23.pdf,https://spirez.org/kepirb/k6.html,23_b0e0ee62.pdf,136170,application/pdf
https://spirez.org/kepirb/6/6-8.pdf,https://spirez.org/kepirb/k6.html,6-8_eab7c819.pdf,386242,application/pdf
https://spirez.org/kepirb/6/11.pdf,https://spirez.org/kepirb/k6.html,11_fd845452.pdf,146320,application/pdf
https://spirez.org/kepirb/6/3.pdf,https://spirez.org/kepirb/k6.html,3_c5cb9e28.pdf,193590,application/pdf
https://spirez.org/kepirb/6/10.pdf,https://spirez.org/kepirb/k6.html,10_f594b1c5.pdf,176288,application/pdf
https://spirez.org/kepirb/6/20-22.pdf,https://spirez.org/kepirb/k6.html,20-22_60144275.pdf,340929,application/pdf
https://spirez.org/kepirb/6/4-5.pdf,https://spirez.org/kepirb/k6.html,4-5_dc5287f9.pdf,207509,application/pdf
https://spirez.org/kepirb/6/9.pdf,https://spirez.org/kepirb/k6.html,9_21555795.pdf,98617,application/pdf
https://spirez.org/kepirb/6/18-19.pdf,https://spirez.org/kepirb/k6.html,18-19_b96e3d83.pdf,255517,application/pdf
https://spirez.org/kepirb/6/16.pdf,https://spirez.org/kepirb/k6.html,16_33a04b98.pdf,120656,application/pdf
https://spirez.org/kepirb/6/15.pdf,https://spirez.org/kepirb/k6.html,15_f0f96d70.pdf,132228,application/pdf
https://spirez.org/kepirb/35/10.pdf,https://spirez.org/kepirb/k35.html,10_442656ff.pdf,161042,application/pdf
https://spirez.org/kepirb/35/18.pdf,https://spirez.org/kepirb/k35.html,18_06d91a97.pdf,124040,application/pdf
https://spirez.org/kepirb/35/24-25.pdf,https://spirez.org/kepirb/k35.html,24-25_0c850ce5.pdf,257710,application/pdf
https://spirez.org/kepirb/35/17.pdf,https://spirez.org/kepirb/k35.html,17_a9364d61.pdf,147725,application/pdf
https://spirez.org/kepirb/35/14-15.pdf,https://spirez.org/kepirb/k35.html,14-15_f3c494bd.pdf,288475,application/pdf
https://spirez.org/kepirb/35/3.pdf,https://spirez.org/kepirb/k35.html,3_2936682f.pdf,216491,application/pdf
https://spirez.org/kepirb/35/4-5.pdf,https://spirez.org/kepirb/k35.html,4-5_11503298.pdf,259098,application/pdf
https://spirez.org/kepirb/35/13.pdf,https://spirez.org/kepirb/k35.html,13_3d8a4292.pdf,141738,application/pdf
https://spirez.org/kepirb/35/6-9.pdf,https://spirez.org/kepirb/k35.html,6-9_e9372756.pdf,588779,application/pdf
https://spirez.org/kepirb/35/16.pdf,https://spirez.org/kepirb/k35.html,16_b50c78cb.pdf,83215,application/pdf
https://spirez.org/kepirb/35/22-23.pdf,https://spirez.org/kepirb/k35.html,22-23_2de6d4b0.pdf,262552,application/pdf
https://spirez.org/kepirb/35/27.pdf,https://spirez.org/kepirb/k35.html,27_72a38d7a.pdf,145816,application/pdf
https://spirez.org/kepirb/35/20-21.pdf,https://spirez.org/kepirb/k35.html,20-21_1ad1c2e0.pdf,316130,application/pdf
https://spirez.org/kepirb/35/26.pdf,https://spirez.org/kepirb/k35.html,26_6b12b8f4.pdf,134982,application/pdf
https://spirez.org/kepirb/35/12.pdf,https://spirez.org/kepirb/k35.html,12_bf181474.pdf,91911,application/pdf
https://spirez.org/kepirb/35/19.pdf,https://spirez.org/kepirb/k35.html,19_54e0ce71.pdf,136417,application/pdf
https://spirez.org/kepirb/35/11.pdf,https://spirez.org/kepirb/k35.html,11_8554ebf9.pdf,177309,application/pdf
https://spirez.org/kepirb/35/2.pdf,https://spirez.org/kepirb/k35.html,2_7eac71cc.pdf,220304,application/pdf
https://spirez.org/kepirb/47/22-23.pdf,https://spirez.org/kepirb/k47.html,22-23_b4234401.pdf,270825,application/pdf
https://spirez.org/kepirb/47/43.pdf,https://spirez.org/kepirb/k47.html,43_143f1738.pdf,183940,application/pdf
https://spirez.org/kepirb/47/21.pdf,https://spirez.org/kepirb/k47.html,21_0cd08ef8.pdf,137465,application/pdf
https://spirez.org/kepirb/47/26-27.pdf,https://spirez.org/kepirb/k47.html,26-27_49eb2b96.pdf,243008,application/pdf
https://spirez.org/kepirb/47/32-33.pdf,https://spirez.org/kepirb/k47.html,32-33_7eee51a0.pdf,313635,application/pdf
https://spirez.org/kepirb/47/12-13.pdf,https://spirez.org/kepirb/k47.html,12-13_ed242f25.pdf,246075,application/pdf
https://spirez.org/kepirb/47/34-37.pdf,https://spirez.org/kepirb/k47.html,34-37_f8e881f7.pdf,588248,application/pdf
https://spirez.org/kepirb/47/3.pdf,https://spirez.org/kepirb/k47.html,3_bd134a60.pdf,132956,application/pdf
https://spirez.org/kepirb/47/10-11.pdf,https://spirez.org/kepirb/k47.html,10-11_3d5019b0.pdf,380713,application/pdf
https://spirez.org/kepirb/47/40-41.pdf,https://spirez.org/kepirb/k47.html,40-41_a4021447.pdf,214179,application/pdf
https://spirez.org/kepirb/47/2.pdf,https://spirez.org/kepirb/k47.html,2_e358b7c9.pdf,186288,application/pdf
https://spirez.org/kepirb/47/16-17.pdf,https://spirez.org/kepirb/k47.html,16-17_303b1267.pdf,314089,application/pdf
https://spirez.org/kepirb/47/6-9.pdf,https://spirez.org/kepirb/k47.html,6-9_4cad678e.pdf,666775,application/pdf
https://spirez.org/kepirb/47/14-15.pdf,https://spirez.org/kepirb/k47.html,14-15_36a6f152.pdf,261795,application/pdf
https://spirez.org/kepirb/47/4-5.pdf,https://spirez.org/kepirb/k47.html,4-5_4aec3998.pdf,276176,application/pdf
https://spirez.org/kepirb/47/20.pdf,https://spirez.org/kepirb/k47.html,20_2f1a871d.pdf,135251,application/pdf
https://spirez.org/kepirb/47/42.pdf,https://spirez.org/kepirb/k47.html,42_01594bf6.pdf,161801,application/pdf
https://spirez.org/kepirb/47/30-31.pdf,https://spirez.org/kepirb/k47.html,30-31_9ddcde44.pdf,242912,application/pdf
https://spirez.org/kepirb/47/18-19.pdf,https://spirez.org/kepirb/k47.html,18-19_ddaa864c.pdf,303774,application/pdf
https://spirez.org/kepirb/47/38-39.pdf,https://spirez.org/kepirb/k47.html,38-39_f958cc4c.pdf,284989,application/pdf
https://spirez.org/kepirb/47/28-29.pdf,https://spirez.org/kepirb/k47.html,28-29_e636758a.pdf,285877,application/pdf
https://spirez.org/kepirb/47/24-25.pdf,https://spirez.org/kepirb/k47.html,24-25_758861c2.pdf,365517,application/pdf
https://spirez.org/kepirb/48/3.pdf,https://spirez.org/kepirb/k48.html,3_80c6c4c7.pdf,115473,application/pdf
https://spirez.org/kepirb/48/40-41.pdf,https://spirez.org/kepirb/k48.html,40-41_69c65796.pdf,233602,application/pdf
https://spirez.org/kepirb/48/4-5.pdf,https://spirez.org/kepirb/k48.html,4-5_cfea38d9.pdf,293592,application/pdf
https://spirez.org/kepirb/48/43.pdf,https://spirez.org/kepirb/k48.html,43_cdd51d36.pdf,177000,application/pdf
https://spirez.org/kepirb/48/2.pdf,https://spirez.org/kepirb/k48.html,2_24320547.pdf,175843,application/pdf
https://spirez.org/kepirb/48/22-23.pdf,https://spirez.org/kepirb/k48.html,22-23_ce33b6a9.pdf,328367,application/pdf
https://spirez.org/kepirb/48/24-25.pdf,https://spirez.org/kepirb/k48.html,24-25_4485fea1.pdf,336154,application/pdf
https://spirez.org/kepirb/48/12-13.pdf,https://spirez.org/kepirb/k48.html,12-13_93d49e2a.pdf,202269,application/pdf
https://spirez.org/kepirb/48/32-33.pdf,https://spirez.org/kepirb/k48.html,32-33_72788823.pdf,222357,application/pdf
https://spirez.org/kepirb/48/14-15.pdf,https://spirez.org/kepirb/k48.html,14-15_d7a88d5a.pdf,295748,application/pdf
https://spirez.org/kepirb/48/42.pdf,https://spirez.org/kepirb/k48.html,42_efe815ed.pdf,157947,application/pdf
https://spirez.org/kepirb/48/38-39.pdf,https://spirez.org/kepirb/k48.html,38-39_395ca9c3.pdf,301262,application/pdf
https://spirez.org/kepirb/48/18-19.pdf,https://spirez.org/kepirb/k48.html,18-19_82ad9f8c.pdf,235518,application/pdf
https://spirez.org/kepirb/48/28-29.pdf,https://spirez.org/kepirb/k48.html,28-29_7b702380.pdf,305327,application/pdf
https://spirez.org/kepirb/48/30-31.pdf,https://spirez.org/kepirb/k48.html,30-31_2d7ef8d2.pdf,259624,application/pdf
https://spirez.org/kepirb/48/10-11.pdf,https://spirez.org/kepirb/k48.html,10-11_174656f0.pdf,389285,application/pdf
https://spirez.org/kepirb/48/6-9.pdf,https://spirez.org/kepirb/k48.html,6-9_0a4482c0.pdf,664956,application/pdf
https://spirez.org/kepirb/48/26-27.pdf,https://spirez.org/kepirb/k48.html,26-27_e1c7f9e0.pdf,264270,application/pdf
https://spirez.org/kepirb/48/34-37.pdf,https://spirez.org/kepirb/k48.html,34-37_97a0d7d2.pdf,554680,application/pdf
https://spirez.org/kepirb/48/20.pdf,https://spirez.org/kepirb/k48.html,20_e272fdd0.pdf,140918,application/pdf
https://spirez.org/kepirb/48/21.pdf,https://spirez.org/kepirb/k48.html,21_51874315.pdf,133910,application/pdf
https://spirez.org/kepirb/48/16-17.pdf,https://spirez.org/kepirb/k48.html,16-17_2ef8d22b.pdf,284641,application/pdf
https://spirez.org/kepirb/62/20-21.pdf,https://spirez.org/kepirb/k62.html,20-21_2914bcbf.pdf,289839,application/pdf
https://spirez.org/kepirb/62/22-23.pdf,https://spirez.org/kepirb/k62.html,22-23_ed9dd70a.pdf,229967,application/pdf
https://spirez.org/kepirb/62/12-13.pdf,https://spirez.org/kepirb/k62.html,12-13_fbfa36f5.pdf,304303,application/pdf
https://spirez.org/kepirb/62/42-43.pdf,https://spirez.org/kepirb/k62.html,42-43_25f601e2.pdf,198853,application/pdf
https://spirez.org/kepirb/62/8-11.pdf,https://spirez.org/kepirb/k62.html,8-11_e6ff9346.pdf,475087,application/pdf
https://spirez.org/kepirb/62/48-49.pdf,https://spirez.org/kepirb/k62.html,48-49_e7e4ada4.pdf,259292,application/pdf
https://spirez.org/kepirb/62/6-7.pdf,https://spirez.org/kepirb/k62.html,6-7_670747b9.pdf,273095,application/pdf
https://spirez.org/kepirb/62/5.pdf,https://spirez.org/kepirb/k62.html,5_5e786ead.pdf,96418,application/pdf
https://spirez.org/kepirb/62/16-17.pdf,https://spirez.org/kepirb/k62.html,16-17_cf490947.pdf,254430,application/pdf
https://spirez.org/kepirb/62/50.pdf,https://spirez.org/kepirb/k62.html,50_ebd6b3e3.pdf,146585,application/pdf
https://spirez.org/kepirb/61/40-41.pdf,https://spirez.org/kepirb/k62.html,40-41_21633ab6.pdf,248445,application/pdf
https://spirez.org/kepirb/62/45.pdf,https://spirez.org/kepirb/k62.html,45_25d97973.pdf,94384,application/pdf
https://spirez.org/kepirb/62/32-33.pdf,https://spirez.org/kepirb/k62.html,32-33_9253a860.pdf,256901,application/pdf
https://spirez.org/kepirb/62/24-25.pdf,https://spirez.org/kepirb/k62.html,24-25_6e363d66.pdf,228949,application/pdf
https://spirez.org/kepirb/62/46-47.pdf,https://spirez.org/kepirb/k62.html,46-47_cad41c0c.pdf,270075,application/pdf
https://spirez.org/kepirb/61/42-43.pdf,https://spirez.org/kepirb/k62.html,42-43_941779f0.pdf,193324,application/pdf
https://spirez.org/kepirb/62/30-31.pdf,https://spirez.org/kepirb/k62.html,30-31_6b3e291e.pdf,225191,application/pdf
https://spirez.org/kepirb/62/44.pdf,https://spirez.org/kepirb/k62.html,44_6a421e08.pdf,108988,application/pdf
https://spirez.org/kepirb/62/18-19.pdf,https://spirez.org/kepirb/k62.html,18-19_0364ea18.pdf,272025,application/pdf
https://spirez.org/kepirb/62/38-39.pdf,https://spirez.org/kepirb/k62.html,38-39_d7a63171.pdf,292858,application/pdf
https://spirez.org/kepirb/62/4.pdf,https://spirez.org/kepirb/k62.html,4_7245e124.pdf,114393,application/pdf
https://spirez.org/kepirb/62/36-37.pdf,https://spirez.org/kepirb/k62.html,36-37_8d0e4007.pdf,304037,application/pdf
https://spirez.org/kepirb/62/26-27.pdf,https://spirez.org/kepirb/k62.html,26-27_c884198f.pdf,260480,application/pdf
https://spirez.org/kepirb/62/28-29.pdf,https://spirez.org/kepirb/k62.html,28-29_4fe201f4.pdf,294234,application/pdf
https://spirez.org/kepirb/62/51.pdf,https://spirez.org/kepirb/k62.html,51_fb505b80.pdf,184615,application/pdf
https://spirez.org/kepirb/62/14-15.pdf,https://spirez.org/kepirb/k62.html,14-15_00115fac.pdf,225315,application/pdf
https://spirez.org/kepirb/62/34-35.pdf,https://spirez.org/kepirb/k62.html,34-35_d2bbaa63.pdf,221645,application/pdf
https://spirez.org/kepirb/62/2-3.pdf,https://spirez.org/kepirb/k62.html,2-3_5c3fa514.pdf,290809,application/pdf
https://spirez.org/kepirb/52/30-31.pdf,https://spirez.org/kepirb/k52.html,30-31_3a329245.pdf,300261,application/pdf
https://spirez.org/kepirb/52/14-15.pdf,https://spirez.org/kepirb/k52.html,14-15_02e4589d.pdf,282739,application/pdf
https://spirez.org/kepirb/52/2.pdf,https://spirez.org/kepirb/k52.html,2_8f477030.pdf,179977,application/pdf
https://spirez.org/kepirb/52/22-23.pdf,https://spirez.org/kepirb/k52.html,22-23_35bb6275.pdf,469476,application/pdf
https://spirez.org/kepirb/52/16-17.pdf,https://spirez.org/kepirb/k52.html,16-17_044e0c86.pdf,311797,application/pdf
https://spirez.org/kepirb/52/21.pdf,https://spirez.org/kepirb/k52.html,21_54e93e7a.pdf,134173,application/pdf
https://spirez.org/kepirb/52/4-5.pdf,https://spirez.org/kepirb/k52.html,4-5_870a4248.pdf,253533,application/pdf
https://spirez.org/kepirb/52/10-11.pdf,https://spirez.org/kepirb/k52.html,10-11_a09e9fe2.pdf,340116,application/pdf
https://spirez.org/kepirb/52/24-25.pdf,https://spirez.org/kepirb/k52.html,24-25_7fa32530.pdf,325694,application/pdf
https://spirez.org/kepirb/52/3.pdf,https://spirez.org/kepirb/k52.html,3_570833c0.pdf,132467,application/pdf
https://spirez.org/kepirb/52/40-41.pdf,https://spirez.org/kepirb/k52.html,40-41_32d28489.pdf,251368,application/pdf
https://spirez.org/kepirb/52/28-29.pdf,https://spirez.org/kepirb/k52.html,28-29_1e1d93f8.pdf,295022,application/pdf
https://spirez.org/kepirb/52/42.pdf,https://spirez.org/kepirb/k52.html,42_426ad50c.pdf,153033,application/pdf
https://spirez.org/kepirb/52/12-13.pdf,https://spirez.org/kepirb/k52.html,12-13_e7940233.pdf,229321,application/pdf
https://spirez.org/kepirb/52/32-33.pdf,https://spirez.org/kepirb/k52.html,32-33_de4a93e5.pdf,257810,application/pdf
https://spirez.org/kepirb/52/43.pdf,https://spirez.org/kepirb/k52.html,43_beb00584.pdf,184952,application/pdf
https://spirez.org/kepirb/52/26-27.pdf,https://spirez.org/kepirb/k52.html,26-27_64822741.pdf,273437,application/pdf
https://spirez.org/kepirb/52/6-9.pdf,https://spirez.org/kepirb/k52.html,6-9_b30dbb23.pdf,770888,application/pdf
https://spirez.org/kepirb/52/18-19.pdf,https://spirez.org/kepirb/k52.html,18-19_392808fd.pdf,282796,application/pdf
https://spirez.org/kepirb/52/34-37.pdf,https://spirez.org/kepirb/k52.html,34-37_b6bab27f.pdf,618547,application/pdf
https://spirez.org/kepirb/52/38-39.pdf,https://spirez.org/kepirb/k52.html,38-39_9c88791a.pdf,287726,application/pdf
https://spirez.org/kepirb/39/12.pdf,https://spirez.org/kepirb/k39.html,12_94180bfc.pdf,96902,application/pdf
https://spirez.org/kepirb/39/17.pdf,https://spirez.org/kepirb/k39.html,17_ced5b297.pdf,135777,application/pdf
https://spirez.org/kepirb/39/16.pdf,https://spirez.org/kepirb/k39.html,16_0efef88f.pdf,75695,application/pdf
https://spirez.org/kepirb/39/13.pdf,https://spirez.org/kepirb/k39.html,13_9a36a984.pdf,145422,application/pdf
https://spirez.org/kepirb/52/20.pdf,https://spirez.org/kepirb/k52.html,20_d5bd89d0.pdf,134060,application/pdf
https://spirez.org/kepirb/39/20-21.pdf,https://spirez.org/kepirb/k39.html,20-21_4f75f045.pdf,420369,application/pdf
https://spirez.org/kepirb/39/11.pdf,https://spirez.org/kepirb/k39.html,11_45275e4a.pdf,152641,application/pdf
https://spirez.org/kepirb/39/27.pdf,https://spirez.org/kepirb/k39.html,27_e0b85024.pdf,165316,application/pdf
https://spirez.org/kepirb/39/3.pdf,https://spirez.org/kepirb/k39.html,3_7731d2bc.pdf,201175,application/pdf
https://spirez.org/kepirb/39/10.pdf,https://spirez.org/kepirb/k39.html,10_ac6a6f45.pdf,181096,application/pdf
https://spirez.org/kepirb/39/14-15.pdf,https://spirez.org/kepirb/k39.html,14-15_d0ba345c.pdf,293034,application/pdf
https://spirez.org/kepirb/39/6-9.pdf,https://spirez.org/kepirb/k39.html,6-9_1af0a045.pdf,723442,application/pdf
https://spirez.org/kepirb/39/4-5.pdf,https://spirez.org/kepirb/k39.html,4-5_8f152b3b.pdf,227544,application/pdf
https://spirez.org/kepirb/39/18.pdf,https://spirez.org/kepirb/k39.html,18_269b0fc6.pdf,120478,application/pdf
https://spirez.org/kepirb/39/22-23.pdf,https://spirez.org/kepirb/k39.html,22-23_add899f0.pdf,289325,application/pdf
https://spirez.org/kepirb/39/19.pdf,https://spirez.org/kepirb/k39.html,19_47da9a28.pdf,132813,application/pdf
https://spirez.org/kepirb/39/2.pdf,https://spirez.org/kepirb/k39.html,2_f1513289.pdf,201865,application/pdf
https://spirez.org/kepirb/39/26.pdf,https://spirez.org/kepirb/k39.html,26_b9cd6e2e.pdf,107814,application/pdf
https://spirez.org/kepirb/39/24-25.pdf,https://spirez.org/kepirb/k39.html,24-25_43814498.pdf,256703,application/pdf
https://spirez.org/kepirb/36/12.pdf,https://spirez.org/kepirb/k36.html,12_0a04e7df.pdf,168783,application/pdf
https://spirez.org/kepirb/36/32-33.pdf,https://spirez.org/kepirb/k36.html,32-33_e8404e5c.pdf,269603,application/pdf
https://spirez.org/kepirb/36/3.pdf,https://spirez.org/kepirb/k36.html,3_62862080.pdf,215323,application/pdf
https://spirez.org/kepirb/36/14.pdf,https://spirez.org/kepirb/k36.html,14_ebcb1f38.pdf,85702,application/pdf
https://spirez.org/kepirb/36/30-31.pdf,https://spirez.org/kepirb/k36.html,30-31_6f4380dc.pdf,300782,application/pdf
https://spirez.org/kepirb/36/2.pdf,https://spirez.org/kepirb/k36.html,2_69d667ab.pdf,204085,application/pdf
https://spirez.org/kepirb/36/26.pdf,https://spirez.org/kepirb/k36.html,26_44fcbab4.pdf,121051,application/pdf
https://spirez.org/kepirb/36/27.pdf,https://spirez.org/kepirb/k36.html,27_b951aebc.pdf,132914,application/pdf
https://spirez.org/kepirb/36/24.pdf,https://spirez.org/kepirb/k36.html,24_4b9916a6.pdf,101060,application/pdf
https://spirez.org/kepirb/36/25.pdf,https://spirez.org/kepirb/k36.html,25_6b052abe.pdf,157863,application/pdf
https://spirez.org/kepirb/36/18-19.pdf,https://spirez.org/kepirb/k36.html,18-19_c28d7dbf.pdf,232155,application/pdf
https://spirez.org/kepirb/36/15.pdf,https://spirez.org/kepirb/k36.html,15_34c30796.pdf,168451,application/pdf
https://spirez.org/kepirb/36/28-29.pdf,https://spirez.org/kepirb/k36.html,28-29_1cb02f94.pdf,343944,application/pdf
https://spirez.org/kepirb/36/16-17.pdf,https://spirez.org/kepirb/k36.html,16-17_ccf466e7.pdf,290561,application/pdf
https://spirez.org/kepirb/36/34.pdf,https://spirez.org/kepirb/k36.html,34_4db86157.pdf,126911,application/pdf
https://spirez.org/kepirb/36/6-11.pdf,https://spirez.org/kepirb/k36.html,6-11_bb9cb05d.pdf,884899,application/pdf
https://spirez.org/kepirb/36/13.pdf,https://spirez.org/kepirb/k36.html,13_c2c4fa05.pdf,149757,application/pdf
https://spirez.org/kepirb/36/4-5.pdf,https://spirez.org/kepirb/k36.html,4-5_11d9a21f.pdf,249167,application/pdf
https://spirez.org/kepirb/36/20-23.pdf,https://spirez.org/kepirb/k36.html,20-23_137b533f.pdf,475518,application/pdf
https://spirez.org/kepirb/36/35.pdf,https://spirez.org/kepirb/k36.html,35_30800db8.pdf,145368,application/pdf
https://spirez.org/kepirb/22/16.pdf,https://spirez.org/kepirb/k22.html,16_ae95430c.pdf,207065,application/pdf
https://spirez.org/kepirb/22/26.pdf,https://spirez.org/kepirb/k22.html,26_e5553810.pdf,193439,application/pdf
https://spirez.org/kepirb/22/19.pdf,https://spirez.org/kepirb/k22.html,19_04ed3c8b.pdf,224781,application/pdf
https://spirez.org/kepirb/22/10.pdf,https://spirez.org/kepirb/k22.html,10_36a1f1cf.pdf,220770,application/pdf
https://spirez.org/kepirb/22/12.pdf,https://spirez.org/kepirb/k22.html,12_de7bf3f1.pdf,210243,application/pdf
https://spirez.org/kepirb/22/18.pdf,https://spirez.org/kepirb/k22.html,18_4283268d.pdf,197799,application/pdf
https://spirez.org/kepirb/22/2.pdf,https://spirez.org/kepirb/k22.html,2_bac4a00a.pdf,255028,application/pdf
https://spirez.org/kepirb/22/27.pdf,https://spirez.org/kepirb/k22.html,27_7b1257fb.pdf,224552,application/pdf
https://spirez.org/kepirb/22/17.pdf,https://spirez.org/kepirb/k22.html,17_f36a4244.pdf,211974,application/pdf
https://spirez.org/kepirb/22/14-15.pdf,https://spirez.org/kepirb/k22.html,14-15_40fcf7ee.pdf,381915,application/pdf
https://spirez.org/kepirb/22/22-23.pdf,https://spirez.org/kepirb/k22.html,22-23_1c2f01a0.pdf,391999,application/pdf
https://spirez.org/kepirb/22/20-21.pdf,https://spirez.org/kepirb/k22.html,20-21_c6c8d5ea.pdf,472865,application/pdf
https://spirez.org/kepirb/22/3.pdf,https://spirez.org/kepirb/k22.html,3_3a456617.pdf,339535,application/pdf
https://spirez.org/kepirb/22/11.pdf,https://spirez.org/kepirb/k22.html,11_12619e44.pdf,223179,application/pdf
https://spirez.org/kepirb/22/4-5.pdf,https://spirez.org/kepirb/k22.html,4-5_39e146b7.pdf,292347,application/pdf
https://spirez.org/kepirb/22/24-25.pdf,https://spirez.org/kepirb/k22.html,24-25_3ba5444d.pdf,405374,application/pdf
https://spirez.org/kepirb/22/6-9.pdf,https://spirez.org/kepirb/k22.html,6-9_8e10ce82.pdf,815525,application/pdf
https://spirez.org/kepirb/75/28-29.pdf,https://spirez.org/kepirb/k75.html,28-29_6c6dc998.pdf,1330230,application/pdf
https://spirez.org/kepirb/75/14-15.pdf,https://spirez.org/kepirb/k75.html,14-15_9f46f1c4.pdf,1282691,application/pdf
https://spirez.org/kepirb/22/13.pdf,https://spirez.org/kepirb/k22.html,13_33809f2c.pdf,209930,application/pdf
https://spirez.org/kepirb/75/16-17.pdf,https://spirez.org/kepirb/k75.html,16-17_47311775.pdf,1656507,application/pdf
https://spirez.org/kepirb/75/32-33.pdf,https://spirez.org/kepirb/k75.html,32-33_edab9f67.pdf,1625228,application/pdf
https://spirez.org/kepirb/75/26-27.pdf,https://spirez.org/kepirb/k75.html,26-27_a9b60b75.pdf,1607518,application/pdf
https://spirez.org/kepirb/75/6-7.pdf,https://spirez.org/kepirb/k75.html,6-7_301cd739.pdf,2135539,application/pdf
https://spirez.org/kepirb/75/18-19.pdf,https://spirez.org/kepirb/k75.html,18-19_9cfdd731.pdf,1626732,application/pdf
https://spirez.org/kepirb/75/46.pdf,https://spirez.org/kepirb/k75.html,46_1500875d.pdf,770064,application/pdf
https://spirez.org/kepirb/75/42-45.pdf,https://spirez.org/kepirb/k75.html,42-45_1d31df8b.pdf,2917596,application/pdf
https://spirez.org/kepirb/75/30-31.pdf,https://spirez.org/kepirb/k75.html,30-31_9e802817.pdf,985901,application/pdf
https://spirez.org/kepirb/75/5.pdf,https://spirez.org/kepirb/k75.html,5_2b78dbec.pdf,1184219,application/pdf
https://spirez.org/kepirb/75/40-41.pdf,https://spirez.org/kepirb/k75.html,40-41_16f41f98.pdf,1497678,application/pdf
https://spirez.org/kepirb/75/47.pdf,https://spirez.org/kepirb/k75.html,47_8dc9abf2.pdf,1737032,application/pdf
https://spirez.org/kepirb/75/34-35.pdf,https://spirez.org/kepirb/k75.html,34-35_949eaca0.pdf,1727846,application/pdf
https://spirez.org/kepirb/75/20-21.pdf,https://spirez.org/kepirb/k75.html,20-21_b22079a5.pdf,1651181,application/pdf
https://spirez.org/kepirb/75/12-13.pdf,https://spirez.org/kepirb/k75.html,12-13_fa9a794e.pdf,2032575,application/pdf
https://spirez.org/kepirb/75/36-37.pdf,https://spirez.org/kepirb/k75.html,36-37_5b83cb97.pdf,2059094,application/pdf
https://spirez.org/kepirb/75/2-3.pdf,https://spirez.org/kepirb/k75.html,2-3_35049755.pdf,2523351,application/pdf
https://spirez.org/kepirb/75/8-11.pdf,https://spirez.org/kepirb/k75.html,8-11_037ab2df.pdf,3404156,application/pdf
https://spirez.org/kepirb/75/22-23.pdf,https://spirez.org/kepirb/k75.html,22-23_3f36a7bf.pdf,2547223,application/pdf
https://spirez.org/kepirb/75/4.pdf,https://spirez.org/kepirb/k75.html,4_42fbba8d.pdf,1178369,application/pdf
https://spirez.org/kepirb/75/24-25.pdf,https://spirez.org/kepirb/k75.html,24-25_154e9fe3.pdf,1980680,application/pdf
https://spirez.org/kepirb/75/48.pdf,https://spirez.org/kepirb/k75.html,48_42a0273d.pdf,907167,application/pdf
https://spirez.org/kepirb/58/40-41.pdf,https://spirez.org/kepirb/k58.html,40-41_94ba7ebd.pdf,322852,application/pdf
https://spirez.org/kepirb/58/6-9.pdf,https://spirez.org/kepirb/k58.html,6-9_17c7c2b9.pdf,757837,application/pdf
https://spirez.org/kepirb/58/14-15.pdf,https://spirez.org/kepirb/k58.html,14-15_b1af7e74.pdf,268154,application/pdf
https://spirez.org/kepirb/58/20-21.pdf,https://spirez.org/kepirb/k58.html,20-21_321e5a9d.pdf,223630,application/pdf
https://spirez.org/kepirb/58/36-37.pdf,https://spirez.org/kepirb/k58.html,36-37_362c2cc7.pdf,287977,application/pdf
https://spirez.org/kepirb/58/30-31.pdf,https://spirez.org/kepirb/k58.html,30-31_5a89792b.pdf,255292,application/pdf
https://spirez.org/kepirb/58/22-23.pdf,https://spirez.org/kepirb/k58.html,22-23_9dcc932e.pdf,244107,application/pdf
https://spirez.org/kepirb/58/48-49.pdf,https://spirez.org/kepirb/k58.html,48-49_320c24f5.pdf,312469,application/pdf
https://spirez.org/kepirb/58/16-17.pdf,https://spirez.org/kepirb/k58.html,16-17_5fdbf952.pdf,283504,application/pdf
https://spirez.org/kepirb/58/44-47.pdf,https://spirez.org/kepirb/k58.html,44-47_41911760.pdf,454998,application/pdf
https://spirez.org/kepirb/75/38-39.pdf,https://spirez.org/kepirb/k75.html,38-39_3efc23ac.pdf,1638703,application/pdf
https://spirez.org/kepirb/58/50.pdf,https://spirez.org/kepirb/k58.html,50_e24b27a4.pdf,166931,application/pdf
https://spirez.org/kepirb/58/4-5.pdf,https://spirez.org/kepirb/k58.html,4-5_25c8eca9.pdf,262928,application/pdf
https://spirez.org/kepirb/58/24.pdf,https://spirez.org/kepirb/k58.html,24_7c834854.pdf,134785,application/pdf
https://spirez.org/kepirb/58/34-35.pdf,https://spirez.org/kepirb/k58.html,34-35_b82d3c1d.pdf,215792,application/pdf
https://spirez.org/kepirb/58/26-27.pdf,https://spirez.org/kepirb/k58.html,26-27_04cd72a0.pdf,273680,application/pdf
https://spirez.org/kepirb/58/2.pdf,https://spirez.org/kepirb/k58.html,2_54e0ece6.pdf,172256,application/pdf
https://spirez.org/kepirb/58/38-39.pdf,https://spirez.org/kepirb/k58.html,38-39_ac29b6ad.pdf,313330,application/pdf
https://spirez.org/kepirb/58/32-33.pdf,https://spirez.org/kepirb/k58.html,32-33_93cd0d03.pdf,276651,application/pdf
https://spirez.org/kepirb/58/28-29.pdf,https://spirez.org/kepirb/k58.html,28-29_48ed5cda.pdf,337073,application/pdf
https://spirez.org/kepirb/58/3.pdf,https://spirez.org/kepirb/k58.html,3_45076d69.pdf,143714,application/pdf
https://spirez.org/kepirb/58/25.pdf,https://spirez.org/kepirb/k58.html,25_960623dc.pdf,130939,application/pdf
https://spirez.org/kepirb/58/10-11.pdf,https://spirez.org/kepirb/k58.html,10-11_f161eca2.pdf,347724,application/pdf
https://spirez.org/kepirb/58/18-19.pdf,https://spirez.org/kepirb/k58.html,18-19_65155958.pdf,300638,application/pdf
https://spirez.org/kepirb/58/51.pdf,https://spirez.org/kepirb/k58.html,51_b276b7f5.pdf,184231,application/pdf
https://spirez.org/kepirb/58/12-13.pdf,https://spirez.org/kepirb/k58.html,12-13_aaceacec.pdf,228689,application/pdf
https://spirez.org/kepirb/25/16.pdf,https://spirez.org/kepirb/k25.html,16_75b1d64f.pdf,121873,application/pdf
https://spirez.org/kepirb/25/14-15.pdf,https://spirez.org/kepirb/k25.html,14-15_f74141b5.pdf,221683,application/pdf
https://spirez.org/kepirb/25/19.pdf,https://spirez.org/kepirb/k25.html,19_8d8bb56b.pdf,133842,application/pdf
https://spirez.org/kepirb/25/10.pdf,https://spirez.org/kepirb/k25.html,10_aa65ab46.pdf,143376,application/pdf
https://spirez.org/kepirb/25/22-23.pdf,https://spirez.org/kepirb/k25.html,22-23_17c430c8.pdf,243502,application/pdf
https://spirez.org/kepirb/25/2.pdf,https://spirez.org/kepirb/k25.html,2_62560de3.pdf,164646,application/pdf
https://spirez.org/kepirb/25/26.pdf,https://spirez.org/kepirb/k25.html,26_fe430e63.pdf,101812,application/pdf
https://spirez.org/kepirb/25/11.pdf,https://spirez.org/kepirb/k25.html,11_1e7f4cc1.pdf,139666,application/pdf
https://spirez.org/kepirb/25/13.pdf,https://spirez.org/kepirb/k25.html,13_ffd10866.pdf,116088,application/pdf
https://spirez.org/kepirb/25/24-25.pdf,https://spirez.org/kepirb/k25.html,24-25_4128b660.pdf,227907,application/pdf
https://spirez.org/kepirb/25/4-5.pdf,https://spirez.org/kepirb/k25.html,4-5_31f2f6b8.pdf,265326,application/pdf
https://spirez.org/kepirb/25/12.pdf,https://spirez.org/kepirb/k25.html,12_3097f955.pdf,129580,application/pdf
https://spirez.org/kepirb/25/17.pdf,https://spirez.org/kepirb/k25.html,17_1fac5829.pdf,139935,application/pdf
https://spirez.org/kepirb/25/18.pdf,https://spirez.org/kepirb/k25.html,18_0ae12434.pdf,110948,application/pdf
https://spirez.org/kepirb/25/3.pdf,https://spirez.org/kepirb/k25.html,3_416c5605.pdf,217062,application/pdf
https://spirez.org/kepirb/25/20-21.pdf,https://spirez.org/kepirb/k25.html,20-21_1f9c8d5b.pdf,262181,application/pdf
https://spirez.org/kepirb/25/6-9.pdf,https://spirez.org/kepirb/k25.html,6-9_5e39b6c8.pdf,469930,application/pdf
https://spirez.org/kepirb/25/27.pdf,https://spirez.org/kepirb/k25.html,27_5c0ea170.pdf,138280,application/pdf
https://spirez.org/kepirb/21/17.pdf,https://spirez.org/kepirb/k21.html,17_056628d8.pdf,222818,application/pdf
https://spirez.org/kepirb/21/16.pdf,https://spirez.org/kepirb/k21.html,16_8fb2455c.pdf,208353,application/pdf
https://spirez.org/kepirb/21/26.pdf,https://spirez.org/kepirb/k21.html,26_5616e987.pdf,219927,application/pdf
https://spirez.org/kepirb/21/3.pdf,https://spirez.org/kepirb/k21.html,3_c128a110.pdf,336521,application/pdf
https://spirez.org/kepirb/21/11.pdf,https://spirez.org/kepirb/k21.html,11_8ffaa31d.pdf,256459,application/pdf
https://spirez.org/kepirb/21/14-15.pdf,https://spirez.org/kepirb/k21.html,14-15_72bf2014.pdf,424186,application/pdf
https://spirez.org/kepirb/21/2.pdf,https://spirez.org/kepirb/k21.html,2_473df2ee.pdf,263645,application/pdf
https://spirez.org/kepirb/21/10.pdf,https://spirez.org/kepirb/k21.html,10_f236c9d8.pdf,256008,application/pdf
https://spirez.org/kepirb/21/22-23.pdf,https://spirez.org/kepirb/k21.html,22-23_d1ee5a32.pdf,446781,application/pdf
https://spirez.org/kepirb/21/19.pdf,https://spirez.org/kepirb/k21.html,19_ecc20563.pdf,226351,application/pdf
https://spirez.org/kepirb/21/27.pdf,https://spirez.org/kepirb/k21.html,27_346f657b.pdf,228698,application/pdf
https://spirez.org/kepirb/21/6-9.pdf,https://spirez.org/kepirb/k21.html,6-9_c8a8ce55.pdf,981956,application/pdf
https://spirez.org/kepirb/21/20-21.pdf,https://spirez.org/kepirb/k21.html,20-21_f3983bc2.pdf,475867,application/pdf
https://spirez.org/kepirb/21/24-25.pdf,https://spirez.org/kepirb/k21.html,24-25_b7bcb76e.pdf,391966,application/pdf
https://spirez.org/kepirb/21/18.pdf,https://spirez.org/kepirb/k21.html,18_bfbe7492.pdf,200611,application/pdf
https://spirez.org/kepirb/21/13.pdf,https://spirez.org/kepirb/k21.html,13_ada92f2d.pdf,203503,application/pdf
https://spirez.org/kepirb/21/12.pdf,https://spirez.org/kepirb/k21.html,12_6a2dfa76.pdf,208226,application/pdf
https://spirez.org/kepirb/67/32-33.pdf,https://spirez.org/kepirb/k67.html,32-33_706c9153.pdf,199116,application/pdf
https://spirez.org/kepirb/67/28-29.pdf,https://spirez.org/kepirb/k67.html,28-29_e06e6e0e.pdf,333126,application/pdf
https://spirez.org/kepirb/67/46-47.pdf,https://spirez.org/kepirb/k67.html,46-47_0bce59b4.pdf,253257,application/pdf
https://spirez.org/kepirb/67/14-15.pdf,https://spirez.org/kepirb/k67.html,14-15_c9d898fe.pdf,187291,application/pdf
https://spirez.org/kepirb/67/34-35.pdf,https://spirez.org/kepirb/k67.html,34-35_1b39e25d.pdf,263661,application/pdf
https://spirez.org/kepirb/67/38-39.pdf,https://spirez.org/kepirb/k67.html,38-39_f9dd8448.pdf,273962,application/pdf
https://spirez.org/kepirb/67/44-45.pdf,https://spirez.org/kepirb/k67.html,44-45_8ef82403.pdf,217331,application/pdf
https://spirez.org/kepirb/67/51.pdf,https://spirez.org/kepirb/k67.html,51_8fb5cdc6.pdf,181989,application/pdf
https://spirez.org/kepirb/67/50.pdf,https://spirez.org/kepirb/k67.html,50_845db9e1.pdf,117075,application/pdf
https://spirez.org/kepirb/67/18-19.pdf,https://spirez.org/kepirb/k67.html,18-19_a9dcab00.pdf,254005,application/pdf
https://spirez.org/kepirb/67/4.pdf,https://spirez.org/kepirb/k67.html,4_95262078.pdf,141256,application/pdf
https://spirez.org/kepirb/67/48-49.pdf,https://spirez.org/kepirb/k67.html,48-49_b334cad1.pdf,233467,application/pdf
https://spirez.org/kepirb/67/12-13.pdf,https://spirez.org/kepirb/k67.html,12-13_fe94b2ca.pdf,311636,application/pdf
https://spirez.org/kepirb/67/36-37.pdf,https://spirez.org/kepirb/k67.html,36-37_b4c2cbef.pdf,299018,application/pdf
https://spirez.org/kepirb/67/24-25.pdf,https://spirez.org/kepirb/k67.html,24-25_0f042e18.pdf,261163,application/pdf
https://spirez.org/kepirb/67/30-31.pdf,https://spirez.org/kepirb/k67.html,30-31_642c2f13.pdf,206824,application/pdf
https://spirez.org/kepirb/67/2-3.pdf,https://spirez.org/kepirb/k67.html,2-3_ffbb606d.pdf,298735,application/pdf
https://spirez.org/kepirb/67/16-17.pdf,https://spirez.org/kepirb/k67.html,16-17_17f9bcac.pdf,263325,application/pdf
https://spirez.org/kepirb/67/42-43.pdf,https://spirez.org/kepirb/k67.html,42-43_96f120b5.pdf,170556,application/pdf
https://spirez.org/kepirb/67/5.pdf,https://spirez.org/kepirb/k67.html,5_86717705.pdf,168292,application/pdf
https://spirez.org/kepirb/67/26-27.pdf,https://spirez.org/kepirb/k67.html,26-27_40544862.pdf,245980,application/pdf
https://spirez.org/kepirb/67/20-21.pdf,https://spirez.org/kepirb/k67.html,20-21_e2ae755e.pdf,237378,application/pdf
https://spirez.org/kepirb/67/40-41.pdf,https://spirez.org/kepirb/k67.html,40-41_52e33f70.pdf,225987,application/pdf
https://spirez.org/kepirb/67/22-23.pdf,https://spirez.org/kepirb/k67.html,22-23_2a674d12.pdf,224611,application/pdf
https://spirez.org/kepirb/67/6-7.pdf,https://spirez.org/kepirb/k67.html,6-7_21093322.pdf,267865,application/pdf
https://spirez.org/kepirb/67/8-9-10-11.pdf,https://spirez.org/kepirb/k67.html,8-9-10-11_1253bdf7.pdf,604231,application/pdf
https://spirez.org/kepirb/44/14.pdf,https://spirez.org/kepirb/k44.html,14_a4dcf254.pdf,135459,application/pdf
https://spirez.org/kepirb/44/15.pdf,https://spirez.org/kepirb/k44.html,15_92b4a230.pdf,142897,application/pdf
https://spirez.org/kepirb/44/24-25.pdf,https://spirez.org/kepirb/k44.html,24-25_f519e7c4.pdf,252578,application/pdf
https://spirez.org/kepirb/44/4-5.pdf,https://spirez.org/kepirb/k44.html,4-5_53544ef6.pdf,268317,application/pdf
https://spirez.org/kepirb/44/26-27.pdf,https://spirez.org/kepirb/k44.html,26-27_5285e072.pdf,287386,application/pdf
https://spirez.org/kepirb/44/3.pdf,https://spirez.org/kepirb/k44.html,3_ebedfda9.pdf,132796,application/pdf
https://spirez.org/kepirb/44/39.pdf,https://spirez.org/kepirb/k44.html,39_4f03b86c.pdf,181933,application/pdf
https://spirez.org/kepirb/44/18-19.pdf,https://spirez.org/kepirb/k44.html,18-19_1de584b5.pdf,332258,application/pdf
https://spirez.org/kepirb/44/34-35.pdf,https://spirez.org/kepirb/k44.html,34-35_c3b2dad6.pdf,237637,application/pdf
https://spirez.org/kepirb/44/28-29.pdf,https://spirez.org/kepirb/k44.html,28-29_c0365017.pdf,279737,application/pdf
https://spirez.org/kepirb/44/36-37.pdf,https://spirez.org/kepirb/k44.html,36-37_c229fd98.pdf,221272,application/pdf
https://spirez.org/kepirb/44/10-11.pdf,https://spirez.org/kepirb/k44.html,10-11_cfab879c.pdf,364695,application/pdf
https://spirez.org/kepirb/44/32-33.pdf,https://spirez.org/kepirb/k44.html,32-33_82c74eb9.pdf,294665,application/pdf
https://spirez.org/kepirb/44/6-9.pdf,https://spirez.org/kepirb/k44.html,6-9_be417303.pdf,677668,application/pdf
https://spirez.org/kepirb/44/20-21.pdf,https://spirez.org/kepirb/k44.html,20-21_71807af6.pdf,283446,application/pdf
https://spirez.org/kepirb/44/16-17.pdf,https://spirez.org/kepirb/k44.html,16-17_be6c1dff.pdf,229697,application/pdf
https://spirez.org/kepirb/44/2.pdf,https://spirez.org/kepirb/k44.html,2_46ef7d85.pdf,185787,application/pdf
https://spirez.org/kepirb/44/22-23.pdf,https://spirez.org/kepirb/k44.html,22-23_b5c55365.pdf,308471,application/pdf
https://spirez.org/kepirb/44/30-31.pdf,https://spirez.org/kepirb/k44.html,30-31_caa7c3d6.pdf,234989,application/pdf
https://spirez.org/kepirb/44/12-13.pdf,https://spirez.org/kepirb/k44.html,12-13_a837cf65.pdf,288225,application/pdf
https://spirez.org/kepirb/44/38.pdf,https://spirez.org/kepirb/k44.html,38_09bd30cf.pdf,135052,application/pdf
https://spirez.org/kepirb/72/30-31.pdf,https://spirez.org/kepirb/k72.html,30-31_61644718.pdf,1894516,application/pdf
https://spirez.org/kepirb/72/40-41.pdf,https://spirez.org/kepirb/k72.html,40-41_4b4f174c.pdf,1535771,application/pdf
https://spirez.org/kepirb/72/34-35.pdf,https://spirez.org/kepirb/k72.html,34-35_09913095.pdf,1715131,application/pdf
https://spirez.org/kepirb/72/28-29.pdf,https://spirez.org/kepirb/k72.html,28-29_0cfcc576.pdf,1561468,application/pdf
https://spirez.org/kepirb/72/8-11.pdf,https://spirez.org/kepirb/k72.html,8-11_9cba4d00.pdf,2753606,application/pdf
https://spirez.org/kepirb/72/47.pdf,https://spirez.org/kepirb/k72.html,47_63849c14.pdf,1735307,application/pdf
https://spirez.org/kepirb/72/16-17.pdf,https://spirez.org/kepirb/k72.html,16-17_e5e1cfeb.pdf,1709898,application/pdf
https://spirez.org/kepirb/72/20-21.pdf,https://spirez.org/kepirb/k72.html,20-21_c414cd06.pdf,2237821,application/pdf
https://spirez.org/kepirb/72/48.pdf,https://spirez.org/kepirb/k72.html,48_4de82be5.pdf,1179593,application/pdf
https://spirez.org/kepirb/72/14-15.pdf,https://spirez.org/kepirb/k72.html,14-15_bb21b82f.pdf,1186692,application/pdf
https://spirez.org/kepirb/72/4.pdf,https://spirez.org/kepirb/k72.html,4_44a573c3.pdf,1040764,application/pdf
https://spirez.org/kepirb/72/42-45.pdf,https://spirez.org/kepirb/k72.html,42-45_4cd59a7c.pdf,2850450,application/pdf
https://spirez.org/kepirb/72/24-25.pdf,https://spirez.org/kepirb/k72.html,24-25_5f30ea1b.pdf,1895598,application/pdf
https://spirez.org/kepirb/72/36-37.pdf,https://spirez.org/kepirb/k72.html,36-37_feb8a2ed.pdf,1657978,application/pdf
https://spirez.org/kepirb/72/6-7.pdf,https://spirez.org/kepirb/k72.html,6-7_a676ea59.pdf,2495877,application/pdf
https://spirez.org/kepirb/72/38-39.pdf,https://spirez.org/kepirb/k72.html,38-39_64b46fb9.pdf,944843,application/pdf
https://spirez.org/kepirb/72/22-23.pdf,https://spirez.org/kepirb/k72.html,22-23_02220c45.pdf,2046414,application/pdf
https://spirez.org/kepirb/72/32-33.pdf,https://spirez.org/kepirb/k72.html,32-33_aa69e697.pdf,1819171,application/pdf
https://spirez.org/kepirb/72/46.pdf,https://spirez.org/kepirb/k72.html,46_53eb880b.pdf,757350,application/pdf
https://spirez.org/kepirb/72/12-13.pdf,https://spirez.org/kepirb/k72.html,12-13_0e12ef77.pdf,2042650,application/pdf
https://spirez.org/kepirb/72/2-3.pdf,https://spirez.org/kepirb/k72.html,2-3_cc6e7629.pdf,2507601,application/pdf
https://spirez.org/kepirb/72/5.pdf,https://spirez.org/kepirb/k72.html,5_17547518.pdf,1207436,application/pdf
https://spirez.org/kepirb/50/40-41.pdf,https://spirez.org/kepirb/k50.html,40-41_fec5ce76.pdf,223417,application/pdf
https://spirez.org/kepirb/72/26-27.pdf,https://spirez.org/kepirb/k72.html,26-27_433049ca.pdf,2392561,application/pdf
https://spirez.org/kepirb/72/18-19.pdf,https://spirez.org/kepirb/k72.html,18-19_221e7be5.pdf,1584112,application/pdf
https://spirez.org/kepirb/50/22-23.pdf,https://spirez.org/kepirb/k50.html,22-23_938c5c19.pdf,302233,application/pdf
https://spirez.org/kepirb/50/14-15.pdf,https://spirez.org/kepirb/k50.html,14-15_351a9770.pdf,274562,application/pdf
https://spirez.org/kepirb/50/21.pdf,https://spirez.org/kepirb/k50.html,21_30a218dc.pdf,125655,application/pdf
https://spirez.org/kepirb/50/34-37.pdf,https://spirez.org/kepirb/k50.html,34-37_a8e11e2f.pdf,583459,application/pdf
https://spirez.org/kepirb/50/20.pdf,https://spirez.org/kepirb/k50.html,20_86c4f230.pdf,139288,application/pdf
https://spirez.org/kepirb/50/43.pdf,https://spirez.org/kepirb/k50.html,43_17f58e9a.pdf,184690,application/pdf
https://spirez.org/kepirb/50/38-39.pdf,https://spirez.org/kepirb/k50.html,38-39_10aa38df.pdf,277471,application/pdf
https://spirez.org/kepirb/50/2.pdf,https://spirez.org/kepirb/k50.html,2_cd14d68b.pdf,177488,application/pdf
https://spirez.org/kepirb/50/3.pdf,https://spirez.org/kepirb/k50.html,3_59f0a365.pdf,158477,application/pdf
https://spirez.org/kepirb/50/32-33.pdf,https://spirez.org/kepirb/k50.html,32-33_581bb3f9.pdf,250399,application/pdf
https://spirez.org/kepirb/50/42.pdf,https://spirez.org/kepirb/k50.html,42_eb1cb6f4.pdf,154090,application/pdf
https://spirez.org/kepirb/50/30-31.pdf,https://spirez.org/kepirb/k50.html,30-31_d788570d.pdf,283439,application/pdf
https://spirez.org/kepirb/50/18-19.pdf,https://spirez.org/kepirb/k50.html,18-19_a176b498.pdf,248052,application/pdf
https://spirez.org/kepirb/50/16-17.pdf,https://spirez.org/kepirb/k50.html,16-17_55341abc.pdf,298106,application/pdf
https://spirez.org/kepirb/50/4-5.pdf,https://spirez.org/kepirb/k50.html,4-5_debf4489.pdf,261714,application/pdf
https://spirez.org/kepirb/50/10-11.pdf,https://spirez.org/kepirb/k50.html,10-11_247e8476.pdf,380508,application/pdf
https://spirez.org/kepirb/50/6-9.pdf,https://spirez.org/kepirb/k50.html,6-9_39ad2c72.pdf,732354,application/pdf
https://spirez.org/kepirb/50/26-27.pdf,https://spirez.org/kepirb/k50.html,26-27_eed4ff23.pdf,292926,application/pdf
https://spirez.org/kepirb/50/24-25.pdf,https://spirez.org/kepirb/k50.html,24-25_c2cf5b50.pdf,303670,application/pdf
https://spirez.org/kepirb/50/12-13.pdf,https://spirez.org/kepirb/k50.html,12-13_8df2432a.pdf,223275,application/pdf
https://spirez.org/kepirb/50/28-29.pdf,https://spirez.org/kepirb/k50.html,28-29_1ce4cc5c.pdf,278686,application/pdf
https://spirez.org/kepirb/65/6-7.pdf,https://spirez.org/kepirb/k65.html,6-7_5ae515f4.pdf,278760,application/pdf
https://spirez.org/kepirb/65/40-41.pdf,https://spirez.org/kepirb/k65.html,40-41_77ccdd50.pdf,223982,application/pdf
https://spirez.org/kepirb/65/30-31.pdf,https://spirez.org/kepirb/k65.html,30-31_c27d105c.pdf,231149,application/pdf
https://spirez.org/kepirb/65/26-27.pdf,https://spirez.org/kepirb/k65.html,26-27_f585abae.pdf,239647,application/pdf
https://spirez.org/kepirb/65/8-11.pdf,https://spirez.org/kepirb/k65.html,8-11_036fd666.pdf,578776,application/pdf
https://spirez.org/kepirb/65/24-25.pdf,https://spirez.org/kepirb/k65.html,24-25_955af53a.pdf,270074,application/pdf
https://spirez.org/kepirb/65/51.pdf,https://spirez.org/kepirb/k65.html,51_bcb69b21.pdf,184080,application/pdf
https://spirez.org/kepirb/65/38-39.pdf,https://spirez.org/kepirb/k65.html,38-39_2eceb690.pdf,294660,application/pdf
https://spirez.org/kepirb/65/5.pdf,https://spirez.org/kepirb/k65.html,5_c37cc0b2.pdf,114701,application/pdf
https://spirez.org/kepirb/65/22-23.pdf,https://spirez.org/kepirb/k65.html,22-23_b35b211e.pdf,211801,application/pdf
https://spirez.org/kepirb/65/16-17.pdf,https://spirez.org/kepirb/k65.html,16-17_1e357f32.pdf,302544,application/pdf
https://spirez.org/kepirb/65/28-29.pdf,https://spirez.org/kepirb/k65.html,28-29_4c3f5c82.pdf,269168,application/pdf
https://spirez.org/kepirb/65/44-45.pdf,https://spirez.org/kepirb/k65.html,44-45_08627fcf.pdf,226104,application/pdf
https://spirez.org/kepirb/65/18-19.pdf,https://spirez.org/kepirb/k65.html,18-19_21583bf5.pdf,249666,application/pdf
https://spirez.org/kepirb/65/42-43.pdf,https://spirez.org/kepirb/k65.html,42-43_14dcaf1b.pdf,166735,application/pdf
https://spirez.org/kepirb/65/14-15.pdf,https://spirez.org/kepirb/k65.html,14-15_81b4e726.pdf,204786,application/pdf
https://spirez.org/kepirb/65/32-33.pdf,https://spirez.org/kepirb/k65.html,32-33_d5bc7bf2.pdf,250629,application/pdf
https://spirez.org/kepirb/65/48-49.pdf,https://spirez.org/kepirb/k65.html,48-49_714756c3.pdf,238136,application/pdf
https://spirez.org/kepirb/65/2-3.pdf,https://spirez.org/kepirb/k65.html,2-3_ce18f3b6.pdf,297761,application/pdf
https://spirez.org/kepirb/65/36-37.pdf,https://spirez.org/kepirb/k65.html,36-37_97806d35.pdf,307377,application/pdf
https://spirez.org/kepirb/65/34-35.pdf,https://spirez.org/kepirb/k65.html,34-35_e01c7605.pdf,184402,application/pdf
https://spirez.org/kepirb/65/4.pdf,https://spirez.org/kepirb/k65.html,4_78c8a6c5.pdf,115922,application/pdf
https://spirez.org/kepirb/65/20-21.pdf,https://spirez.org/kepirb/k65.html,20-21_106a8fc7.pdf,285861,application/pdf
https://spirez.org/kepirb/65/46-47.pdf,https://spirez.org/kepirb/k65.html,46-47_83c314a9.pdf,289941,application/pdf
https://spirez.org/kepirb/65/50.pdf,https://spirez.org/kepirb/k65.html,50_61171a87.pdf,143015,application/pdf
https://spirez.org/kepirb/65/12-13.pdf,https://spirez.org/kepirb/k65.html,12-13_49875210.pdf,319113,application/pdf
https://spirez.org/kepirb/12/13.pdf,https://spirez.org/kepirb/k12.html,13_85755a87.pdf,215030,application/pdf
https://spirez.org/kepirb/12/12.pdf,https://spirez.org/kepirb/k12.html,12_03ace404.pdf,245730,application/pdf
https://spirez.org/kepirb/12/17.pdf,https://spirez.org/kepirb/k12.html,17_7cd46e0a.pdf,266718,application/pdf
https://spirez.org/kepirb/12/22-23.pdf,https://spirez.org/kepirb/k12.html,22-23_37bdfcba.pdf,402140,application/pdf
https://spirez.org/kepirb/12/14-15.pdf,https://spirez.org/kepirb/k12.html,14-15_9b351080.pdf,507924,application/pdf
https://spirez.org/kepirb/12/4-5.pdf,https://spirez.org/kepirb/k12.html,4-5_d0509af9.pdf,456977,application/pdf
https://spirez.org/kepirb/12/18.pdf,https://spirez.org/kepirb/k12.html,18_fc241e1d.pdf,206942,application/pdf
https://spirez.org/kepirb/12/19.pdf,https://spirez.org/kepirb/k12.html,19_19881cc7.pdf,252346,application/pdf
https://spirez.org/kepirb/12/11.pdf,https://spirez.org/kepirb/k12.html,11_cdbf058d.pdf,236169,application/pdf
https://spirez.org/kepirb/12/10.pdf,https://spirez.org/kepirb/k12.html,10_d2fec4a3.pdf,241805,application/pdf
https://spirez.org/kepirb/12/24-26.pdf,https://spirez.org/kepirb/k12.html,24-26_8a32fdc8.pdf,694287,application/pdf
https://spirez.org/kepirb/12/6-9.pdf,https://spirez.org/kepirb/k12.html,6-9_9036f76e.pdf,1055332,application/pdf
https://spirez.org/kepirb/12/27.pdf,https://spirez.org/kepirb/k12.html,27_a42cc5f0.pdf,236610,application/pdf
https://spirez.org/kepirb/12/2.pdf,https://spirez.org/kepirb/k12.html,2_15a32067.pdf,297170,application/pdf
https://spirez.org/kepirb/12/3.pdf,https://spirez.org/kepirb/k12.html,3_595e24d1.pdf,337289,application/pdf
https://spirez.org/kepirb/12/20-21.pdf,https://spirez.org/kepirb/k12.html,20-21_d9530cbd.pdf,492598,application/pdf
https://spirez.org/kepirb/12/16.pdf,https://spirez.org/kepirb/k12.html,16_d10e6bc9.pdf,224307,application/pdf
https://spirez.org/kepirb/68/2-3.pdf,https://spirez.org/kepirb/k68.html,2-3_b58615e3.pdf,287635,application/pdf
https://spirez.org/kepirb/68/42-43.pdf,https://spirez.org/kepirb/k68.html,42-43_4a35b2b2.pdf,194722,application/pdf
https://spirez.org/kepirb/68/30-31.pdf,https://spirez.org/kepirb/k68.html,30-31_ec7dadd9.pdf,203442,application/pdf
https://spirez.org/kepirb/68/50.pdf,https://spirez.org/kepirb/k68.html,50_4f34ae24.pdf,118465,application/pdf
https://spirez.org/kepirb/68/22-23.pdf,https://spirez.org/kepirb/k68.html,22-23_fbcc9e4c.pdf,220638,application/pdf
https://spirez.org/kepirb/68/46-47-48-49.pdf,https://spirez.org/kepirb/k68.html,46-47-48-49_0a0fc56a.pdf,482494,application/pdf
https://spirez.org/kepirb/68/18-19.pdf,https://spirez.org/kepirb/k68.html,18-19_80a6ef98.pdf,257164,application/pdf
https://spirez.org/kepirb/68/36-37.pdf,https://spirez.org/kepirb/k68.html,36-37_081d74d6.pdf,285394,application/pdf
https://spirez.org/kepirb/68/4.pdf,https://spirez.org/kepirb/k68.html,4_2eb30f3f.pdf,142495,application/pdf
https://spirez.org/kepirb/68/40-41.pdf,https://spirez.org/kepirb/k68.html,40-41_61fef664.pdf,225124,application/pdf
https://spirez.org/kepirb/68/6-7.pdf,https://spirez.org/kepirb/k68.html,6-7_5b01bd68.pdf,277171,application/pdf
https://spirez.org/kepirb/68/8-9-10-11.pdf,https://spirez.org/kepirb/k68.html,8-9-10-11_dfd7fc33.pdf,762674,application/pdf
https://spirez.org/kepirb/68/26-27.pdf,https://spirez.org/kepirb/k68.html,26-27_584257dc.pdf,247222,application/pdf
https://spirez.org/kepirb/68/32-33.pdf,https://spirez.org/kepirb/k68.html,32-33_a4e7a3b8.pdf,236889,application/pdf
https://spirez.org/kepirb/68/12-13.pdf,https://spirez.org/kepirb/k68.html,12-13_19b5f0a7.pdf,312377,application/pdf
https://spirez.org/kepirb/68/20-21.pdf,https://spirez.org/kepirb/k68.html,20-21_4f19238a.pdf,255688,application/pdf
https://spirez.org/kepirb/68/14-15.pdf,https://spirez.org/kepirb/k68.html,14-15_8da2760d.pdf,197974,application/pdf
https://spirez.org/kepirb/68/44-45.pdf,https://spirez.org/kepirb/k68.html,44-45_976cbf05.pdf,221827,application/pdf
https://spirez.org/kepirb/68/28-29.pdf,https://spirez.org/kepirb/k68.html,28-29_5c8ab16d.pdf,294617,application/pdf
https://spirez.org/kepirb/68/16-17.pdf,https://spirez.org/kepirb/k68.html,16-17_44fdabff.pdf,245008,application/pdf
https://spirez.org/kepirb/68/34-35.pdf,https://spirez.org/kepirb/k68.html,34-35_4001c7a2.pdf,227551,application/pdf
https://spirez.org/kepirb/68/51.pdf,https://spirez.org/kepirb/k68.html,51_56dd4273.pdf,185650,application/pdf
https://spirez.org/kepirb/68/5.pdf,https://spirez.org/kepirb/k68.html,5_746ba465.pdf,148101,application/pdf
https://spirez.org/kepirb/68/38-39.pdf,https://spirez.org/kepirb/k68.html,38-39_ff219c7c.pdf,234607,application/pdf
https://spirez.org/kepirb/68/24-25.pdf,https://spirez.org/kepirb/k68.html,24-25_5dd24317.pdf,226463,application/pdf
https://spirez.org/kepirb/11/22-23.pdf,https://spirez.org/kepirb/k11.html,22-23_cd5efe90.pdf,439785,application/pdf
https://spirez.org/kepirb/11/12.pdf,https://spirez.org/kepirb/k11.html,12_cb0388a1.pdf,238418,application/pdf
https://spirez.org/kepirb/11/13.pdf,https://spirez.org/kepirb/k11.html,13_e29f64a4.pdf,244273,application/pdf
https://spirez.org/kepirb/11/4-5.pdf,https://spirez.org/kepirb/k11.html,4-5_de02271c.pdf,457639,application/pdf
https://spirez.org/kepirb/11/20-21.pdf,https://spirez.org/kepirb/k11.html,20-21_e050b266.pdf,483345,application/pdf
https://spirez.org/kepirb/11/19.pdf,https://spirez.org/kepirb/k11.html,19_e2509b17.pdf,261566,application/pdf
https://spirez.org/kepirb/11/14-15.pdf,https://spirez.org/kepirb/k11.html,14-15_2ab0a938.pdf,351896,application/pdf
https://spirez.org/kepirb/11/11.pdf,https://spirez.org/kepirb/k11.html,11_47c96d12.pdf,263836,application/pdf
https://spirez.org/kepirb/11/16.pdf,https://spirez.org/kepirb/k11.html,16_8ed353d2.pdf,231772,application/pdf
https://spirez.org/kepirb/11/6-9.pdf,https://spirez.org/kepirb/k11.html,6-9_53dda3b5.pdf,942163,application/pdf
https://spirez.org/kepirb/11/2.pdf,https://spirez.org/kepirb/k11.html,2_17b2c8db.pdf,301072,application/pdf
https://spirez.org/kepirb/11/18.pdf,https://spirez.org/kepirb/k11.html,18_e7473fe7.pdf,200460,application/pdf
https://spirez.org/kepirb/11/24-26.pdf,https://spirez.org/kepirb/k11.html,24-26_04175ee8.pdf,718100,application/pdf
https://spirez.org/kepirb/11/27.pdf,https://spirez.org/kepirb/k11.html,27_e7cf5733.pdf,241445,application/pdf
https://spirez.org/kepirb/11/3.pdf,https://spirez.org/kepirb/k11.html,3_cdc56aa8.pdf,349098,application/pdf
https://spirez.org/kepirb/11/17.pdf,https://spirez.org/kepirb/k11.html,17_cc91d5b9.pdf,286668,application/pdf
https://spirez.org/kepirb/11/10.pdf,https://spirez.org/kepirb/k11.html,10_d90aec9c.pdf,247824,application/pdf
https://spirez.org/kepirb/10/10.pdf,https://spirez.org/kepirb/k10.html,10_419439a3.pdf,278705,application/pdf
https://spirez.org/kepirb/10/3.pdf,https://spirez.org/kepirb/k10.html,3_98806ad0.pdf,369050,application/pdf
https://spirez.org/kepirb/10/13.pdf,https://spirez.org/kepirb/k10.html,13_072aee8d.pdf,221881,application/pdf
https://spirez.org/kepirb/10/17.pdf,https://spirez.org/kepirb/k10.html,17_69d34eb8.pdf,261385,application/pdf
https://spirez.org/kepirb/10/20-21.pdf,https://spirez.org/kepirb/k10.html,20-21_27bbb38a.pdf,3680479,application/pdf
https://spirez.org/kepirb/10/2.pdf,https://spirez.org/kepirb/k10.html,2_78fc6db6.pdf,307719,application/pdf
https://spirez.org/kepirb/10/16.pdf,https://spirez.org/kepirb/k10.html,16_a1e5165e.pdf,233369,application/pdf
https://spirez.org/kepirb/10/4-5.pdf,https://spirez.org/kepirb/k10.html,4-5_a5933a14.pdf,420278,application/pdf
https://spirez.org/kepirb/10/18.pdf,https://spirez.org/kepirb/k10.html,18_2716c9e4.pdf,198190,application/pdf
https://spirez.org/kepirb/10/14-15.pdf,https://spirez.org/kepirb/k10.html,14-15_8f1200c0.pdf,336820,application/pdf
https://spirez.org/kepirb/10/22-23.pdf,https://spirez.org/kepirb/k10.html,22-23_e84db4ab.pdf,2873701,application/pdf
https://spirez.org/kepirb/10/27.pdf,https://spirez.org/kepirb/k10.html,27_bd31cfd6.pdf,228570,application/pdf
https://spirez.org/kepirb/10/12.pdf,https://spirez.org/kepirb/k10.html,12_c31f467a.pdf,227491,application/pdf
https://spirez.org/kepirb/10/24-26.pdf,https://spirez.org/kepirb/k10.html,24-26_a6b418d5.pdf,721228,application/pdf
https://spirez.org/kepirb/10/19.pdf,https://spirez.org/kepirb/k10.html,19_ecc14880.pdf,255931,application/pdf
https://spirez.org/kepirb/10/6-9.pdf,https://spirez.org/kepirb/k10.html,6-9_014a334f.pdf,4652870,application/pdf
https://spirez.org/kepirb/10/11.pdf,https://spirez.org/kepirb/k10.html,11_823bf3f5.pdf,214971,application/pdf
https://spirez.org/kepirb/37/4-5.pdf,https://spirez.org/kepirb/k37.html,4-5_16b1a4f3.pdf,240232,application/pdf
https://spirez.org/kepirb/37/18.pdf,https://spirez.org/kepirb/k37.html,18_b53f2695.pdf,122000,application/pdf
https://spirez.org/kepirb/37/17.pdf,https://spirez.org/kepirb/k37.html,17_54c88edd.pdf,149937,application/pdf
https://spirez.org/kepirb/37/14-15.pdf,https://spirez.org/kepirb/k37.html,14-15_cdd052ab.pdf,316784,application/pdf
https://spirez.org/kepirb/37/27.pdf,https://spirez.org/kepirb/k37.html,27_39fdd9ec.pdf,151975,application/pdf
https://spirez.org/kepirb/37/10.pdf,https://spirez.org/kepirb/k37.html,10_8ddb92cc.pdf,178574,application/pdf
https://spirez.org/kepirb/37/2.pdf,https://spirez.org/kepirb/k37.html,2_61f319c7.pdf,207637,application/pdf
https://spirez.org/kepirb/37/11.pdf,https://spirez.org/kepirb/k37.html,11_f1b306c7.pdf,157144,application/pdf
https://spirez.org/kepirb/37/12.pdf,https://spirez.org/kepirb/k37.html,12_9af4fabf.pdf,87248,application/pdf
https://spirez.org/kepirb/37/24-25.pdf,https://spirez.org/kepirb/k37.html,24-25_de789afe.pdf,254341,application/pdf
https://spirez.org/kepirb/37/22-23.pdf,https://spirez.org/kepirb/k37.html,22-23_1e0f478f.pdf,311183,application/pdf
https://spirez.org/kepirb/37/20-21.pdf,https://spirez.org/kepirb/k37.html,20-21_e7e85484.pdf,317308,application/pdf
https://spirez.org/kepirb/37/13.pdf,https://spirez.org/kepirb/k37.html,13_f5b0c484.pdf,152129,application/pdf
https://spirez.org/kepirb/37/19.pdf,https://spirez.org/kepirb/k37.html,19_91e4fdfc.pdf,135992,application/pdf
https://spirez.org/kepirb/37/26.pdf,https://spirez.org/kepirb/k37.html,26_c691d21a.pdf,141671,application/pdf
https://spirez.org/kepirb/37/16.pdf,https://spirez.org/kepirb/k37.html,16_d0b4fc1b.pdf,92087,application/pdf
https://spirez.org/kepirb/37/6-9.pdf,https://spirez.org/kepirb/k37.html,6-9_e75d7871.pdf,757471,application/pdf
https://spirez.org/kepirb/27/10.pdf,https://spirez.org/kepirb/k27.html,10_e8e02566.pdf,162509,application/pdf
https://spirez.org/kepirb/37/3.pdf,https://spirez.org/kepirb/k37.html,3_08324126.pdf,204934,application/pdf
https://spirez.org/kepirb/27/17.pdf,https://spirez.org/kepirb/k27.html,17_c788eec8.pdf,130704,application/pdf
https://spirez.org/kepirb/27/20-21.pdf,https://spirez.org/kepirb/k27.html,20-21_badb6ac1.pdf,262190,application/pdf
https://spirez.org/kepirb/27/16.pdf,https://spirez.org/kepirb/k27.html,16_3311698b.pdf,122256,application/pdf
https://spirez.org/kepirb/27/3.pdf,https://spirez.org/kepirb/k27.html,3_002095bb.pdf,219639,application/pdf
https://spirez.org/kepirb/27/22-23.pdf,https://spirez.org/kepirb/k27.html,22-23_6b9a3aeb.pdf,266682,application/pdf
https://spirez.org/kepirb/27/11.pdf,https://spirez.org/kepirb/k27.html,11_5efc4a34.pdf,134179,application/pdf
https://spirez.org/kepirb/27/13.pdf,https://spirez.org/kepirb/k27.html,13_edbc576e.pdf,121805,application/pdf
https://spirez.org/kepirb/27/12.pdf,https://spirez.org/kepirb/k27.html,12_9ebd1ad9.pdf,124197,application/pdf
https://spirez.org/kepirb/27/6-9.pdf,https://spirez.org/kepirb/k27.html,6-9_db66a0a0.pdf,525451,application/pdf
https://spirez.org/kepirb/27/4-5.pdf,https://spirez.org/kepirb/k27.html,4-5_a6820abc.pdf,242144,application/pdf
https://spirez.org/kepirb/27/18.pdf,https://spirez.org/kepirb/k27.html,18_206a23bf.pdf,112957,application/pdf
https://spirez.org/kepirb/27/2.pdf,https://spirez.org/kepirb/k27.html,2_5b8e9747.pdf,127143,application/pdf
https://spirez.org/kepirb/27/27.pdf,https://spirez.org/kepirb/k27.html,27_aa139c62.pdf,137027,application/pdf
https://spirez.org/kepirb/27/19.pdf,https://spirez.org/kepirb/k27.html,19_f6774bda.pdf,134683,application/pdf
https://spirez.org/kepirb/27/14-15.pdf,https://spirez.org/kepirb/k27.html,14-15_0a89e288.pdf,247885,application/pdf
https://spirez.org/kepirb/27/26.pdf,https://spirez.org/kepirb/k27.html,26_1976f9c7.pdf,141504,application/pdf
https://spirez.org/kepirb/27/24-25.pdf,https://spirez.org/kepirb/k27.html,24-25_b8d91de4.pdf,238513,application/pdf
https://spirez.org/kepirb/26/27.pdf,https://spirez.org/kepirb/k26.html,27_3d7e08d9.pdf,131175,application/pdf
https://spirez.org/kepirb/26/24-25.pdf,https://spirez.org/kepirb/k26.html,24-25_fdcb7767.pdf,229743,application/pdf
https://spirez.org/kepirb/26/2.pdf,https://spirez.org/kepirb/k26.html,2_31638d7d.pdf,168324,application/pdf
https://spirez.org/kepirb/26/13.pdf,https://spirez.org/kepirb/k26.html,13_8fb69c55.pdf,137146,application/pdf
https://spirez.org/kepirb/26/22-23.pdf,https://spirez.org/kepirb/k26.html,22-23_e7fe4349.pdf,229820,application/pdf
https://spirez.org/kepirb/26/12.pdf,https://spirez.org/kepirb/k26.html,12_245a827d.pdf,117958,application/pdf
https://spirez.org/kepirb/26/6-9.pdf,https://spirez.org/kepirb/k26.html,6-9_e8abc444.pdf,482812,application/pdf
https://spirez.org/kepirb/26/18.pdf,https://spirez.org/kepirb/k26.html,18_2acab60e.pdf,111989,application/pdf
https://spirez.org/kepirb/26/26.pdf,https://spirez.org/kepirb/k26.html,26_ab37de5a.pdf,123196,application/pdf
https://spirez.org/kepirb/26/16.pdf,https://spirez.org/kepirb/k26.html,16_de6b49ad.pdf,121175,application/pdf
https://spirez.org/kepirb/26/4-5.pdf,https://spirez.org/kepirb/k26.html,4-5_95d17b0f.pdf,204213,application/pdf
https://spirez.org/kepirb/26/20-21.pdf,https://spirez.org/kepirb/k26.html,20-21_662ec622.pdf,256538,application/pdf
https://spirez.org/kepirb/26/19.pdf,https://spirez.org/kepirb/k26.html,19_063f4c5e.pdf,137154,application/pdf
https://spirez.org/kepirb/26/10.pdf,https://spirez.org/kepirb/k26.html,10_8fbfebcb.pdf,154385,application/pdf
https://spirez.org/kepirb/26/14-15.pdf,https://spirez.org/kepirb/k26.html,14-15_29639ab7.pdf,229417,application/pdf
https://spirez.org/kepirb/26/11.pdf,https://spirez.org/kepirb/k26.html,11_3ad67b81.pdf,142938,application/pdf
https://spirez.org/kepirb/26/17.pdf,https://spirez.org/kepirb/k26.html,17_11d60dd8.pdf,126366,application/pdf
https://spirez.org/kepirb/26/3.pdf,https://spirez.org/kepirb/k26.html,3_80d67c92.pdf,212812,application/pdf
https://spirez.org/kepirb/23/4-5.pdf,https://spirez.org/kepirb/k23.html,4-5_5f017159.pdf,318027,application/pdf
https://spirez.org/kepirb/23/12.pdf,https://spirez.org/kepirb/k23.html,12_79a475cc.pdf,183561,application/pdf
https://spirez.org/kepirb/23/13.pdf,https://spirez.org/kepirb/k23.html,13_785f6b0c.pdf,228467,application/pdf
https://spirez.org/kepirb/23/2.pdf,https://spirez.org/kepirb/k23.html,2_64ca02b7.pdf,265858,application/pdf
https://spirez.org/kepirb/23/24-25.pdf,https://spirez.org/kepirb/k23.html,24-25_7444c22f.pdf,351443,application/pdf
https://spirez.org/kepirb/23/26.pdf,https://spirez.org/kepirb/k23.html,26_803afedc.pdf,177151,application/pdf
https://spirez.org/kepirb/23/17.pdf,https://spirez.org/kepirb/k23.html,17_947d11ef.pdf,222743,application/pdf
https://spirez.org/kepirb/23/3.pdf,https://spirez.org/kepirb/k23.html,3_8320e68e.pdf,358114,application/pdf
https://spirez.org/kepirb/23/18.pdf,https://spirez.org/kepirb/k23.html,18_7f8bdb26.pdf,195348,application/pdf
https://spirez.org/kepirb/23/6-9.pdf,https://spirez.org/kepirb/k23.html,6-9_93e37a75.pdf,865958,application/pdf
https://spirez.org/kepirb/23/22-23.pdf,https://spirez.org/kepirb/k23.html,22-23_66598b18.pdf,405009,application/pdf
https://spirez.org/kepirb/23/19.pdf,https://spirez.org/kepirb/k23.html,19_6c292a01.pdf,225813,application/pdf
https://spirez.org/kepirb/23/11.pdf,https://spirez.org/kepirb/k23.html,11_d49c74a5.pdf,231899,application/pdf
https://spirez.org/kepirb/23/27.pdf,https://spirez.org/kepirb/k23.html,27_6c6ec40e.pdf,227274,application/pdf
https://spirez.org/kepirb/23/10.pdf,https://spirez.org/kepirb/k23.html,10_da6c7d45.pdf,217113,application/pdf
https://spirez.org/kepirb/23/20-21.pdf,https://spirez.org/kepirb/k23.html,20-21_0cdf8f5c.pdf,495426,application/pdf
https://spirez.org/kepirb/23/14-15.pdf,https://spirez.org/kepirb/k23.html,14-15_358901ab.pdf,408777,application/pdf
https://spirez.org/kepirb/23/16.pdf,https://spirez.org/kepirb/k23.html,16_29c0ca57.pdf,204059,application/pdf
https://spirez.org/kepirb/45/26-27.pdf,https://spirez.org/kepirb/k45.html,26-27_b7d95007.pdf,246871,application/pdf
https://spirez.org/kepirb/45/3.pdf,https://spirez.org/kepirb/k45.html,3_88015a40.pdf,128495,application/pdf
https://spirez.org/kepirb/45/24-25.pdf,https://spirez.org/kepirb/k45.html,24-25_2f3053a1.pdf,309478,application/pdf
https://spirez.org/kepirb/45/30-31.pdf,https://spirez.org/kepirb/k45.html,30-31_b116336a.pdf,296882,application/pdf
https://spirez.org/kepirb/45/16-17.pdf,https://spirez.org/kepirb/k45.html,16-17_bb8b11e5.pdf,344333,application/pdf
https://spirez.org/kepirb/45/14-15.pdf,https://spirez.org/kepirb/k45.html,14-15_d2af62e7.pdf,258413,application/pdf
https://spirez.org/kepirb/45/34-37.pdf,https://spirez.org/kepirb/k45.html,34-37_5b69e20a.pdf,499266,application/pdf
https://spirez.org/kepirb/45/4-5.pdf,https://spirez.org/kepirb/k45.html,4-5_a93aa2af.pdf,353028,application/pdf
https://spirez.org/kepirb/45/42.pdf,https://spirez.org/kepirb/k45.html,42_6ba952cc.pdf,136912,application/pdf
https://spirez.org/kepirb/45/12-13.pdf,https://spirez.org/kepirb/k45.html,12-13_2fcf69c5.pdf,215320,application/pdf
https://spirez.org/kepirb/45/28-29.pdf,https://spirez.org/kepirb/k45.html,28-29_fe095aad.pdf,304730,application/pdf
https://spirez.org/kepirb/45/21.pdf,https://spirez.org/kepirb/k45.html,21_1f4aff18.pdf,148058,application/pdf
https://spirez.org/kepirb/45/2.pdf,https://spirez.org/kepirb/k45.html,2_6c7fedae.pdf,186706,application/pdf
https://spirez.org/kepirb/45/6-9.pdf,https://spirez.org/kepirb/k45.html,6-9_c8d9e8b8.pdf,751200,application/pdf
https://spirez.org/kepirb/45/38-39.pdf,https://spirez.org/kepirb/k45.html,38-39_301132df.pdf,279196,application/pdf
https://spirez.org/kepirb/45/10-11.pdf,https://spirez.org/kepirb/k45.html,10-11_76d9600b.pdf,401068,application/pdf
https://spirez.org/kepirb/45/43.pdf,https://spirez.org/kepirb/k45.html,43_bce302c7.pdf,190609,application/pdf
https://spirez.org/kepirb/45/20.pdf,https://spirez.org/kepirb/k45.html,20_bcb0682a.pdf,141278,application/pdf
https://spirez.org/kepirb/45/40-41.pdf,https://spirez.org/kepirb/k45.html,40-41_555eb042.pdf,234051,application/pdf
https://spirez.org/kepirb/45/32-33.pdf,https://spirez.org/kepirb/k45.html,32-33_47852944.pdf,226163,application/pdf
https://spirez.org/kepirb/45/22-23.pdf,https://spirez.org/kepirb/k45.html,22-23_85a2d743.pdf,316414,application/pdf
https://spirez.org/kepirb/31/18.pdf,https://spirez.org/kepirb/k31.html,18_cda598e5.pdf,124379,application/pdf
https://spirez.org/kepirb/31/19.pdf,https://spirez.org/kepirb/k31.html,19_a4a277d2.pdf,145219,application/pdf
https://spirez.org/kepirb/31/4-5.pdf,https://spirez.org/kepirb/k31.html,4-5_3d393e52.pdf,234541,application/pdf
https://spirez.org/kepirb/45/18-19.pdf,https://spirez.org/kepirb/k45.html,18-19_71ecb80b.pdf,354410,application/pdf
https://spirez.org/kepirb/31/3.pdf,https://spirez.org/kepirb/k31.html,3_d7a5edcf.pdf,221853,application/pdf
https://spirez.org/kepirb/31/13.pdf,https://spirez.org/kepirb/k31.html,13_04934f07.pdf,121871,application/pdf
https://spirez.org/kepirb/31/17.pdf,https://spirez.org/kepirb/k31.html,17_2159b1cb.pdf,132439,application/pdf
https://spirez.org/kepirb/31/20-21.pdf,https://spirez.org/kepirb/k31.html,20-21_600cdeea.pdf,356603,application/pdf
https://spirez.org/kepirb/31/16.pdf,https://spirez.org/kepirb/k31.html,16_84a060b6.pdf,128940,application/pdf
https://spirez.org/kepirb/31/10.pdf,https://spirez.org/kepirb/k31.html,10_5a3a2a01.pdf,150314,application/pdf
https://spirez.org/kepirb/31/2.pdf,https://spirez.org/kepirb/k31.html,2_f146c722.pdf,192839,application/pdf
https://spirez.org/kepirb/31/11.pdf,https://spirez.org/kepirb/k31.html,11_1f558490.pdf,154492,application/pdf
https://spirez.org/kepirb/31/12.pdf,https://spirez.org/kepirb/k31.html,12_7c81e214.pdf,130735,application/pdf
https://spirez.org/kepirb/31/22-23.pdf,https://spirez.org/kepirb/k31.html,22-23_38384005.pdf,287951,application/pdf
https://spirez.org/kepirb/31/27.pdf,https://spirez.org/kepirb/k31.html,27_a817670b.pdf,141428,application/pdf
https://spirez.org/kepirb/31/26.pdf,https://spirez.org/kepirb/k31.html,26_78cdb2eb.pdf,134475,application/pdf
https://spirez.org/kepirb/31/24-25.pdf,https://spirez.org/kepirb/k31.html,24-25_52dbe899.pdf,263074,application/pdf
https://spirez.org/kepirb/31/14-15.pdf,https://spirez.org/kepirb/k31.html,14-15_b7ec4be1.pdf,277086,application/pdf
https://spirez.org/kepirb/31/6-9.pdf,https://spirez.org/kepirb/k31.html,6-9_e22bed71.pdf,669386,application/pdf
https://spirez.org/kepirb/18/12.pdf,https://spirez.org/kepirb/k18.html,12_c7b933fb.pdf,203681,application/pdf
https://spirez.org/kepirb/18/6-9.pdf,https://spirez.org/kepirb/k18.html,6-9_20205b61.pdf,1068620,application/pdf
https://spirez.org/kepirb/18/13.pdf,https://spirez.org/kepirb/k18.html,13_54f97947.pdf,192148,application/pdf
https://spirez.org/kepirb/18/11.pdf,https://spirez.org/kepirb/k18.html,11_4ad4d34f.pdf,249908,application/pdf
https://spirez.org/kepirb/18/27.pdf,https://spirez.org/kepirb/k18.html,27_8a830fef.pdf,244447,application/pdf
https://spirez.org/kepirb/18/10.pdf,https://spirez.org/kepirb/k18.html,10_3f7b35ce.pdf,249002,application/pdf
https://spirez.org/kepirb/18/24-26.pdf,https://spirez.org/kepirb/k18.html,24-26_b0a7f3a2.pdf,504275,application/pdf
https://spirez.org/kepirb/18/19.pdf,https://spirez.org/kepirb/k18.html,19_0eec95e8.pdf,239301,application/pdf
https://spirez.org/kepirb/18/2.pdf,https://spirez.org/kepirb/k18.html,2_5ea520b0.pdf,276308,application/pdf
https://spirez.org/kepirb/18/17.pdf,https://spirez.org/kepirb/k18.html,17_ae6d451b.pdf,208182,application/pdf
https://spirez.org/kepirb/18/22-23.pdf,https://spirez.org/kepirb/k18.html,22-23_06ff750e.pdf,406387,application/pdf
https://spirez.org/kepirb/18/3.pdf,https://spirez.org/kepirb/k18.html,3_6fbfa84d.pdf,361540,application/pdf
https://spirez.org/kepirb/18/18.pdf,https://spirez.org/kepirb/k18.html,18_d65a9300.pdf,203203,application/pdf
https://spirez.org/kepirb/18/16.pdf,https://spirez.org/kepirb/k18.html,16_a92d001f.pdf,219130,application/pdf
https://spirez.org/kepirb/18/4-5.pdf,https://spirez.org/kepirb/k18.html,4-5_b99ac5c6.pdf,468264,application/pdf
https://spirez.org/kepirb/18/20-21.pdf,https://spirez.org/kepirb/k18.html,20-21_fdcd902e.pdf,468951,application/pdf
https://spirez.org/kepirb/18/14-15.pdf,https://spirez.org/kepirb/k18.html,14-15_648ad928.pdf,3035338,application/pdf
https://spirez.org/kepirb/41/2.pdf,https://spirez.org/kepirb/k41.html,2_1bd1a49f.pdf,210098,application/pdf
https://spirez.org/kepirb/41/27.pdf,https://spirez.org/kepirb/k41.html,27_0b1e1a5d.pdf,185262,application/pdf
https://spirez.org/kepirb/41/19.pdf,https://spirez.org/kepirb/k41.html,19_fc449a06.pdf,128851,application/pdf
https://spirez.org/kepirb/41/22-23.pdf,https://spirez.org/kepirb/k41.html,22-23_e1bbbe11.pdf,259585,application/pdf
https://spirez.org/kepirb/41/4-5.pdf,https://spirez.org/kepirb/k41.html,4-5_5b45273a.pdf,187000,application/pdf
https://spirez.org/kepirb/41/10.pdf,https://spirez.org/kepirb/k41.html,10_b7297efa.pdf,167567,application/pdf
https://spirez.org/kepirb/41/6-9.pdf,https://spirez.org/kepirb/k41.html,6-9_94d6acf1.pdf,664992,application/pdf
https://spirez.org/kepirb/41/17.pdf,https://spirez.org/kepirb/k41.html,17_f11cfa71.pdf,123533,application/pdf
https://spirez.org/kepirb/41/20-21.pdf,https://spirez.org/kepirb/k41.html,20-21_fe944e41.pdf,355230,application/pdf
https://spirez.org/kepirb/41/18.pdf,https://spirez.org/kepirb/k41.html,18_c25d13d2.pdf,123032,application/pdf
https://spirez.org/kepirb/41/24-25.pdf,https://spirez.org/kepirb/k41.html,24-25_832e0f88.pdf,255390,application/pdf
https://spirez.org/kepirb/41/26.pdf,https://spirez.org/kepirb/k41.html,26_0a2b6493.pdf,124070,application/pdf
https://spirez.org/kepirb/41/11.pdf,https://spirez.org/kepirb/k41.html,11_7f5f476b.pdf,165931,application/pdf
https://spirez.org/kepirb/41/13.pdf,https://spirez.org/kepirb/k41.html,13_1103154b.pdf,120311,application/pdf
https://spirez.org/kepirb/41/16.pdf,https://spirez.org/kepirb/k41.html,16_62ee55b6.pdf,83551,application/pdf
https://spirez.org/kepirb/41/14-15.pdf,https://spirez.org/kepirb/k41.html,14-15_81b139dc.pdf,282221,application/pdf
https://spirez.org/kepirb/41/3.pdf,https://spirez.org/kepirb/k41.html,3_3769cee6.pdf,181948,application/pdf
https://spirez.org/kepirb/41/12.pdf,https://spirez.org/kepirb/k41.html,12_cc696017.pdf,79258,application/pdf
https://spirez.org/kepirb/16/20-21.pdf,https://spirez.org/kepirb/k16.html,20-21_7417396e.pdf,511328,application/pdf
https://spirez.org/kepirb/16/16.pdf,https://spirez.org/kepirb/k16.html,16_64bd6646.pdf,210684,application/pdf
https://spirez.org/kepirb/16/19.pdf,https://spirez.org/kepirb/k16.html,19_9b789315.pdf,231406,application/pdf
https://spirez.org/kepirb/16/18.pdf,https://spirez.org/kepirb/k16.html,18_87c5ad03.pdf,191731,application/pdf
https://spirez.org/kepirb/16/22-23.pdf,https://spirez.org/kepirb/k16.html,22-23_e8ce018b.pdf,400813,application/pdf
https://spirez.org/kepirb/16/4-5.pdf,https://spirez.org/kepirb/k16.html,4-5_99d0fac3.pdf,334918,application/pdf
https://spirez.org/kepirb/16/2.pdf,https://spirez.org/kepirb/k16.html,2_dfa59ddf.pdf,284140,application/pdf
https://spirez.org/kepirb/16/24-25.pdf,https://spirez.org/kepirb/k16.html,24-25_402551d1.pdf,345692,application/pdf
https://spirez.org/kepirb/16/6-9.pdf,https://spirez.org/kepirb/k16.html,6-9_d2f24fa9.pdf,907639,application/pdf
https://spirez.org/kepirb/16/13.pdf,https://spirez.org/kepirb/k16.html,13_550f3223.pdf,184173,application/pdf
https://spirez.org/kepirb/16/12.pdf,https://spirez.org/kepirb/k16.html,12_847cfe14.pdf,201564,application/pdf
https://spirez.org/kepirb/16/11.pdf,https://spirez.org/kepirb/k16.html,11_d6d0c83c.pdf,251542,application/pdf
https://spirez.org/kepirb/16/14-15.pdf,https://spirez.org/kepirb/k16.html,14-15_ed6dae7d.pdf,354977,application/pdf
https://spirez.org/kepirb/16/3.pdf,https://spirez.org/kepirb/k16.html,3_faed0005.pdf,363655,application/pdf
https://spirez.org/kepirb/16/17.pdf,https://spirez.org/kepirb/k16.html,17_db989c86.pdf,195399,application/pdf
https://spirez.org/kepirb/16/10.pdf,https://spirez.org/kepirb/k16.html,10_771d7b13.pdf,222611,application/pdf
https://spirez.org/kepirb/16/27.pdf,https://spirez.org/kepirb/k16.html,27_1620d6a8.pdf,206393,application/pdf
https://spirez.org/kepirb/63/9.pdf,https://spirez.org/kepirb/k63.html,9_afbc497b.pdf,237074,application/pdf
https://spirez.org/kepirb/63/23.pdf,https://spirez.org/kepirb/k63.html,23_439147a1.pdf,131687,application/pdf
https://spirez.org/kepirb/63/1.pdf,https://spirez.org/kepirb/k63.html,1_7a40fadd.pdf,316871,application/pdf
https://spirez.org/kepirb/63/28.pdf,https://spirez.org/kepirb/k63.html,28_a94ca524.pdf,181899,application/pdf
https://spirez.org/kepirb/63/19.pdf,https://spirez.org/kepirb/k63.html,19_bf941767.pdf,258862,application/pdf
https://spirez.org/kepirb/63/3.pdf,https://spirez.org/kepirb/k63.html,3_c1aba82e.pdf,120253,application/pdf
https://spirez.org/kepirb/63/25.pdf,https://spirez.org/kepirb/k63.html,25_90cc4d28.pdf,279520,application/pdf
https://spirez.org/kepirb/63/7.pdf,https://spirez.org/kepirb/k63.html,7_e7d5110d.pdf,211341,application/pdf
https://spirez.org/kepirb/63/8.pdf,https://spirez.org/kepirb/k63.html,8_035aa82a.pdf,229369,application/pdf
https://spirez.org/kepirb/63/14.pdf,https://spirez.org/kepirb/k63.html,14_d781058f.pdf,332067,application/pdf
https://spirez.org/kepirb/63/10.pdf,https://spirez.org/kepirb/k63.html,10_b1879288.pdf,257809,application/pdf
https://spirez.org/kepirb/63/27.pdf,https://spirez.org/kepirb/k63.html,27_a722e773.pdf,146160,application/pdf
https://spirez.org/kepirb/63/26.pdf,https://spirez.org/kepirb/k63.html,26_9365f17a.pdf,281668,application/pdf
https://spirez.org/kepirb/63/6.pdf,https://spirez.org/kepirb/k63.html,6_e61a03e2.pdf,327398,application/pdf
https://spirez.org/kepirb/63/17.pdf,https://spirez.org/kepirb/k63.html,17_8223763d.pdf,210168,application/pdf
https://spirez.org/kepirb/63/16.pdf,https://spirez.org/kepirb/k63.html,16_9b6641a3.pdf,223724,application/pdf
https://spirez.org/kepirb/63/5.pdf,https://spirez.org/kepirb/k63.html,5_3c7eaa6d.pdf,498266,application/pdf
https://spirez.org/kepirb/63/13.pdf,https://spirez.org/kepirb/k63.html,13_28edbb88.pdf,280966,application/pdf
https://spirez.org/kepirb/63/15.pdf,https://spirez.org/kepirb/k63.html,15_ee8da6ad.pdf,244596,application/pdf
https://spirez.org/kepirb/63/11.pdf,https://spirez.org/kepirb/k63.html,11_b86c54d0.pdf,219463,application/pdf
https://spirez.org/kepirb/63/12.pdf,https://spirez.org/kepirb/k63.html,12_c313c6c7.pdf,239810,application/pdf
https://spirez.org/kepirb/63/2.pdf,https://spirez.org/kepirb/k63.html,2_70c48776.pdf,115347,application/pdf
https://spirez.org/kepirb/63/21.pdf,https://spirez.org/kepirb/k63.html,21_378b1c86.pdf,164798,application/pdf
https://spirez.org/kepirb/63/24.pdf,https://spirez.org/kepirb/k63.html,24_74da2dcb.pdf,102505,application/pdf
https://spirez.org/kepirb/63/18.pdf,https://spirez.org/kepirb/k63.html,18_d4d754c6.pdf,321794,application/pdf
https://spirez.org/kepirb/63/22.pdf,https://spirez.org/kepirb/k63.html,22_d1b54fa9.pdf,191860,application/pdf
https://spirez.org/kepirb/63/20.pdf,https://spirez.org/kepirb/k63.html,20_b569a53a.pdf,96555,application/pdf
https://spirez.org/kepirb/63/4.pdf,https://spirez.org/kepirb/k63.html,4_a3f00aaf.pdf,338029,application/pdf
https://spirez.org/kepirb/7/18-19.pdf,https://spirez.org/kepirb/k7.html,18-19_1515670f.pdf,415304,application/pdf
https://spirez.org/kepirb/7/14.pdf,https://spirez.org/kepirb/k7.html,14_f661a021.pdf,244672,application/pdf
https://spirez.org/kepirb/7/23.pdf,https://spirez.org/kepirb/k7.html,23_6970666f.pdf,231310,application/pdf
https://spirez.org/kepirb/7/10.pdf,https://spirez.org/kepirb/k7.html,10_5ef14996.pdf,315912,application/pdf
https://spirez.org/kepirb/7/15.pdf,https://spirez.org/kepirb/k7.html,15_0b2dd84f.pdf,242089,application/pdf
https://spirez.org/kepirb/7/20-22.pdf,https://spirez.org/kepirb/k7.html,20-22_fc95e9b5.pdf,606277,application/pdf
https://spirez.org/kepirb/7/6-8.pdf,https://spirez.org/kepirb/k7.html,6-8_64a81e28.pdf,850179,application/pdf
https://spirez.org/kepirb/7/12-13.pdf,https://spirez.org/kepirb/k7.html,12-13_053370c2.pdf,515538,application/pdf
https://spirez.org/kepirb/7/17.pdf,https://spirez.org/kepirb/k7.html,17_e84e3043.pdf,258330,application/pdf
https://spirez.org/kepirb/7/16.pdf,https://spirez.org/kepirb/k7.html,16_55e312c2.pdf,208652,application/pdf
https://spirez.org/kepirb/7/4-5.pdf,https://spirez.org/kepirb/k7.html,4-5_f3d678ee.pdf,441674,application/pdf
https://spirez.org/kepirb/7/11.pdf,https://spirez.org/kepirb/k7.html,11_88dde4f1.pdf,242550,application/pdf
https://spirez.org/kepirb/7/9.pdf,https://spirez.org/kepirb/k7.html,9_aa8159a9.pdf,208235,application/pdf
https://spirez.org/kepirb/7/2.pdf,https://spirez.org/kepirb/k7.html,2_845cf305.pdf,275936,application/pdf
https://spirez.org/kepirb/7/3.pdf,https://spirez.org/kepirb/k7.html,3_3b5751ee.pdf,324610,application/pdf
https://spirez.org/kepirb/4/11.pdf,https://spirez.org/kepirb/k4.html,11_d056747d.pdf,164416,application/pdf
https://spirez.org/kepirb/4/12-13.pdf,https://spirez.org/kepirb/k4.html,12-13_0e9126ee.pdf,217099,application/pdf
https://spirez.org/kepirb/4/14.pdf,https://spirez.org/kepirb/k4.html,14_a73fac6c.pdf,188276,application/pdf
https://spirez.org/kepirb/4/4-5.pdf,https://spirez.org/kepirb/k4.html,4-5_fbab1ef8.pdf,217057,application/pdf
https://spirez.org/kepirb/4/2.pdf,https://spirez.org/kepirb/k4.html,2_3e95982e.pdf,192976,application/pdf
https://spirez.org/kepirb/4/3.pdf,https://spirez.org/kepirb/k4.html,3_cce8762c.pdf,238530,application/pdf
https://spirez.org/kepirb/4/15.pdf,https://spirez.org/kepirb/k4.html,15_05cadc36.pdf,176009,application/pdf
https://spirez.org/kepirb/4/18-19.pdf,https://spirez.org/kepirb/k4.html,18-19_e2201fd1.pdf,290873,application/pdf
https://spirez.org/kepirb/4/16.pdf,https://spirez.org/kepirb/k4.html,16_21b2f1fa.pdf,116602,application/pdf
https://spirez.org/kepirb/4/17.pdf,https://spirez.org/kepirb/k4.html,17_c1b597e6.pdf,142700,application/pdf
https://spirez.org/kepirb/4/20-22.pdf,https://spirez.org/kepirb/k4.html,20-22_617d175c.pdf,472672,application/pdf
https://spirez.org/kepirb/4/23.pdf,https://spirez.org/kepirb/k4.html,23_243bc0cd.pdf,143147,application/pdf
https://spirez.org/kepirb/4/10.pdf,https://spirez.org/kepirb/k4.html,10_7495032c.pdf,214725,application/pdf
https://spirez.org/kepirb/4/9.pdf,https://spirez.org/kepirb/k4.html,9_9db7a7aa.pdf,128462,application/pdf
https://spirez.org/kepirb/4/6-8.pdf,https://spirez.org/kepirb/k4.html,6-8_2c013f99.pdf,495687,application/pdf
https://spirez.org/kepirb/40/12.pdf,https://spirez.org/kepirb/k40.html,12_71a45db3.pdf,89393,application/pdf
https://spirez.org/kepirb/40/22-23.pdf,https://spirez.org/kepirb/k40.html,22-23_7532c3c5.pdf,275615,application/pdf
https://spirez.org/kepirb/40/14-15.pdf,https://spirez.org/kepirb/k40.html,14-15_4c742181.pdf,261650,application/pdf
https://spirez.org/kepirb/40/27.pdf,https://spirez.org/kepirb/k40.html,27_8cb9efaa.pdf,182355,application/pdf
https://spirez.org/kepirb/40/26.pdf,https://spirez.org/kepirb/k40.html,26_12c5fbd3.pdf,124097,application/pdf
https://spirez.org/kepirb/40/24-25.pdf,https://spirez.org/kepirb/k40.html,24-25_b3de7e03.pdf,247427,application/pdf
https://spirez.org/kepirb/40/11.pdf,https://spirez.org/kepirb/k40.html,11_2c6970af.pdf,156839,application/pdf
https://spirez.org/kepirb/40/20-21.pdf,https://spirez.org/kepirb/k40.html,20-21_50966466.pdf,305918,application/pdf
https://spirez.org/kepirb/40/6-9.pdf,https://spirez.org/kepirb/k40.html,6-9_9502a8f0.pdf,609963,application/pdf
https://spirez.org/kepirb/40/16.pdf,https://spirez.org/kepirb/k40.html,16_5629f685.pdf,73909,application/pdf
https://spirez.org/kepirb/40/13.pdf,https://spirez.org/kepirb/k40.html,13_e1fcdecf.pdf,127443,application/pdf
https://spirez.org/kepirb/40/3.pdf,https://spirez.org/kepirb/k40.html,3_672e1d86.pdf,209628,application/pdf
https://spirez.org/kepirb/40/17.pdf,https://spirez.org/kepirb/k40.html,17_9146a085.pdf,138961,application/pdf
https://spirez.org/kepirb/40/10.pdf,https://spirez.org/kepirb/k40.html,10_3fdb29cd.pdf,171012,application/pdf
https://spirez.org/kepirb/40/4-5.pdf,https://spirez.org/kepirb/k40.html,4-5_22fb67ef.pdf,239297,application/pdf
https://spirez.org/kepirb/40/2.pdf,https://spirez.org/kepirb/k40.html,2_20ef31a9.pdf,207272,application/pdf
https://spirez.org/kepirb/40/18-19.pdf,https://spirez.org/kepirb/k40.html,18-19_31698e03.pdf,254526,application/pdf
https://spirez.org/kepirb/2/2.pdf,https://spirez.org/kepirb/k2.html,2_e0e72d60.pdf,160292,application/pdf
https://spirez.org/kepirb/2/20-22.pdf,https://spirez.org/kepirb/k2.html,20-22_56cad779.pdf,246104,application/pdf
https://spirez.org/kepirb/2/6-8.pdf,https://spirez.org/kepirb/k2.html,6-8_568794a6.pdf,375357,application/pdf
https://spirez.org/kepirb/2/4-5.pdf,https://spirez.org/kepirb/k2.html,4-5_8097b043.pdf,214203,application/pdf
https://spirez.org/kepirb/2/12.pdf,https://spirez.org/kepirb/k2.html,12_9c79100a.pdf,126919,application/pdf
https://spirez.org/kepirb/2/10.pdf,https://spirez.org/kepirb/k2.html,10_232e7e4f.pdf,182381,application/pdf
https://spirez.org/kepirb/2/15.pdf,https://spirez.org/kepirb/k2.html,15_0cee6c05.pdf,128749,application/pdf
https://spirez.org/kepirb/2/3.pdf,https://spirez.org/kepirb/k2.html,3_b0b89c9e.pdf,207196,application/pdf
https://spirez.org/kepirb/2/9.pdf,https://spirez.org/kepirb/k2.html,9_883a4f0d.pdf,132383,application/pdf
https://spirez.org/kepirb/2/17.pdf,https://spirez.org/kepirb/k2.html,17_3cbf9739.pdf,141444,application/pdf
https://spirez.org/kepirb/2/16.pdf,https://spirez.org/kepirb/k2.html,16_c9cac9ed.pdf,115932,application/pdf
https://spirez.org/kepirb/2/23.pdf,https://spirez.org/kepirb/k2.html,23_ba9677b0.pdf,177608,application/pdf
https://spirez.org/kepirb/2/18-19.pdf,https://spirez.org/kepirb/k2.html,18-19_65f4af58.pdf,239185,application/pdf
https://spirez.org/kepirb/2/13-14.pdf,https://spirez.org/kepirb/k2.html,13-14_fc5a1505.pdf,289434,application/pdf
https://spirez.org/kepirb/2/11.pdf,https://spirez.org/kepirb/k2.html,11_aa67eab4.pdf,128356,application/pdf
https://spirez.org/kepirb/66/32-33.pdf,https://spirez.org/kepirb/k66.html,32-33_d36a027b.pdf,207744,application/pdf
https://spirez.org/kepirb/66/4.pdf,https://spirez.org/kepirb/k66.html,4_de233a81.pdf,104512,application/pdf
https://spirez.org/kepirb/66/16-17.pdf,https://spirez.org/kepirb/k66.html,16-17_3c085dda.pdf,238535,application/pdf
https://spirez.org/kepirb/66/5.pdf,https://spirez.org/kepirb/k66.html,5_a1331023.pdf,93031,application/pdf
https://spirez.org/kepirb/66/22-23.pdf,https://spirez.org/kepirb/k66.html,22-23_6ccfe671.pdf,241473,application/pdf
https://spirez.org/kepirb/66/20-21.pdf,https://spirez.org/kepirb/k66.html,20-21_26d48192.pdf,286857,application/pdf
https://spirez.org/kepirb/66/2-3.pdf,https://spirez.org/kepirb/k66.html,2-3_faeba6bf.pdf,300913,application/pdf
https://spirez.org/kepirb/66/40-41.pdf,https://spirez.org/kepirb/k66.html,40-41_6b72d457.pdf,244362,application/pdf
https://spirez.org/kepirb/66/34-35.pdf,https://spirez.org/kepirb/k66.html,34-35_c98e17d2.pdf,197924,application/pdf
https://spirez.org/kepirb/66/36-37.pdf,https://spirez.org/kepirb/k66.html,36-37_19ca52d0.pdf,241650,application/pdf
https://spirez.org/kepirb/66/44-45.pdf,https://spirez.org/kepirb/k66.html,44-45_c04afc1a.pdf,226134,application/pdf
https://spirez.org/kepirb/66/14-15.pdf,https://spirez.org/kepirb/k66.html,14-15_7b67dd30.pdf,215437,application/pdf
https://spirez.org/kepirb/66/28-29.pdf,https://spirez.org/kepirb/k66.html,28-29_1bf0a529.pdf,267811,application/pdf
https://spirez.org/kepirb/66/51.pdf,https://spirez.org/kepirb/k66.html,51_3992c446.pdf,184983,application/pdf
https://spirez.org/kepirb/66/6-7.pdf,https://spirez.org/kepirb/k66.html,6-7_829f4273.pdf,269254,application/pdf
https://spirez.org/kepirb/66/46-47.pdf,https://spirez.org/kepirb/k66.html,46-47_bbba4efd.pdf,272565,application/pdf
https://spirez.org/kepirb/66/50.pdf,https://spirez.org/kepirb/k66.html,50_3d022314.pdf,118304,application/pdf
https://spirez.org/kepirb/66/18-19.pdf,https://spirez.org/kepirb/k66.html,18-19_f3d0177c.pdf,248515,application/pdf
https://spirez.org/kepirb/66/48-49.pdf,https://spirez.org/kepirb/k66.html,48-49_34752583.pdf,250539,application/pdf
https://spirez.org/kepirb/66/38-39.pdf,https://spirez.org/kepirb/k66.html,38-39_ee65f465.pdf,264278,application/pdf
https://spirez.org/kepirb/66/26-27.pdf,https://spirez.org/kepirb/k66.html,26-27_7c42f413.pdf,242346,application/pdf
https://spirez.org/kepirb/66/30-31.pdf,https://spirez.org/kepirb/k66.html,30-31_cc344054.pdf,194424,application/pdf
https://spirez.org/kepirb/66/12-13.pdf,https://spirez.org/kepirb/k66.html,12-13_9c2d5308.pdf,313724,application/pdf
https://spirez.org/kepirb/66/8-11.pdf,https://spirez.org/kepirb/k66.html,8-11_da33e159.pdf,628818,application/pdf
https://spirez.org/kepirb/66/24-25.pdf,https://spirez.org/kepirb/k66.html,24-25_6455a8cc.pdf,248449,application/pdf
https://spirez.org/kepirb/33/3.pdf,https://spirez.org/kepirb/k33.html,3_4a0ab7a5.pdf,216633,application/pdf
https://spirez.org/kepirb/33/2.pdf,https://spirez.org/kepirb/k33.html,2_295575cc.pdf,196322,application/pdf
https://spirez.org/kepirb/33/6-9.pdf,https://spirez.org/kepirb/k33.html,6-9_34b0dc1f.pdf,615342,application/pdf
https://spirez.org/kepirb/33/11.pdf,https://spirez.org/kepirb/k33.html,11_d7c13a8a.pdf,157819,application/pdf
https://spirez.org/kepirb/33/19.pdf,https://spirez.org/kepirb/k33.html,19_1eb251cf.pdf,137028,application/pdf
https://spirez.org/kepirb/66/42-43.pdf,https://spirez.org/kepirb/k66.html,42-43_b03f5b4d.pdf,165556,application/pdf
https://spirez.org/kepirb/33/13.pdf,https://spirez.org/kepirb/k33.html,13_84291cb9.pdf,137390,application/pdf
https://spirez.org/kepirb/33/18.pdf,https://spirez.org/kepirb/k33.html,18_9f5e04e6.pdf,124296,application/pdf
https://spirez.org/kepirb/33/17.pdf,https://spirez.org/kepirb/k33.html,17_256d479c.pdf,139261,application/pdf
https://spirez.org/kepirb/33/14-15.pdf,https://spirez.org/kepirb/k33.html,14-15_b8dd53d9.pdf,317708,application/pdf
https://spirez.org/kepirb/33/4-5.pdf,https://spirez.org/kepirb/k33.html,4-5_e0b702f4.pdf,228596,application/pdf
https://spirez.org/kepirb/33/16.pdf,https://spirez.org/kepirb/k33.html,16_5d550ba6.pdf,94158,application/pdf
https://spirez.org/kepirb/33/22-23.pdf,https://spirez.org/kepirb/k33.html,22-23_e5f6b1f7.pdf,260724,application/pdf
https://spirez.org/kepirb/33/12.pdf,https://spirez.org/kepirb/k33.html,12_b23ccf62.pdf,94687,application/pdf
https://spirez.org/kepirb/33/26.pdf,https://spirez.org/kepirb/k33.html,26_ddca9ae4.pdf,121853,application/pdf
https://spirez.org/kepirb/33/24-25.pdf,https://spirez.org/kepirb/k33.html,24-25_e8228b92.pdf,244401,application/pdf
https://spirez.org/kepirb/33/20-21.pdf,https://spirez.org/kepirb/k33.html,20-21_b8fb6079.pdf,348442,application/pdf
https://spirez.org/kepirb/33/10.pdf,https://spirez.org/kepirb/k33.html,10_cbcd8dda.pdf,178023,application/pdf
https://spirez.org/kepirb/33/27.pdf,https://spirez.org/kepirb/k33.html,27_8e611b17.pdf,134059,application/pdf
https://spirez.org/kepirb/71/36-37.pdf,https://spirez.org/kepirb/k71.html,36-37_42352aca.pdf,235666,application/pdf
https://spirez.org/kepirb/71/42-43-44-45.pdf,https://spirez.org/kepirb/k71.html,42-43-44-45_5d411092.pdf,454295,application/pdf
https://spirez.org/kepirb/71/6-7.pdf,https://spirez.org/kepirb/k71.html,6-7_ecaca1de.pdf,282533,application/pdf
https://spirez.org/kepirb/71/30-31.pdf,https://spirez.org/kepirb/k71.html,30-31_e1bc1723.pdf,287685,application/pdf
https://spirez.org/kepirb/71/48.pdf,https://spirez.org/kepirb/k71.html,48_55f51195.pdf,122108,application/pdf
https://spirez.org/kepirb/71/5.pdf,https://spirez.org/kepirb/k71.html,5_172d0534.pdf,140849,application/pdf
https://spirez.org/kepirb/71/46.pdf,https://spirez.org/kepirb/k71.html,46_7a029f58.pdf,101099,application/pdf
https://spirez.org/kepirb/71/14-15.pdf,https://spirez.org/kepirb/k71.html,14-15_debe9d66.pdf,216658,application/pdf
https://spirez.org/kepirb/71/12-13.pdf,https://spirez.org/kepirb/k71.html,12-13_1152af83.pdf,316056,application/pdf
https://spirez.org/kepirb/71/2-3.pdf,https://spirez.org/kepirb/k71.html,2-3_4c274943.pdf,296558,application/pdf
https://spirez.org/kepirb/71/20-21.pdf,https://spirez.org/kepirb/k71.html,20-21_3de921ad.pdf,244818,application/pdf
https://spirez.org/kepirb/71/38-39.pdf,https://spirez.org/kepirb/k71.html,38-39_a93d549d.pdf,167579,application/pdf
https://spirez.org/kepirb/71/16-17.pdf,https://spirez.org/kepirb/k71.html,16-17_89890d6d.pdf,241923,application/pdf
https://spirez.org/kepirb/71/8-9-10-11.pdf,https://spirez.org/kepirb/k71.html,8-9-10-11_56b2fc22.pdf,531771,application/pdf
https://spirez.org/kepirb/71/22-23.pdf,https://spirez.org/kepirb/k71.html,22-23_1b59dd12.pdf,215118,application/pdf
https://spirez.org/kepirb/71/4.pdf,https://spirez.org/kepirb/k71.html,4_b0adfa5d.pdf,137888,application/pdf
https://spirez.org/kepirb/71/18-19.pdf,https://spirez.org/kepirb/k71.html,18-19_40e89136.pdf,267303,application/pdf
https://spirez.org/kepirb/71/28-29.pdf,https://spirez.org/kepirb/k71.html,28-29_effdf96d.pdf,195216,application/pdf
https://spirez.org/kepirb/71/24-25.pdf,https://spirez.org/kepirb/k71.html,24-25_b37b4f01.pdf,238044,application/pdf
https://spirez.org/kepirb/71/47.pdf,https://spirez.org/kepirb/k71.html,47_94247d02.pdf,187900,application/pdf
https://spirez.org/kepirb/71/26-27.pdf,https://spirez.org/kepirb/k71.html,26-27_cbe7c100.pdf,341700,application/pdf
https://spirez.org/kepirb/71/32-33.pdf,https://spirez.org/kepirb/k71.html,32-33_241e9a72.pdf,339748,application/pdf
https://spirez.org/kepirb/71/34-35.pdf,https://spirez.org/kepirb/k71.html,34-35_2b53c295.pdf,275861,application/pdf
https://spirez.org/kepirb/71/40-41.pdf,https://spirez.org/kepirb/k71.html,40-41_1f16a16a.pdf,200014,application/pdf
https://spirez.org/kepirb/43/12-13.pdf,https://spirez.org/kepirb/k43.html,12-13_3aaa134a.pdf,289030,application/pdf
https://spirez.org/kepirb/43/28-29.pdf,https://spirez.org/kepirb/k43.html,28-29_8a8e2cd2.pdf,262633,application/pdf
https://spirez.org/kepirb/43/3.pdf,https://spirez.org/kepirb/k43.html,3_630c1af0.pdf,141645,application/pdf
https://spirez.org/kepirb/43/20-21.pdf,https://spirez.org/kepirb/k43.html,20-21_467aa95f.pdf,285374,application/pdf
https://spirez.org/kepirb/43/10-11.pdf,https://spirez.org/kepirb/k43.html,10-11_ac0ee9ea.pdf,366041,application/pdf
https://spirez.org/kepirb/43/26-27.pdf,https://spirez.org/kepirb/k43.html,26-27_da2763ae.pdf,293769,application/pdf
https://spirez.org/kepirb/43/18-19.pdf,https://spirez.org/kepirb/k43.html,18-19_b0c9027a.pdf,294589,application/pdf
https://spirez.org/kepirb/43/14.pdf,https://spirez.org/kepirb/k43.html,14_4fb29b44.pdf,126232,application/pdf
https://spirez.org/kepirb/43/15.pdf,https://spirez.org/kepirb/k43.html,15_7fcbabf3.pdf,137593,application/pdf
https://spirez.org/kepirb/43/38.pdf,https://spirez.org/kepirb/k43.html,38_c8ec22be.pdf,157384,application/pdf
https://spirez.org/kepirb/43/30-31.pdf,https://spirez.org/kepirb/k43.html,30-31_9dad2252.pdf,217882,application/pdf
https://spirez.org/kepirb/43/39.pdf,https://spirez.org/kepirb/k43.html,39_8124e9fd.pdf,185678,application/pdf
https://spirez.org/kepirb/43/2.pdf,https://spirez.org/kepirb/k43.html,2_3125932d.pdf,178309,application/pdf
https://spirez.org/kepirb/43/4-5.pdf,https://spirez.org/kepirb/k43.html,4-5_6e1533fd.pdf,305770,application/pdf
https://spirez.org/kepirb/43/22-23.pdf,https://spirez.org/kepirb/k43.html,22-23_b2e6c192.pdf,322957,application/pdf
https://spirez.org/kepirb/43/6-9.pdf,https://spirez.org/kepirb/k43.html,6-9_485c48dd.pdf,565344,application/pdf
https://spirez.org/kepirb/43/36-37.pdf,https://spirez.org/kepirb/k43.html,36-37_724ddb5f.pdf,171272,application/pdf
https://spirez.org/kepirb/43/16-17.pdf,https://spirez.org/kepirb/k43.html,16-17_ecddb078.pdf,213340,application/pdf
https://spirez.org/kepirb/43/24-25.pdf,https://spirez.org/kepirb/k43.html,24-25_fca0dc30.pdf,266846,application/pdf
https://spirez.org/kepirb/43/34-35.pdf,https://spirez.org/kepirb/k43.html,34-35_fefba1ce.pdf,270689,application/pdf
https://spirez.org/kepirb/43/32-33.pdf,https://spirez.org/kepirb/k43.html,32-33_0925fa60.pdf,266863,application/pdf
https://spirez.org/kepirb/8/6-8.pdf,https://spirez.org/kepirb/k8.html,6-8_4e0ee2e2.pdf,922250,application/pdf
https://spirez.org/kepirb/8/11.pdf,https://spirez.org/kepirb/k8.html,11_4d518b76.pdf,235694,application/pdf
https://spirez.org/kepirb/8/20-22.pdf,https://spirez.org/kepirb/k8.html,20-22_9936629e.pdf,688324,application/pdf
https://spirez.org/kepirb/8/18-19.pdf,https://spirez.org/kepirb/k8.html,18-19_6a42108c.pdf,382014,application/pdf
https://spirez.org/kepirb/8/15.pdf,https://spirez.org/kepirb/k8.html,15_51ae64df.pdf,248860,application/pdf
https://spirez.org/kepirb/8/10.pdf,https://spirez.org/kepirb/k8.html,10_313f9890.pdf,231305,application/pdf
https://spirez.org/kepirb/8/17.pdf,https://spirez.org/kepirb/k8.html,17_2c6fed61.pdf,3297285,application/pdf
https://spirez.org/kepirb/8/9.pdf,https://spirez.org/kepirb/k8.html,9_daeedf74.pdf,223137,application/pdf
https://spirez.org/kepirb/8/4-5.pdf,https://spirez.org/kepirb/k8.html,4-5_81432efe.pdf,433133,application/pdf
https://spirez.org/kepirb/8/16.pdf,https://spirez.org/kepirb/k8.html,16_1517c187.pdf,201980,application/pdf
https://spirez.org/kepirb/8/14.pdf,https://spirez.org/kepirb/k8.html,14_2135fdb4.pdf,247204,application/pdf
https://spirez.org/kepirb/8/12-13.pdf,https://spirez.org/kepirb/k8.html,12-13_7f117fa8.pdf,477636,application/pdf
https://spirez.org/kepirb/8/3.pdf,https://spirez.org/kepirb/k8.html,3_57cbcceb.pdf,357013,application/pdf
https://spirez.org/kepirb/8/23.pdf,https://spirez.org/kepirb/k8.html,23_6748cbc3.pdf,229080,application/pdf
https://spirez.org/kepirb/8/2.pdf,https://spirez.org/kepirb/k8.html,2_291b0491.pdf,288643,application/pdf
https://spirez.org/kepirb/14/14-15.pdf,https://spirez.org/kepirb/k14.html,14-15_31178d66.pdf,448622,application/pdf
https://spirez.org/kepirb/14/18.pdf,https://spirez.org/kepirb/k14.html,18_fb64499f.pdf,209182,application/pdf
https://spirez.org/kepirb/14/27.pdf,https://spirez.org/kepirb/k14.html,27_2fd18247.pdf,247583,application/pdf
https://spirez.org/kepirb/14/20-21.pdf,https://spirez.org/kepirb/k14.html,20-21_cddda4d9.pdf,506087,application/pdf
https://spirez.org/kepirb/14/11.pdf,https://spirez.org/kepirb/k14.html,11_15e2d473.pdf,205066,application/pdf
https://spirez.org/kepirb/14/4-5.pdf,https://spirez.org/kepirb/k14.html,4-5_a8fe5fb1.pdf,378050,application/pdf
https://spirez.org/kepirb/14/12.pdf,https://spirez.org/kepirb/k14.html,12_e0d3f518.pdf,210288,application/pdf
https://spirez.org/kepirb/14/10.pdf,https://spirez.org/kepirb/k14.html,10_f7a3d433.pdf,234844,application/pdf
https://spirez.org/kepirb/14/22-23.pdf,https://spirez.org/kepirb/k14.html,22-23_2612b07f.pdf,418931,application/pdf
https://spirez.org/kepirb/14/19.pdf,https://spirez.org/kepirb/k14.html,19_a3654916.pdf,241312,application/pdf
https://spirez.org/kepirb/14/2.pdf,https://spirez.org/kepirb/k14.html,2_1d19a545.pdf,289558,application/pdf
https://spirez.org/kepirb/14/13.pdf,https://spirez.org/kepirb/k14.html,13_bde2d35b.pdf,194595,application/pdf
https://spirez.org/kepirb/14/16.pdf,https://spirez.org/kepirb/k14.html,16_30174990.pdf,204650,application/pdf
https://spirez.org/kepirb/14/6-9.pdf,https://spirez.org/kepirb/k14.html,6-9_3c477eee.pdf,988890,application/pdf
https://spirez.org/kepirb/14/24-26.pdf,https://spirez.org/kepirb/k14.html,24-26_d06051a9.pdf,782566,application/pdf
https://spirez.org/kepirb/14/17.pdf,https://spirez.org/kepirb/k14.html,17_dd478d94.pdf,207205,application/pdf
https://spirez.org/kepirb/14/3.pdf,https://spirez.org/kepirb/k14.html,3_92a43110.pdf,359236,application/pdf
https://spirez.org/kepirb/3/11.pdf,https://spirez.org/kepirb/k3.html,11_f6ed62f7.pdf,147802,application/pdf
https://spirez.org/kepirb/3/10.pdf,https://spirez.org/kepirb/k3.html,10_6c17661d.pdf,170248,application/pdf
https://spirez.org/kepirb/3/18-19.pdf,https://spirez.org/kepirb/k3.html,18-19_3582f7c9.pdf,265406,application/pdf
https://spirez.org/kepirb/3/16.pdf,https://spirez.org/kepirb/k3.html,16_3cdcbfdd.pdf,104444,application/pdf
https://spirez.org/kepirb/3/6-8.pdf,https://spirez.org/kepirb/k3.html,6-8_b61a6267.pdf,357301,application/pdf
https://spirez.org/kepirb/3/20-22.pdf,https://spirez.org/kepirb/k3.html,20-22_f2de2ec5.pdf,296554,application/pdf
https://spirez.org/kepirb/3/4-5.pdf,https://spirez.org/kepirb/k3.html,4-5_732b0794.pdf,219743,application/pdf
https://spirez.org/kepirb/3/9.pdf,https://spirez.org/kepirb/k3.html,9_4f142090.pdf,134915,application/pdf
https://spirez.org/kepirb/3/2.pdf,https://spirez.org/kepirb/k3.html,2_c3e9bbb9.pdf,165548,application/pdf
https://spirez.org/kepirb/3/3.pdf,https://spirez.org/kepirb/k3.html,3_a6fd0d0e.pdf,190127,application/pdf
https://spirez.org/kepirb/3/15.pdf,https://spirez.org/kepirb/k3.html,15_43692a91.pdf,138276,application/pdf
https://spirez.org/kepirb/3/17.pdf,https://spirez.org/kepirb/k3.html,17_412c1b48.pdf,156919,application/pdf
https://spirez.org/kepirb/3/14.pdf,https://spirez.org/kepirb/k3.html,14_e36b679e.pdf,169341,application/pdf
https://spirez.org/kepirb/3/12-13.pdf,https://spirez.org/kepirb/k3.html,12-13_46dc7abd.pdf,205852,application/pdf
https://spirez.org/kepirb/15/11.pdf,https://spirez.org/kepirb/k15.html,11_7d452c7b.pdf,224940,application/pdf
https://spirez.org/kepirb/15/10.pdf,https://spirez.org/kepirb/k15.html,10_50418fa7.pdf,208889,application/pdf
https://spirez.org/kepirb/15/18.pdf,https://spirez.org/kepirb/k15.html,18_d4ddbb8a.pdf,195565,application/pdf
https://spirez.org/kepirb/15/19.pdf,https://spirez.org/kepirb/k15.html,19_1cb87abe.pdf,225426,application/pdf
https://spirez.org/kepirb/15/2.pdf,https://spirez.org/kepirb/k15.html,2_a3cc1c43.pdf,273493,application/pdf
https://spirez.org/kepirb/15/12.pdf,https://spirez.org/kepirb/k15.html,12_4ff7e01e.pdf,226558,application/pdf
https://spirez.org/kepirb/15/16.pdf,https://spirez.org/kepirb/k15.html,16_1dbac2a7.pdf,216736,application/pdf
https://spirez.org/kepirb/15/22-23.pdf,https://spirez.org/kepirb/k15.html,22-23_7f150bcd.pdf,402680,application/pdf
https://spirez.org/kepirb/15/4-5.pdf,https://spirez.org/kepirb/k15.html,4-5_7922ac63.pdf,430383,application/pdf
https://spirez.org/kepirb/15/3.pdf,https://spirez.org/kepirb/k15.html,3_9f60b02b.pdf,358968,application/pdf
https://spirez.org/kepirb/15/6-9.pdf,https://spirez.org/kepirb/k15.html,6-9_0dd8a68d.pdf,921074,application/pdf
https://spirez.org/kepirb/15/14-15.pdf,https://spirez.org/kepirb/k15.html,14-15_7e2016b5.pdf,462533,application/pdf
https://spirez.org/kepirb/15/17.pdf,https://spirez.org/kepirb/k15.html,17_cad5ba3c.pdf,231235,application/pdf
https://spirez.org/kepirb/15/13.pdf,https://spirez.org/kepirb/k15.html,13_cad1c06e.pdf,195136,application/pdf
https://spirez.org/kepirb/15/20-21.pdf,https://spirez.org/kepirb/k15.html,20-21_75fbe289.pdf,511193,application/pdf
https://spirez.org/kepirb/15/27.pdf,https://spirez.org/kepirb/k15.html,27_5f5d8bbb.pdf,247479,application/pdf
https://spirez.org/kepirb/15/24-26.pdf,https://spirez.org/kepirb/k15.html,24-26_042f6ce0.pdf,597488,application/pdf
https://spirez.org/kepirb/34/12.pdf,https://spirez.org/kepirb/k34.html,12_4d28b95b.pdf,92064,application/pdf
https://spirez.org/kepirb/34/14-15.pdf,https://spirez.org/kepirb/k34.html,14-15_50212d1f.pdf,323577,application/pdf
https://spirez.org/kepirb/34/20-21.pdf,https://spirez.org/kepirb/k34.html,20-21_e8e98706.pdf,336261,application/pdf
https://spirez.org/kepirb/34/16.pdf,https://spirez.org/kepirb/k34.html,16_ce5cd4d0.pdf,91076,application/pdf
https://spirez.org/kepirb/34/22-23.pdf,https://spirez.org/kepirb/k34.html,22-23_93833b54.pdf,259887,application/pdf
https://spirez.org/kepirb/34/26.pdf,https://spirez.org/kepirb/k34.html,26_929857a0.pdf,110608,application/pdf
https://spirez.org/kepirb/34/10.pdf,https://spirez.org/kepirb/k34.html,10_8102c339.pdf,148277,application/pdf
https://spirez.org/kepirb/34/17.pdf,https://spirez.org/kepirb/k34.html,17_2186af02.pdf,155769,application/pdf
https://spirez.org/kepirb/34/3.pdf,https://spirez.org/kepirb/k34.html,3_54357ace.pdf,216366,application/pdf
https://spirez.org/kepirb/34/13.pdf,https://spirez.org/kepirb/k34.html,13_52dff912.pdf,130450,application/pdf
https://spirez.org/kepirb/34/18.pdf,https://spirez.org/kepirb/k34.html,18_61c1609f.pdf,127548,application/pdf
https://spirez.org/kepirb/34/19.pdf,https://spirez.org/kepirb/k34.html,19_22e9a775.pdf,137502,application/pdf
https://spirez.org/kepirb/34/27.pdf,https://spirez.org/kepirb/k34.html,27_4b8b0780.pdf,146089,application/pdf
https://spirez.org/kepirb/34/4-5.pdf,https://spirez.org/kepirb/k34.html,4-5_c19f48f8.pdf,247442,application/pdf
https://spirez.org/kepirb/34/24-25.pdf,https://spirez.org/kepirb/k34.html,24-25_d5cb9249.pdf,253584,application/pdf
https://spirez.org/kepirb/34/6-9.pdf,https://spirez.org/kepirb/k34.html,6-9_9ce5817e.pdf,658903,application/pdf
https://spirez.org/kepirb/34/11.pdf,https://spirez.org/kepirb/k34.html,11_6ba552f0.pdf,170531,application/pdf
https://spirez.org/kepirb/34/2.pdf,https://spirez.org/kepirb/k34.html,2_4e709b99.pdf,212514,application/pdf
https://spirez.org/kepirb/55/22-23.pdf,https://spirez.org/kepirb/k55.html,22-23_dee8b993.pdf,362234,application/pdf
https://spirez.org/kepirb/55/10-11.pdf,https://spirez.org/kepirb/k55.html,10-11_d694478c.pdf,359133,application/pdf
https://spirez.org/kepirb/55/6-9.pdf,https://spirez.org/kepirb/k55.html,6-9_926f1b81.pdf,667586,application/pdf
https://spirez.org/kepirb/55/12-13.pdf,https://spirez.org/kepirb/k55.html,12-13_e4da9bf8.pdf,225130,application/pdf
https://spirez.org/kepirb/55/32-33.pdf,https://spirez.org/kepirb/k55.html,32-33_9d149ab2.pdf,267884,application/pdf
https://spirez.org/kepirb/55/28-29.pdf,https://spirez.org/kepirb/k55.html,28-29_2716d28d.pdf,281943,application/pdf
https://spirez.org/kepirb/55/20.pdf,https://spirez.org/kepirb/k55.html,20_6155df4c.pdf,136455,application/pdf
https://spirez.org/kepirb/55/21.pdf,https://spirez.org/kepirb/k55.html,21_61edb3de.pdf,139365,application/pdf
https://spirez.org/kepirb/55/30-31.pdf,https://spirez.org/kepirb/k55.html,30-31_e3ccd14a.pdf,275224,application/pdf
https://spirez.org/kepirb/55/4-5.pdf,https://spirez.org/kepirb/k55.html,4-5_38760bf7.pdf,211982,application/pdf
https://spirez.org/kepirb/55/42.pdf,https://spirez.org/kepirb/k55.html,42_19178a42.pdf,147207,application/pdf
https://spirez.org/kepirb/55/26-27.pdf,https://spirez.org/kepirb/k55.html,26-27_163b427d.pdf,295396,application/pdf
https://spirez.org/kepirb/55/18-19.pdf,https://spirez.org/kepirb/k55.html,18-19_75abfa67.pdf,281378,application/pdf
https://spirez.org/kepirb/55/24-25.pdf,https://spirez.org/kepirb/k55.html,24-25_ebb90f67.pdf,311915,application/pdf
https://spirez.org/kepirb/55/40-41.pdf,https://spirez.org/kepirb/k55.html,40-41_f2b9d9fc.pdf,227176,application/pdf
https://spirez.org/kepirb/55/43.pdf,https://spirez.org/kepirb/k55.html,43_854b5443.pdf,184089,application/pdf
https://spirez.org/kepirb/55/38-39.pdf,https://spirez.org/kepirb/k55.html,38-39_f5963380.pdf,307708,application/pdf
https://spirez.org/kepirb/55/3.pdf,https://spirez.org/kepirb/k55.html,3_ef546104.pdf,121629,application/pdf
https://spirez.org/kepirb/55/34-37.pdf,https://spirez.org/kepirb/k55.html,34-37_a75bb259.pdf,557247,application/pdf
https://spirez.org/kepirb/55/14-15.pdf,https://spirez.org/kepirb/k55.html,14-15_9f8c742e.pdf,267669,application/pdf
https://spirez.org/kepirb/55/2.pdf,https://spirez.org/kepirb/k55.html,2_5fa2d2a9.pdf,177169,application/pdf
https://spirez.org/kepirb/49/14-15.pdf,https://spirez.org/kepirb/k49.html,14-15_9340df43.pdf,285309,application/pdf
https://spirez.org/kepirb/49/6-9.pdf,https://spirez.org/kepirb/k49.html,6-9_82c46463.pdf,710665,application/pdf
https://spirez.org/kepirb/49/2.pdf,https://spirez.org/kepirb/k49.html,2_be63c8ac.pdf,186268,application/pdf
https://spirez.org/kepirb/49/38-39.pdf,https://spirez.org/kepirb/k49.html,38-39_f49388cf.pdf,332442,application/pdf
https://spirez.org/kepirb/49/30-31.pdf,https://spirez.org/kepirb/k49.html,30-31_78f99997.pdf,232779,application/pdf
https://spirez.org/kepirb/55/16-17.pdf,https://spirez.org/kepirb/k55.html,16-17_1bb2de21.pdf,300786,application/pdf
https://spirez.org/kepirb/49/28-29.pdf,https://spirez.org/kepirb/k49.html,28-29_827eae9b.pdf,320186,application/pdf
https://spirez.org/kepirb/49/16-17.pdf,https://spirez.org/kepirb/k49.html,16-17_2d7dbab2.pdf,282197,application/pdf
https://spirez.org/kepirb/49/21.pdf,https://spirez.org/kepirb/k49.html,21_9b5a28b6.pdf,140129,application/pdf
https://spirez.org/kepirb/49/24-25.pdf,https://spirez.org/kepirb/k49.html,24-25_c65b842a.pdf,333676,application/pdf
https://spirez.org/kepirb/49/26-27.pdf,https://spirez.org/kepirb/k49.html,26-27_9ce9a008.pdf,299913,application/pdf
https://spirez.org/kepirb/49/43.pdf,https://spirez.org/kepirb/k49.html,43_f8fbe2c1.pdf,188995,application/pdf
https://spirez.org/kepirb/49/40-41.pdf,https://spirez.org/kepirb/k49.html,40-41_d479aaba.pdf,264695,application/pdf
https://spirez.org/kepirb/49/22-23.pdf,https://spirez.org/kepirb/k49.html,22-23_8da309f5.pdf,315280,application/pdf
https://spirez.org/kepirb/49/34-37.pdf,https://spirez.org/kepirb/k49.html,34-37_f2e0c16b.pdf,596899,application/pdf
https://spirez.org/kepirb/49/42.pdf,https://spirez.org/kepirb/k49.html,42_3146cced.pdf,154940,application/pdf
https://spirez.org/kepirb/49/12-13.pdf,https://spirez.org/kepirb/k49.html,12-13_a8ad6f39.pdf,231821,application/pdf
https://spirez.org/kepirb/49/20.pdf,https://spirez.org/kepirb/k49.html,20_2477e2aa.pdf,140930,application/pdf
https://spirez.org/kepirb/49/3.pdf,https://spirez.org/kepirb/k49.html,3_7025a09d.pdf,141302,application/pdf
https://spirez.org/kepirb/49/18-19.pdf,https://spirez.org/kepirb/k49.html,18-19_f5fed544.pdf,270070,application/pdf
https://spirez.org/kepirb/49/4-5.pdf,https://spirez.org/kepirb/k49.html,4-5_ddc39dbd.pdf,270399,application/pdf
https://spirez.org/kepirb/49/32-33.pdf,https://spirez.org/kepirb/k49.html,32-33_b8513d9b.pdf,262079,application/pdf
https://spirez.org/kepirb/49/10-11.pdf,https://spirez.org/kepirb/k49.html,10-11_f829a751.pdf,362399,application/pdf
https://spirez.org/kepirb/74/18-19.pdf,https://spirez.org/kepirb/k74.html,18-19_8e4c2832.pdf,1713508,application/pdf
https://spirez.org/kepirb/74/48.pdf,https://spirez.org/kepirb/k74.html,48_44662dac.pdf,908321,application/pdf
https://spirez.org/kepirb/74/2-3.pdf,https://spirez.org/kepirb/k74.html,2-3_656e59b2.pdf,2527273,application/pdf
https://spirez.org/kepirb/74/5.pdf,https://spirez.org/kepirb/k74.html,5_70e6e188.pdf,1088140,application/pdf
https://spirez.org/kepirb/74/36-37.pdf,https://spirez.org/kepirb/k74.html,36-37_52161d4b.pdf,2454271,application/pdf
https://spirez.org/kepirb/74/8-13.pdf,https://spirez.org/kepirb/k74.html,8-13_0eb521bc.pdf,6361206,application/pdf
https://spirez.org/kepirb/74/22-23.pdf,https://spirez.org/kepirb/k74.html,22-23_3b66b119.pdf,2246727,application/pdf
https://spirez.org/kepirb/74/38-39.pdf,https://spirez.org/kepirb/k74.html,38-39_2bb942ef.pdf,1485603,application/pdf
https://spirez.org/kepirb/74/28-31.pdf,https://spirez.org/kepirb/k74.html,28-31_5f65dbbb.pdf,4490873,application/pdf
https://spirez.org/kepirb/74/42-45.pdf,https://spirez.org/kepirb/k74.html,42-45_9e004357.pdf,3029216,application/pdf
https://spirez.org/kepirb/74/20-21.pdf,https://spirez.org/kepirb/k74.html,20-21_2d59643c.pdf,1556866,application/pdf
https://spirez.org/kepirb/74/34-35.pdf,https://spirez.org/kepirb/k74.html,34-35_2d028057.pdf,1688107,application/pdf
https://spirez.org/kepirb/74/32-33.pdf,https://spirez.org/kepirb/k74.html,32-33_44b7bd04.pdf,1362864,application/pdf
https://spirez.org/kepirb/74/40-41.pdf,https://spirez.org/kepirb/k74.html,40-41_bcba99cf.pdf,1519346,application/pdf
https://spirez.org/kepirb/74/24-25.pdf,https://spirez.org/kepirb/k74.html,24-25_0eeb6815.pdf,2350444,application/pdf
https://spirez.org/kepirb/74/4.pdf,https://spirez.org/kepirb/k74.html,4_546734e0.pdf,1045560,application/pdf
https://spirez.org/kepirb/74/6-7.pdf,https://spirez.org/kepirb/k74.html,6-7_77dc0c74.pdf,2272185,application/pdf
https://spirez.org/kepirb/74/47.pdf,https://spirez.org/kepirb/k74.html,47_e299b792.pdf,1664685,application/pdf
https://spirez.org/kepirb/74/26-27.pdf,https://spirez.org/kepirb/k74.html,26-27_0e6870ad.pdf,1958226,application/pdf
https://spirez.org/kepirb/74/16-17.pdf,https://spirez.org/kepirb/k74.html,16-17_659e316c.pdf,1238269,application/pdf
https://spirez.org/kepirb/74/14-15.pdf,https://spirez.org/kepirb/k74.html,14-15_73993e6b.pdf,2075399,application/pdf
https://spirez.org/kepirb/74/46.pdf,https://spirez.org/kepirb/k74.html,46_a4655390.pdf,788111,application/pdf
https://spirez.org/kepirb/73/24-25.pdf,https://spirez.org/kepirb/k73.html,24-25_2474c669.pdf,1841426,application/pdf
https://spirez.org/kepirb/73/48.pdf,https://spirez.org/kepirb/k73.html,48_19783198.pdf,1172652,application/pdf
https://spirez.org/kepirb/73/42-45.pdf,https://spirez.org/kepirb/k73.html,42-45_d406d9d1.pdf,2856441,application/pdf
https://spirez.org/kepirb/73/18-19.pdf,https://spirez.org/kepirb/k73.html,18-19_ccc9bf63.pdf,1602500,application/pdf
https://spirez.org/kepirb/73/16-17.pdf,https://spirez.org/kepirb/k73.html,16-17_1bc25309.pdf,1142766,application/pdf
https://spirez.org/kepirb/73/6-7.pdf,https://spirez.org/kepirb/k73.html,6-7_a613f8c9.pdf,2121609,application/pdf
https://spirez.org/kepirb/73/4.pdf,https://spirez.org/kepirb/k73.html,4_34635c85.pdf,1105269,application/pdf
https://spirez.org/kepirb/73/38-39.pdf,https://spirez.org/kepirb/k73.html,38-39_9d187dec.pdf,1285753,application/pdf
https://spirez.org/kepirb/73/26-27.pdf,https://spirez.org/kepirb/k73.html,26-27_0415cd35.pdf,1083328,application/pdf
https://spirez.org/kepirb/73/22-23.pdf,https://spirez.org/kepirb/k73.html,22-23_f847ae35.pdf,2547662,application/pdf
https://spirez.org/kepirb/73/14-15.pdf,https://spirez.org/kepirb/k73.html,14-15_5b02fb45.pdf,2081066,application/pdf
https://spirez.org/kepirb/73/32-33.pdf,https://spirez.org/kepirb/k73.html,32-33_996ca671.pdf,1781166,application/pdf
https://spirez.org/kepirb/73/5.pdf,https://spirez.org/kepirb/k73.html,5_b7bf8058.pdf,1202018,application/pdf
https://spirez.org/kepirb/73/40-41.pdf,https://spirez.org/kepirb/k73.html,40-41_8549d7fe.pdf,1602279,application/pdf
https://spirez.org/kepirb/73/46.pdf,https://spirez.org/kepirb/k73.html,46_d398d481.pdf,670969,application/pdf
https://spirez.org/kepirb/73/2-3.pdf,https://spirez.org/kepirb/k73.html,2-3_30fce0f3.pdf,2564822,application/pdf
https://spirez.org/kepirb/73/30-31.pdf,https://spirez.org/kepirb/k73.html,30-31_7b3b16fd.pdf,1780647,application/pdf
https://spirez.org/kepirb/73/20-21.pdf,https://spirez.org/kepirb/k73.html,20-21_778f7ae8.pdf,1519822,application/pdf
https://spirez.org/kepirb/73/36-37.pdf,https://spirez.org/kepirb/k73.html,36-37_0a9cc7c7.pdf,1124637,application/pdf
https://spirez.org/kepirb/73/34-35.pdf,https://spirez.org/kepirb/k73.html,34-35_43262e44.pdf,2686631,application/pdf
https://spirez.org/kepirb/73/47.pdf,https://spirez.org/kepirb/k73.html,47_b1dcae66.pdf,1724471,application/pdf
https://spirez.org/kepirb/73/28-29.pdf,https://spirez.org/kepirb/k73.html,28-29_299de4fc.pdf,1236573,application/pdf
https://spirez.org/kepirb/51/38-39.pdf,https://spirez.org/kepirb/k51.html,38-39_bf28bb09.pdf,265394,application/pdf
https://spirez.org/kepirb/51/28-29.pdf,https://spirez.org/kepirb/k51.html,28-29_14069a1e.pdf,284741,application/pdf
https://spirez.org/kepirb/73/8-13.pdf,https://spirez.org/kepirb/k73.html,8-13_43463d20.pdf,6007686,application/pdf
https://spirez.org/kepirb/51/6-9.pdf,https://spirez.org/kepirb/k51.html,6-9_c956abaa.pdf,645963,application/pdf
https://spirez.org/kepirb/51/42.pdf,https://spirez.org/kepirb/k51.html,42_4dc8b1a5.pdf,151614,application/pdf
https://spirez.org/kepirb/51/43.pdf,https://spirez.org/kepirb/k51.html,43_34ae6401.pdf,182164,application/pdf
https://spirez.org/kepirb/51/32-33.pdf,https://spirez.org/kepirb/k51.html,32-33_bd005762.pdf,226299,application/pdf
https://spirez.org/kepirb/51/34-37.pdf,https://spirez.org/kepirb/k51.html,34-37_59d9b664.pdf,508635,application/pdf
https://spirez.org/kepirb/51/4-5.pdf,https://spirez.org/kepirb/k51.html,4-5_eb481611.pdf,238237,application/pdf
https://spirez.org/kepirb/51/18-19.pdf,https://spirez.org/kepirb/k51.html,18-19_0fe6f8d2.pdf,271779,application/pdf
https://spirez.org/kepirb/51/2.pdf,https://spirez.org/kepirb/k51.html,2_0193c033.pdf,180583,application/pdf
https://spirez.org/kepirb/51/26-27.pdf,https://spirez.org/kepirb/k51.html,26-27_5571e1e4.pdf,271300,application/pdf
https://spirez.org/kepirb/51/3.pdf,https://spirez.org/kepirb/k51.html,3_a903a3f6.pdf,135982,application/pdf
https://spirez.org/kepirb/51/22-23.pdf,https://spirez.org/kepirb/k51.html,22-23_00f84716.pdf,276918,application/pdf
https://spirez.org/kepirb/51/12-13.pdf,https://spirez.org/kepirb/k51.html,12-13_b3bfea72.pdf,236705,application/pdf
https://spirez.org/kepirb/51/24-25.pdf,https://spirez.org/kepirb/k51.html,24-25_ab3129e1.pdf,329561,application/pdf
https://spirez.org/kepirb/51/21.pdf,https://spirez.org/kepirb/k51.html,21_5a476235.pdf,133560,application/pdf
https://spirez.org/kepirb/51/40-41.pdf,https://spirez.org/kepirb/k51.html,40-41_f0d9a09e.pdf,245527,application/pdf
https://spirez.org/kepirb/51/10-11.pdf,https://spirez.org/kepirb/k51.html,10-11_291ffae7.pdf,384658,application/pdf
https://spirez.org/kepirb/51/16-17.pdf,https://spirez.org/kepirb/k51.html,16-17_58a6382c.pdf,288053,application/pdf
https://spirez.org/kepirb/51/14-15.pdf,https://spirez.org/kepirb/k51.html,14-15_af335ac0.pdf,288959,application/pdf
https://spirez.org/kepirb/51/20.pdf,https://spirez.org/kepirb/k51.html,20_ca9bac64.pdf,136108,application/pdf
https://spirez.org/kepirb/51/30-31.pdf,https://spirez.org/kepirb/k51.html,30-31_e9a0a9e3.pdf,273804,application/pdf
https://spirez.org/kepirb/61/26-27.pdf,https://spirez.org/kepirb/k61.html,26-27_8496a20b.pdf,313927,application/pdf
https://spirez.org/kepirb/61/50.pdf,https://spirez.org/kepirb/k61.html,50_296cc147.pdf,133244,application/pdf
https://spirez.org/kepirb/61/48-49.pdf,https://spirez.org/kepirb/k61.html,48-49_fe7862e3.pdf,273562,application/pdf
https://spirez.org/kepirb/61/2.pdf,https://spirez.org/kepirb/k61.html,2_dbed3524.pdf,155138,application/pdf
https://spirez.org/kepirb/61/46-47.pdf,https://spirez.org/kepirb/k61.html,46-47_e55af62a.pdf,268907,application/pdf
https://spirez.org/kepirb/61/3.pdf,https://spirez.org/kepirb/k61.html,3_67229c44.pdf,161046,application/pdf
https://spirez.org/kepirb/61/18-19.pdf,https://spirez.org/kepirb/k61.html,18-19_e002cedd.pdf,258228,application/pdf
https://spirez.org/kepirb/61/36-37.pdf,https://spirez.org/kepirb/k61.html,36-37_7dd491b9.pdf,226123,application/pdf
https://spirez.org/kepirb/61/4-5.pdf,https://spirez.org/kepirb/k61.html,4-5_a66a3a74.pdf,307567,application/pdf
https://spirez.org/kepirb/61/32-33.pdf,https://spirez.org/kepirb/k61.html,32-33_ff550191.pdf,232349,application/pdf
https://spirez.org/kepirb/61/30-31.pdf,https://spirez.org/kepirb/k61.html,30-31_d198999d.pdf,228062,application/pdf
https://spirez.org/kepirb/61/22-23.pdf,https://spirez.org/kepirb/k61.html,22-23_d49ce65e.pdf,255948,application/pdf
https://spirez.org/kepirb/61/44.pdf,https://spirez.org/kepirb/k61.html,44_7157bf1f.pdf,108589,application/pdf
https://spirez.org/kepirb/61/6.pdf,https://spirez.org/kepirb/k61.html,6_333d88a5.pdf,114509,application/pdf
https://spirez.org/kepirb/61/16-17.pdf,https://spirez.org/kepirb/k61.html,16-17_53767c82.pdf,196721,application/pdf
https://spirez.org/kepirb/61/38-39.pdf,https://spirez.org/kepirb/k61.html,38-39_e4a8dcc7.pdf,280675,application/pdf
https://spirez.org/kepirb/61/51.pdf,https://spirez.org/kepirb/k61.html,51_fd3f51aa.pdf,191028,application/pdf
https://spirez.org/kepirb/61/28-29.pdf,https://spirez.org/kepirb/k61.html,28-29_f788aaed.pdf,314117,application/pdf
https://spirez.org/kepirb/61/7.pdf,https://spirez.org/kepirb/k61.html,7_b6647efe.pdf,123071,application/pdf
https://spirez.org/kepirb/61/8-9.pdf,https://spirez.org/kepirb/k61.html,8-9_c2868488.pdf,288305,application/pdf
https://spirez.org/kepirb/61/14-15.pdf,https://spirez.org/kepirb/k61.html,14-15_e53edffb.pdf,315983,application/pdf
https://spirez.org/kepirb/61/45.pdf,https://spirez.org/kepirb/k61.html,45_e2ff3dad.pdf,92859,application/pdf
https://spirez.org/kepirb/61/10-13.pdf,https://spirez.org/kepirb/k61.html,10-13_302cb87f.pdf,508404,application/pdf
https://spirez.org/kepirb/61/20-21.pdf,https://spirez.org/kepirb/k61.html,20-21_4132de55.pdf,284599,application/pdf
https://spirez.org/kepirb/61/24-25.pdf,https://spirez.org/kepirb/k61.html,24-25_2627d346.pdf,233937,application/pdf
https://spirez.org/kepirb/61/34-35.pdf,https://spirez.org/kepirb/k61.html,34-35_ddc8f57d.pdf,235799,application/pdf
https://spirez.org/kepirb/57/22.pdf,https://spirez.org/kepirb/k57.html,22_c57598da.pdf,138480,application/pdf
https://spirez.org/kepirb/57/23.pdf,https://spirez.org/kepirb/k57.html,23_9d8d4104.pdf,133794,application/pdf
https://spirez.org/kepirb/57/36-37.pdf,https://spirez.org/kepirb/k57.html,36-37_5c6dd691.pdf,271386,application/pdf
https://spirez.org/kepirb/57/32-33.pdf,https://spirez.org/kepirb/k57.html,32-33_347cb152.pdf,223005,application/pdf
https://spirez.org/kepirb/57/40-43.pdf,https://spirez.org/kepirb/k57.html,40-43_007013bb.pdf,438699,application/pdf
https://spirez.org/kepirb/57/28-29.pdf,https://spirez.org/kepirb/k57.html,28-29_22a0e610.pdf,291878,application/pdf
https://spirez.org/kepirb/57/12-13.pdf,https://spirez.org/kepirb/k57.html,12-13_a7f7b88b.pdf,225720,application/pdf
https://spirez.org/kepirb/57/24-25.pdf,https://spirez.org/kepirb/k57.html,24-25_702dd1bd.pdf,275347,application/pdf
https://spirez.org/kepirb/57/4-5.pdf,https://spirez.org/kepirb/k57.html,4-5_25ade4fc.pdf,290816,application/pdf
https://spirez.org/kepirb/57/16-17.pdf,https://spirez.org/kepirb/k57.html,16-17_b100959a.pdf,266553,application/pdf
https://spirez.org/kepirb/57/46.pdf,https://spirez.org/kepirb/k57.html,46_3c478b70.pdf,149470,application/pdf
https://spirez.org/kepirb/57/20-21.pdf,https://spirez.org/kepirb/k57.html,20-21_35418e35.pdf,257098,application/pdf
https://spirez.org/kepirb/57/3.pdf,https://spirez.org/kepirb/k57.html,3_a1cfcfc2.pdf,129997,application/pdf
https://spirez.org/kepirb/57/38-39.pdf,https://spirez.org/kepirb/k57.html,38-39_0ac31c9e.pdf,311132,application/pdf
https://spirez.org/kepirb/57/14-15.pdf,https://spirez.org/kepirb/k57.html,14-15_1ceb9e9a.pdf,297229,application/pdf
https://spirez.org/kepirb/57/47.pdf,https://spirez.org/kepirb/k57.html,47_3104bbaa.pdf,186289,application/pdf
https://spirez.org/kepirb/57/2.pdf,https://spirez.org/kepirb/k57.html,2_d5678d03.pdf,173799,application/pdf
https://spirez.org/kepirb/57/26-27.pdf,https://spirez.org/kepirb/k57.html,26-27_f3cae376.pdf,323953,application/pdf
https://spirez.org/kepirb/57/18-19.pdf,https://spirez.org/kepirb/k57.html,18-19_057a86d2.pdf,269284,application/pdf
https://spirez.org/kepirb/57/10-11.pdf,https://spirez.org/kepirb/k57.html,10-11_ab689e83.pdf,363222,application/pdf
https://spirez.org/kepirb/57/30-31.pdf,https://spirez.org/kepirb/k57.html,30-31_eccb98aa.pdf,284729,application/pdf
https://spirez.org/kepirb/57/44-45.pdf,https://spirez.org/kepirb/k57.html,44-45_b8b5cd68.pdf,248611,application/pdf
https://spirez.org/kepirb/57/6-9.pdf,https://spirez.org/kepirb/k57.html,6-9_a6f1af5f.pdf,613760,application/pdf
https://spirez.org/kepirb/57/34-35.pdf,https://spirez.org/kepirb/k57.html,34-35_5e2023eb.pdf,351550,application/pdf
https://spirez.org/kepirb/24/6-9.pdf,https://spirez.org/kepirb/k24.html,6-9_1c063bca.pdf,1040187,application/pdf
https://spirez.org/kepirb/24/18.pdf,https://spirez.org/kepirb/k24.html,18_6962268e.pdf,198926,application/pdf
https://spirez.org/kepirb/24/14-15.pdf,https://spirez.org/kepirb/k24.html,14-15_16f800d8.pdf,397869,application/pdf
https://spirez.org/kepirb/24/27.pdf,https://spirez.org/kepirb/k24.html,27_a486fb71.pdf,236597,application/pdf
https://spirez.org/kepirb/24/10.pdf,https://spirez.org/kepirb/k24.html,10_b30ef975.pdf,241854,application/pdf
https://spirez.org/kepirb/24/22-23.pdf,https://spirez.org/kepirb/k24.html,22-23_193506b0.pdf,382873,application/pdf
https://spirez.org/kepirb/24/19.pdf,https://spirez.org/kepirb/k24.html,19_b9f85a29.pdf,235195,application/pdf
https://spirez.org/kepirb/24/26.pdf,https://spirez.org/kepirb/k24.html,26_dfa9b5f3.pdf,183404,application/pdf
https://spirez.org/kepirb/24/20-21.pdf,https://spirez.org/kepirb/k24.html,20-21_e83dc847.pdf,433930,application/pdf
https://spirez.org/kepirb/24/11.pdf,https://spirez.org/kepirb/k24.html,11_67fb31e5.pdf,242040,application/pdf
https://spirez.org/kepirb/24/3.pdf,https://spirez.org/kepirb/k24.html,3_90f3667d.pdf,368551,application/pdf
https://spirez.org/kepirb/24/13.pdf,https://spirez.org/kepirb/k24.html,13_dcddaa17.pdf,182435,application/pdf
https://spirez.org/kepirb/24/12.pdf,https://spirez.org/kepirb/k24.html,12_26b72096.pdf,212341,application/pdf
https://spirez.org/kepirb/24/4-5.pdf,https://spirez.org/kepirb/k24.html,4-5_8e104eb7.pdf,335857,application/pdf
https://spirez.org/kepirb/24/17.pdf,https://spirez.org/kepirb/k24.html,17_8b87b3ab.pdf,210367,application/pdf
https://spirez.org/kepirb/24/24-25.pdf,https://spirez.org/kepirb/k24.html,24-25_6f090fa6.pdf,406376,application/pdf
https://spirez.org/kepirb/24/2.pdf,https://spirez.org/kepirb/k24.html,2_eea61401.pdf,294110,application/pdf
https://spirez.org/kepirb/24/16.pdf,https://spirez.org/kepirb/k24.html,16_f2981c03.pdf,211121,application/pdf
https://spirez.org/kepirb/9/9.pdf,https://spirez.org/kepirb/k9.html,9_92252dd5.pdf,262993,application/pdf
https://spirez.org/kepirb/9/10.pdf,https://spirez.org/kepirb/k9.html,10_fd1815e9.pdf,231092,application/pdf
https://spirez.org/kepirb/9/14.pdf,https://spirez.org/kepirb/k9.html,14_583ad239.pdf,253956,application/pdf
https://spirez.org/kepirb/9/11.pdf,https://spirez.org/kepirb/k9.html,11_e2432404.pdf,212720,application/pdf
https://spirez.org/kepirb/9/16.pdf,https://spirez.org/kepirb/k9.html,16_67426534.pdf,200789,application/pdf
https://spirez.org/kepirb/9/23.pdf,https://spirez.org/kepirb/k9.html,23_d54fbf02.pdf,232537,application/pdf
https://spirez.org/kepirb/9/4-5.pdf,https://spirez.org/kepirb/k9.html,4-5_48ae219f.pdf,419353,application/pdf
https://spirez.org/kepirb/9/12-13.pdf,https://spirez.org/kepirb/k9.html,12-13_b83c1c70.pdf,552628,application/pdf
https://spirez.org/kepirb/9/3.pdf,https://spirez.org/kepirb/k9.html,3_af849fcd.pdf,347375,application/pdf
https://spirez.org/kepirb/9/20-22.pdf,https://spirez.org/kepirb/k9.html,20-22_fc34f9be.pdf,650702,application/pdf
https://spirez.org/kepirb/9/18-19.pdf,https://spirez.org/kepirb/k9.html,18-19_24b26ec9.pdf,424673,application/pdf
https://spirez.org/kepirb/9/2.pdf,https://spirez.org/kepirb/k9.html,2_fd59fafd.pdf,301771,application/pdf
https://spirez.org/kepirb/9/6-8.pdf,https://spirez.org/kepirb/k9.html,6-8_52aa03ff.pdf,728470,application/pdf
https://spirez.org/kepirb/9/15.pdf,https://spirez.org/kepirb/k9.html,15_617b7768.pdf,272349,application/pdf
https://spirez.org/kepirb/9/17.pdf,https://spirez.org/kepirb/k9.html,17_6e12e07e.pdf,276756,application/pdf
https://spirez.org/kepirb/70/18-19.pdf,https://spirez.org/kepirb/k70.html,18-19_9a24c967.pdf,1592688,application/pdf
https://spirez.org/kepirb/70/52.pdf,https://spirez.org/kepirb/k70.html,52_7fc82085.pdf,836394,application/pdf
https://spirez.org/kepirb/70/4.pdf,https://spirez.org/kepirb/k70.html,4_fdf294e9.pdf,1041039,application/pdf
https://spirez.org/kepirb/70/32-33.pdf,https://spirez.org/kepirb/k70.html,32-33_7d7a5693.pdf,1584891,application/pdf
https://spirez.org/kepirb/70/5.pdf,https://spirez.org/kepirb/k70.html,5_fa7f56a4.pdf,1230630,application/pdf
https://spirez.org/kepirb/70/12-13.pdf,https://spirez.org/kepirb/k70.html,12-13_0cb0d29e.pdf,1919088,application/pdf
https://spirez.org/kepirb/70/50.pdf,https://spirez.org/kepirb/k70.html,50_b42059b5.pdf,640876,application/pdf
https://spirez.org/kepirb/70/38-39.pdf,https://spirez.org/kepirb/k70.html,38-39_0973b5d0.pdf,1727695,application/pdf
https://spirez.org/kepirb/70/28-29.pdf,https://spirez.org/kepirb/k70.html,28-29_f1c19689.pdf,2519493,application/pdf
https://spirez.org/kepirb/70/40-41.pdf,https://spirez.org/kepirb/k70.html,40-41_d1820547.pdf,1488453,application/pdf
https://spirez.org/kepirb/70/34-35.pdf,https://spirez.org/kepirb/k70.html,34-35_64df437b.pdf,1496403,application/pdf
https://spirez.org/kepirb/70/22-23.pdf,https://spirez.org/kepirb/k70.html,22-23_9a712bc9.pdf,1993486,application/pdf
https://spirez.org/kepirb/70/8-11.pdf,https://spirez.org/kepirb/k70.html,8-11_ca6216ad.pdf,4212077,application/pdf
https://spirez.org/kepirb/70/51.pdf,https://spirez.org/kepirb/k70.html,51_c9ec04f6.pdf,1700848,application/pdf
https://spirez.org/kepirb/70/42-43.pdf,https://spirez.org/kepirb/k70.html,42-43_bdd377eb.pdf,1208198,application/pdf
https://spirez.org/kepirb/70/2.pdf,https://spirez.org/kepirb/k70.html,2_b6dec3bb.pdf,2624277,application/pdf
https://spirez.org/kepirb/70/30-31.pdf,https://spirez.org/kepirb/k70.html,30-31_6ad5e379.pdf,1249559,application/pdf
https://spirez.org/kepirb/70/20-21.pdf,https://spirez.org/kepirb/k70.html,20-21_73019319.pdf,2620812,application/pdf
https://spirez.org/kepirb/70/14-15.pdf,https://spirez.org/kepirb/k70.html,14-15_7e5c2445.pdf,1272133,application/pdf
https://spirez.org/kepirb/70/36-37.pdf,https://spirez.org/kepirb/k70.html,36-37_6076922b.pdf,2278010,application/pdf
https://spirez.org/kepirb/70/26-27.pdf,https://spirez.org/kepirb/k70.html,26-27_e8ba0664.pdf,1922314,application/pdf
https://spirez.org/kepirb/70/46-49.pdf,https://spirez.org/kepirb/k70.html,46-49_a641ae20.pdf,2867574,application/pdf
https://spirez.org/kepirb/70/16-17.pdf,https://spirez.org/kepirb/k70.html,16-17_090ed1d3.pdf,1670843,application/pdf
https://spirez.org/kepirb/70/24-25.pdf,https://spirez.org/kepirb/k70.html,24-25_3a05a8dd.pdf,1533600,application/pdf
https://spirez.org/kepirb/5/6-8.pdf,https://spirez.org/kepirb/k5.html,6-8_27bd9879.pdf,422337,application/pdf
https://spirez.org/kepirb/70/44-45.pdf,https://spirez.org/kepirb/k70.html,44-45_556c49b4.pdf,1576004,application/pdf
https://spirez.org/kepirb/70/6-7.pdf,https://spirez.org/kepirb/k70.html,6-7_25b93179.pdf,2577775,application/pdf
https://spirez.org/kepirb/5/20-22.pdf,https://spirez.org/kepirb/k5.html,20-22_88e509ba.pdf,302437,application/pdf
https://spirez.org/kepirb/5/18-19.pdf,https://spirez.org/kepirb/k5.html,18-19_86b22928.pdf,230163,application/pdf
https://spirez.org/kepirb/5/12-13.pdf,https://spirez.org/kepirb/k5.html,12-13_4e39dae6.pdf,180684,application/pdf
https://spirez.org/kepirb/5/4-5.pdf,https://spirez.org/kepirb/k5.html,4-5_7514368c.pdf,248833,application/pdf
https://spirez.org/kepirb/5/17.pdf,https://spirez.org/kepirb/k5.html,17_8bbc0bea.pdf,142054,application/pdf
https://spirez.org/kepirb/5/2.pdf,https://spirez.org/kepirb/k5.html,2_bd493885.pdf,153355,application/pdf
https://spirez.org/kepirb/5/9.pdf,https://spirez.org/kepirb/k5.html,9_733cbcdb.pdf,111976,application/pdf
https://spirez.org/kepirb/5/23.pdf,https://spirez.org/kepirb/k5.html,23_f55c7407.pdf,135617,application/pdf
https://spirez.org/kepirb/5/15.pdf,https://spirez.org/kepirb/k5.html,15_50453811.pdf,129923,application/pdf
https://spirez.org/kepirb/5/3.pdf,https://spirez.org/kepirb/k5.html,3_efab341a.pdf,191655,application/pdf
https://spirez.org/kepirb/5/16.pdf,https://spirez.org/kepirb/k5.html,16_746bd1ad.pdf,111307,application/pdf
https://spirez.org/kepirb/5/14.pdf,https://spirez.org/kepirb/k5.html,14_bc05e80b.pdf,160869,application/pdf
https://spirez.org/kepirb/5/11.pdf,https://spirez.org/kepirb/k5.html,11_8a5ad727.pdf,138846,application/pdf
https://spirez.org/kepirb/5/10.pdf,https://spirez.org/kepirb/k5.html,10_8443a48a.pdf,179829,application/pdf
https://spirez.org/kepirb/19/27.pdf,https://spirez.org/kepirb/k19.html,27_ab0310eb.pdf,231842,application/pdf
https://spirez.org/kepirb/19/18.pdf,https://spirez.org/kepirb/k19.html,18_6bb53c3f.pdf,200167,application/pdf
https://spirez.org/kepirb/19/24-26.pdf,https://spirez.org/kepirb/k19.html,24-26_eeeca8f7.pdf,597653,application/pdf
https://spirez.org/kepirb/19/4-5.pdf,https://spirez.org/kepirb/k19.html,4-5_e4523586.pdf,380500,application/pdf
https://spirez.org/kepirb/19/6-9.pdf,https://spirez.org/kepirb/k19.html,6-9_8a927044.pdf,1051417,application/pdf
https://spirez.org/kepirb/19/12.pdf,https://spirez.org/kepirb/k19.html,12_f2eeaf7b.pdf,181862,application/pdf
https://spirez.org/kepirb/19/10.pdf,https://spirez.org/kepirb/k19.html,10_d6cd450d.pdf,233009,application/pdf
https://spirez.org/kepirb/19/16.pdf,https://spirez.org/kepirb/k19.html,16_4f9231c2.pdf,215896,application/pdf
https://spirez.org/kepirb/19/11.pdf,https://spirez.org/kepirb/k19.html,11_c69eaec7.pdf,229734,application/pdf
https://spirez.org/kepirb/19/22.pdf,https://spirez.org/kepirb/k19.html,22_2d55e547.pdf,184186,application/pdf
https://spirez.org/kepirb/19/2.pdf,https://spirez.org/kepirb/k19.html,2_71807abf.pdf,254123,application/pdf
https://spirez.org/kepirb/19/17.pdf,https://spirez.org/kepirb/k19.html,17_350f2fac.pdf,223479,application/pdf
https://spirez.org/kepirb/19/3.pdf,https://spirez.org/kepirb/k19.html,3_1078979e.pdf,340688,application/pdf
https://spirez.org/kepirb/19/14-15.pdf,https://spirez.org/kepirb/k19.html,14-15_ce9e38a1.pdf,378832,application/pdf
https://spirez.org/kepirb/19/19.pdf,https://spirez.org/kepirb/k19.html,19_eee5cbd1.pdf,225891,application/pdf
https://spirez.org/kepirb/19/13.pdf,https://spirez.org/kepirb/k19.html,13_5f4e6a77.pdf,198084,application/pdf
https://spirez.org/kepirb/64/2-3.pdf,https://spirez.org/kepirb/k64.html,2-3_4b822342.pdf,423582,application/pdf
https://spirez.org/kepirb/64/44-45.pdf,https://spirez.org/kepirb/k64.html,44-45_6a9e13da.pdf,339611,application/pdf
https://spirez.org/kepirb/64/12-13.pdf,https://spirez.org/kepirb/k64.html,12-13_4e7e4753.pdf,470347,application/pdf
https://spirez.org/kepirb/19/20-21.pdf,https://spirez.org/kepirb/k19.html,20-21_f8ab3f24.pdf,3737122,application/pdf
https://spirez.org/kepirb/64/8-11.pdf,https://spirez.org/kepirb/k64.html,8-11_6cad9f9f.pdf,1093416,application/pdf
https://spirez.org/kepirb/64/46-47.pdf,https://spirez.org/kepirb/k64.html,46-47_1e5704f1.pdf,402630,application/pdf
https://spirez.org/kepirb/64/48-49.pdf,https://spirez.org/kepirb/k64.html,48-49_ac832563.pdf,431226,application/pdf
https://spirez.org/kepirb/64/28-29.pdf,https://spirez.org/kepirb/k64.html,28-29_a2081fc3.pdf,340329,application/pdf
https://spirez.org/kepirb/64/38-39.pdf,https://spirez.org/kepirb/k64.html,38-39_a201f204.pdf,427941,application/pdf
https://spirez.org/kepirb/64/32-33.pdf,https://spirez.org/kepirb/k64.html,32-33_ad322fa6.pdf,322874,application/pdf
https://spirez.org/kepirb/64/14-15.pdf,https://spirez.org/kepirb/k64.html,14-15_9cd122be.pdf,414332,application/pdf
https://spirez.org/kepirb/64/42-43.pdf,https://spirez.org/kepirb/k64.html,42-43_5d2565f6.pdf,245678,application/pdf
https://spirez.org/kepirb/64/22-23.pdf,https://spirez.org/kepirb/k64.html,22-23_3fd779b8.pdf,306233,application/pdf
https://spirez.org/kepirb/64/5.pdf,https://spirez.org/kepirb/k64.html,5_1dec0f6b.pdf,161967,application/pdf
https://spirez.org/kepirb/64/51.pdf,https://spirez.org/kepirb/k64.html,51_22031fc0.pdf,252629,application/pdf
https://spirez.org/kepirb/64/36-37.pdf,https://spirez.org/kepirb/k64.html,36-37_1c1a1191.pdf,423488,application/pdf
https://spirez.org/kepirb/64/26-27.pdf,https://spirez.org/kepirb/k64.html,26-27_11b4f791.pdf,314386,application/pdf
https://spirez.org/kepirb/64/30-31.pdf,https://spirez.org/kepirb/k64.html,30-31_22755ee7.pdf,349255,application/pdf
https://spirez.org/kepirb/64/4.pdf,https://spirez.org/kepirb/k64.html,4_755f380e.pdf,156759,application/pdf
https://spirez.org/kepirb/64/6-7.pdf,https://spirez.org/kepirb/k64.html,6-7_665db065.pdf,397756,application/pdf
https://spirez.org/kepirb/64/16-17.pdf,https://spirez.org/kepirb/k64.html,16-17_a3b59594.pdf,361499,application/pdf
https://spirez.org/kepirb/64/20-21.pdf,https://spirez.org/kepirb/k64.html,20-21_08949efc.pdf,360126,application/pdf
https://spirez.org/kepirb/64/34-35.pdf,https://spirez.org/kepirb/k64.html,34-35_1efcd962.pdf,253926,application/pdf
https://spirez.org/kepirb/64/40-41.pdf,https://spirez.org/kepirb/k64.html,40-41_620b0366.pdf,328565,application/pdf
https://spirez.org/kepirb/64/24-25.pdf,https://spirez.org/kepirb/k64.html,24-25_095c1bd6.pdf,351580,application/pdf
https://spirez.org/kepirb/64/50.pdf,https://spirez.org/kepirb/k64.html,50_bfd64263.pdf,171934,application/pdf
https://spirez.org/kepirb/64/18-19.pdf,https://spirez.org/kepirb/k64.html,18-19_cd8dec0f.pdf,365477,application/pdf
