url,source_page,file,bytes,content_type
https://journal.uod.ac/index.php/uodjournal/article/download/3391/1918/,https://journal.uod.ac/index.php/uodjournal/article/view/3391/1918,article_3391_1918_d62c402f.pdf,979976,application/pdf
https://journal.uod.ac/index.php/uodjournal/article/download/3392/1919/,https://journal.uod.ac/index.php/uodjournal/article/view/3392/1919,article_3392_1919_2ebc2117.pdf,1357190,application/pdf
https://journal.uod.ac/index.php/uodjournal/article/download/3362/1912/,https://journal.uod.ac/index.php/uodjournal/article/view/3362/1912,article_3362_1912_24546cd1.pdf,1472464,application/pdf
https://journal.uod.ac/index.php/uodjournal/article/download/3363/1913/,https://journal.uod.ac/index.php/uodjournal/article/view/3363/1913,article_3363_1913_67d80888.pdf,2501604,application/pdf
https://journal.uod.ac/index.php/uodjournal/article/download/3365/1914/,https://journal.uod.ac/index.php/uodjournal/article/view/3365/1914,article_3365_1914_69bcbaa5.pdf,987229,application/pdf
https://journal.uod.ac/index.php/uodjournal/article/download/3366/1915/,https://journal.uod.ac/index.php/uodjournal/article/view/3366/1915,article_3366_1915_fe9886ec.pdf,3622360,application/pdf
https://journal.uod.ac/index.php/uodjournal/article/download/3394/1920/,https://journal.uod.ac/index.php/uodjournal/article/view/3394/1920,article_3394_1920_81e247b5.pdf,2876853,application/pdf
https://journal.uod.ac/index.php/uodjournal/article/download/3279/1834/,https://journal.uod.ac/index.php/uodjournal/article/view/3279/1834,article_3279_1834_f909bec3.pdf,1031165,application/pdf
https://journal.uod.ac/index.php/uodjournal/article/download/3280/1840/,https://journal.uod.ac/index.php/uodjournal/article/view/3280/1840,article_3280_1840_5781ba87.pdf,1752584,application/pdf
https://journal.uod.ac/index.php/uodjournal/article/download/3281/1835/,https://journal.uod.ac/index.php/uodjournal/article/view/3281/1835,article_3281_1835_711ba1f0.pdf,633996,application/pdf
https://journal.uod.ac/index.php/uodjournal/article/download/3282/1841/,https://journal.uod.ac/index.php/uodjournal/article/view/3282/1841,article_3282_1841_6bb7c6ba.pdf,941168,application/pdf
https://journal.uod.ac/index.php/uodjournal/article/download/3283/1836/,https://journal.uod.ac/index.php/uodjournal/article/view/3283/1836,article_3283_1836_dcfcec34.pdf,1440207,application/pdf
https://journal.uod.ac/index.php/uodjournal/article/download/3284/1842/,https://journal.uod.ac/index.php/uodjournal/article/view/3284/1842,article_3284_1842_3e138eac.pdf,974463,application/pdf
https://journal.uod.ac/index.php/uodjournal/article/download/3285/1847/,https://journal.uod.ac/index.php/uodjournal/article/view/3285/1847,article_3285_1847_de9df79f.pdf,1488869,application/pdf
https://journal.uod.ac/index.php/uodjournal/article/download/3286/1846/,https://journal.uod.ac/index.php/uodjournal/article/view/3286/1846,article_3286_1846_f2ec6911.pdf,1764166,application/pdf
https://journal.uod.ac/index.php/uodjournal/article/download/3287/1849/,https://journal.uod.ac/index.php/uodjournal/article/view/3287/1849,article_3287_1849_15676cf9.pdf,1084276,application/pdf
https://journal.uod.ac/index.php/uodjournal/article/download/3288/1848/,https://journal.uod.ac/index.php/uodjournal/article/view/3288/1848,article_3288_1848_519ae56f.pdf,554564,application/pdf
https://journal.uod.ac/index.php/uodjournal/article/download/3289/1850/,https://journal.uod.ac/index.php/uodjournal/article/view/3289/1850,article_3289_1850_fa882aae.pdf,1681398,application/pdf
https://journal.uod.ac/index.php/uodjournal/article/download/3290/1851/,https://journal.uod.ac/index.php/uodjournal/article/view/3290/1851,article_3290_1851_25453627.pdf,547642,application/pdf
https://journal.uod.ac/index.php/uodjournal/article/download/3292/1852/,https://journal.uod.ac/index.php/uodjournal/article/view/3292/1852,article_3292_1852_8bf5285d.pdf,930816,application/pdf
https://journal.uod.ac/index.php/uodjournal/article/download/3291/1838/,https://journal.uod.ac/index.php/uodjournal/article/view/3291/1838,article_3291_1838_d73411b5.pdf,1119370,application/pdf
https://journal.uod.ac/index.php/uodjournal/article/download/3293/1853/,https://journal.uod.ac/index.php/uodjournal/article/view/3293/1853,article_3293_1853_380daa9a.pdf,983782,application/pdf
https://journal.uod.ac/index.php/uodjournal/article/download/3294/1854/,https://journal.uod.ac/index.php/uodjournal/article/view/3294/1854,article_3294_1854_c6b6a5d3.pdf,1904657,application/pdf
https://journal.uod.ac/index.php/uodjournal/article/download/3295/1855/,https://journal.uod.ac/index.php/uodjournal/article/view/3295/1855,article_3295_1855_4de00424.pdf,1243956,application/pdf
https://journal.uod.ac/index.php/uodjournal/article/download/3296/1856/,https://journal.uod.ac/index.php/uodjournal/article/view/3296/1856,article_3296_1856_6b773e1f.pdf,548349,application/pdf
https://journal.uod.ac/index.php/uodjournal/article/download/3297/1857/,https://journal.uod.ac/index.php/uodjournal/article/view/3297/1857,article_3297_1857_03bc4622.pdf,1517807,application/pdf
https://journal.uod.ac/index.php/uodjournal/article/download/3298/1858/,https://journal.uod.ac/index.php/uodjournal/article/view/3298/1858,article_3298_1858_de4e98b9.pdf,1354001,application/pdf
https://journal.uod.ac/index.php/uodjournal/article/download/3299/1859/,https://journal.uod.ac/index.php/uodjournal/article/view/3299/1859,article_3299_1859_6afcf191.pdf,1871711,application/pdf
https://journal.uod.ac/index.php/uodjournal/article/download/3300/1860/,https://journal.uod.ac/index.php/uodjournal/article/view/3300/1860,article_3300_1860_82f6ba5c.pdf,1400785,application/pdf
https://journal.uod.ac/index.php/uodjournal/article/download/3302/1861/,https://journal.uod.ac/index.php/uodjournal/article/view/3302/1861,article_3302_1861_e70f533a.pdf,1215217,application/pdf
https://journal.uod.ac/index.php/uodjournal/article/download/3303/1862/,https://journal.uod.ac/index.php/uodjournal/article/view/3303/1862,article_3303_1862_549acd19.pdf,1267129,application/pdf
https://journal.uod.ac/index.php/uodjournal/article/download/3305/1863/,https://journal.uod.ac/index.php/uodjournal/article/view/3305/1863,article_3305_1863_1a04cef2.pdf,2220038,application/pdf
https://journal.uod.ac/index.php/uodjournal/article/download/3306/1864/,https://journal.uod.ac/index.php/uodjournal/article/view/3306/1864,article_3306_1864_6a286ab9.pdf,843087,application/pdf
https://journal.uod.ac/index.php/uodjournal/article/download/3307/1865/,https://journal.uod.ac/index.php/uodjournal/article/view/3307/1865,article_3307_1865_50be4229.pdf,1102076,application/pdf
https://journal.uod.ac/index.php/uodjournal/article/download/3308/1866/,https://journal.uod.ac/index.php/uodjournal/article/view/3308/1866,article_3308_1866_7515ffe9.pdf,2010722,application/pdf
https://journal.uod.ac/index.php/uodjournal/article/download/3309/1867/,https://journal.uod.ac/index.php/uodjournal/article/view/3309/1867,article_3309_1867_0886f2fe.pdf,1453507,application/pdf
https://journal.uod.ac/index.php/uodjournal/article/download/3310/1868/,https://journal.uod.ac/index.php/uodjournal/article/view/3310/1868,article_3310_1868_d47611d3.pdf,1796419,application/pdf
https://journal.uod.ac/index.php/uodjournal/article/download/3312/1869/,https://journal.uod.ac/index.php/uodjournal/article/view/3312/1869,article_3312_1869_84338a57.pdf,1267671,application/pdf
https://journal.uod.ac/index.php/uodjournal/article/download/3313/1870/,https://journal.uod.ac/index.php/uodjournal/article/view/3313/1870,article_3313_1870_eeb4bbe6.pdf,1032333,application/pdf
https://journal.uod.ac/index.php/uodjournal/article/download/3314/1871/,https://journal.uod.ac/index.php/uodjournal/article/view/3314/1871,article_3314_1871_b9b5e617.pdf,1146625,application/pdf
https://journal.uod.ac/index.php/uodjournal/article/download/3315/1872/,https://journal.uod.ac/index.php/uodjournal/article/view/3315/1872,article_3315_1872_6fdf8c45.pdf,859409,application/pdf
https://journal.uod.ac/index.php/uodjournal/article/download/3316/1873/,https://journal.uod.ac/index.php/uodjournal/article/view/3316/1873,article_3316_1873_4ecf9478.pdf,758978,application/pdf
https://journal.uod.ac/index.php/uodjournal/article/download/3319/1874/,https://journal.uod.ac/index.php/uodjournal/article/view/3319/1874,article_3319_1874_010f255a.pdf,1124981,application/pdf
https://journal.uod.ac/index.php/uodjournal/article/download/3320/1875/,https://journal.uod.ac/index.php/uodjournal/article/view/3320/1875,article_3320_1875_86e5d854.pdf,1091086,application/pdf
https://journal.uod.ac/index.php/uodjournal/article/download/3321/1876/,https://journal.uod.ac/index.php/uodjournal/article/view/3321/1876,article_3321_1876_781c2118.pdf,624311,application/pdf
https://journal.uod.ac/index.php/uodjournal/article/download/3322/1877/,https://journal.uod.ac/index.php/uodjournal/article/view/3322/1877,article_3322_1877_14c9a7e1.pdf,604543,application/pdf
https://journal.uod.ac/index.php/uodjournal/article/download/3323/1878/,https://journal.uod.ac/index.php/uodjournal/article/view/3323/1878,article_3323_1878_6b330698.pdf,2043693,application/pdf
https://journal.uod.ac/index.php/uodjournal/article/download/3324/1879/,https://journal.uod.ac/index.php/uodjournal/article/view/3324/1879,article_3324_1879_c71063cf.pdf,867472,application/pdf
https://journal.uod.ac/index.php/uodjournal/article/download/3325/1880/,https://journal.uod.ac/index.php/uodjournal/article/view/3325/1880,article_3325_1880_bfce212d.pdf,1950322,application/pdf
https://journal.uod.ac/index.php/uodjournal/article/download/3326/1881/,https://journal.uod.ac/index.php/uodjournal/article/view/3326/1881,article_3326_1881_004f2b81.pdf,665738,application/pdf
https://journal.uod.ac/index.php/uodjournal/article/download/3327/1882/,https://journal.uod.ac/index.php/uodjournal/article/view/3327/1882,article_3327_1882_c0dee961.pdf,1137278,application/pdf
https://journal.uod.ac/index.php/uodjournal/article/download/3328/1883/,https://journal.uod.ac/index.php/uodjournal/article/view/3328/1883,article_3328_1883_4082ca5b.pdf,977632,application/pdf
https://journal.uod.ac/index.php/uodjournal/article/download/3329/1884/,https://journal.uod.ac/index.php/uodjournal/article/view/3329/1884,article_3329_1884_7eeae6c6.pdf,1186458,application/pdf
https://journal.uod.ac/index.php/uodjournal/article/download/3330/1885/,https://journal.uod.ac/index.php/uodjournal/article/view/3330/1885,article_3330_1885_50c7d0ce.pdf,2355501,application/pdf
https://journal.uod.ac/index.php/uodjournal/article/download/3331/1886/,https://journal.uod.ac/index.php/uodjournal/article/view/3331/1886,article_3331_1886_0c8554a8.pdf,5194727,application/pdf
https://journal.uod.ac/index.php/uodjournal/article/download/3332/1887/,https://journal.uod.ac/index.php/uodjournal/article/view/3332/1887,article_3332_1887_dab0d66b.pdf,1467224,application/pdf
https://journal.uod.ac/index.php/uodjournal/article/download/3333/1888/,https://journal.uod.ac/index.php/uodjournal/article/view/3333/1888,article_3333_1888_b9cc3355.pdf,1277501,application/pdf
https://journal.uod.ac/index.php/uodjournal/article/download/3334/1889/,https://journal.uod.ac/index.php/uodjournal/article/view/3334/1889,article_3334_1889_cfcf9cab.pdf,1090946,application/pdf
https://journal.uod.ac/index.php/uodjournal/article/download/3335/1890/,https://journal.uod.ac/index.php/uodjournal/article/view/3335/1890,article_3335_1890_3396ed4a.pdf,904541,application/pdf
https://journal.uod.ac/index.php/uodjournal/article/download/3336/1891/,https://journal.uod.ac/index.php/uodjournal/article/view/3336/1891,article_3336_1891_8a9c2c14.pdf,1558301,application/pdf
https://journal.uod.ac/index.php/uodjournal/article/download/3337/1892/,https://journal.uod.ac/index.php/uodjournal/article/view/3337/1892,article_3337_1892_d133e0c3.pdf,813534,application/pdf
https://journal.uod.ac/index.php/uodjournal/article/download/3338/1893/,https://journal.uod.ac/index.php/uodjournal/article/view/3338/1893,article_3338_1893_c352effb.pdf,788683,application/pdf
https://journal.uod.ac/index.php/uodjournal/article/download/3339/1894/,https://journal.uod.ac/index.php/uodjournal/article/view/3339/1894,article_3339_1894_52545800.pdf,2135808,application/pdf
https://journal.uod.ac/index.php/uodjournal/article/download/3340/1895/,https://journal.uod.ac/index.php/uodjournal/article/view/3340/1895,article_3340_1895_bbf24a51.pdf,1596835,application/pdf
https://journal.uod.ac/index.php/uodjournal/article/download/3341/1896/,https://journal.uod.ac/index.php/uodjournal/article/view/3341/1896,article_3341_1896_883bb9f3.pdf,1340283,application/pdf
https://journal.uod.ac/index.php/uodjournal/article/download/3342/1897/,https://journal.uod.ac/index.php/uodjournal/article/view/3342/1897,article_3342_1897_d9f69568.pdf,1549513,application/pdf
https://journal.uod.ac/index.php/uodjournal/article/download/3343/1898/,https://journal.uod.ac/index.php/uodjournal/article/view/3343/1898,article_3343_1898_dde2c818.pdf,1230140,application/pdf
https://journal.uod.ac/index.php/uodjournal/article/download/3344/1899/,https://journal.uod.ac/index.php/uodjournal/article/view/3344/1899,article_3344_1899_00b7ad87.pdf,1442699,application/pdf
https://journal.uod.ac/index.php/uodjournal/article/download/3345/1839/,https://journal.uod.ac/index.php/uodjournal/article/view/3345/1839,article_3345_1839_53da3361.pdf,1059520,application/pdf
https://journal.uod.ac/index.php/uodjournal/article/download/3346/1900/,https://journal.uod.ac/index.php/uodjournal/article/view/3346/1900,article_3346_1900_57bc3176.pdf,2289142,application/pdf
https://journal.uod.ac/index.php/uodjournal/article/download/3347/1901/,https://journal.uod.ac/index.php/uodjournal/article/view/3347/1901,article_3347_1901_c6ba1634.pdf,1464734,application/pdf
https://journal.uod.ac/index.php/uodjournal/article/download/3348/1902/,https://journal.uod.ac/index.php/uodjournal/article/view/3348/1902,article_3348_1902_d780fd2d.pdf,1572674,application/pdf
https://journal.uod.ac/index.php/uodjournal/article/download/3349/1905/,https://journal.uod.ac/index.php/uodjournal/article/view/3349/1905,article_3349_1905_3f863abd.pdf,1099022,application/pdf
https://journal.uod.ac/index.php/uodjournal/article/download/3350/1904/,https://journal.uod.ac/index.php/uodjournal/article/view/3350/1904,article_3350_1904_589d4e64.pdf,2102887,application/pdf
https://journal.uod.ac/index.php/uodjournal/article/download/3351/1903/,https://journal.uod.ac/index.php/uodjournal/article/view/3351/1903,article_3351_1903_4806ed80.pdf,2001575,application/pdf
https://journal.uod.ac/index.php/uodjournal/article/download/2835/1529/,https://journal.uod.ac/index.php/uodjournal/article/view/2835/1529,article_2835_1529_000517ae.pdf,975946,application/pdf
https://journal.uod.ac/index.php/uodjournal/article/download/2836/1530/,https://journal.uod.ac/index.php/uodjournal/article/view/2836/1530,article_2836_1530_8640f8df.pdf,576206,application/pdf
https://journal.uod.ac/index.php/uodjournal/article/download/2837/1531/,https://journal.uod.ac/index.php/uodjournal/article/view/2837/1531,article_2837_1531_83426c97.pdf,918249,application/pdf
https://journal.uod.ac/index.php/uodjournal/article/download/2838/1532/,https://journal.uod.ac/index.php/uodjournal/article/view/2838/1532,article_2838_1532_a42ceaab.pdf,582154,application/pdf
https://journal.uod.ac/index.php/uodjournal/article/download/2908/1563/,https://journal.uod.ac/index.php/uodjournal/article/view/2908/1563,article_2908_1563_1a8583a0.pdf,940784,application/pdf
https://journal.uod.ac/index.php/uodjournal/article/download/2973/1593/,https://journal.uod.ac/index.php/uodjournal/article/view/2973/1593,article_2973_1593_c5f7a4fe.pdf,920119,application/pdf
https://journal.uod.ac/index.php/uodjournal/article/download/2975/1597/,https://journal.uod.ac/index.php/uodjournal/article/view/2975/1597,article_2975_1597_61abda95.pdf,1596211,application/pdf
https://journal.uod.ac/index.php/uodjournal/article/download/3021/1638/,https://journal.uod.ac/index.php/uodjournal/article/view/3021/1638,article_3021_1638_5aeffd34.pdf,1159958,application/pdf
https://journal.uod.ac/index.php/uodjournal/article/download/3022/1651/,https://journal.uod.ac/index.php/uodjournal/article/view/3022/1651,article_3022_1651_49b74917.pdf,1320940,application/pdf
https://journal.uod.ac/index.php/uodjournal/article/download/3127/1752/,https://journal.uod.ac/index.php/uodjournal/article/view/3127/1752,article_3127_1752_b1d6f60d.pdf,898540,application/pdf
https://journal.uod.ac/index.php/uodjournal/article/download/3144/1759/,https://journal.uod.ac/index.php/uodjournal/article/view/3144/1759,article_3144_1759_34fde03c.pdf,564810,application/pdf
https://journal.uod.ac/index.php/uodjournal/article/download/3146/1760/,https://journal.uod.ac/index.php/uodjournal/article/view/3146/1760,article_3146_1760_0eb097cd.pdf,2320351,application/pdf
https://journal.uod.ac/index.php/uodjournal/article/download/3161/1765/,https://journal.uod.ac/index.php/uodjournal/article/view/3161/1765,article_3161_1765_af35e73c.pdf,1840343,application/pdf
https://journal.uod.ac/index.php/uodjournal/article/download/3178/1787/,https://journal.uod.ac/index.php/uodjournal/article/view/3178/1787,article_3178_1787_1f46a854.pdf,1665213,application/pdf
https://journal.uod.ac/index.php/uodjournal/article/download/3196/1803/,https://journal.uod.ac/index.php/uodjournal/article/view/3196/1803,article_3196_1803_5862d503.pdf,555034,application/pdf
https://journal.uod.ac/index.php/uodjournal/article/download/3214/1814/,https://journal.uod.ac/index.php/uodjournal/article/view/3214/1814,article_3214_1814_96981a18.pdf,518418,application/pdf
https://journal.uod.ac/index.php/uodjournal/article/download/3231/1820/,https://journal.uod.ac/index.php/uodjournal/article/view/3231/1820,article_3231_1820_0b7a3c38.pdf,972291,application/pdf
https://journal.uod.ac/index.php/uodjournal/article/download/2817/1528/,https://journal.uod.ac/index.php/uodjournal/article/view/2817/1528,article_2817_1528_0328f56d.pdf,559769,application/pdf
https://journal.uod.ac/index.php/uodjournal/article/download/2818/1516/,https://journal.uod.ac/index.php/uodjournal/article/view/2818/1516,article_2818_1516_9424e450.pdf,1651725,application/pdf
https://journal.uod.ac/index.php/uodjournal/article/download/2819/1517/,https://journal.uod.ac/index.php/uodjournal/article/view/2819/1517,article_2819_1517_f20b73ca.pdf,1446268,application/pdf
https://journal.uod.ac/index.php/uodjournal/article/download/2820/1518/,https://journal.uod.ac/index.php/uodjournal/article/view/2820/1518,article_2820_1518_f88c7266.pdf,1445293,application/pdf
https://journal.uod.ac/index.php/uodjournal/article/download/2821/1519/,https://journal.uod.ac/index.php/uodjournal/article/view/2821/1519,article_2821_1519_ee35c97a.pdf,1124470,application/pdf
https://journal.uod.ac/index.php/uodjournal/article/download/2822/1520/,https://journal.uod.ac/index.php/uodjournal/article/view/2822/1520,article_2822_1520_64cf8c65.pdf,1084398,application/pdf
https://journal.uod.ac/index.php/uodjournal/article/download/2823/1521/,https://journal.uod.ac/index.php/uodjournal/article/view/2823/1521,article_2823_1521_03e79fea.pdf,1156926,application/pdf
https://journal.uod.ac/index.php/uodjournal/article/download/2825/1522/,https://journal.uod.ac/index.php/uodjournal/article/view/2825/1522,article_2825_1522_940c6501.pdf,2296400,application/pdf
https://journal.uod.ac/index.php/uodjournal/article/download/2826/1523/,https://journal.uod.ac/index.php/uodjournal/article/view/2826/1523,article_2826_1523_4287913c.pdf,2235641,application/pdf
https://journal.uod.ac/index.php/uodjournal/article/download/2827/1524/,https://journal.uod.ac/index.php/uodjournal/article/view/2827/1524,article_2827_1524_aeb538c7.pdf,1605920,application/pdf
https://journal.uod.ac/index.php/uodjournal/article/download/2852/1535/,https://journal.uod.ac/index.php/uodjournal/article/view/2852/1535,article_2852_1535_662d6a65.pdf,1256291,application/pdf
https://journal.uod.ac/index.php/uodjournal/article/download/2828/1525/,https://journal.uod.ac/index.php/uodjournal/article/view/2828/1525,article_2828_1525_eadb3adc.pdf,4892889,application/pdf
https://journal.uod.ac/index.php/uodjournal/article/download/2853/1536/,https://journal.uod.ac/index.php/uodjournal/article/view/2853/1536,article_2853_1536_6b1be714.pdf,2070190,application/pdf
https://journal.uod.ac/index.php/uodjournal/article/download/2854/1537/,https://journal.uod.ac/index.php/uodjournal/article/view/2854/1537,article_2854_1537_2df2d4f9.pdf,1886781,application/pdf
https://journal.uod.ac/index.php/uodjournal/article/download/2855/1538/,https://journal.uod.ac/index.php/uodjournal/article/view/2855/1538,article_2855_1538_b2d552b4.pdf,3154013,application/pdf
https://journal.uod.ac/index.php/uodjournal/article/download/2856/1539/,https://journal.uod.ac/index.php/uodjournal/article/view/2856/1539,article_2856_1539_38fc6ff8.pdf,1235676,application/pdf
https://journal.uod.ac/index.php/uodjournal/article/download/2857/1540/,https://journal.uod.ac/index.php/uodjournal/article/view/2857/1540,article_2857_1540_1a4d96b5.pdf,1648981,application/pdf
https://journal.uod.ac/index.php/uodjournal/article/download/2858/1541/,https://journal.uod.ac/index.php/uodjournal/article/view/2858/1541,article_2858_1541_d06542f0.pdf,1412850,application/pdf
https://journal.uod.ac/index.php/uodjournal/article/download/2879/1544/,https://journal.uod.ac/index.php/uodjournal/article/view/2879/1544,article_2879_1544_95977a12.pdf,1527793,application/pdf
https://journal.uod.ac/index.php/uodjournal/article/download/2880/1545/,https://journal.uod.ac/index.php/uodjournal/article/view/2880/1545,article_2880_1545_7bc549c4.pdf,1715912,application/pdf
https://journal.uod.ac/index.php/uodjournal/article/download/2881/1546/,https://journal.uod.ac/index.php/uodjournal/article/view/2881/1546,article_2881_1546_9ed20691.pdf,1523346,application/pdf
https://journal.uod.ac/index.php/uodjournal/article/download/2882/1547/,https://journal.uod.ac/index.php/uodjournal/article/view/2882/1547,article_2882_1547_2bf625be.pdf,1038480,application/pdf
https://journal.uod.ac/index.php/uodjournal/article/download/2883/1548/,https://journal.uod.ac/index.php/uodjournal/article/view/2883/1548,article_2883_1548_8a889321.pdf,1776779,application/pdf
https://journal.uod.ac/index.php/uodjournal/article/download/2891/1557/,https://journal.uod.ac/index.php/uodjournal/article/view/2891/1557,article_2891_1557_400c8184.pdf,1283871,application/pdf
https://journal.uod.ac/index.php/uodjournal/article/download/2892/1558/,https://journal.uod.ac/index.php/uodjournal/article/view/2892/1558,article_2892_1558_afb97883.pdf,1417770,application/pdf
https://journal.uod.ac/index.php/uodjournal/article/download/2909/1564/,https://journal.uod.ac/index.php/uodjournal/article/view/2909/1564,article_2909_1564_7fc66105.pdf,950722,application/pdf
https://journal.uod.ac/index.php/uodjournal/article/download/2910/1565/,https://journal.uod.ac/index.php/uodjournal/article/view/2910/1565,article_2910_1565_f670bb6f.pdf,687036,application/pdf
https://journal.uod.ac/index.php/uodjournal/article/download/2911/1566/,https://journal.uod.ac/index.php/uodjournal/article/view/2911/1566,article_2911_1566_9bef150a.pdf,1767155,application/pdf
https://journal.uod.ac/index.php/uodjournal/article/download/2912/1567/,https://journal.uod.ac/index.php/uodjournal/article/view/2912/1567,article_2912_1567_3011691c.pdf,1106944,application/pdf
https://journal.uod.ac/index.php/uodjournal/article/download/2913/1568/,https://journal.uod.ac/index.php/uodjournal/article/view/2913/1568,article_2913_1568_1aae482b.pdf,1526625,application/pdf
https://journal.uod.ac/index.php/uodjournal/article/download/2923/1573/,https://journal.uod.ac/index.php/uodjournal/article/view/2923/1573,article_2923_1573_4c7f8896.pdf,2660832,application/pdf
https://journal.uod.ac/index.php/uodjournal/article/download/2980/1813/,https://journal.uod.ac/index.php/uodjournal/article/view/2980/1813,article_2980_1813_373e5bb2.pdf,930078,application/pdf
https://journal.uod.ac/index.php/uodjournal/article/download/2981/1732/,https://journal.uod.ac/index.php/uodjournal/article/view/2981/1732,article_2981_1732_174e37b1.pdf,1472931,application/pdf
https://journal.uod.ac/index.php/uodjournal/article/download/3031/1643/,https://journal.uod.ac/index.php/uodjournal/article/view/3031/1643,article_3031_1643_4f5dd5b7.pdf,1707865,application/pdf
https://journal.uod.ac/index.php/uodjournal/article/download/3118/1740/,https://journal.uod.ac/index.php/uodjournal/article/view/3118/1740,article_3118_1740_dc6f4031.pdf,1616545,application/pdf
https://journal.uod.ac/index.php/uodjournal/article/download/3126/1753/,https://journal.uod.ac/index.php/uodjournal/article/view/3126/1753,article_3126_1753_64fff366.pdf,1256184,application/pdf
https://journal.uod.ac/index.php/uodjournal/article/download/3153/1763/,https://journal.uod.ac/index.php/uodjournal/article/view/3153/1763,article_3153_1763_cd3b6f6c.pdf,1148770,application/pdf
https://journal.uod.ac/index.php/uodjournal/article/download/3154/1764/,https://journal.uod.ac/index.php/uodjournal/article/view/3154/1764,article_3154_1764_b9edbd8b.pdf,1076762,application/pdf
https://journal.uod.ac/index.php/uodjournal/article/download/3162/1794/,https://journal.uod.ac/index.php/uodjournal/article/view/3162/1794,article_3162_1794_5a72286c.pdf,320448,application/pdf
https://journal.uod.ac/index.php/uodjournal/article/download/3163/1793/,https://journal.uod.ac/index.php/uodjournal/article/view/3163/1793,article_3163_1793_5632325f.pdf,1034198,application/pdf
https://journal.uod.ac/index.php/uodjournal/article/download/3164/1792/,https://journal.uod.ac/index.php/uodjournal/article/view/3164/1792,article_3164_1792_b195cd39.pdf,683214,application/pdf
https://journal.uod.ac/index.php/uodjournal/article/download/3168/1791/,https://journal.uod.ac/index.php/uodjournal/article/view/3168/1791,article_3168_1791_4e115b28.pdf,505494,application/pdf
https://journal.uod.ac/index.php/uodjournal/article/download/3187/1790/,https://journal.uod.ac/index.php/uodjournal/article/view/3187/1790,article_3187_1790_e9f3b5c2.pdf,692463,application/pdf
https://journal.uod.ac/index.php/uodjournal/article/download/3188/1789/,https://journal.uod.ac/index.php/uodjournal/article/view/3188/1789,article_3188_1789_4f7d6ff6.pdf,296608,application/pdf
https://journal.uod.ac/index.php/uodjournal/article/download/3189/1788/,https://journal.uod.ac/index.php/uodjournal/article/view/3189/1788,article_3189_1788_a706b1fd.pdf,343380,application/pdf
https://journal.uod.ac/index.php/uodjournal/article/download/2791/1496/,https://journal.uod.ac/index.php/uodjournal/article/view/2791/1496,article_2791_1496_b648c1c8.pdf,1097802,application/pdf
https://journal.uod.ac/index.php/uodjournal/article/download/2792/1497/,https://journal.uod.ac/index.php/uodjournal/article/view/2792/1497,article_2792_1497_6a1fc709.pdf,972665,application/pdf
https://journal.uod.ac/index.php/uodjournal/article/download/2793/1498/,https://journal.uod.ac/index.php/uodjournal/article/view/2793/1498,article_2793_1498_48a0b29e.pdf,1452290,application/pdf
https://journal.uod.ac/index.php/uodjournal/article/download/2795/1499/,https://journal.uod.ac/index.php/uodjournal/article/view/2795/1499,article_2795_1499_0b68da6a.pdf,829173,application/pdf
https://journal.uod.ac/index.php/uodjournal/article/download/2796/1500/,https://journal.uod.ac/index.php/uodjournal/article/view/2796/1500,article_2796_1500_93d851d0.pdf,1375488,application/pdf
https://journal.uod.ac/index.php/uodjournal/article/download/2797/1501/,https://journal.uod.ac/index.php/uodjournal/article/view/2797/1501,article_2797_1501_2ddd861a.pdf,1619881,application/pdf
https://journal.uod.ac/index.php/uodjournal/article/download/2799/1503/,https://journal.uod.ac/index.php/uodjournal/article/view/2799/1503,article_2799_1503_795063b2.pdf,2456222,application/pdf
https://journal.uod.ac/index.php/uodjournal/article/download/2800/1505/,https://journal.uod.ac/index.php/uodjournal/article/view/2800/1505,article_2800_1505_81c0805a.pdf,1377512,application/pdf
https://journal.uod.ac/index.php/uodjournal/article/download/2805/1506/,https://journal.uod.ac/index.php/uodjournal/article/view/2805/1506,article_2805_1506_664efdcd.pdf,750406,application/pdf
https://journal.uod.ac/index.php/uodjournal/article/download/2806/1507/,https://journal.uod.ac/index.php/uodjournal/article/view/2806/1507,article_2806_1507_2361855e.pdf,1444514,application/pdf
https://journal.uod.ac/index.php/uodjournal/article/download/2807/1559/,https://journal.uod.ac/index.php/uodjournal/article/view/2807/1559,article_2807_1559_01fbd6a3.pdf,2006306,application/pdf
https://journal.uod.ac/index.php/uodjournal/article/download/2809/1509/,https://journal.uod.ac/index.php/uodjournal/article/view/2809/1509,article_2809_1509_57a42992.pdf,1312446,application/pdf
https://journal.uod.ac/index.php/uodjournal/article/download/2810/1510/,https://journal.uod.ac/index.php/uodjournal/article/view/2810/1510,article_2810_1510_53ee985c.pdf,2286801,application/pdf
https://journal.uod.ac/index.php/uodjournal/article/download/2811/1511/,https://journal.uod.ac/index.php/uodjournal/article/view/2811/1511,article_2811_1511_0e88718b.pdf,1947957,application/pdf
https://journal.uod.ac/index.php/uodjournal/article/download/2812/1512/,https://journal.uod.ac/index.php/uodjournal/article/view/2812/1512,article_2812_1512_9ff8850f.pdf,756610,application/pdf
https://journal.uod.ac/index.php/uodjournal/article/download/2813/1513/,https://journal.uod.ac/index.php/uodjournal/article/view/2813/1513,article_2813_1513_f06e9301.pdf,1255858,application/pdf
https://journal.uod.ac/index.php/uodjournal/article/download/2814/1514/,https://journal.uod.ac/index.php/uodjournal/article/view/2814/1514,article_2814_1514_ea9cb8a9.pdf,1303927,application/pdf
https://journal.uod.ac/index.php/uodjournal/article/download/2830/1526/,https://journal.uod.ac/index.php/uodjournal/article/view/2830/1526,article_2830_1526_94298a8b.pdf,675105,application/pdf
https://journal.uod.ac/index.php/uodjournal/article/download/2849/1533/,https://journal.uod.ac/index.php/uodjournal/article/view/2849/1533,article_2849_1533_f9e8059d.pdf,1355901,application/pdf
https://journal.uod.ac/index.php/uodjournal/article/download/2850/1555/,https://journal.uod.ac/index.php/uodjournal/article/view/2850/1555,article_2850_1555_d4aab73e.pdf,2035977,application/pdf
https://journal.uod.ac/index.php/uodjournal/article/download/2866/1542/,https://journal.uod.ac/index.php/uodjournal/article/view/2866/1542,article_2866_1542_b6255908.pdf,1520203,application/pdf
https://journal.uod.ac/index.php/uodjournal/article/download/2884/1549/,https://journal.uod.ac/index.php/uodjournal/article/view/2884/1549,article_2884_1549_897756a4.pdf,1594235,application/pdf
https://journal.uod.ac/index.php/uodjournal/article/download/2885/1550/,https://journal.uod.ac/index.php/uodjournal/article/view/2885/1550,article_2885_1550_be6fcd13.pdf,792598,application/pdf
https://journal.uod.ac/index.php/uodjournal/article/download/2886/1551/,https://journal.uod.ac/index.php/uodjournal/article/view/2886/1551,article_2886_1551_66b95d29.pdf,983245,application/pdf
https://journal.uod.ac/index.php/uodjournal/article/download/2887/1552/,https://journal.uod.ac/index.php/uodjournal/article/view/2887/1552,article_2887_1552_357001f0.pdf,906713,application/pdf
https://journal.uod.ac/index.php/uodjournal/article/download/2889/1553/,https://journal.uod.ac/index.php/uodjournal/article/view/2889/1553,article_2889_1553_5c50387f.pdf,1221851,application/pdf
https://journal.uod.ac/index.php/uodjournal/article/download/2890/1556/,https://journal.uod.ac/index.php/uodjournal/article/view/2890/1556,article_2890_1556_2e87e8e8.pdf,1491102,application/pdf
https://journal.uod.ac/index.php/uodjournal/article/download/2897/1560/,https://journal.uod.ac/index.php/uodjournal/article/view/2897/1560,article_2897_1560_8c0e800f.pdf,721053,application/pdf
https://journal.uod.ac/index.php/uodjournal/article/download/2907/1562/,https://journal.uod.ac/index.php/uodjournal/article/view/2907/1562,article_2907_1562_76a38c3d.pdf,2492211,application/pdf
https://journal.uod.ac/index.php/uodjournal/article/download/2914/1570/,https://journal.uod.ac/index.php/uodjournal/article/view/2914/1570,article_2914_1570_e4d5b22b.pdf,1244899,application/pdf
https://journal.uod.ac/index.php/uodjournal/article/download/2917/1571/,https://journal.uod.ac/index.php/uodjournal/article/view/2917/1571,article_2917_1571_0497bb3e.pdf,1012626,application/pdf
https://journal.uod.ac/index.php/uodjournal/article/download/2918/1572/,https://journal.uod.ac/index.php/uodjournal/article/view/2918/1572,article_2918_1572_26c2c16c.pdf,1361723,application/pdf
https://journal.uod.ac/index.php/uodjournal/article/download/2924/1574/,https://journal.uod.ac/index.php/uodjournal/article/view/2924/1574,article_2924_1574_05127bd6.pdf,1521562,application/pdf
https://journal.uod.ac/index.php/uodjournal/article/download/2925/1575/,https://journal.uod.ac/index.php/uodjournal/article/view/2925/1575,article_2925_1575_d62d8643.pdf,1294010,application/pdf
https://journal.uod.ac/index.php/uodjournal/article/download/2927/1577/,https://journal.uod.ac/index.php/uodjournal/article/view/2927/1577,article_2927_1577_9e90d8f4.pdf,361349,application/pdf
https://journal.uod.ac/index.php/uodjournal/article/download/2926/1576/,https://journal.uod.ac/index.php/uodjournal/article/view/2926/1576,article_2926_1576_b583ce92.pdf,1405850,application/pdf
https://journal.uod.ac/index.php/uodjournal/article/download/2928/1578/,https://journal.uod.ac/index.php/uodjournal/article/view/2928/1578,article_2928_1578_679309a9.pdf,830259,application/pdf
https://journal.uod.ac/index.php/uodjournal/article/download/2937/1579/,https://journal.uod.ac/index.php/uodjournal/article/view/2937/1579,article_2937_1579_e3c4f54e.pdf,1594577,application/pdf
https://journal.uod.ac/index.php/uodjournal/article/download/2938/1580/,https://journal.uod.ac/index.php/uodjournal/article/view/2938/1580,article_2938_1580_995f1a96.pdf,906762,application/pdf
https://journal.uod.ac/index.php/uodjournal/article/download/2942/1582/,https://journal.uod.ac/index.php/uodjournal/article/view/2942/1582,article_2942_1582_30890cdf.pdf,1019000,application/pdf
https://journal.uod.ac/index.php/uodjournal/article/download/2943/1583/,https://journal.uod.ac/index.php/uodjournal/article/view/2943/1583,article_2943_1583_75500eec.pdf,2829375,application/pdf
https://journal.uod.ac/index.php/uodjournal/article/download/2964/1585/,https://journal.uod.ac/index.php/uodjournal/article/view/2964/1585,article_2964_1585_d3e9bc4c.pdf,1316211,application/pdf
https://journal.uod.ac/index.php/uodjournal/article/download/2944/1584/,https://journal.uod.ac/index.php/uodjournal/article/view/2944/1584,article_2944_1584_437a978c.pdf,1286176,application/pdf
https://journal.uod.ac/index.php/uodjournal/article/download/2967/1589/,https://journal.uod.ac/index.php/uodjournal/article/view/2967/1589,article_2967_1589_dba09575.pdf,882730,application/pdf
https://journal.uod.ac/index.php/uodjournal/article/download/2968/1590/,https://journal.uod.ac/index.php/uodjournal/article/view/2968/1590,article_2968_1590_70b3a3b9.pdf,823501,application/pdf
https://journal.uod.ac/index.php/uodjournal/article/download/2976/1598/,https://journal.uod.ac/index.php/uodjournal/article/view/2976/1598,article_2976_1598_d1bbd784.pdf,866161,application/pdf
https://journal.uod.ac/index.php/uodjournal/article/download/2979/1600/,https://journal.uod.ac/index.php/uodjournal/article/view/2979/1600,article_2979_1600_a3639267.pdf,941056,application/pdf
https://journal.uod.ac/index.php/uodjournal/article/download/2982/1603/,https://journal.uod.ac/index.php/uodjournal/article/view/2982/1603,article_2982_1603_a211f98d.pdf,738864,application/pdf
https://journal.uod.ac/index.php/uodjournal/article/download/2985/1604/,https://journal.uod.ac/index.php/uodjournal/article/view/2985/1604,article_2985_1604_797afc49.pdf,1910802,application/pdf
https://journal.uod.ac/index.php/uodjournal/article/download/2986/1605/,https://journal.uod.ac/index.php/uodjournal/article/view/2986/1605,article_2986_1605_c665b4b3.pdf,1608165,application/pdf
https://journal.uod.ac/index.php/uodjournal/article/download/2989/1610/,https://journal.uod.ac/index.php/uodjournal/article/view/2989/1610,article_2989_1610_14c662d5.pdf,833098,application/pdf
https://journal.uod.ac/index.php/uodjournal/article/download/2994/1611/,https://journal.uod.ac/index.php/uodjournal/article/view/2994/1611,article_2994_1611_4e7e72dd.pdf,644951,application/pdf
https://journal.uod.ac/index.php/uodjournal/article/download/2995/1612/,https://journal.uod.ac/index.php/uodjournal/article/view/2995/1612,article_2995_1612_4b4357a2.pdf,916117,application/pdf
https://journal.uod.ac/index.php/uodjournal/article/download/2996/1613/,https://journal.uod.ac/index.php/uodjournal/article/view/2996/1613,article_2996_1613_00ff6930.pdf,1640558,application/pdf
https://journal.uod.ac/index.php/uodjournal/article/download/2997/1614/,https://journal.uod.ac/index.php/uodjournal/article/view/2997/1614,article_2997_1614_a2ea2bad.pdf,1544048,application/pdf
https://journal.uod.ac/index.php/uodjournal/article/download/2998/1615/,https://journal.uod.ac/index.php/uodjournal/article/view/2998/1615,article_2998_1615_68b28c46.pdf,1214413,application/pdf
https://journal.uod.ac/index.php/uodjournal/article/download/3000/1616/,https://journal.uod.ac/index.php/uodjournal/article/view/3000/1616,article_3000_1616_a9cc8fe2.pdf,922730,application/pdf
https://journal.uod.ac/index.php/uodjournal/article/download/3001/1617/,https://journal.uod.ac/index.php/uodjournal/article/view/3001/1617,article_3001_1617_bc52b748.pdf,687190,application/pdf
https://journal.uod.ac/index.php/uodjournal/article/download/3002/1618/,https://journal.uod.ac/index.php/uodjournal/article/view/3002/1618,article_3002_1618_a9d3740e.pdf,601669,application/pdf
https://journal.uod.ac/index.php/uodjournal/article/download/3003/1619/,https://journal.uod.ac/index.php/uodjournal/article/view/3003/1619,article_3003_1619_1283c76f.pdf,1331980,application/pdf
https://journal.uod.ac/index.php/uodjournal/article/download/3004/1620/,https://journal.uod.ac/index.php/uodjournal/article/view/3004/1620,article_3004_1620_aefac635.pdf,645725,application/pdf
https://journal.uod.ac/index.php/uodjournal/article/download/3005/1621/,https://journal.uod.ac/index.php/uodjournal/article/view/3005/1621,article_3005_1621_70803018.pdf,758189,application/pdf
https://journal.uod.ac/index.php/uodjournal/article/download/3009/1624/,https://journal.uod.ac/index.php/uodjournal/article/view/3009/1624,article_3009_1624_50d92ac0.pdf,1539193,application/pdf
https://journal.uod.ac/index.php/uodjournal/article/download/3010/1625/,https://journal.uod.ac/index.php/uodjournal/article/view/3010/1625,article_3010_1625_fe04d79e.pdf,2482814,application/pdf
https://journal.uod.ac/index.php/uodjournal/article/download/3015/1636/,https://journal.uod.ac/index.php/uodjournal/article/view/3015/1636,article_3015_1636_4b27e026.pdf,1351954,application/pdf
https://journal.uod.ac/index.php/uodjournal/article/download/3016/1637/,https://journal.uod.ac/index.php/uodjournal/article/view/3016/1637,article_3016_1637_da366204.pdf,1127557,application/pdf
https://journal.uod.ac/index.php/uodjournal/article/download/3017/1630/,https://journal.uod.ac/index.php/uodjournal/article/view/3017/1630,article_3017_1630_54df3dc6.pdf,1912212,application/pdf
https://journal.uod.ac/index.php/uodjournal/article/download/3018/1631/,https://journal.uod.ac/index.php/uodjournal/article/view/3018/1631,article_3018_1631_2656b9db.pdf,1363352,application/pdf
https://journal.uod.ac/index.php/uodjournal/article/download/3019/1632/,https://journal.uod.ac/index.php/uodjournal/article/view/3019/1632,article_3019_1632_bde84224.pdf,1946647,application/pdf
https://journal.uod.ac/index.php/uodjournal/article/download/3020/1633/,https://journal.uod.ac/index.php/uodjournal/article/view/3020/1633,article_3020_1633_d4e518f4.pdf,1483657,application/pdf
https://journal.uod.ac/index.php/uodjournal/article/download/3034/1645/,https://journal.uod.ac/index.php/uodjournal/article/view/3034/1645,article_3034_1645_68a50e8d.pdf,783397,application/pdf
https://journal.uod.ac/index.php/uodjournal/article/download/3035/1646/,https://journal.uod.ac/index.php/uodjournal/article/view/3035/1646,article_3035_1646_b92329c8.pdf,1530203,application/pdf
https://journal.uod.ac/index.php/uodjournal/article/download/3036/1647/,https://journal.uod.ac/index.php/uodjournal/article/view/3036/1647,article_3036_1647_b1a52962.pdf,2027334,application/pdf
https://journal.uod.ac/index.php/uodjournal/article/download/3037/1648/,https://journal.uod.ac/index.php/uodjournal/article/view/3037/1648,article_3037_1648_6d816601.pdf,1544881,application/pdf
https://journal.uod.ac/index.php/uodjournal/article/download/3039/1650/,https://journal.uod.ac/index.php/uodjournal/article/view/3039/1650,article_3039_1650_0490acb9.pdf,1820667,application/pdf
https://journal.uod.ac/index.php/uodjournal/article/download/3111/1729/,https://journal.uod.ac/index.php/uodjournal/article/view/3111/1729,article_3111_1729_0553cddd.pdf,1357023,application/pdf
https://journal.uod.ac/index.php/uodjournal/article/download/3112/1733/,https://journal.uod.ac/index.php/uodjournal/article/view/3112/1733,article_3112_1733_4f1b3d48.pdf,2195891,application/pdf
https://journal.uod.ac/index.php/uodjournal/article/download/3113/1734/,https://journal.uod.ac/index.php/uodjournal/article/view/3113/1734,article_3113_1734_a9a943b1.pdf,1125006,application/pdf
https://journal.uod.ac/index.php/uodjournal/article/download/3114/1735/,https://journal.uod.ac/index.php/uodjournal/article/view/3114/1735,article_3114_1735_0ffae62d.pdf,646073,application/pdf
https://journal.uod.ac/index.php/uodjournal/article/download/3115/1737/,https://journal.uod.ac/index.php/uodjournal/article/view/3115/1737,article_3115_1737_fa837781.pdf,719577,application/pdf
https://journal.uod.ac/index.php/uodjournal/article/download/3117/1739/,https://journal.uod.ac/index.php/uodjournal/article/view/3117/1739,article_3117_1739_c0a45517.pdf,1346449,application/pdf
https://journal.uod.ac/index.php/uodjournal/article/download/3121/1743/,https://journal.uod.ac/index.php/uodjournal/article/view/3121/1743,article_3121_1743_09180002.pdf,1616930,application/pdf
https://journal.uod.ac/index.php/uodjournal/article/download/3122/1744/,https://journal.uod.ac/index.php/uodjournal/article/view/3122/1744,article_3122_1744_e348429d.pdf,1820444,application/pdf
https://journal.uod.ac/index.php/uodjournal/article/download/3123/1747/,https://journal.uod.ac/index.php/uodjournal/article/view/3123/1747,article_3123_1747_29da2af5.pdf,1333045,application/pdf
https://journal.uod.ac/index.php/uodjournal/article/download/3124/1748/,https://journal.uod.ac/index.php/uodjournal/article/view/3124/1748,article_3124_1748_dbf58143.pdf,1357274,application/pdf
https://journal.uod.ac/index.php/uodjournal/article/download/3125/1749/,https://journal.uod.ac/index.php/uodjournal/article/view/3125/1749,article_3125_1749_61c20993.pdf,1278903,application/pdf
https://journal.uod.ac/index.php/uodjournal/article/download/3134/1754/,https://journal.uod.ac/index.php/uodjournal/article/view/3134/1754,article_3134_1754_d493aef0.pdf,216118,application/pdf
https://journal.uod.ac/index.php/uodjournal/article/download/3136/1755/,https://journal.uod.ac/index.php/uodjournal/article/view/3136/1755,article_3136_1755_3a569475.pdf,1385906,application/pdf
https://journal.uod.ac/index.php/uodjournal/article/download/3137/1756/,https://journal.uod.ac/index.php/uodjournal/article/view/3137/1756,article_3137_1756_877a9bc9.pdf,810758,application/pdf
https://journal.uod.ac/index.php/uodjournal/article/download/3140/1757/,https://journal.uod.ac/index.php/uodjournal/article/view/3140/1757,article_3140_1757_1ae83085.pdf,1422153,application/pdf
https://journal.uod.ac/index.php/uodjournal/article/download/3141/1758/,https://journal.uod.ac/index.php/uodjournal/article/view/3141/1758,article_3141_1758_ef9a7099.pdf,551458,application/pdf
https://journal.uod.ac/index.php/uodjournal/article/download/3165/1796/,https://journal.uod.ac/index.php/uodjournal/article/view/3165/1796,article_3165_1796_f0ed81d3.pdf,917635,application/pdf
https://journal.uod.ac/index.php/uodjournal/article/download/3172/1797/,https://journal.uod.ac/index.php/uodjournal/article/view/3172/1797,article_3172_1797_a9513de0.pdf,846951,application/pdf
https://journal.uod.ac/index.php/uodjournal/article/download/3173/1772/,https://journal.uod.ac/index.php/uodjournal/article/view/3173/1772,article_3173_1772_a8714029.pdf,285411,application/pdf
https://journal.uod.ac/index.php/uodjournal/article/download/3175/1798/,https://journal.uod.ac/index.php/uodjournal/article/view/3175/1798,article_3175_1798_8c689595.pdf,344775,application/pdf
https://journal.uod.ac/index.php/uodjournal/article/download/3179/1799/,https://journal.uod.ac/index.php/uodjournal/article/view/3179/1799,article_3179_1799_13021840.pdf,700650,application/pdf
https://journal.uod.ac/index.php/uodjournal/article/download/3181/1800/,https://journal.uod.ac/index.php/uodjournal/article/view/3181/1800,article_3181_1800_095a9e75.pdf,928359,application/pdf
https://journal.uod.ac/index.php/uodjournal/article/download/3183/1801/,https://journal.uod.ac/index.php/uodjournal/article/view/3183/1801,article_3183_1801_7a671ac6.pdf,834119,application/pdf
https://journal.uod.ac/index.php/uodjournal/article/download/3190/1802/,https://journal.uod.ac/index.php/uodjournal/article/view/3190/1802,article_3190_1802_67588322.pdf,628246,application/pdf
https://journal.uod.ac/index.php/uodjournal/article/download/3199/1805/,https://journal.uod.ac/index.php/uodjournal/article/view/3199/1805,article_3199_1805_fbc79520.pdf,1356045,application/pdf
https://journal.uod.ac/index.php/uodjournal/article/download/3216/1816/,https://journal.uod.ac/index.php/uodjournal/article/view/3216/1816,article_3216_1816_06c3dde9.pdf,1168493,application/pdf
https://journal.uod.ac/index.php/uodjournal/article/download/3219/1817/,https://journal.uod.ac/index.php/uodjournal/article/view/3219/1817,article_3219_1817_a886352f.pdf,1610649,application/pdf
https://journal.uod.ac/index.php/uodjournal/article/download/3220/1818/,https://journal.uod.ac/index.php/uodjournal/article/view/3220/1818,article_3220_1818_57b6b28e.pdf,907993,application/pdf
https://journal.uod.ac/index.php/uodjournal/article/download/3221/1819/,https://journal.uod.ac/index.php/uodjournal/article/view/3221/1819,article_3221_1819_cdf5da73.pdf,2058700,application/pdf
https://journal.uod.ac/index.php/uodjournal/article/download/3234/1821/,https://journal.uod.ac/index.php/uodjournal/article/view/3234/1821,article_3234_1821_32c03ffb.pdf,1322930,application/pdf
https://journal.uod.ac/index.php/uodjournal/article/download/3247/1825/,https://journal.uod.ac/index.php/uodjournal/article/view/3247/1825,article_3247_1825_5d91193e.pdf,1302191,application/pdf
https://journal.uod.ac/index.php/uodjournal/article/download/3248/1826/,https://journal.uod.ac/index.php/uodjournal/article/view/3248/1826,article_3248_1826_170ab042.pdf,582964,application/pdf
https://journal.uod.ac/index.php/uodjournal/article/download/3397/1921/,https://journal.uod.ac/index.php/uodjournal/article/view/3397/1921,article_3397_1921_cb48a536.pdf,1291596,application/pdf
https://journal.uod.ac/index.php/uodjournal/article/download/3399/1922/,https://journal.uod.ac/index.php/uodjournal/article/view/3399/1922,article_3399_1922_ae053657.pdf,1010990,application/pdf
https://journal.uod.ac/index.php/uodjournal/article/download/3404/1923/,https://journal.uod.ac/index.php/uodjournal/article/view/3404/1923,article_3404_1923_7e9eedbb.pdf,765241,application/pdf
https://journal.uod.ac/index.php/uodjournal/article/download/2623/1386/,https://journal.uod.ac/index.php/uodjournal/article/view/2623/1386,article_2623_1386_bf2b423f.pdf,1256867,application/pdf
https://journal.uod.ac/index.php/uodjournal/article/download/2624/1387/,https://journal.uod.ac/index.php/uodjournal/article/view/2624/1387,article_2624_1387_7d02d364.pdf,1036666,application/pdf
https://journal.uod.ac/index.php/uodjournal/article/download/2625/1388/,https://journal.uod.ac/index.php/uodjournal/article/view/2625/1388,article_2625_1388_94e830bd.pdf,880997,application/pdf
https://journal.uod.ac/index.php/uodjournal/article/download/2626/1389/,https://journal.uod.ac/index.php/uodjournal/article/view/2626/1389,article_2626_1389_4aab0838.pdf,1061307,application/pdf
https://journal.uod.ac/index.php/uodjournal/article/download/2627/1390/,https://journal.uod.ac/index.php/uodjournal/article/view/2627/1390,article_2627_1390_e7099953.pdf,1056391,application/pdf
https://journal.uod.ac/index.php/uodjournal/article/download/2628/1391/,https://journal.uod.ac/index.php/uodjournal/article/view/2628/1391,article_2628_1391_0a3be096.pdf,1173662,application/pdf
https://journal.uod.ac/index.php/uodjournal/article/download/2629/1392/,https://journal.uod.ac/index.php/uodjournal/article/view/2629/1392,article_2629_1392_6d2a84df.pdf,1031628,application/pdf
https://journal.uod.ac/index.php/uodjournal/article/download/2633/1393/,https://journal.uod.ac/index.php/uodjournal/article/view/2633/1393,article_2633_1393_254c9606.pdf,1116180,application/pdf
https://journal.uod.ac/index.php/uodjournal/article/download/2634/1394/,https://journal.uod.ac/index.php/uodjournal/article/view/2634/1394,article_2634_1394_e725da43.pdf,849530,application/pdf
https://journal.uod.ac/index.php/uodjournal/article/download/2635/1395/,https://journal.uod.ac/index.php/uodjournal/article/view/2635/1395,article_2635_1395_0c99e5b9.pdf,1071758,application/pdf
https://journal.uod.ac/index.php/uodjournal/article/download/2637/1396/,https://journal.uod.ac/index.php/uodjournal/article/view/2637/1396,article_2637_1396_6c863409.pdf,1225943,application/pdf
https://journal.uod.ac/index.php/uodjournal/article/download/2638/1397/,https://journal.uod.ac/index.php/uodjournal/article/view/2638/1397,article_2638_1397_b6d304cd.pdf,1099760,application/pdf
https://journal.uod.ac/index.php/uodjournal/article/download/2645/1398/,https://journal.uod.ac/index.php/uodjournal/article/view/2645/1398,article_2645_1398_4546ee53.pdf,1114272,application/pdf
https://journal.uod.ac/index.php/uodjournal/article/download/2646/1400/,https://journal.uod.ac/index.php/uodjournal/article/view/2646/1400,article_2646_1400_e27cdd40.pdf,959673,application/pdf
https://journal.uod.ac/index.php/uodjournal/article/download/2648/1401/,https://journal.uod.ac/index.php/uodjournal/article/view/2648/1401,article_2648_1401_7aa4f6a4.pdf,1099679,application/pdf
https://journal.uod.ac/index.php/uodjournal/article/download/2650/1402/,https://journal.uod.ac/index.php/uodjournal/article/view/2650/1402,article_2650_1402_82a1c02e.pdf,1255325,application/pdf
https://journal.uod.ac/index.php/uodjournal/article/download/2652/1403/,https://journal.uod.ac/index.php/uodjournal/article/view/2652/1403,article_2652_1403_5e56af57.pdf,1257310,application/pdf
https://journal.uod.ac/index.php/uodjournal/article/download/2653/1404/,https://journal.uod.ac/index.php/uodjournal/article/view/2653/1404,article_2653_1404_fd829521.pdf,970880,application/pdf
https://journal.uod.ac/index.php/uodjournal/article/download/2654/1405/,https://journal.uod.ac/index.php/uodjournal/article/view/2654/1405,article_2654_1405_1e9311a0.pdf,1007259,application/pdf
https://journal.uod.ac/index.php/uodjournal/article/download/2655/1406/,https://journal.uod.ac/index.php/uodjournal/article/view/2655/1406,article_2655_1406_613cdbdc.pdf,955339,application/pdf
https://journal.uod.ac/index.php/uodjournal/article/download/2656/1407/,https://journal.uod.ac/index.php/uodjournal/article/view/2656/1407,article_2656_1407_21359e75.pdf,1162653,application/pdf
https://journal.uod.ac/index.php/uodjournal/article/download/2657/1411/,https://journal.uod.ac/index.php/uodjournal/article/view/2657/1411,article_2657_1411_dc67c8e1.pdf,1131762,application/pdf
https://journal.uod.ac/index.php/uodjournal/article/download/2659/1413/,https://journal.uod.ac/index.php/uodjournal/article/view/2659/1413,article_2659_1413_c367fe70.pdf,926970,application/pdf
https://journal.uod.ac/index.php/uodjournal/article/download/2658/1412/,https://journal.uod.ac/index.php/uodjournal/article/view/2658/1412,article_2658_1412_cab20d70.pdf,1379030,application/pdf
https://journal.uod.ac/index.php/uodjournal/article/download/2661/1415/,https://journal.uod.ac/index.php/uodjournal/article/view/2661/1415,article_2661_1415_271d56da.pdf,790466,application/pdf
https://journal.uod.ac/index.php/uodjournal/article/download/2662/1416/,https://journal.uod.ac/index.php/uodjournal/article/view/2662/1416,article_2662_1416_6fa3c864.pdf,1126743,application/pdf
https://journal.uod.ac/index.php/uodjournal/article/download/2663/1417/,https://journal.uod.ac/index.php/uodjournal/article/view/2663/1417,article_2663_1417_83378faa.pdf,1092742,application/pdf
https://journal.uod.ac/index.php/uodjournal/article/download/2664/1418/,https://journal.uod.ac/index.php/uodjournal/article/view/2664/1418,article_2664_1418_c2dde33d.pdf,1119140,application/pdf
https://journal.uod.ac/index.php/uodjournal/article/download/2665/1419/,https://journal.uod.ac/index.php/uodjournal/article/view/2665/1419,article_2665_1419_1f8b96d7.pdf,906867,application/pdf
https://journal.uod.ac/index.php/uodjournal/article/download/2666/1420/,https://journal.uod.ac/index.php/uodjournal/article/view/2666/1420,article_2666_1420_fa95e06c.pdf,1024776,application/pdf
https://journal.uod.ac/index.php/uodjournal/article/download/2667/1421/,https://journal.uod.ac/index.php/uodjournal/article/view/2667/1421,article_2667_1421_da6c95ce.pdf,1256952,application/pdf
https://journal.uod.ac/index.php/uodjournal/article/download/2668/1422/,https://journal.uod.ac/index.php/uodjournal/article/view/2668/1422,article_2668_1422_abd0fed9.pdf,1122403,application/pdf
https://journal.uod.ac/index.php/uodjournal/article/download/2669/1423/,https://journal.uod.ac/index.php/uodjournal/article/view/2669/1423,article_2669_1423_5b0b1954.pdf,1012916,application/pdf
https://journal.uod.ac/index.php/uodjournal/article/download/2670/1424/,https://journal.uod.ac/index.php/uodjournal/article/view/2670/1424,article_2670_1424_75124f0a.pdf,1314774,application/pdf
https://journal.uod.ac/index.php/uodjournal/article/download/2671/1425/,https://journal.uod.ac/index.php/uodjournal/article/view/2671/1425,article_2671_1425_a937665f.pdf,848795,application/pdf
https://journal.uod.ac/index.php/uodjournal/article/download/2672/1426/,https://journal.uod.ac/index.php/uodjournal/article/view/2672/1426,article_2672_1426_eaf3d608.pdf,1146881,application/pdf
https://journal.uod.ac/index.php/uodjournal/article/download/2673/1427/,https://journal.uod.ac/index.php/uodjournal/article/view/2673/1427,article_2673_1427_c3d26a58.pdf,1233478,application/pdf
https://journal.uod.ac/index.php/uodjournal/article/download/2674/1428/,https://journal.uod.ac/index.php/uodjournal/article/view/2674/1428,article_2674_1428_76948df1.pdf,945360,application/pdf
https://journal.uod.ac/index.php/uodjournal/article/download/2675/1429/,https://journal.uod.ac/index.php/uodjournal/article/view/2675/1429,article_2675_1429_cea8dcd5.pdf,1042693,application/pdf
https://journal.uod.ac/index.php/uodjournal/article/download/2676/1430/,https://journal.uod.ac/index.php/uodjournal/article/view/2676/1430,article_2676_1430_616d67db.pdf,931982,application/pdf
https://journal.uod.ac/index.php/uodjournal/article/download/2679/1432/,https://journal.uod.ac/index.php/uodjournal/article/view/2679/1432,article_2679_1432_8765a9af.pdf,957595,application/pdf
https://journal.uod.ac/index.php/uodjournal/article/download/2680/1433/,https://journal.uod.ac/index.php/uodjournal/article/view/2680/1433,article_2680_1433_f47de1a5.pdf,1311700,application/pdf
https://journal.uod.ac/index.php/uodjournal/article/download/2681/1434/,https://journal.uod.ac/index.php/uodjournal/article/view/2681/1434,article_2681_1434_a299b77d.pdf,989490,application/pdf
https://journal.uod.ac/index.php/uodjournal/article/download/2683/1435/,https://journal.uod.ac/index.php/uodjournal/article/view/2683/1435,article_2683_1435_6e34f47e.pdf,1225892,application/pdf
https://journal.uod.ac/index.php/uodjournal/article/download/2684/1436/,https://journal.uod.ac/index.php/uodjournal/article/view/2684/1436,article_2684_1436_fd2de2ec.pdf,1082080,application/pdf
https://journal.uod.ac/index.php/uodjournal/article/download/2685/1437/,https://journal.uod.ac/index.php/uodjournal/article/view/2685/1437,article_2685_1437_2c19b8e1.pdf,1337301,application/pdf
https://journal.uod.ac/index.php/uodjournal/article/download/2687/1438/,https://journal.uod.ac/index.php/uodjournal/article/view/2687/1438,article_2687_1438_d3bb8a83.pdf,1161882,application/pdf
https://journal.uod.ac/index.php/uodjournal/article/download/2688/1493/,https://journal.uod.ac/index.php/uodjournal/article/view/2688/1493,article_2688_1493_4234d043.pdf,938895,application/pdf
https://journal.uod.ac/index.php/uodjournal/article/download/2689/1439/,https://journal.uod.ac/index.php/uodjournal/article/view/2689/1439,article_2689_1439_8a84b096.pdf,1192032,application/pdf
https://journal.uod.ac/index.php/uodjournal/article/download/2690/1440/,https://journal.uod.ac/index.php/uodjournal/article/view/2690/1440,article_2690_1440_9e8486b9.pdf,1303158,application/pdf
https://journal.uod.ac/index.php/uodjournal/article/download/2692/1441/,https://journal.uod.ac/index.php/uodjournal/article/view/2692/1441,article_2692_1441_63a9a32e.pdf,1030071,application/pdf
https://journal.uod.ac/index.php/uodjournal/article/download/2694/1442/,https://journal.uod.ac/index.php/uodjournal/article/view/2694/1442,article_2694_1442_ef8dab42.pdf,828915,application/pdf
https://journal.uod.ac/index.php/uodjournal/article/download/2695/1444/,https://journal.uod.ac/index.php/uodjournal/article/view/2695/1444,article_2695_1444_a0b7a1ab.pdf,1010290,application/pdf
https://journal.uod.ac/index.php/uodjournal/article/download/2696/1443/,https://journal.uod.ac/index.php/uodjournal/article/view/2696/1443,article_2696_1443_b85b5392.pdf,1380837,application/pdf
https://journal.uod.ac/index.php/uodjournal/article/download/2697/1445/,https://journal.uod.ac/index.php/uodjournal/article/view/2697/1445,article_2697_1445_c6d8634d.pdf,1165638,application/pdf
https://journal.uod.ac/index.php/uodjournal/article/download/2698/1446/,https://journal.uod.ac/index.php/uodjournal/article/view/2698/1446,article_2698_1446_d4ff798d.pdf,1580198,application/pdf
https://journal.uod.ac/index.php/uodjournal/article/download/2699/1447/,https://journal.uod.ac/index.php/uodjournal/article/view/2699/1447,article_2699_1447_06bd8f5e.pdf,1074906,application/pdf
https://journal.uod.ac/index.php/uodjournal/article/download/2700/1448/,https://journal.uod.ac/index.php/uodjournal/article/view/2700/1448,article_2700_1448_eba56b7d.pdf,1180677,application/pdf
https://journal.uod.ac/index.php/uodjournal/article/download/2701/1449/,https://journal.uod.ac/index.php/uodjournal/article/view/2701/1449,article_2701_1449_d3fb47cf.pdf,902950,application/pdf
https://journal.uod.ac/index.php/uodjournal/article/download/2702/1450/,https://journal.uod.ac/index.php/uodjournal/article/view/2702/1450,article_2702_1450_77bbf859.pdf,992459,application/pdf
https://journal.uod.ac/index.php/uodjournal/article/download/2703/1451/,https://journal.uod.ac/index.php/uodjournal/article/view/2703/1451,article_2703_1451_67c3f718.pdf,1150489,application/pdf
https://journal.uod.ac/index.php/uodjournal/article/download/2704/1452/,https://journal.uod.ac/index.php/uodjournal/article/view/2704/1452,article_2704_1452_2dcb8836.pdf,1415439,application/pdf
https://journal.uod.ac/index.php/uodjournal/article/download/2705/1453/,https://journal.uod.ac/index.php/uodjournal/article/view/2705/1453,article_2705_1453_fdf40e62.pdf,1071986,application/pdf
https://journal.uod.ac/index.php/uodjournal/article/download/2706/1454/,https://journal.uod.ac/index.php/uodjournal/article/view/2706/1454,article_2706_1454_c9f7f1ee.pdf,1054967,application/pdf
https://journal.uod.ac/index.php/uodjournal/article/download/2707/1456/,https://journal.uod.ac/index.php/uodjournal/article/view/2707/1456,article_2707_1456_b024d177.pdf,826669,application/pdf
https://journal.uod.ac/index.php/uodjournal/article/download/2708/1457/,https://journal.uod.ac/index.php/uodjournal/article/view/2708/1457,article_2708_1457_038d18b7.pdf,1117160,application/pdf
https://journal.uod.ac/index.php/uodjournal/article/download/2709/1458/,https://journal.uod.ac/index.php/uodjournal/article/view/2709/1458,article_2709_1458_d696ec6c.pdf,1303887,application/pdf
https://journal.uod.ac/index.php/uodjournal/article/download/2710/1459/,https://journal.uod.ac/index.php/uodjournal/article/view/2710/1459,article_2710_1459_dc29be9b.pdf,979419,application/pdf
https://journal.uod.ac/index.php/uodjournal/article/download/2711/1460/,https://journal.uod.ac/index.php/uodjournal/article/view/2711/1460,article_2711_1460_22cb3567.pdf,1283512,application/pdf
https://journal.uod.ac/index.php/uodjournal/article/download/2712/1461/,https://journal.uod.ac/index.php/uodjournal/article/view/2712/1461,article_2712_1461_bd244c0d.pdf,919759,application/pdf
https://journal.uod.ac/index.php/uodjournal/article/download/2713/1462/,https://journal.uod.ac/index.php/uodjournal/article/view/2713/1462,article_2713_1462_c8866c5f.pdf,1158240,application/pdf
https://journal.uod.ac/index.php/uodjournal/article/download/2714/1463/,https://journal.uod.ac/index.php/uodjournal/article/view/2714/1463,article_2714_1463_443b38cc.pdf,1659485,application/pdf
https://journal.uod.ac/index.php/uodjournal/article/download/2715/1464/,https://journal.uod.ac/index.php/uodjournal/article/view/2715/1464,article_2715_1464_a9482e4e.pdf,1336161,application/pdf
https://journal.uod.ac/index.php/uodjournal/article/download/2716/1465/,https://journal.uod.ac/index.php/uodjournal/article/view/2716/1465,article_2716_1465_3b92e456.pdf,1038773,application/pdf
https://journal.uod.ac/index.php/uodjournal/article/download/2717/1466/,https://journal.uod.ac/index.php/uodjournal/article/view/2717/1466,article_2717_1466_2b3cf6ea.pdf,911361,application/pdf
https://journal.uod.ac/index.php/uodjournal/article/download/2718/1467/,https://journal.uod.ac/index.php/uodjournal/article/view/2718/1467,article_2718_1467_f634ce2c.pdf,1071410,application/pdf
https://journal.uod.ac/index.php/uodjournal/article/download/2719/1468/,https://journal.uod.ac/index.php/uodjournal/article/view/2719/1468,article_2719_1468_be71d9b4.pdf,1264988,application/pdf
https://journal.uod.ac/index.php/uodjournal/article/download/2720/1469/,https://journal.uod.ac/index.php/uodjournal/article/view/2720/1469,article_2720_1469_c4c9f11a.pdf,980676,application/pdf
https://journal.uod.ac/index.php/uodjournal/article/download/2721/1470/,https://journal.uod.ac/index.php/uodjournal/article/view/2721/1470,article_2721_1470_9c22d2b7.pdf,1453838,application/pdf
https://journal.uod.ac/index.php/uodjournal/article/download/2722/1471/,https://journal.uod.ac/index.php/uodjournal/article/view/2722/1471,article_2722_1471_735ae13a.pdf,1214308,application/pdf
https://journal.uod.ac/index.php/uodjournal/article/download/2726/1472/,https://journal.uod.ac/index.php/uodjournal/article/view/2726/1472,article_2726_1472_eb782ee3.pdf,1183586,application/pdf
https://journal.uod.ac/index.php/uodjournal/article/download/2728/1473/,https://journal.uod.ac/index.php/uodjournal/article/view/2728/1473,article_2728_1473_24639dc9.pdf,977027,application/pdf
https://journal.uod.ac/index.php/uodjournal/article/download/2729/1474/,https://journal.uod.ac/index.php/uodjournal/article/view/2729/1474,article_2729_1474_b1bcd910.pdf,1258043,application/pdf
https://journal.uod.ac/index.php/uodjournal/article/download/2730/1475/,https://journal.uod.ac/index.php/uodjournal/article/view/2730/1475,article_2730_1475_b8bb5a18.pdf,1081144,application/pdf
https://journal.uod.ac/index.php/uodjournal/article/download/2731/1476/,https://journal.uod.ac/index.php/uodjournal/article/view/2731/1476,article_2731_1476_ecc0e613.pdf,1162659,application/pdf
https://journal.uod.ac/index.php/uodjournal/article/download/2732/1477/,https://journal.uod.ac/index.php/uodjournal/article/view/2732/1477,article_2732_1477_b2445c25.pdf,979181,application/pdf
https://journal.uod.ac/index.php/uodjournal/article/download/2733/1478/,https://journal.uod.ac/index.php/uodjournal/article/view/2733/1478,article_2733_1478_6fae0367.pdf,1100027,application/pdf
https://journal.uod.ac/index.php/uodjournal/article/download/2734/1479/,https://journal.uod.ac/index.php/uodjournal/article/view/2734/1479,article_2734_1479_85d10231.pdf,1186185,application/pdf
https://journal.uod.ac/index.php/uodjournal/article/download/2735/1480/,https://journal.uod.ac/index.php/uodjournal/article/view/2735/1480,article_2735_1480_f3c49411.pdf,1143642,application/pdf
https://journal.uod.ac/index.php/uodjournal/article/download/2737/1481/,https://journal.uod.ac/index.php/uodjournal/article/view/2737/1481,article_2737_1481_8f8dcf35.pdf,936244,application/pdf
https://journal.uod.ac/index.php/uodjournal/article/download/2738/1482/,https://journal.uod.ac/index.php/uodjournal/article/view/2738/1482,article_2738_1482_a088305c.pdf,2107316,application/pdf
https://journal.uod.ac/index.php/uodjournal/article/download/2739/1483/,https://journal.uod.ac/index.php/uodjournal/article/view/2739/1483,article_2739_1483_a4b0bf55.pdf,1259375,application/pdf
https://journal.uod.ac/index.php/uodjournal/article/download/2741/1484/,https://journal.uod.ac/index.php/uodjournal/article/view/2741/1484,article_2741_1484_a343b6e0.pdf,1054535,application/pdf
https://journal.uod.ac/index.php/uodjournal/article/download/2742/1485/,https://journal.uod.ac/index.php/uodjournal/article/view/2742/1485,article_2742_1485_08b451bf.pdf,1056092,application/pdf
https://journal.uod.ac/index.php/uodjournal/article/download/2743/1486/,https://journal.uod.ac/index.php/uodjournal/article/view/2743/1486,article_2743_1486_3609f0bf.pdf,1190114,application/pdf
https://journal.uod.ac/index.php/uodjournal/article/download/2744/1487/,https://journal.uod.ac/index.php/uodjournal/article/view/2744/1487,article_2744_1487_9802aef6.pdf,1082813,application/pdf
https://journal.uod.ac/index.php/uodjournal/article/download/2745/1488/,https://journal.uod.ac/index.php/uodjournal/article/view/2745/1488,article_2745_1488_81fcb095.pdf,1095851,application/pdf
https://journal.uod.ac/index.php/uodjournal/article/download/2747/1489/,https://journal.uod.ac/index.php/uodjournal/article/view/2747/1489,article_2747_1489_d19adad8.pdf,1068667,application/pdf
https://journal.uod.ac/index.php/uodjournal/article/download/2748/1490/,https://journal.uod.ac/index.php/uodjournal/article/view/2748/1490,article_2748_1490_fc6b97c8.pdf,1362250,application/pdf
https://journal.uod.ac/index.php/uodjournal/article/download/2749/1491/,https://journal.uod.ac/index.php/uodjournal/article/view/2749/1491,article_2749_1491_98743534.pdf,919284,application/pdf
https://journal.uod.ac/index.php/uodjournal/article/download/2750/1492/,https://journal.uod.ac/index.php/uodjournal/article/view/2750/1492,article_2750_1492_334e2931.pdf,1070288,application/pdf
https://journal.uod.ac/index.php/uodjournal/article/download/2318/1233/,https://journal.uod.ac/index.php/uodjournal/article/view/2318/1233,article_2318_1233_9d864930.pdf,1518176,application/pdf
https://journal.uod.ac/index.php/uodjournal/article/download/2319/1234/,https://journal.uod.ac/index.php/uodjournal/article/view/2319/1234,article_2319_1234_808ef127.pdf,1112664,application/pdf
https://journal.uod.ac/index.php/uodjournal/article/download/2320/1235/,https://journal.uod.ac/index.php/uodjournal/article/view/2320/1235,article_2320_1235_0f77a08f.pdf,1217537,application/pdf
https://journal.uod.ac/index.php/uodjournal/article/download/2321/1236/,https://journal.uod.ac/index.php/uodjournal/article/view/2321/1236,article_2321_1236_312d94eb.pdf,1273910,application/pdf
https://journal.uod.ac/index.php/uodjournal/article/download/2322/1237/,https://journal.uod.ac/index.php/uodjournal/article/view/2322/1237,article_2322_1237_368503b8.pdf,1186947,application/pdf
https://journal.uod.ac/index.php/uodjournal/article/download/2323/1238/,https://journal.uod.ac/index.php/uodjournal/article/view/2323/1238,article_2323_1238_fa6e99c6.pdf,1226969,application/pdf
https://journal.uod.ac/index.php/uodjournal/article/download/2354/1264/,https://journal.uod.ac/index.php/uodjournal/article/view/2354/1264,article_2354_1264_83a1dbce.pdf,1262404,application/pdf
https://journal.uod.ac/index.php/uodjournal/article/download/2355/1265/,https://journal.uod.ac/index.php/uodjournal/article/view/2355/1265,article_2355_1265_59ef99d7.pdf,1162738,application/pdf
https://journal.uod.ac/index.php/uodjournal/article/download/2356/1266/,https://journal.uod.ac/index.php/uodjournal/article/view/2356/1266,article_2356_1266_296683cc.pdf,1170889,application/pdf
https://journal.uod.ac/index.php/uodjournal/article/download/2394/1284/,https://journal.uod.ac/index.php/uodjournal/article/view/2394/1284,article_2394_1284_e85bf834.pdf,1267628,application/pdf
https://journal.uod.ac/index.php/uodjournal/article/download/2395/1285/,https://journal.uod.ac/index.php/uodjournal/article/view/2395/1285,article_2395_1285_0c9cee92.pdf,1347983,application/pdf
https://journal.uod.ac/index.php/uodjournal/article/download/2396/1286/,https://journal.uod.ac/index.php/uodjournal/article/view/2396/1286,article_2396_1286_bd3ffd18.pdf,952132,application/pdf
https://journal.uod.ac/index.php/uodjournal/article/download/2397/1287/,https://journal.uod.ac/index.php/uodjournal/article/view/2397/1287,article_2397_1287_d1a183a4.pdf,1152876,application/pdf
https://journal.uod.ac/index.php/uodjournal/article/download/2398/1288/,https://journal.uod.ac/index.php/uodjournal/article/view/2398/1288,article_2398_1288_cd62c532.pdf,1041428,application/pdf
https://journal.uod.ac/index.php/uodjournal/article/download/2399/1289/,https://journal.uod.ac/index.php/uodjournal/article/view/2399/1289,article_2399_1289_dec8a9ba.pdf,870227,application/pdf
https://journal.uod.ac/index.php/uodjournal/article/download/2401/1495/,https://journal.uod.ac/index.php/uodjournal/article/view/2401/1495,article_2401_1495_cee8d78f.pdf,508060,application/pdf
https://journal.uod.ac/index.php/uodjournal/article/download/2402/1291/,https://journal.uod.ac/index.php/uodjournal/article/view/2402/1291,article_2402_1291_590ca92e.pdf,1270897,application/pdf
https://journal.uod.ac/index.php/uodjournal/article/download/2403/1292/,https://journal.uod.ac/index.php/uodjournal/article/view/2403/1292,article_2403_1292_5e7e82dd.pdf,1408429,application/pdf
https://journal.uod.ac/index.php/uodjournal/article/download/2404/1293/,https://journal.uod.ac/index.php/uodjournal/article/view/2404/1293,article_2404_1293_3efbddbf.pdf,899201,application/pdf
https://journal.uod.ac/index.php/uodjournal/article/download/2437/1308/,https://journal.uod.ac/index.php/uodjournal/article/view/2437/1308,article_2437_1308_c0fbcfd9.pdf,1323927,application/pdf
https://journal.uod.ac/index.php/uodjournal/article/download/2518/1365/,https://journal.uod.ac/index.php/uodjournal/article/view/2518/1365,article_2518_1365_1f808622.pdf,1197284,application/pdf
https://journal.uod.ac/index.php/uodjournal/article/download/2519/1366/,https://journal.uod.ac/index.php/uodjournal/article/view/2519/1366,article_2519_1366_5a0f3b51.pdf,962278,application/pdf
https://journal.uod.ac/index.php/uodjournal/article/download/2520/1367/,https://journal.uod.ac/index.php/uodjournal/article/view/2520/1367,article_2520_1367_e5c1b495.pdf,1417590,application/pdf
https://journal.uod.ac/index.php/uodjournal/article/download/2521/1368/,https://journal.uod.ac/index.php/uodjournal/article/view/2521/1368,article_2521_1368_6ffceb27.pdf,1208530,application/pdf
https://journal.uod.ac/index.php/uodjournal/article/download/2522/1369/,https://journal.uod.ac/index.php/uodjournal/article/view/2522/1369,article_2522_1369_4f48bc50.pdf,1487952,application/pdf
https://journal.uod.ac/index.php/uodjournal/article/download/2523/1370/,https://journal.uod.ac/index.php/uodjournal/article/view/2523/1370,article_2523_1370_fc3e2b25.pdf,1543112,application/pdf
https://journal.uod.ac/index.php/uodjournal/article/download/2537/1373/,https://journal.uod.ac/index.php/uodjournal/article/view/2537/1373,article_2537_1373_d583e008.pdf,1106146,application/pdf
https://journal.uod.ac/index.php/uodjournal/article/download/2603/1385/,https://journal.uod.ac/index.php/uodjournal/article/view/2603/1385,article_2603_1385_86174b19.pdf,544409,application/pdf
https://journal.uod.ac/index.php/uodjournal/article/download/2295/1228/,https://journal.uod.ac/index.php/uodjournal/article/view/2295/1228,article_2295_1228_1c3f7516.pdf,1761791,application/pdf
https://journal.uod.ac/index.php/uodjournal/article/download/2296/1229/,https://journal.uod.ac/index.php/uodjournal/article/view/2296/1229,article_2296_1229_995ad103.pdf,1201498,application/pdf
https://journal.uod.ac/index.php/uodjournal/article/download/2297/1261/,https://journal.uod.ac/index.php/uodjournal/article/view/2297/1261,article_2297_1261_e6cf6e10.pdf,695791,application/pdf
https://journal.uod.ac/index.php/uodjournal/article/download/2298/1494/,https://journal.uod.ac/index.php/uodjournal/article/view/2298/1494,article_2298_1494_18ef5687.pdf,948406,application/pdf
https://journal.uod.ac/index.php/uodjournal/article/download/2299/1232/,https://journal.uod.ac/index.php/uodjournal/article/view/2299/1232,article_2299_1232_976a2453.pdf,2198603,application/pdf
https://journal.uod.ac/index.php/uodjournal/article/download/2340/1251/,https://journal.uod.ac/index.php/uodjournal/article/view/2340/1251,article_2340_1251_d550c763.pdf,1075665,application/pdf
https://journal.uod.ac/index.php/uodjournal/article/download/2341/1252/,https://journal.uod.ac/index.php/uodjournal/article/view/2341/1252,article_2341_1252_b6ca63a8.pdf,1768659,application/pdf
https://journal.uod.ac/index.php/uodjournal/article/download/2342/1253/,https://journal.uod.ac/index.php/uodjournal/article/view/2342/1253,article_2342_1253_cdc03678.pdf,1290965,application/pdf
https://journal.uod.ac/index.php/uodjournal/article/download/2343/1254/,https://journal.uod.ac/index.php/uodjournal/article/view/2343/1254,article_2343_1254_d810b8b1.pdf,1382528,application/pdf
https://journal.uod.ac/index.php/uodjournal/article/download/2344/1255/,https://journal.uod.ac/index.php/uodjournal/article/view/2344/1255,article_2344_1255_b4d0e245.pdf,1179067,application/pdf
https://journal.uod.ac/index.php/uodjournal/article/download/2345/1257/,https://journal.uod.ac/index.php/uodjournal/article/view/2345/1257,article_2345_1257_26bbf608.pdf,972607,application/pdf
https://journal.uod.ac/index.php/uodjournal/article/download/2346/1258/,https://journal.uod.ac/index.php/uodjournal/article/view/2346/1258,article_2346_1258_653ff427.pdf,1087190,application/pdf
https://journal.uod.ac/index.php/uodjournal/article/download/2347/1259/,https://journal.uod.ac/index.php/uodjournal/article/view/2347/1259,article_2347_1259_3d814fd8.pdf,935450,application/pdf
https://journal.uod.ac/index.php/uodjournal/article/download/2350/1260/,https://journal.uod.ac/index.php/uodjournal/article/view/2350/1260,article_2350_1260_04109fdb.pdf,1899848,application/pdf
https://journal.uod.ac/index.php/uodjournal/article/download/2365/1267/,https://journal.uod.ac/index.php/uodjournal/article/view/2365/1267,article_2365_1267_fe3bb382.pdf,1201495,application/pdf
https://journal.uod.ac/index.php/uodjournal/article/download/2366/1268/,https://journal.uod.ac/index.php/uodjournal/article/view/2366/1268,article_2366_1268_1dade6e3.pdf,1054893,application/pdf
https://journal.uod.ac/index.php/uodjournal/article/download/2367/1269/,https://journal.uod.ac/index.php/uodjournal/article/view/2367/1269,article_2367_1269_34cd33b7.pdf,1183891,application/pdf
https://journal.uod.ac/index.php/uodjournal/article/download/2368/1270/,https://journal.uod.ac/index.php/uodjournal/article/view/2368/1270,article_2368_1270_98e8031a.pdf,1321303,application/pdf
https://journal.uod.ac/index.php/uodjournal/article/download/2369/1271/,https://journal.uod.ac/index.php/uodjournal/article/view/2369/1271,article_2369_1271_a54e9c39.pdf,1406894,application/pdf
https://journal.uod.ac/index.php/uodjournal/article/download/2370/1561/,https://journal.uod.ac/index.php/uodjournal/article/view/2370/1561,article_2370_1561_14b72b9d.pdf,312078,application/pdf
https://journal.uod.ac/index.php/uodjournal/article/download/2374/1273/,https://journal.uod.ac/index.php/uodjournal/article/view/2374/1273,article_2374_1273_84943c24.pdf,1149224,application/pdf
https://journal.uod.ac/index.php/uodjournal/article/download/2375/1275/,https://journal.uod.ac/index.php/uodjournal/article/view/2375/1275,article_2375_1275_f0d080da.pdf,748945,application/pdf
https://journal.uod.ac/index.php/uodjournal/article/download/2386/1276/,https://journal.uod.ac/index.php/uodjournal/article/view/2386/1276,article_2386_1276_a143a341.pdf,1124911,application/pdf
https://journal.uod.ac/index.php/uodjournal/article/download/2387/1277/,https://journal.uod.ac/index.php/uodjournal/article/view/2387/1277,article_2387_1277_37c7eaa6.pdf,1211477,application/pdf
https://journal.uod.ac/index.php/uodjournal/article/download/2388/1278/,https://journal.uod.ac/index.php/uodjournal/article/view/2388/1278,article_2388_1278_c49a9fc3.pdf,952356,application/pdf
https://journal.uod.ac/index.php/uodjournal/article/download/2389/1294/,https://journal.uod.ac/index.php/uodjournal/article/view/2389/1294,article_2389_1294_3d93d8cd.pdf,485415,application/pdf
https://journal.uod.ac/index.php/uodjournal/article/download/2390/1280/,https://journal.uod.ac/index.php/uodjournal/article/view/2390/1280,article_2390_1280_bf5663e5.pdf,1072861,application/pdf
https://journal.uod.ac/index.php/uodjournal/article/download/2391/1281/,https://journal.uod.ac/index.php/uodjournal/article/view/2391/1281,article_2391_1281_80454134.pdf,829658,application/pdf
https://journal.uod.ac/index.php/uodjournal/article/download/2392/1282/,https://journal.uod.ac/index.php/uodjournal/article/view/2392/1282,article_2392_1282_6af99f17.pdf,1533976,application/pdf
https://journal.uod.ac/index.php/uodjournal/article/download/2393/1283/,https://journal.uod.ac/index.php/uodjournal/article/view/2393/1283,article_2393_1283_7e12cb70.pdf,1505120,application/pdf
https://journal.uod.ac/index.php/uodjournal/article/download/2410/1384/,https://journal.uod.ac/index.php/uodjournal/article/view/2410/1384,article_2410_1384_1f84d846.pdf,1310874,application/pdf
https://journal.uod.ac/index.php/uodjournal/article/download/2411/1296/,https://journal.uod.ac/index.php/uodjournal/article/view/2411/1296,article_2411_1296_e4857eae.pdf,1661655,application/pdf
https://journal.uod.ac/index.php/uodjournal/article/download/2412/1297/,https://journal.uod.ac/index.php/uodjournal/article/view/2412/1297,article_2412_1297_b7ae0dbc.pdf,1492049,application/pdf
https://journal.uod.ac/index.php/uodjournal/article/download/2453/1314/,https://journal.uod.ac/index.php/uodjournal/article/view/2453/1314,article_2453_1314_5c0e0ae4.pdf,1112413,application/pdf
https://journal.uod.ac/index.php/uodjournal/article/download/2455/1315/,https://journal.uod.ac/index.php/uodjournal/article/view/2455/1315,article_2455_1315_9d24a426.pdf,737658,application/pdf
https://journal.uod.ac/index.php/uodjournal/article/download/2456/1316/,https://journal.uod.ac/index.php/uodjournal/article/view/2456/1316,article_2456_1316_c2e06e6a.pdf,855722,application/pdf
https://journal.uod.ac/index.php/uodjournal/article/download/2478/1331/,https://journal.uod.ac/index.php/uodjournal/article/view/2478/1331,article_2478_1331_9696e4e7.pdf,1356933,application/pdf
https://journal.uod.ac/index.php/uodjournal/article/download/2515/1362/,https://journal.uod.ac/index.php/uodjournal/article/view/2515/1362,article_2515_1362_b2d151aa.pdf,1194662,application/pdf
https://journal.uod.ac/index.php/uodjournal/article/download/2516/1363/,https://journal.uod.ac/index.php/uodjournal/article/view/2516/1363,article_2516_1363_0b01e417.pdf,1236779,application/pdf
https://journal.uod.ac/index.php/uodjournal/article/download/2517/1364/,https://journal.uod.ac/index.php/uodjournal/article/view/2517/1364,article_2517_1364_3ed3f30c.pdf,735248,application/pdf
https://journal.uod.ac/index.php/uodjournal/article/download/2538/1374/,https://journal.uod.ac/index.php/uodjournal/article/view/2538/1374,article_2538_1374_b544131e.pdf,709098,application/pdf
https://journal.uod.ac/index.php/uodjournal/article/download/3240/1824/,https://journal.uod.ac/index.php/uodjournal/article/view/3240/1824,article_3240_1824_9273dafe.pdf,572945,application/pdf
https://journal.uod.ac/index.php/uodjournal/article/download/2282/1220/,https://journal.uod.ac/index.php/uodjournal/article/view/2282/1220,article_2282_1220_43f78703.pdf,1027240,application/pdf
https://journal.uod.ac/index.php/uodjournal/article/download/2283/1221/,https://journal.uod.ac/index.php/uodjournal/article/view/2283/1221,article_2283_1221_a23133f4.pdf,1326841,application/pdf
https://journal.uod.ac/index.php/uodjournal/article/download/2284/1222/,https://journal.uod.ac/index.php/uodjournal/article/view/2284/1222,article_2284_1222_cbb40891.pdf,825120,application/pdf
https://journal.uod.ac/index.php/uodjournal/article/download/2285/1223/,https://journal.uod.ac/index.php/uodjournal/article/view/2285/1223,article_2285_1223_5edc54ec.pdf,1497193,application/pdf
https://journal.uod.ac/index.php/uodjournal/article/download/2286/1224/,https://journal.uod.ac/index.php/uodjournal/article/view/2286/1224,article_2286_1224_4046d957.pdf,1552027,application/pdf
https://journal.uod.ac/index.php/uodjournal/article/download/2287/1225/,https://journal.uod.ac/index.php/uodjournal/article/view/2287/1225,article_2287_1225_334099e2.pdf,710749,application/pdf
https://journal.uod.ac/index.php/uodjournal/article/download/2289/1227/,https://journal.uod.ac/index.php/uodjournal/article/view/2289/1227,article_2289_1227_9a9c3d25.pdf,453501,application/pdf
https://journal.uod.ac/index.php/uodjournal/article/download/2288/1226/,https://journal.uod.ac/index.php/uodjournal/article/view/2288/1226,article_2288_1226_3f730b8e.pdf,700194,application/pdf
https://journal.uod.ac/index.php/uodjournal/article/download/2324/1239/,https://journal.uod.ac/index.php/uodjournal/article/view/2324/1239,article_2324_1239_b1fd9624.pdf,1686039,application/pdf
https://journal.uod.ac/index.php/uodjournal/article/download/2325/1241/,https://journal.uod.ac/index.php/uodjournal/article/view/2325/1241,article_2325_1241_e522bedc.pdf,875479,application/pdf
https://journal.uod.ac/index.php/uodjournal/article/download/2326/1242/,https://journal.uod.ac/index.php/uodjournal/article/view/2326/1242,article_2326_1242_3252647f.pdf,1115846,application/pdf
https://journal.uod.ac/index.php/uodjournal/article/download/2327/1263/,https://journal.uod.ac/index.php/uodjournal/article/view/2327/1263,article_2327_1263_5d7fe2fd.pdf,1651422,application/pdf
https://journal.uod.ac/index.php/uodjournal/article/download/2331/1244/,https://journal.uod.ac/index.php/uodjournal/article/view/2331/1244,article_2331_1244_fcc5b021.pdf,1145216,application/pdf
https://journal.uod.ac/index.php/uodjournal/article/download/2332/1245/,https://journal.uod.ac/index.php/uodjournal/article/view/2332/1245,article_2332_1245_1c8064f2.pdf,855668,application/pdf
https://journal.uod.ac/index.php/uodjournal/article/download/2333/1246/,https://journal.uod.ac/index.php/uodjournal/article/view/2333/1246,article_2333_1246_b9e6d153.pdf,1729817,application/pdf
https://journal.uod.ac/index.php/uodjournal/article/download/2334/1247/,https://journal.uod.ac/index.php/uodjournal/article/view/2334/1247,article_2334_1247_62609d30.pdf,1010716,application/pdf
https://journal.uod.ac/index.php/uodjournal/article/download/2335/1249/,https://journal.uod.ac/index.php/uodjournal/article/view/2335/1249,article_2335_1249_a0a76162.pdf,1252100,application/pdf
https://journal.uod.ac/index.php/uodjournal/article/download/2336/1250/,https://journal.uod.ac/index.php/uodjournal/article/view/2336/1250,article_2336_1250_926b20ac.pdf,1764858,application/pdf
https://journal.uod.ac/index.php/uodjournal/article/download/2417/1298/,https://journal.uod.ac/index.php/uodjournal/article/view/2417/1298,article_2417_1298_5681b477.pdf,817256,application/pdf
https://journal.uod.ac/index.php/uodjournal/article/download/2418/1324/,https://journal.uod.ac/index.php/uodjournal/article/view/2418/1324,article_2418_1324_5a487a0e.pdf,979938,application/pdf
https://journal.uod.ac/index.php/uodjournal/article/download/2419/1336/,https://journal.uod.ac/index.php/uodjournal/article/view/2419/1336,article_2419_1336_169eceeb.pdf,1112336,application/pdf
https://journal.uod.ac/index.php/uodjournal/article/download/2420/1303/,https://journal.uod.ac/index.php/uodjournal/article/view/2420/1303,article_2420_1303_12fc746b.pdf,2635104,application/pdf
https://journal.uod.ac/index.php/uodjournal/article/download/2421/1304/,https://journal.uod.ac/index.php/uodjournal/article/view/2421/1304,article_2421_1304_6d2fa707.pdf,1454162,application/pdf
https://journal.uod.ac/index.php/uodjournal/article/download/2422/1305/,https://journal.uod.ac/index.php/uodjournal/article/view/2422/1305,article_2422_1305_cfbd1a82.pdf,1780590,application/pdf
https://journal.uod.ac/index.php/uodjournal/article/download/2435/1306/,https://journal.uod.ac/index.php/uodjournal/article/view/2435/1306,article_2435_1306_a9b49837.pdf,1626537,application/pdf
https://journal.uod.ac/index.php/uodjournal/article/download/2436/1307/,https://journal.uod.ac/index.php/uodjournal/article/view/2436/1307,article_2436_1307_416b12e5.pdf,1690945,application/pdf
https://journal.uod.ac/index.php/uodjournal/article/download/2438/1309/,https://journal.uod.ac/index.php/uodjournal/article/view/2438/1309,article_2438_1309_55ecb235.pdf,980597,application/pdf
https://journal.uod.ac/index.php/uodjournal/article/download/2449/1311/,https://journal.uod.ac/index.php/uodjournal/article/view/2449/1311,article_2449_1311_7a7b16b1.pdf,2205993,application/pdf
https://journal.uod.ac/index.php/uodjournal/article/download/2450/1312/,https://journal.uod.ac/index.php/uodjournal/article/view/2450/1312,article_2450_1312_ef175556.pdf,1684281,application/pdf
https://journal.uod.ac/index.php/uodjournal/article/download/2451/1313/,https://journal.uod.ac/index.php/uodjournal/article/view/2451/1313,article_2451_1313_0e26ecbc.pdf,2761243,application/pdf
https://journal.uod.ac/index.php/uodjournal/article/download/2467/1372/,https://journal.uod.ac/index.php/uodjournal/article/view/2467/1372,article_2467_1372_17ee237c.pdf,1596053,application/pdf
https://journal.uod.ac/index.php/uodjournal/article/download/2468/1319/,https://journal.uod.ac/index.php/uodjournal/article/view/2468/1319,article_2468_1319_d33a656f.pdf,1006766,application/pdf
https://journal.uod.ac/index.php/uodjournal/article/download/2469/1320/,https://journal.uod.ac/index.php/uodjournal/article/view/2469/1320,article_2469_1320_81340135.pdf,936480,application/pdf
https://journal.uod.ac/index.php/uodjournal/article/download/2470/1321/,https://journal.uod.ac/index.php/uodjournal/article/view/2470/1321,article_2470_1321_dbf597fd.pdf,392631,application/pdf
https://journal.uod.ac/index.php/uodjournal/article/download/2471/1322/,https://journal.uod.ac/index.php/uodjournal/article/view/2471/1322,article_2471_1322_99fb8d69.pdf,1422790,application/pdf
https://journal.uod.ac/index.php/uodjournal/article/download/2472/1323/,https://journal.uod.ac/index.php/uodjournal/article/view/2472/1323,article_2472_1323_32cffcc6.pdf,1304202,application/pdf
https://journal.uod.ac/index.php/uodjournal/article/download/2474/1325/,https://journal.uod.ac/index.php/uodjournal/article/view/2474/1325,article_2474_1325_8bc6009c.pdf,627644,application/pdf
https://journal.uod.ac/index.php/uodjournal/article/download/2475/1326/,https://journal.uod.ac/index.php/uodjournal/article/view/2475/1326,article_2475_1326_63bd333a.pdf,454879,application/pdf
https://journal.uod.ac/index.php/uodjournal/article/download/2476/1327/,https://journal.uod.ac/index.php/uodjournal/article/view/2476/1327,article_2476_1327_3e8ea451.pdf,659249,application/pdf
https://journal.uod.ac/index.php/uodjournal/article/download/2477/1329/,https://journal.uod.ac/index.php/uodjournal/article/view/2477/1329,article_2477_1329_2d9b6902.pdf,737118,application/pdf
https://journal.uod.ac/index.php/uodjournal/article/download/2481/1341/,https://journal.uod.ac/index.php/uodjournal/article/view/2481/1341,article_2481_1341_a1ff0bb2.pdf,886843,application/pdf
https://journal.uod.ac/index.php/uodjournal/article/download/2482/1333/,https://journal.uod.ac/index.php/uodjournal/article/view/2482/1333,article_2482_1333_ea911daa.pdf,869163,application/pdf
https://journal.uod.ac/index.php/uodjournal/article/download/2483/1334/,https://journal.uod.ac/index.php/uodjournal/article/view/2483/1334,article_2483_1334_b017413e.pdf,535738,application/pdf
https://journal.uod.ac/index.php/uodjournal/article/download/2484/1335/,https://journal.uod.ac/index.php/uodjournal/article/view/2484/1335,article_2484_1335_701c4da1.pdf,561947,application/pdf
https://journal.uod.ac/index.php/uodjournal/article/download/2485/1337/,https://journal.uod.ac/index.php/uodjournal/article/view/2485/1337,article_2485_1337_c189597b.pdf,1288690,application/pdf
https://journal.uod.ac/index.php/uodjournal/article/download/2486/1338/,https://journal.uod.ac/index.php/uodjournal/article/view/2486/1338,article_2486_1338_fcb6aae7.pdf,1037449,application/pdf
https://journal.uod.ac/index.php/uodjournal/article/download/2487/1339/,https://journal.uod.ac/index.php/uodjournal/article/view/2487/1339,article_2487_1339_066b7e08.pdf,1283372,application/pdf
https://journal.uod.ac/index.php/uodjournal/article/download/2488/1340/,https://journal.uod.ac/index.php/uodjournal/article/view/2488/1340,article_2488_1340_a713ea94.pdf,1201669,application/pdf
https://journal.uod.ac/index.php/uodjournal/article/download/2497/1344/,https://journal.uod.ac/index.php/uodjournal/article/view/2497/1344,article_2497_1344_56fd34f1.pdf,881284,application/pdf
https://journal.uod.ac/index.php/uodjournal/article/download/2496/1342/,https://journal.uod.ac/index.php/uodjournal/article/view/2496/1342,article_2496_1342_71829fc6.pdf,3299305,application/pdf
https://journal.uod.ac/index.php/uodjournal/article/download/2498/1345/,https://journal.uod.ac/index.php/uodjournal/article/view/2498/1345,article_2498_1345_b8c818bb.pdf,1565442,application/pdf
https://journal.uod.ac/index.php/uodjournal/article/download/2499/1346/,https://journal.uod.ac/index.php/uodjournal/article/view/2499/1346,article_2499_1346_16a89388.pdf,1234972,application/pdf
https://journal.uod.ac/index.php/uodjournal/article/download/2500/1347/,https://journal.uod.ac/index.php/uodjournal/article/view/2500/1347,article_2500_1347_46f643ef.pdf,1138143,application/pdf
https://journal.uod.ac/index.php/uodjournal/article/download/2502/1348/,https://journal.uod.ac/index.php/uodjournal/article/view/2502/1348,article_2502_1348_44163f5a.pdf,1834868,application/pdf
https://journal.uod.ac/index.php/uodjournal/article/download/2503/1358/,https://journal.uod.ac/index.php/uodjournal/article/view/2503/1358,article_2503_1358_15a857c5.pdf,1227741,application/pdf
https://journal.uod.ac/index.php/uodjournal/article/download/2504/1350/,https://journal.uod.ac/index.php/uodjournal/article/view/2504/1350,article_2504_1350_889aee31.pdf,1543946,application/pdf
https://journal.uod.ac/index.php/uodjournal/article/download/2505/1351/,https://journal.uod.ac/index.php/uodjournal/article/view/2505/1351,article_2505_1351_8e37e0fb.pdf,1298114,application/pdf
https://journal.uod.ac/index.php/uodjournal/article/download/2506/1352/,https://journal.uod.ac/index.php/uodjournal/article/view/2506/1352,article_2506_1352_6d8b3118.pdf,995079,application/pdf
https://journal.uod.ac/index.php/uodjournal/article/download/2507/1353/,https://journal.uod.ac/index.php/uodjournal/article/view/2507/1353,article_2507_1353_6e7fedcd.pdf,1608981,application/pdf
https://journal.uod.ac/index.php/uodjournal/article/download/2508/1354/,https://journal.uod.ac/index.php/uodjournal/article/view/2508/1354,article_2508_1354_915d8cfc.pdf,1556747,application/pdf
https://journal.uod.ac/index.php/uodjournal/article/download/2509/1355/,https://journal.uod.ac/index.php/uodjournal/article/view/2509/1355,article_2509_1355_52cacc79.pdf,878567,application/pdf
https://journal.uod.ac/index.php/uodjournal/article/download/2510/1356/,https://journal.uod.ac/index.php/uodjournal/article/view/2510/1356,article_2510_1356_eaf399a4.pdf,1043786,application/pdf
https://journal.uod.ac/index.php/uodjournal/article/download/2511/1357/,https://journal.uod.ac/index.php/uodjournal/article/view/2511/1357,article_2511_1357_5503596f.pdf,1497285,application/pdf
https://journal.uod.ac/index.php/uodjournal/article/download/2512/1359/,https://journal.uod.ac/index.php/uodjournal/article/view/2512/1359,article_2512_1359_9af9b7d6.pdf,1187549,application/pdf
https://journal.uod.ac/index.php/uodjournal/article/download/2513/1360/,https://journal.uod.ac/index.php/uodjournal/article/view/2513/1360,article_2513_1360_ea25f985.pdf,980920,application/pdf
https://journal.uod.ac/index.php/uodjournal/article/download/2514/1361/,https://journal.uod.ac/index.php/uodjournal/article/view/2514/1361,article_2514_1361_1ae8d107.pdf,1613332,application/pdf
https://journal.uod.ac/index.php/uodjournal/article/download/2539/1375/,https://journal.uod.ac/index.php/uodjournal/article/view/2539/1375,article_2539_1375_98162403.pdf,1174009,application/pdf
https://journal.uod.ac/index.php/uodjournal/article/download/2540/1376/,https://journal.uod.ac/index.php/uodjournal/article/view/2540/1376,article_2540_1376_8eea038f.pdf,741233,application/pdf
https://journal.uod.ac/index.php/uodjournal/article/download/2541/1377/,https://journal.uod.ac/index.php/uodjournal/article/view/2541/1377,article_2541_1377_947fafac.pdf,1311618,application/pdf
https://journal.uod.ac/index.php/uodjournal/article/download/2552/1380/,https://journal.uod.ac/index.php/uodjournal/article/view/2552/1380,article_2552_1380_2b2e332d.pdf,3023189,application/pdf
https://journal.uod.ac/index.php/uodjournal/article/download/2551/1379/,https://journal.uod.ac/index.php/uodjournal/article/view/2551/1379,article_2551_1379_12a33caa.pdf,1589324,application/pdf
https://journal.uod.ac/index.php/uodjournal/article/download/2557/1381/,https://journal.uod.ac/index.php/uodjournal/article/view/2557/1381,article_2557_1381_b07f8e41.pdf,803589,application/pdf
https://journal.uod.ac/index.php/uodjournal/article/download/2578/1382/,https://journal.uod.ac/index.php/uodjournal/article/view/2578/1382,article_2578_1382_6e19b7bb.pdf,502510,application/pdf
https://journal.uod.ac/index.php/uodjournal/article/download/2588/1383/,https://journal.uod.ac/index.php/uodjournal/article/view/2588/1383,article_2588_1383_f9a81da3.pdf,1059754,application/pdf
https://journal.uod.ac/index.php/uodjournal/article/download/2798/1502/,https://journal.uod.ac/index.php/uodjournal/article/view/2798/1502,article_2798_1502_502121eb.pdf,499157,application/pdf
https://journal.uod.ac/index.php/uodjournal/article/download/2833/1527/,https://journal.uod.ac/index.php/uodjournal/article/view/2833/1527,article_2833_1527_1b776579.pdf,478472,application/pdf
https://journal.uod.ac/index.php/uodjournal/article/download/3007/1622/,https://journal.uod.ac/index.php/uodjournal/article/view/3007/1622,article_3007_1622_7452c5e1.pdf,2397386,application/pdf
https://journal.uod.ac/index.php/uodjournal/article/download/3008/1623/,https://journal.uod.ac/index.php/uodjournal/article/view/3008/1623,article_3008_1623_f3a8a35d.pdf,3429362,application/pdf
https://journal.uod.ac/index.php/uodjournal/article/download/3195/1795/,https://journal.uod.ac/index.php/uodjournal/article/view/3195/1795,article_3195_1795_4ecc1361.pdf,564564,application/pdf
https://journal.uod.ac/index.php/uodjournal/article/download/3197/1804/,https://journal.uod.ac/index.php/uodjournal/article/view/3197/1804,article_3197_1804_bb71616c.pdf,739367,application/pdf
https://journal.uod.ac/index.php/uodjournal/article/download/3202/1806/,https://journal.uod.ac/index.php/uodjournal/article/view/3202/1806,article_3202_1806_1ed8cf62.pdf,918507,application/pdf
https://journal.uod.ac/index.php/uodjournal/article/download/3204/1807/,https://journal.uod.ac/index.php/uodjournal/article/view/3204/1807,article_3204_1807_45c4879d.pdf,753576,application/pdf
https://journal.uod.ac/index.php/uodjournal/article/download/3205/1808/,https://journal.uod.ac/index.php/uodjournal/article/view/3205/1808,article_3205_1808_d3f2e7a0.pdf,1197359,application/pdf
https://journal.uod.ac/index.php/uodjournal/article/download/3207/1810/,https://journal.uod.ac/index.php/uodjournal/article/view/3207/1810,article_3207_1810_1db82538.pdf,676544,application/pdf
https://journal.uod.ac/index.php/uodjournal/article/download/3208/1811/,https://journal.uod.ac/index.php/uodjournal/article/view/3208/1811,article_3208_1811_794aebfb.pdf,547411,application/pdf
https://journal.uod.ac/index.php/uodjournal/article/download/3209/1812/,https://journal.uod.ac/index.php/uodjournal/article/view/3209/1812,article_3209_1812_b46bf51e.pdf,737311,application/pdf
https://journal.uod.ac/index.php/uodjournal/article/download/3251/1827/,https://journal.uod.ac/index.php/uodjournal/article/view/3251/1827,article_3251_1827_819e7d69.pdf,813823,application/pdf
https://journal.uod.ac/index.php/uodjournal/article/download/3361/1911/,https://journal.uod.ac/index.php/uodjournal/article/view/3361/1911,article_3361_1911_2e58c62b.pdf,722140,application/pdf
https://journal.uod.ac/index.php/uodjournal/article/download/2031/1153/,https://journal.uod.ac/index.php/uodjournal/article/view/2031/1153,article_2031_1153_c2e67583.pdf,2379788,application/pdf
https://journal.uod.ac/index.php/uodjournal/article/download/2033/1154/,https://journal.uod.ac/index.php/uodjournal/article/view/2033/1154,article_2033_1154_34f122bf.pdf,1101152,application/pdf
https://journal.uod.ac/index.php/uodjournal/article/download/2034/1155/,https://journal.uod.ac/index.php/uodjournal/article/view/2034/1155,article_2034_1155_5d64e7d1.pdf,1251988,application/pdf
https://journal.uod.ac/index.php/uodjournal/article/download/2035/1156/,https://journal.uod.ac/index.php/uodjournal/article/view/2035/1156,article_2035_1156_29ed0310.pdf,1720951,application/pdf
https://journal.uod.ac/index.php/uodjournal/article/download/2036/1157/,https://journal.uod.ac/index.php/uodjournal/article/view/2036/1157,article_2036_1157_d18618a1.pdf,1645247,application/pdf
https://journal.uod.ac/index.php/uodjournal/article/download/2037/1158/,https://journal.uod.ac/index.php/uodjournal/article/view/2037/1158,article_2037_1158_72b1b47c.pdf,1774669,application/pdf
https://journal.uod.ac/index.php/uodjournal/article/download/2039/1161/,https://journal.uod.ac/index.php/uodjournal/article/view/2039/1161,article_2039_1161_5652ae58.pdf,1665980,application/pdf
https://journal.uod.ac/index.php/uodjournal/article/download/2038/1159/,https://journal.uod.ac/index.php/uodjournal/article/view/2038/1159,article_2038_1159_44d981d6.pdf,3039727,application/pdf
https://journal.uod.ac/index.php/uodjournal/article/download/2040/1162/,https://journal.uod.ac/index.php/uodjournal/article/view/2040/1162,article_2040_1162_6ae9a5d8.pdf,1564970,application/pdf
https://journal.uod.ac/index.php/uodjournal/article/download/2042/1163/,https://journal.uod.ac/index.php/uodjournal/article/view/2042/1163,article_2042_1163_41599855.pdf,2559555,application/pdf
https://journal.uod.ac/index.php/uodjournal/article/download/2043/1164/,https://journal.uod.ac/index.php/uodjournal/article/view/2043/1164,article_2043_1164_58a72733.pdf,1207880,application/pdf
https://journal.uod.ac/index.php/uodjournal/article/download/2044/1165/,https://journal.uod.ac/index.php/uodjournal/article/view/2044/1165,article_2044_1165_fbd3d3aa.pdf,1524819,application/pdf
https://journal.uod.ac/index.php/uodjournal/article/download/2045/1166/,https://journal.uod.ac/index.php/uodjournal/article/view/2045/1166,article_2045_1166_babc6ada.pdf,1698413,application/pdf
https://journal.uod.ac/index.php/uodjournal/article/download/2046/1167/,https://journal.uod.ac/index.php/uodjournal/article/view/2046/1167,article_2046_1167_08d13ed4.pdf,4381253,application/pdf
https://journal.uod.ac/index.php/uodjournal/article/download/2050/1168/,https://journal.uod.ac/index.php/uodjournal/article/view/2050/1168,article_2050_1168_41d77544.pdf,1913894,application/pdf
https://journal.uod.ac/index.php/uodjournal/article/download/2051/1169/,https://journal.uod.ac/index.php/uodjournal/article/view/2051/1169,article_2051_1169_b8785c94.pdf,1029669,application/pdf
https://journal.uod.ac/index.php/uodjournal/article/download/2052/1170/,https://journal.uod.ac/index.php/uodjournal/article/view/2052/1170,article_2052_1170_dcbbe19e.pdf,943661,application/pdf
https://journal.uod.ac/index.php/uodjournal/article/download/2053/1171/,https://journal.uod.ac/index.php/uodjournal/article/view/2053/1171,article_2053_1171_33e63e17.pdf,1367748,application/pdf
https://journal.uod.ac/index.php/uodjournal/article/download/2054/1172/,https://journal.uod.ac/index.php/uodjournal/article/view/2054/1172,article_2054_1172_9539ec49.pdf,1360376,application/pdf
https://journal.uod.ac/index.php/uodjournal/article/download/2055/1173/,https://journal.uod.ac/index.php/uodjournal/article/view/2055/1173,article_2055_1173_7b7b3929.pdf,1194555,application/pdf
https://journal.uod.ac/index.php/uodjournal/article/download/2056/1174/,https://journal.uod.ac/index.php/uodjournal/article/view/2056/1174,article_2056_1174_d3760f3f.pdf,1495511,application/pdf
https://journal.uod.ac/index.php/uodjournal/article/download/2057/1175/,https://journal.uod.ac/index.php/uodjournal/article/view/2057/1175,article_2057_1175_f2181894.pdf,2352224,application/pdf
https://journal.uod.ac/index.php/uodjournal/article/download/2058/1176/,https://journal.uod.ac/index.php/uodjournal/article/view/2058/1176,article_2058_1176_b4307d66.pdf,1448503,application/pdf
https://journal.uod.ac/index.php/uodjournal/article/download/2059/1177/,https://journal.uod.ac/index.php/uodjournal/article/view/2059/1177,article_2059_1177_e422bfec.pdf,1429574,application/pdf
https://journal.uod.ac/index.php/uodjournal/article/download/2060/1178/,https://journal.uod.ac/index.php/uodjournal/article/view/2060/1178,article_2060_1178_a36d7725.pdf,2830468,application/pdf
https://journal.uod.ac/index.php/uodjournal/article/download/2061/1179/,https://journal.uod.ac/index.php/uodjournal/article/view/2061/1179,article_2061_1179_a1c401a0.pdf,885177,application/pdf
https://journal.uod.ac/index.php/uodjournal/article/download/2062/1180/,https://journal.uod.ac/index.php/uodjournal/article/view/2062/1180,article_2062_1180_ff501190.pdf,1651551,application/pdf
https://journal.uod.ac/index.php/uodjournal/article/download/2064/1181/,https://journal.uod.ac/index.php/uodjournal/article/view/2064/1181,article_2064_1181_0c51afe6.pdf,1325300,application/pdf
https://journal.uod.ac/index.php/uodjournal/article/download/2065/1182/,https://journal.uod.ac/index.php/uodjournal/article/view/2065/1182,article_2065_1182_f7ecd7cb.pdf,1451262,application/pdf
https://journal.uod.ac/index.php/uodjournal/article/download/2067/1184/,https://journal.uod.ac/index.php/uodjournal/article/view/2067/1184,article_2067_1184_a9a2ba79.pdf,1363378,application/pdf
https://journal.uod.ac/index.php/uodjournal/article/download/2066/1183/,https://journal.uod.ac/index.php/uodjournal/article/view/2066/1183,article_2066_1183_7b92432a.pdf,1922781,application/pdf
https://journal.uod.ac/index.php/uodjournal/article/download/2068/1185/,https://journal.uod.ac/index.php/uodjournal/article/view/2068/1185,article_2068_1185_59b66454.pdf,996863,application/pdf
https://journal.uod.ac/index.php/uodjournal/article/download/2069/1186/,https://journal.uod.ac/index.php/uodjournal/article/view/2069/1186,article_2069_1186_95003d95.pdf,1135742,application/pdf
https://journal.uod.ac/index.php/uodjournal/article/download/2085/1202/,https://journal.uod.ac/index.php/uodjournal/article/view/2085/1202,article_2085_1202_a278e4a6.pdf,2097867,application/pdf
https://journal.uod.ac/index.php/uodjournal/article/download/2083/1191/,https://journal.uod.ac/index.php/uodjournal/article/view/2083/1191,article_2083_1191_704e6dd9.pdf,1592286,application/pdf
https://journal.uod.ac/index.php/uodjournal/article/download/2086/1194/,https://journal.uod.ac/index.php/uodjournal/article/view/2086/1194,article_2086_1194_9774e92f.pdf,1341041,application/pdf
https://journal.uod.ac/index.php/uodjournal/article/download/2087/1195/,https://journal.uod.ac/index.php/uodjournal/article/view/2087/1195,article_2087_1195_c5be7065.pdf,1758270,application/pdf
https://journal.uod.ac/index.php/uodjournal/article/download/2088/1196/,https://journal.uod.ac/index.php/uodjournal/article/view/2088/1196,article_2088_1196_2a07182d.pdf,1374142,application/pdf
https://journal.uod.ac/index.php/uodjournal/article/download/2089/1197/,https://journal.uod.ac/index.php/uodjournal/article/view/2089/1197,article_2089_1197_ac773c70.pdf,2781005,application/pdf
https://journal.uod.ac/index.php/uodjournal/article/download/2098/1198/,https://journal.uod.ac/index.php/uodjournal/article/view/2098/1198,article_2098_1198_4762512d.pdf,1144491,application/pdf
https://journal.uod.ac/index.php/uodjournal/article/download/2099/1199/,https://journal.uod.ac/index.php/uodjournal/article/view/2099/1199,article_2099_1199_9950a8b8.pdf,974247,application/pdf
https://journal.uod.ac/index.php/uodjournal/article/download/2100/1200/,https://journal.uod.ac/index.php/uodjournal/article/view/2100/1200,article_2100_1200_466a986e.pdf,1393508,application/pdf
https://journal.uod.ac/index.php/uodjournal/article/download/2109/1203/,https://journal.uod.ac/index.php/uodjournal/article/view/2109/1203,article_2109_1203_78322de5.pdf,2937199,application/pdf
https://journal.uod.ac/index.php/uodjournal/article/download/2110/1204/,https://journal.uod.ac/index.php/uodjournal/article/view/2110/1204,article_2110_1204_b9658bb9.pdf,2309467,application/pdf
https://journal.uod.ac/index.php/uodjournal/article/download/2111/1219/,https://journal.uod.ac/index.php/uodjournal/article/view/2111/1219,article_2111_1219_eea8389b.pdf,1372557,application/pdf
https://journal.uod.ac/index.php/uodjournal/article/download/2118/1207/,https://journal.uod.ac/index.php/uodjournal/article/view/2118/1207,article_2118_1207_7fd41700.pdf,700542,application/pdf
https://journal.uod.ac/index.php/uodjournal/article/download/2127/1209/,https://journal.uod.ac/index.php/uodjournal/article/view/2127/1209,article_2127_1209_26484056.pdf,1595912,application/pdf
https://journal.uod.ac/index.php/uodjournal/article/download/2135/1210/,https://journal.uod.ac/index.php/uodjournal/article/view/2135/1210,article_2135_1210_ee3b27ab.pdf,1404571,application/pdf
https://journal.uod.ac/index.php/uodjournal/article/download/2136/1211/,https://journal.uod.ac/index.php/uodjournal/article/view/2136/1211,article_2136_1211_4fe49e67.pdf,1329196,application/pdf
https://journal.uod.ac/index.php/uodjournal/article/download/2138/1212/,https://journal.uod.ac/index.php/uodjournal/article/view/2138/1212,article_2138_1212_0349f82c.pdf,833118,application/pdf
https://journal.uod.ac/index.php/uodjournal/article/download/2145/1215/,https://journal.uod.ac/index.php/uodjournal/article/view/2145/1215,article_2145_1215_d8e8089f.pdf,622794,application/pdf
https://journal.uod.ac/index.php/uodjournal/article/download/2146/1216/,https://journal.uod.ac/index.php/uodjournal/article/view/2146/1216,article_2146_1216_1c88ce94.pdf,621802,application/pdf
https://journal.uod.ac/index.php/uodjournal/article/download/2182/1218/,https://journal.uod.ac/index.php/uodjournal/article/view/2182/1218,article_2182_1218_391366b6.pdf,870528,application/pdf
https://journal.uod.ac/index.php/uodjournal/article/download/1897/1084/,https://journal.uod.ac/index.php/uodjournal/article/view/1897/1084,article_1897_1084_4489ba08.pdf,762491,application/pdf
https://journal.uod.ac/index.php/uodjournal/article/download/1898/1085/,https://journal.uod.ac/index.php/uodjournal/article/view/1898/1085,article_1898_1085_624522d5.pdf,1472278,application/pdf
https://journal.uod.ac/index.php/uodjournal/article/download/1899/1317/,https://journal.uod.ac/index.php/uodjournal/article/view/1899/1317,article_1899_1317_6386cc2d.pdf,321137,application/pdf
https://journal.uod.ac/index.php/uodjournal/article/download/1900/1087/,https://journal.uod.ac/index.php/uodjournal/article/view/1900/1087,article_1900_1087_2a7d2734.pdf,1111873,application/pdf
https://journal.uod.ac/index.php/uodjournal/article/download/1901/1088/,https://journal.uod.ac/index.php/uodjournal/article/view/1901/1088,article_1901_1088_49e5ccc6.pdf,1038756,application/pdf
https://journal.uod.ac/index.php/uodjournal/article/download/1902/1089/,https://journal.uod.ac/index.php/uodjournal/article/view/1902/1089,article_1902_1089_ac91e6c9.pdf,1117370,application/pdf
https://journal.uod.ac/index.php/uodjournal/article/download/1904/1090/,https://journal.uod.ac/index.php/uodjournal/article/view/1904/1090,article_1904_1090_9492a8bb.pdf,1708113,application/pdf
https://journal.uod.ac/index.php/uodjournal/article/download/1905/1091/,https://journal.uod.ac/index.php/uodjournal/article/view/1905/1091,article_1905_1091_3a8a820d.pdf,1316011,application/pdf
https://journal.uod.ac/index.php/uodjournal/article/download/1906/1092/,https://journal.uod.ac/index.php/uodjournal/article/view/1906/1092,article_1906_1092_6f7de8a9.pdf,948287,application/pdf
https://journal.uod.ac/index.php/uodjournal/article/download/1907/1093/,https://journal.uod.ac/index.php/uodjournal/article/view/1907/1093,article_1907_1093_a107f91b.pdf,478724,application/pdf
https://journal.uod.ac/index.php/uodjournal/article/download/1908/1148/,https://journal.uod.ac/index.php/uodjournal/article/view/1908/1148,article_1908_1148_e2cf3cb6.pdf,1381937,application/pdf
https://journal.uod.ac/index.php/uodjournal/article/download/1909/1095/,https://journal.uod.ac/index.php/uodjournal/article/view/1909/1095,article_1909_1095_6549afce.pdf,976400,application/pdf
https://journal.uod.ac/index.php/uodjournal/article/download/1910/1096/,https://journal.uod.ac/index.php/uodjournal/article/view/1910/1096,article_1910_1096_023ca1f0.pdf,526809,application/pdf
https://journal.uod.ac/index.php/uodjournal/article/download/1911/1097/,https://journal.uod.ac/index.php/uodjournal/article/view/1911/1097,article_1911_1097_0b2deb68.pdf,1208612,application/pdf
https://journal.uod.ac/index.php/uodjournal/article/download/1926/1101/,https://journal.uod.ac/index.php/uodjournal/article/view/1926/1101,article_1926_1101_f7455a8f.pdf,872847,application/pdf
https://journal.uod.ac/index.php/uodjournal/article/download/1928/1102/,https://journal.uod.ac/index.php/uodjournal/article/view/1928/1102,article_1928_1102_a2c6bb88.pdf,530018,application/pdf
https://journal.uod.ac/index.php/uodjournal/article/download/1931/1103/,https://journal.uod.ac/index.php/uodjournal/article/view/1931/1103,article_1931_1103_69c03500.pdf,424764,application/pdf
https://journal.uod.ac/index.php/uodjournal/article/download/1932/1104/,https://journal.uod.ac/index.php/uodjournal/article/view/1932/1104,article_1932_1104_facfffdd.pdf,891221,application/pdf
https://journal.uod.ac/index.php/uodjournal/article/download/1933/1105/,https://journal.uod.ac/index.php/uodjournal/article/view/1933/1105,article_1933_1105_b107f173.pdf,307214,application/pdf
https://journal.uod.ac/index.php/uodjournal/article/download/1934/1107/,https://journal.uod.ac/index.php/uodjournal/article/view/1934/1107,article_1934_1107_c0f87eb8.pdf,469175,application/pdf
https://journal.uod.ac/index.php/uodjournal/article/download/1936/1108/,https://journal.uod.ac/index.php/uodjournal/article/view/1936/1108,article_1936_1108_5e752719.pdf,432046,application/pdf
https://journal.uod.ac/index.php/uodjournal/article/download/1937/1109/,https://journal.uod.ac/index.php/uodjournal/article/view/1937/1109,article_1937_1109_bf9044bf.pdf,758763,application/pdf
https://journal.uod.ac/index.php/uodjournal/article/download/1942/1110/,https://journal.uod.ac/index.php/uodjournal/article/view/1942/1110,article_1942_1110_0b47ec90.pdf,1041209,application/pdf
https://journal.uod.ac/index.php/uodjournal/article/download/1944/1112/,https://journal.uod.ac/index.php/uodjournal/article/view/1944/1112,article_1944_1112_05efb76c.pdf,585513,application/pdf
https://journal.uod.ac/index.php/uodjournal/article/download/1943/1111/,https://journal.uod.ac/index.php/uodjournal/article/view/1943/1111,article_1943_1111_8f0af57e.pdf,1046165,application/pdf
https://journal.uod.ac/index.php/uodjournal/article/download/1945/1115/,https://journal.uod.ac/index.php/uodjournal/article/view/1945/1115,article_1945_1115_2cca6d89.pdf,322750,application/pdf
https://journal.uod.ac/index.php/uodjournal/article/download/1960/1122/,https://journal.uod.ac/index.php/uodjournal/article/view/1960/1122,article_1960_1122_b35e2c73.pdf,350684,application/pdf
https://journal.uod.ac/index.php/uodjournal/article/download/1980/1124/,https://journal.uod.ac/index.php/uodjournal/article/view/1980/1124,article_1980_1124_b2f58004.pdf,882941,application/pdf
https://journal.uod.ac/index.php/uodjournal/article/download/1981/1125/,https://journal.uod.ac/index.php/uodjournal/article/view/1981/1125,article_1981_1125_02f996da.pdf,767777,application/pdf
https://journal.uod.ac/index.php/uodjournal/article/download/1983/1127/,https://journal.uod.ac/index.php/uodjournal/article/view/1983/1127,article_1983_1127_e05f5c0e.pdf,521879,application/pdf
https://journal.uod.ac/index.php/uodjournal/article/download/1982/1126/,https://journal.uod.ac/index.php/uodjournal/article/view/1982/1126,article_1982_1126_784ab9bb.pdf,1373824,application/pdf
https://journal.uod.ac/index.php/uodjournal/article/download/1984/1128/,https://journal.uod.ac/index.php/uodjournal/article/view/1984/1128,article_1984_1128_b6f78cd7.pdf,1002785,application/pdf
https://journal.uod.ac/index.php/uodjournal/article/download/1985/1129/,https://journal.uod.ac/index.php/uodjournal/article/view/1985/1129,article_1985_1129_5e0d5995.pdf,1248845,application/pdf
https://journal.uod.ac/index.php/uodjournal/article/download/1986/1130/,https://journal.uod.ac/index.php/uodjournal/article/view/1986/1130,article_1986_1130_7441c0bb.pdf,1461358,application/pdf
https://journal.uod.ac/index.php/uodjournal/article/download/1987/1131/,https://journal.uod.ac/index.php/uodjournal/article/view/1987/1131,article_1987_1131_9f88e063.pdf,1140558,application/pdf
https://journal.uod.ac/index.php/uodjournal/article/download/1988/1132/,https://journal.uod.ac/index.php/uodjournal/article/view/1988/1132,article_1988_1132_c2e83d2a.pdf,2189645,application/pdf
https://journal.uod.ac/index.php/uodjournal/article/download/1989/1133/,https://journal.uod.ac/index.php/uodjournal/article/view/1989/1133,article_1989_1133_7dd86d9b.pdf,861440,application/pdf
https://journal.uod.ac/index.php/uodjournal/article/download/1990/1134/,https://journal.uod.ac/index.php/uodjournal/article/view/1990/1134,article_1990_1134_dff7400f.pdf,716690,application/pdf
https://journal.uod.ac/index.php/uodjournal/article/download/1991/1135/,https://journal.uod.ac/index.php/uodjournal/article/view/1991/1135,article_1991_1135_73ecb7bf.pdf,604473,application/pdf
https://journal.uod.ac/index.php/uodjournal/article/download/1996/1136/,https://journal.uod.ac/index.php/uodjournal/article/view/1996/1136,article_1996_1136_ed0c4e8e.pdf,1107722,application/pdf
https://journal.uod.ac/index.php/uodjournal/article/download/1997/1152/,https://journal.uod.ac/index.php/uodjournal/article/view/1997/1152,article_1997_1152_0fb766e6.pdf,416198,application/pdf
https://journal.uod.ac/index.php/uodjournal/article/download/2006/1143/,https://journal.uod.ac/index.php/uodjournal/article/view/2006/1143,article_2006_1143_7cd3b642.pdf,1428771,application/pdf
https://journal.uod.ac/index.php/uodjournal/article/download/2007/1144/,https://journal.uod.ac/index.php/uodjournal/article/view/2007/1144,article_2007_1144_d2b2bc0e.pdf,365402,application/pdf
https://journal.uod.ac/index.php/uodjournal/article/download/2010/1145/,https://journal.uod.ac/index.php/uodjournal/article/view/2010/1145,article_2010_1145_30bc3e90.pdf,2031221,application/pdf
https://journal.uod.ac/index.php/uodjournal/article/download/2011/1150/,https://journal.uod.ac/index.php/uodjournal/article/view/2011/1150,article_2011_1150_ccbbe7a0.pdf,1482249,application/pdf
https://journal.uod.ac/index.php/uodjournal/article/download/2030/1151/,https://journal.uod.ac/index.php/uodjournal/article/view/2030/1151,article_2030_1151_246dccd8.pdf,339088,application/pdf
https://journal.uod.ac/index.php/uodjournal/article/download/2080/1188/,https://journal.uod.ac/index.php/uodjournal/article/view/2080/1188,article_2080_1188_98cb04b1.pdf,364048,application/pdf
https://journal.uod.ac/index.php/uodjournal/article/download/2081/1189/,https://journal.uod.ac/index.php/uodjournal/article/view/2081/1189,article_2081_1189_656d9ecc.pdf,716774,application/pdf
https://journal.uod.ac/index.php/uodjournal/article/download/2082/1190/,https://journal.uod.ac/index.php/uodjournal/article/view/2082/1190,article_2082_1190_70606d87.pdf,872215,application/pdf
https://journal.uod.ac/index.php/uodjournal/article/download/2107/1201/,https://journal.uod.ac/index.php/uodjournal/article/view/2107/1201,article_2107_1201_55987303.pdf,1006066,application/pdf
https://journal.uod.ac/index.php/uodjournal/article/download/2141/1214/,https://journal.uod.ac/index.php/uodjournal/article/view/2141/1214,article_2141_1214_28d76597.pdf,518909,application/pdf
https://journal.uod.ac/index.php/uodjournal/article/download/2181/1217/,https://journal.uod.ac/index.php/uodjournal/article/view/2181/1217,article_2181_1217_4af849f2.pdf,3634308,application/pdf
https://journal.uod.ac/index.php/uodjournal/article/download/2660/1414/,https://journal.uod.ac/index.php/uodjournal/article/view/2660/1414,article_2660_1414_5d77c13a.pdf,658390,application/pdf
https://journal.uod.ac/index.php/uodjournal/article/download/3239/1823/,https://journal.uod.ac/index.php/uodjournal/article/view/3239/1823,article_3239_1823_94569217.pdf,795374,application/pdf
https://journal.uod.ac/index.php/uodjournal/article/download/1820/1073/,https://journal.uod.ac/index.php/uodjournal/article/view/1820/1073,article_1820_1073_1bded98f.pdf,374210,application/pdf
https://journal.uod.ac/index.php/uodjournal/article/download/1837/1070/,https://journal.uod.ac/index.php/uodjournal/article/view/1837/1070,article_1837_1070_27729352.pdf,594625,application/pdf
https://journal.uod.ac/index.php/uodjournal/article/download/1838/1071/,https://journal.uod.ac/index.php/uodjournal/article/view/1838/1071,article_1838_1071_79bbef78.pdf,695628,application/pdf
https://journal.uod.ac/index.php/uodjournal/article/download/1839/1072/,https://journal.uod.ac/index.php/uodjournal/article/view/1839/1072,article_1839_1072_f056a067.pdf,538786,application/pdf
https://journal.uod.ac/index.php/uodjournal/article/download/1867/1074/,https://journal.uod.ac/index.php/uodjournal/article/view/1867/1074,article_1867_1074_0d3c4504.pdf,917747,application/pdf
https://journal.uod.ac/index.php/uodjournal/article/download/1868/1075/,https://journal.uod.ac/index.php/uodjournal/article/view/1868/1075,article_1868_1075_56d27466.pdf,389146,application/pdf
https://journal.uod.ac/index.php/uodjournal/article/download/1869/1076/,https://journal.uod.ac/index.php/uodjournal/article/view/1869/1076,article_1869_1076_dc87d328.pdf,734597,application/pdf
https://journal.uod.ac/index.php/uodjournal/article/download/1870/1078/,https://journal.uod.ac/index.php/uodjournal/article/view/1870/1078,article_1870_1078_25327493.pdf,1411252,application/pdf
https://journal.uod.ac/index.php/uodjournal/article/download/1890/1079/,https://journal.uod.ac/index.php/uodjournal/article/view/1890/1079,article_1890_1079_618f63c4.pdf,599015,application/pdf
https://journal.uod.ac/index.php/uodjournal/article/download/1891/1080/,https://journal.uod.ac/index.php/uodjournal/article/view/1891/1080,article_1891_1080_5a7b74c6.pdf,565949,application/pdf
https://journal.uod.ac/index.php/uodjournal/article/download/1892/1081/,https://journal.uod.ac/index.php/uodjournal/article/view/1892/1081,article_1892_1081_6b96bf81.pdf,826280,application/pdf
https://journal.uod.ac/index.php/uodjournal/article/download/1893/1082/,https://journal.uod.ac/index.php/uodjournal/article/view/1893/1082,article_1893_1082_2d0c8014.pdf,600953,application/pdf
https://journal.uod.ac/index.php/uodjournal/article/download/1894/1083/,https://journal.uod.ac/index.php/uodjournal/article/view/1894/1083,article_1894_1083_8eb4ea0a.pdf,513593,application/pdf
https://journal.uod.ac/index.php/uodjournal/article/download/1913/1099/,https://journal.uod.ac/index.php/uodjournal/article/view/1913/1099,article_1913_1099_9616438b.pdf,1179716,application/pdf
https://journal.uod.ac/index.php/uodjournal/article/download/1915/1117/,https://journal.uod.ac/index.php/uodjournal/article/view/1915/1117,article_1915_1117_e9f1f015.pdf,755733,application/pdf
https://journal.uod.ac/index.php/uodjournal/article/download/1956/1118/,https://journal.uod.ac/index.php/uodjournal/article/view/1956/1118,article_1956_1118_e3b5f9f8.pdf,1387081,application/pdf
https://journal.uod.ac/index.php/uodjournal/article/download/1957/1119/,https://journal.uod.ac/index.php/uodjournal/article/view/1957/1119,article_1957_1119_f6fe6013.pdf,1503222,application/pdf
https://journal.uod.ac/index.php/uodjournal/article/download/1958/1120/,https://journal.uod.ac/index.php/uodjournal/article/view/1958/1120,article_1958_1120_403b30f0.pdf,1252726,application/pdf
https://journal.uod.ac/index.php/uodjournal/article/download/1959/1121/,https://journal.uod.ac/index.php/uodjournal/article/view/1959/1121,article_1959_1121_24ebb579.pdf,1354833,application/pdf
https://journal.uod.ac/index.php/uodjournal/article/download/1998/1138/,https://journal.uod.ac/index.php/uodjournal/article/view/1998/1138,article_1998_1138_c44a4a71.pdf,888152,application/pdf
https://journal.uod.ac/index.php/uodjournal/article/download/2000/1140/,https://journal.uod.ac/index.php/uodjournal/article/view/2000/1140,article_2000_1140_ee5697ad.pdf,1537386,application/pdf
https://journal.uod.ac/index.php/uodjournal/article/download/1999/1139/,https://journal.uod.ac/index.php/uodjournal/article/view/1999/1139,article_1999_1139_2e5e2717.pdf,1255462,application/pdf
https://journal.uod.ac/index.php/uodjournal/article/download/2001/1141/,https://journal.uod.ac/index.php/uodjournal/article/view/2001/1141,article_2001_1141_87ffd713.pdf,1480999,application/pdf
https://journal.uod.ac/index.php/uodjournal/article/download/2002/1142/,https://journal.uod.ac/index.php/uodjournal/article/view/2002/1142,article_2002_1142_851e9f82.pdf,921221,application/pdf
https://journal.uod.ac/index.php/uodjournal/article/download/2015/1147/,https://journal.uod.ac/index.php/uodjournal/article/view/2015/1147,article_2015_1147_bce07713.pdf,1310281,application/pdf
https://journal.uod.ac/index.php/uodjournal/article/download/2140/1410/,https://journal.uod.ac/index.php/uodjournal/article/view/2140/1410,article_2140_1410_dd4735e9.pdf,1236588,application/pdf
https://journal.uod.ac/index.php/uodjournal/article/download/1554/1006/,https://journal.uod.ac/index.php/uodjournal/article/view/1554/1006,article_1554_1006_aeae9dd8.pdf,818148,application/pdf
https://journal.uod.ac/index.php/uodjournal/article/download/1555/1007/,https://journal.uod.ac/index.php/uodjournal/article/view/1555/1007,article_1555_1007_1713553e.pdf,432270,application/pdf
https://journal.uod.ac/index.php/uodjournal/article/download/1556/1015/,https://journal.uod.ac/index.php/uodjournal/article/view/1556/1015,article_1556_1015_d7ff55d3.pdf,426744,application/pdf
https://journal.uod.ac/index.php/uodjournal/article/download/1557/1009/,https://journal.uod.ac/index.php/uodjournal/article/view/1557/1009,article_1557_1009_96df224c.pdf,1884330,application/pdf
https://journal.uod.ac/index.php/uodjournal/article/download/1558/1010/,https://journal.uod.ac/index.php/uodjournal/article/view/1558/1010,article_1558_1010_6259bd86.pdf,649673,application/pdf
https://journal.uod.ac/index.php/uodjournal/article/download/1559/1011/,https://journal.uod.ac/index.php/uodjournal/article/view/1559/1011,article_1559_1011_bc27f0d2.pdf,485934,application/pdf
https://journal.uod.ac/index.php/uodjournal/article/download/1560/1012/,https://journal.uod.ac/index.php/uodjournal/article/view/1560/1012,article_1560_1012_b06c6e06.pdf,1147102,application/pdf
https://journal.uod.ac/index.php/uodjournal/article/download/1564/1016/,https://journal.uod.ac/index.php/uodjournal/article/view/1564/1016,article_1564_1016_b2c48e7a.pdf,971855,application/pdf
https://journal.uod.ac/index.php/uodjournal/article/download/1565/1017/,https://journal.uod.ac/index.php/uodjournal/article/view/1565/1017,article_1565_1017_e0bbbd9a.pdf,1043132,application/pdf
https://journal.uod.ac/index.php/uodjournal/article/download/1566/1018/,https://journal.uod.ac/index.php/uodjournal/article/view/1566/1018,article_1566_1018_1c231b1f.pdf,1419450,application/pdf
https://journal.uod.ac/index.php/uodjournal/article/download/1577/1028/,https://journal.uod.ac/index.php/uodjournal/article/view/1577/1028,article_1577_1028_c98cbd6f.pdf,1072927,application/pdf
https://journal.uod.ac/index.php/uodjournal/article/download/1578/1029/,https://journal.uod.ac/index.php/uodjournal/article/view/1578/1029,article_1578_1029_12257e8d.pdf,1387372,application/pdf
https://journal.uod.ac/index.php/uodjournal/article/download/1579/1030/,https://journal.uod.ac/index.php/uodjournal/article/view/1579/1030,article_1579_1030_20b3aeb1.pdf,1605169,application/pdf
https://journal.uod.ac/index.php/uodjournal/article/download/1628/1046/,https://journal.uod.ac/index.php/uodjournal/article/view/1628/1046,article_1628_1046_0c0c5660.pdf,373236,application/pdf
https://journal.uod.ac/index.php/uodjournal/article/download/1655/1063/,https://journal.uod.ac/index.php/uodjournal/article/view/1655/1063,article_1655_1063_937e188b.pdf,383019,application/pdf
https://journal.uod.ac/index.php/uodjournal/article/download/1545/1000/,https://journal.uod.ac/index.php/uodjournal/article/view/1545/1000,article_1545_1000_b0ce84cf.pdf,851278,application/pdf
https://journal.uod.ac/index.php/uodjournal/article/download/1546/1001/,https://journal.uod.ac/index.php/uodjournal/article/view/1546/1001,article_1546_1001_e452076a.pdf,601213,application/pdf
https://journal.uod.ac/index.php/uodjournal/article/download/1547/1002/,https://journal.uod.ac/index.php/uodjournal/article/view/1547/1002,article_1547_1002_c322b975.pdf,1375389,application/pdf
https://journal.uod.ac/index.php/uodjournal/article/download/1548/1003/,https://journal.uod.ac/index.php/uodjournal/article/view/1548/1003,article_1548_1003_d9b9bc27.pdf,4647412,application/pdf
https://journal.uod.ac/index.php/uodjournal/article/download/1549/1004/,https://journal.uod.ac/index.php/uodjournal/article/view/1549/1004,article_1549_1004_34708e8a.pdf,5334810,application/pdf
https://journal.uod.ac/index.php/uodjournal/article/download/1553/1005/,https://journal.uod.ac/index.php/uodjournal/article/view/1553/1005,article_1553_1005_6215e6a5.pdf,930058,application/pdf
https://journal.uod.ac/index.php/uodjournal/article/download/1568/1019/,https://journal.uod.ac/index.php/uodjournal/article/view/1568/1019,article_1568_1019_e35d24db.pdf,1758909,application/pdf
https://journal.uod.ac/index.php/uodjournal/article/download/1569/1020/,https://journal.uod.ac/index.php/uodjournal/article/view/1569/1020,article_1569_1020_1ad9cbf6.pdf,631856,application/pdf
https://journal.uod.ac/index.php/uodjournal/article/download/1570/1021/,https://journal.uod.ac/index.php/uodjournal/article/view/1570/1021,article_1570_1021_008c0e50.pdf,1389560,application/pdf
https://journal.uod.ac/index.php/uodjournal/article/download/1571/1022/,https://journal.uod.ac/index.php/uodjournal/article/view/1571/1022,article_1571_1022_691ca1c7.pdf,2224374,application/pdf
https://journal.uod.ac/index.php/uodjournal/article/download/1572/1023/,https://journal.uod.ac/index.php/uodjournal/article/view/1572/1023,article_1572_1023_b04f89aa.pdf,1389560,application/pdf
https://journal.uod.ac/index.php/uodjournal/article/download/1573/1024/,https://journal.uod.ac/index.php/uodjournal/article/view/1573/1024,article_1573_1024_8a2f215a.pdf,1485027,application/pdf
https://journal.uod.ac/index.php/uodjournal/article/download/1574/1025/,https://journal.uod.ac/index.php/uodjournal/article/view/1574/1025,article_1574_1025_d30852ea.pdf,1600952,application/pdf
https://journal.uod.ac/index.php/uodjournal/article/download/1575/1040/,https://journal.uod.ac/index.php/uodjournal/article/view/1575/1040,article_1575_1040_198eb4ec.pdf,1114333,application/pdf
https://journal.uod.ac/index.php/uodjournal/article/download/1583/1033/,https://journal.uod.ac/index.php/uodjournal/article/view/1583/1033,article_1583_1033_7e122a62.pdf,1288101,application/pdf
https://journal.uod.ac/index.php/uodjournal/article/download/1584/1034/,https://journal.uod.ac/index.php/uodjournal/article/view/1584/1034,article_1584_1034_63691a82.pdf,1520841,application/pdf
https://journal.uod.ac/index.php/uodjournal/article/download/1585/1035/,https://journal.uod.ac/index.php/uodjournal/article/view/1585/1035,article_1585_1035_3107ec14.pdf,2060818,application/pdf
https://journal.uod.ac/index.php/uodjournal/article/download/1586/1036/,https://journal.uod.ac/index.php/uodjournal/article/view/1586/1036,article_1586_1036_8ce34255.pdf,1482744,application/pdf
https://journal.uod.ac/index.php/uodjournal/article/download/1587/1037/,https://journal.uod.ac/index.php/uodjournal/article/view/1587/1037,article_1587_1037_4774afe2.pdf,639796,application/pdf
https://journal.uod.ac/index.php/uodjournal/article/download/1589/1038/,https://journal.uod.ac/index.php/uodjournal/article/view/1589/1038,article_1589_1038_96b01f29.pdf,1106270,application/pdf
https://journal.uod.ac/index.php/uodjournal/article/download/1590/1039/,https://journal.uod.ac/index.php/uodjournal/article/view/1590/1039,article_1590_1039_4b60f554.pdf,850453,application/pdf
https://journal.uod.ac/index.php/uodjournal/article/download/1642/1047/,https://journal.uod.ac/index.php/uodjournal/article/view/1642/1047,article_1642_1047_41e7fae8.pdf,652107,application/pdf
https://journal.uod.ac/index.php/uodjournal/article/download/1643/1048/,https://journal.uod.ac/index.php/uodjournal/article/view/1643/1048,article_1643_1048_37a73386.pdf,721675,application/pdf
https://journal.uod.ac/index.php/uodjournal/article/download/1644/1049/,https://journal.uod.ac/index.php/uodjournal/article/view/1644/1049,article_1644_1049_767df2ed.pdf,2836674,application/pdf
https://journal.uod.ac/index.php/uodjournal/article/download/1645/1050/,https://journal.uod.ac/index.php/uodjournal/article/view/1645/1050,article_1645_1050_607d4cf4.pdf,1605564,application/pdf
https://journal.uod.ac/index.php/uodjournal/article/download/1646/1051/,https://journal.uod.ac/index.php/uodjournal/article/view/1646/1051,article_1646_1051_b7dcbb5f.pdf,905834,application/pdf
https://journal.uod.ac/index.php/uodjournal/article/download/1647/1052/,https://journal.uod.ac/index.php/uodjournal/article/view/1647/1052,article_1647_1052_a96788ca.pdf,700426,application/pdf
https://journal.uod.ac/index.php/uodjournal/article/download/1648/1053/,https://journal.uod.ac/index.php/uodjournal/article/view/1648/1053,article_1648_1053_b17d6dd1.pdf,1771757,application/pdf
https://journal.uod.ac/index.php/uodjournal/article/download/1650/1055/,https://journal.uod.ac/index.php/uodjournal/article/view/1650/1055,article_1650_1055_0b050760.pdf,726625,application/pdf
https://journal.uod.ac/index.php/uodjournal/article/download/1649/1054/,https://journal.uod.ac/index.php/uodjournal/article/view/1649/1054,article_1649_1054_d9872c89.pdf,1346935,application/pdf
https://journal.uod.ac/index.php/uodjournal/article/download/1651/1056/,https://journal.uod.ac/index.php/uodjournal/article/view/1651/1056,article_1651_1056_0679d548.pdf,1364150,application/pdf
https://journal.uod.ac/index.php/uodjournal/article/download/1652/1057/,https://journal.uod.ac/index.php/uodjournal/article/view/1652/1057,article_1652_1057_3e0c94ef.pdf,1194514,application/pdf
https://journal.uod.ac/index.php/uodjournal/article/download/1653/1058/,https://journal.uod.ac/index.php/uodjournal/article/view/1653/1058,article_1653_1058_5d1965d4.pdf,1744133,application/pdf
https://journal.uod.ac/index.php/uodjournal/article/download/1654/1059/,https://journal.uod.ac/index.php/uodjournal/article/view/1654/1059,article_1654_1059_164ac64e.pdf,2553682,application/pdf
https://journal.uod.ac/index.php/uodjournal/article/download/1661/1064/,https://journal.uod.ac/index.php/uodjournal/article/view/1661/1064,article_1661_1064_1c503e68.pdf,3052325,application/pdf
https://journal.uod.ac/index.php/uodjournal/article/download/1674/1066/,https://journal.uod.ac/index.php/uodjournal/article/view/1674/1066,article_1674_1066_8ebdc495.pdf,709084,application/pdf
https://journal.uod.ac/index.php/uodjournal/article/download/1508/989/,https://journal.uod.ac/index.php/uodjournal/article/view/1508/989,article_1508_989_5a9a1bb9.pdf,796674,application/pdf
https://journal.uod.ac/index.php/uodjournal/article/download/1509/990/,https://journal.uod.ac/index.php/uodjournal/article/view/1509/990,article_1509_990_6eb79bae.pdf,1018446,application/pdf
https://journal.uod.ac/index.php/uodjournal/article/download/1510/991/,https://journal.uod.ac/index.php/uodjournal/article/view/1510/991,article_1510_991_f188827e.pdf,1019012,application/pdf
https://journal.uod.ac/index.php/uodjournal/article/download/1511/999/,https://journal.uod.ac/index.php/uodjournal/article/view/1511/999,article_1511_999_f4106cea.pdf,271742,application/pdf
https://journal.uod.ac/index.php/uodjournal/article/download/1512/993/,https://journal.uod.ac/index.php/uodjournal/article/view/1512/993,article_1512_993_f6a99de1.pdf,947443,application/pdf
https://journal.uod.ac/index.php/uodjournal/article/download/1513/994/,https://journal.uod.ac/index.php/uodjournal/article/view/1513/994,article_1513_994_e5c75bfc.pdf,926235,application/pdf
https://journal.uod.ac/index.php/uodjournal/article/download/1514/995/,https://journal.uod.ac/index.php/uodjournal/article/view/1514/995,article_1514_995_810077f4.pdf,1087230,application/pdf
https://journal.uod.ac/index.php/uodjournal/article/download/1515/996/,https://journal.uod.ac/index.php/uodjournal/article/view/1515/996,article_1515_996_98fbfe36.pdf,1915510,application/pdf
https://journal.uod.ac/index.php/uodjournal/article/download/1516/998/,https://journal.uod.ac/index.php/uodjournal/article/view/1516/998,article_1516_998_12825b59.pdf,863654,application/pdf
https://journal.uod.ac/index.php/uodjournal/article/download/1562/1013/,https://journal.uod.ac/index.php/uodjournal/article/view/1562/1013,article_1562_1013_d7fe2c7d.pdf,789452,application/pdf
https://journal.uod.ac/index.php/uodjournal/article/download/1563/1014/,https://journal.uod.ac/index.php/uodjournal/article/view/1563/1014,article_1563_1014_966fb892.pdf,744364,application/pdf
https://journal.uod.ac/index.php/uodjournal/article/download/1581/1031/,https://journal.uod.ac/index.php/uodjournal/article/view/1581/1031,article_1581_1031_e2dc092a.pdf,1190573,application/pdf
https://journal.uod.ac/index.php/uodjournal/article/download/1582/1032/,https://journal.uod.ac/index.php/uodjournal/article/view/1582/1032,article_1582_1032_56af5c21.pdf,869739,application/pdf
https://journal.uod.ac/index.php/uodjournal/article/download/1623/1041/,https://journal.uod.ac/index.php/uodjournal/article/view/1623/1041,article_1623_1041_2aab762f.pdf,613066,application/pdf
https://journal.uod.ac/index.php/uodjournal/article/download/1624/1061/,https://journal.uod.ac/index.php/uodjournal/article/view/1624/1061,article_1624_1061_d55958de.pdf,801210,application/pdf
https://journal.uod.ac/index.php/uodjournal/article/download/3358/1910/,https://journal.uod.ac/index.php/uodjournal/article/view/3358/1910,article_3358_1910_b9d336ac.pdf,645504,application/pdf
https://journal.uod.ac/index.php/uodjournal/article/download/1672/1065/,https://journal.uod.ac/index.php/uodjournal/article/view/1672/1065,article_1672_1065_35a1a385.pdf,627368,application/pdf
https://journal.uod.ac/index.php/uodjournal/article/download/1703/1067/,https://journal.uod.ac/index.php/uodjournal/article/view/1703/1067,article_1703_1067_4fb8a00c.pdf,558567,application/pdf
https://journal.uod.ac/index.php/uodjournal/article/download/1325/951/,https://journal.uod.ac/index.php/uodjournal/article/view/1325/951,article_1325_951_33990178.pdf,1811012,application/pdf
https://journal.uod.ac/index.php/uodjournal/article/download/1326/952/,https://journal.uod.ac/index.php/uodjournal/article/view/1326/952,article_1326_952_9ab42d51.pdf,1932313,application/pdf
https://journal.uod.ac/index.php/uodjournal/article/download/1327/953/,https://journal.uod.ac/index.php/uodjournal/article/view/1327/953,article_1327_953_7c50c40a.pdf,670070,application/pdf
https://journal.uod.ac/index.php/uodjournal/article/download/1328/954/,https://journal.uod.ac/index.php/uodjournal/article/view/1328/954,article_1328_954_986fde79.pdf,327080,application/pdf
https://journal.uod.ac/index.php/uodjournal/article/download/1329/955/,https://journal.uod.ac/index.php/uodjournal/article/view/1329/955,article_1329_955_f08b1f62.pdf,717181,application/pdf
https://journal.uod.ac/index.php/uodjournal/article/download/1330/956/,https://journal.uod.ac/index.php/uodjournal/article/view/1330/956,article_1330_956_5691b20b.pdf,292642,application/pdf
https://journal.uod.ac/index.php/uodjournal/article/download/1331/957/,https://journal.uod.ac/index.php/uodjournal/article/view/1331/957,article_1331_957_fe388282.pdf,410470,application/pdf
https://journal.uod.ac/index.php/uodjournal/article/download/1332/958/,https://journal.uod.ac/index.php/uodjournal/article/view/1332/958,article_1332_958_47311623.pdf,447592,application/pdf
https://journal.uod.ac/index.php/uodjournal/article/download/1353/964/,https://journal.uod.ac/index.php/uodjournal/article/view/1353/964,article_1353_964_c00a9195.pdf,1117099,application/pdf
https://journal.uod.ac/index.php/uodjournal/article/download/1354/965/,https://journal.uod.ac/index.php/uodjournal/article/view/1354/965,article_1354_965_3b19bc83.pdf,599693,application/pdf
https://journal.uod.ac/index.php/uodjournal/article/download/1383/975/,https://journal.uod.ac/index.php/uodjournal/article/view/1383/975,article_1383_975_3e208fd6.pdf,565833,application/pdf
https://journal.uod.ac/index.php/uodjournal/article/download/1384/976/,https://journal.uod.ac/index.php/uodjournal/article/view/1384/976,article_1384_976_c15471bb.pdf,581436,application/pdf
https://journal.uod.ac/index.php/uodjournal/article/download/1388/978/,https://journal.uod.ac/index.php/uodjournal/article/view/1388/978,article_1388_978_88c3b3e0.pdf,896136,application/pdf
https://journal.uod.ac/index.php/uodjournal/article/download/1400/982/,https://journal.uod.ac/index.php/uodjournal/article/view/1400/982,article_1400_982_f0cddcda.pdf,498740,application/pdf
https://journal.uod.ac/index.php/uodjournal/article/download/1303/940/,https://journal.uod.ac/index.php/uodjournal/article/view/1303/940,article_1303_940_e7ce6629.pdf,1397038,application/pdf
https://journal.uod.ac/index.php/uodjournal/article/download/1304/941/,https://journal.uod.ac/index.php/uodjournal/article/view/1304/941,article_1304_941_bc581a40.pdf,1295086,application/pdf
https://journal.uod.ac/index.php/uodjournal/article/download/1306/943/,https://journal.uod.ac/index.php/uodjournal/article/view/1306/943,article_1306_943_59ac555f.pdf,1334379,application/pdf
https://journal.uod.ac/index.php/uodjournal/article/download/1438/1044/,https://journal.uod.ac/index.php/uodjournal/article/view/1438/1044,article_1438_1044_62fbdc06.pdf,2581614,application/pdf
https://journal.uod.ac/index.php/uodjournal/article/download/1307/944/,https://journal.uod.ac/index.php/uodjournal/article/view/1307/944,article_1307_944_3c5e8643.pdf,1379323,application/pdf
https://journal.uod.ac/index.php/uodjournal/article/download/1308/945/,https://journal.uod.ac/index.php/uodjournal/article/view/1308/945,article_1308_945_ff09433e.pdf,1316131,application/pdf
https://journal.uod.ac/index.php/uodjournal/article/download/1309/946/,https://journal.uod.ac/index.php/uodjournal/article/view/1309/946,article_1309_946_fbc2cdd8.pdf,1122466,application/pdf
https://journal.uod.ac/index.php/uodjournal/article/download/1310/947/,https://journal.uod.ac/index.php/uodjournal/article/view/1310/947,article_1310_947_33e8b3bc.pdf,1384450,application/pdf
https://journal.uod.ac/index.php/uodjournal/article/download/1315/948/,https://journal.uod.ac/index.php/uodjournal/article/view/1315/948,article_1315_948_3d7aca65.pdf,1832340,application/pdf
https://journal.uod.ac/index.php/uodjournal/article/download/1347/960/,https://journal.uod.ac/index.php/uodjournal/article/view/1347/960,article_1347_960_7dfdef1f.pdf,1207173,application/pdf
https://journal.uod.ac/index.php/uodjournal/article/download/1374/974/,https://journal.uod.ac/index.php/uodjournal/article/view/1374/974,article_1374_974_2af63365.pdf,1910637,application/pdf
https://journal.uod.ac/index.php/uodjournal/article/download/1352/963/,https://journal.uod.ac/index.php/uodjournal/article/view/1352/963,article_1352_963_313476e3.pdf,548442,application/pdf
https://journal.uod.ac/index.php/uodjournal/article/download/1357/966/,https://journal.uod.ac/index.php/uodjournal/article/view/1357/966,article_1357_966_4f3b86fe.pdf,545861,application/pdf
https://journal.uod.ac/index.php/uodjournal/article/download/1358/968/,https://journal.uod.ac/index.php/uodjournal/article/view/1358/968,article_1358_968_2ba7685b.pdf,509712,application/pdf
https://journal.uod.ac/index.php/uodjournal/article/download/1390/1378/,https://journal.uod.ac/index.php/uodjournal/article/view/1390/1378,article_1390_1378_9628ee54.pdf,413275,application/pdf
https://journal.uod.ac/index.php/uodjournal/article/download/1391/980/,https://journal.uod.ac/index.php/uodjournal/article/view/1391/980,article_1391_980_ca5a50e1.pdf,381478,application/pdf
https://journal.uod.ac/index.php/uodjournal/article/download/1392/981/,https://journal.uod.ac/index.php/uodjournal/article/view/1392/981,article_1392_981_b2efd30c.pdf,338970,application/pdf
https://journal.uod.ac/index.php/uodjournal/article/download/1414/1062/,https://journal.uod.ac/index.php/uodjournal/article/view/1414/1062,article_1414_1062_a38aed28.pdf,867985,application/pdf
https://journal.uod.ac/index.php/uodjournal/article/download/1284/925/,https://journal.uod.ac/index.php/uodjournal/article/view/1284/925,article_1284_925_c46bfba1.pdf,1585311,application/pdf
https://journal.uod.ac/index.php/uodjournal/article/download/1285/926/,https://journal.uod.ac/index.php/uodjournal/article/view/1285/926,article_1285_926_a45449c6.pdf,904783,application/pdf
https://journal.uod.ac/index.php/uodjournal/article/download/1286/927/,https://journal.uod.ac/index.php/uodjournal/article/view/1286/927,article_1286_927_c9d7e8fa.pdf,1816244,application/pdf
https://journal.uod.ac/index.php/uodjournal/article/download/1287/928/,https://journal.uod.ac/index.php/uodjournal/article/view/1287/928,article_1287_928_64148046.pdf,2244952,application/pdf
https://journal.uod.ac/index.php/uodjournal/article/download/1289/930/,https://journal.uod.ac/index.php/uodjournal/article/view/1289/930,article_1289_930_32e8624a.pdf,1142494,application/pdf
https://journal.uod.ac/index.php/uodjournal/article/download/1288/929/,https://journal.uod.ac/index.php/uodjournal/article/view/1288/929,article_1288_929_6636b807.pdf,2202546,application/pdf
https://journal.uod.ac/index.php/uodjournal/article/download/1290/931/,https://journal.uod.ac/index.php/uodjournal/article/view/1290/931,article_1290_931_adf3b6c0.pdf,1491302,application/pdf
https://journal.uod.ac/index.php/uodjournal/article/download/1291/932/,https://journal.uod.ac/index.php/uodjournal/article/view/1291/932,article_1291_932_5cb340c7.pdf,1897044,application/pdf
https://journal.uod.ac/index.php/uodjournal/article/download/1292/933/,https://journal.uod.ac/index.php/uodjournal/article/view/1292/933,article_1292_933_cff36b86.pdf,1751869,application/pdf
https://journal.uod.ac/index.php/uodjournal/article/download/1293/934/,https://journal.uod.ac/index.php/uodjournal/article/view/1293/934,article_1293_934_01fad625.pdf,1084536,application/pdf
https://journal.uod.ac/index.php/uodjournal/article/download/1297/936/,https://journal.uod.ac/index.php/uodjournal/article/view/1297/936,article_1297_936_a27c53ea.pdf,2218501,application/pdf
https://journal.uod.ac/index.php/uodjournal/article/download/1298/937/,https://journal.uod.ac/index.php/uodjournal/article/view/1298/937,article_1298_937_5c0abba1.pdf,829050,application/pdf
https://journal.uod.ac/index.php/uodjournal/article/download/1299/938/,https://journal.uod.ac/index.php/uodjournal/article/view/1299/938,article_1299_938_bc2e0a91.pdf,2267897,application/pdf
https://journal.uod.ac/index.php/uodjournal/article/download/1301/939/,https://journal.uod.ac/index.php/uodjournal/article/view/1301/939,article_1301_939_ed5c0973.pdf,2038054,application/pdf
https://journal.uod.ac/index.php/uodjournal/article/download/1359/969/,https://journal.uod.ac/index.php/uodjournal/article/view/1359/969,article_1359_969_6a1a27b6.pdf,679315,application/pdf
https://journal.uod.ac/index.php/uodjournal/article/download/1576/1027/,https://journal.uod.ac/index.php/uodjournal/article/view/1576/1027,article_1576_1027_c72027af.pdf,2150628,application/pdf
https://journal.uod.ac/index.php/uodjournal/article/download/1368/970/,https://journal.uod.ac/index.php/uodjournal/article/view/1368/970,article_1368_970_09f58581.pdf,910634,application/pdf
https://journal.uod.ac/index.php/uodjournal/article/download/1372/972/,https://journal.uod.ac/index.php/uodjournal/article/view/1372/972,article_1372_972_d0379f03.pdf,774462,application/pdf
https://journal.uod.ac/index.php/uodjournal/article/download/1373/973/,https://journal.uod.ac/index.php/uodjournal/article/view/1373/973,article_1373_973_f1b45a34.pdf,682472,application/pdf
https://journal.uod.ac/index.php/uodjournal/article/download/1452/1068/,https://journal.uod.ac/index.php/uodjournal/article/view/1452/1068,article_1452_1068_fedefb12.pdf,694497,application/pdf
https://journal.uod.ac/index.php/uodjournal/article/download/1453/986/,https://journal.uod.ac/index.php/uodjournal/article/view/1453/986,article_1453_986_943ca56c.pdf,808448,application/pdf
https://journal.uod.ac/index.php/uodjournal/article/download/1477/988/,https://journal.uod.ac/index.php/uodjournal/article/view/1477/988,article_1477_988_78326ca4.pdf,1108925,application/pdf
https://journal.uod.ac/index.php/uodjournal/article/download/1625/1043/,https://journal.uod.ac/index.php/uodjournal/article/view/1625/1043,article_1625_1043_bc3d5d57.pdf,832698,application/pdf
https://journal.uod.ac/index.php/uodjournal/article/download/2868/1543/,https://journal.uod.ac/index.php/uodjournal/article/view/2868/1543,article_2868_1543_0c697b3f.pdf,1578876,application/pdf
https://journal.uod.ac/index.php/uodjournal/article/download/1143/834/,https://journal.uod.ac/index.php/uodjournal/article/view/1143/834,article_1143_834_658563b2.pdf,810262,application/pdf
https://journal.uod.ac/index.php/uodjournal/article/download/1144/835/,https://journal.uod.ac/index.php/uodjournal/article/view/1144/835,article_1144_835_c3ca36ea.pdf,1166873,application/pdf
https://journal.uod.ac/index.php/uodjournal/article/download/1145/836/,https://journal.uod.ac/index.php/uodjournal/article/view/1145/836,article_1145_836_2bbe07a7.pdf,1317541,application/pdf
https://journal.uod.ac/index.php/uodjournal/article/download/1146/837/,https://journal.uod.ac/index.php/uodjournal/article/view/1146/837,article_1146_837_51c7d1ec.pdf,1706437,application/pdf
https://journal.uod.ac/index.php/uodjournal/article/download/1147/838/,https://journal.uod.ac/index.php/uodjournal/article/view/1147/838,article_1147_838_b252d716.pdf,1140889,application/pdf
https://journal.uod.ac/index.php/uodjournal/article/download/1148/862/,https://journal.uod.ac/index.php/uodjournal/article/view/1148/862,article_1148_862_17924eb4.pdf,1513024,application/pdf
https://journal.uod.ac/index.php/uodjournal/article/download/1149/840/,https://journal.uod.ac/index.php/uodjournal/article/view/1149/840,article_1149_840_bb0a65ec.pdf,915348,application/pdf
https://journal.uod.ac/index.php/uodjournal/article/download/1159/841/,https://journal.uod.ac/index.php/uodjournal/article/view/1159/841,article_1159_841_7584a7aa.pdf,958551,application/pdf
https://journal.uod.ac/index.php/uodjournal/article/download/1160/842/,https://journal.uod.ac/index.php/uodjournal/article/view/1160/842,article_1160_842_7c65afff.pdf,1124906,application/pdf
https://journal.uod.ac/index.php/uodjournal/article/download/1161/843/,https://journal.uod.ac/index.php/uodjournal/article/view/1161/843,article_1161_843_284e1bc1.pdf,1226217,application/pdf
https://journal.uod.ac/index.php/uodjournal/article/download/1162/844/,https://journal.uod.ac/index.php/uodjournal/article/view/1162/844,article_1162_844_093e979e.pdf,1597986,application/pdf
https://journal.uod.ac/index.php/uodjournal/article/download/1163/845/,https://journal.uod.ac/index.php/uodjournal/article/view/1163/845,article_1163_845_c4976ddc.pdf,1422032,application/pdf
https://journal.uod.ac/index.php/uodjournal/article/download/1164/846/,https://journal.uod.ac/index.php/uodjournal/article/view/1164/846,article_1164_846_a741adfe.pdf,1661815,application/pdf
https://journal.uod.ac/index.php/uodjournal/article/download/1165/847/,https://journal.uod.ac/index.php/uodjournal/article/view/1165/847,article_1165_847_a58c5b14.pdf,2075378,application/pdf
https://journal.uod.ac/index.php/uodjournal/article/download/1166/848/,https://journal.uod.ac/index.php/uodjournal/article/view/1166/848,article_1166_848_a1a8d625.pdf,852684,application/pdf
https://journal.uod.ac/index.php/uodjournal/article/download/1167/860/,https://journal.uod.ac/index.php/uodjournal/article/view/1167/860,article_1167_860_41ab3eb8.pdf,1241363,application/pdf
https://journal.uod.ac/index.php/uodjournal/article/download/1168/850/,https://journal.uod.ac/index.php/uodjournal/article/view/1168/850,article_1168_850_44b6ea6f.pdf,827180,application/pdf
https://journal.uod.ac/index.php/uodjournal/article/download/1169/851/,https://journal.uod.ac/index.php/uodjournal/article/view/1169/851,article_1169_851_f3528570.pdf,1484927,application/pdf
https://journal.uod.ac/index.php/uodjournal/article/download/1170/852/,https://journal.uod.ac/index.php/uodjournal/article/view/1170/852,article_1170_852_b18eb840.pdf,1183230,application/pdf
https://journal.uod.ac/index.php/uodjournal/article/download/1173/853/,https://journal.uod.ac/index.php/uodjournal/article/view/1173/853,article_1173_853_60014aa3.pdf,1285740,application/pdf
https://journal.uod.ac/index.php/uodjournal/article/download/1174/854/,https://journal.uod.ac/index.php/uodjournal/article/view/1174/854,article_1174_854_0d973f58.pdf,790542,application/pdf
https://journal.uod.ac/index.php/uodjournal/article/download/1182/859/,https://journal.uod.ac/index.php/uodjournal/article/view/1182/859,article_1182_859_8e241f13.pdf,1496134,application/pdf
https://journal.uod.ac/index.php/uodjournal/article/download/1194/901/,https://journal.uod.ac/index.php/uodjournal/article/view/1194/901,article_1194_901_8bef45ba.pdf,1142075,application/pdf
https://journal.uod.ac/index.php/uodjournal/article/download/1195/902/,https://journal.uod.ac/index.php/uodjournal/article/view/1195/902,article_1195_902_4fdf2844.pdf,1186794,application/pdf
https://journal.uod.ac/index.php/uodjournal/article/download/1259/923/,https://journal.uod.ac/index.php/uodjournal/article/view/1259/923,article_1259_923_f6efe011.pdf,647638,application/pdf
https://journal.uod.ac/index.php/uodjournal/article/download/1296/935/,https://journal.uod.ac/index.php/uodjournal/article/view/1296/935,article_1296_935_f72d74b1.pdf,1188887,application/pdf
https://journal.uod.ac/index.php/uodjournal/article/download/1122/816/,https://journal.uod.ac/index.php/uodjournal/article/view/1122/816,article_1122_816_2689736d.pdf,1213860,application/pdf
https://journal.uod.ac/index.php/uodjournal/article/download/1123/817/,https://journal.uod.ac/index.php/uodjournal/article/view/1123/817,article_1123_817_e58c71cb.pdf,533673,application/pdf
https://journal.uod.ac/index.php/uodjournal/article/download/1124/818/,https://journal.uod.ac/index.php/uodjournal/article/view/1124/818,article_1124_818_19034612.pdf,774021,application/pdf
https://journal.uod.ac/index.php/uodjournal/article/download/1125/819/,https://journal.uod.ac/index.php/uodjournal/article/view/1125/819,article_1125_819_58d03a76.pdf,2977074,application/pdf
https://journal.uod.ac/index.php/uodjournal/article/download/1126/820/,https://journal.uod.ac/index.php/uodjournal/article/view/1126/820,article_1126_820_dbe41323.pdf,1116270,application/pdf
https://journal.uod.ac/index.php/uodjournal/article/download/1127/821/,https://journal.uod.ac/index.php/uodjournal/article/view/1127/821,article_1127_821_e364a2d6.pdf,839581,application/pdf
https://journal.uod.ac/index.php/uodjournal/article/download/1128/822/,https://journal.uod.ac/index.php/uodjournal/article/view/1128/822,article_1128_822_837738d0.pdf,1007995,application/pdf
https://journal.uod.ac/index.php/uodjournal/article/download/1140/829/,https://journal.uod.ac/index.php/uodjournal/article/view/1140/829,article_1140_829_db53ae6f.pdf,382955,application/pdf
https://journal.uod.ac/index.php/uodjournal/article/download/1178/858/,https://journal.uod.ac/index.php/uodjournal/article/view/1178/858,article_1178_858_ad9c6bfd.pdf,963896,application/pdf
https://journal.uod.ac/index.php/uodjournal/article/download/1177/857/,https://journal.uod.ac/index.php/uodjournal/article/view/1177/857,article_1177_857_a492b86e.pdf,1419890,application/pdf
https://journal.uod.ac/index.php/uodjournal/article/download/1185/863/,https://journal.uod.ac/index.php/uodjournal/article/view/1185/863,article_1185_863_2c8f231e.pdf,868703,application/pdf
https://journal.uod.ac/index.php/uodjournal/article/download/1203/919/,https://journal.uod.ac/index.php/uodjournal/article/view/1203/919,article_1203_919_ed20573d.pdf,754546,application/pdf
https://journal.uod.ac/index.php/uodjournal/article/download/1371/971/,https://journal.uod.ac/index.php/uodjournal/article/view/1371/971,article_1371_971_ffbb3433.pdf,793023,application/pdf
https://journal.uod.ac/index.php/uodjournal/article/download/1080/779/,https://journal.uod.ac/index.php/uodjournal/article/view/1080/779,article_1080_779_1a91d816.pdf,734641,application/pdf
https://journal.uod.ac/index.php/uodjournal/article/download/1077/778/,https://journal.uod.ac/index.php/uodjournal/article/view/1077/778,article_1077_778_bbc85ec5.pdf,969307,application/pdf
https://journal.uod.ac/index.php/uodjournal/article/download/1081/780/,https://journal.uod.ac/index.php/uodjournal/article/view/1081/780,article_1081_780_75fc2413.pdf,562106,application/pdf
https://journal.uod.ac/index.php/uodjournal/article/download/1082/781/,https://journal.uod.ac/index.php/uodjournal/article/view/1082/781,article_1082_781_4a4597a4.pdf,653666,application/pdf
https://journal.uod.ac/index.php/uodjournal/article/download/1085/783/,https://journal.uod.ac/index.php/uodjournal/article/view/1085/783,article_1085_783_254f85ff.pdf,628930,application/pdf
https://journal.uod.ac/index.php/uodjournal/article/download/1086/784/,https://journal.uod.ac/index.php/uodjournal/article/view/1086/784,article_1086_784_c0aaaa8c.pdf,677074,application/pdf
https://journal.uod.ac/index.php/uodjournal/article/download/1087/785/,https://journal.uod.ac/index.php/uodjournal/article/view/1087/785,article_1087_785_b49cbba8.pdf,1231039,application/pdf
https://journal.uod.ac/index.php/uodjournal/article/download/1088/786/,https://journal.uod.ac/index.php/uodjournal/article/view/1088/786,article_1088_786_7d6c2b8d.pdf,1013667,application/pdf
https://journal.uod.ac/index.php/uodjournal/article/download/1089/787/,https://journal.uod.ac/index.php/uodjournal/article/view/1089/787,article_1089_787_8f4345b9.pdf,2050509,application/pdf
https://journal.uod.ac/index.php/uodjournal/article/download/1090/788/,https://journal.uod.ac/index.php/uodjournal/article/view/1090/788,article_1090_788_4a344ba9.pdf,710099,application/pdf
https://journal.uod.ac/index.php/uodjournal/article/download/1091/789/,https://journal.uod.ac/index.php/uodjournal/article/view/1091/789,article_1091_789_aa4591e0.pdf,802790,application/pdf
https://journal.uod.ac/index.php/uodjournal/article/download/1092/790/,https://journal.uod.ac/index.php/uodjournal/article/view/1092/790,article_1092_790_45af9914.pdf,846873,application/pdf
https://journal.uod.ac/index.php/uodjournal/article/download/1093/791/,https://journal.uod.ac/index.php/uodjournal/article/view/1093/791,article_1093_791_e6ffa7e6.pdf,1713056,application/pdf
https://journal.uod.ac/index.php/uodjournal/article/download/1094/792/,https://journal.uod.ac/index.php/uodjournal/article/view/1094/792,article_1094_792_0b932731.pdf,979346,application/pdf
https://journal.uod.ac/index.php/uodjournal/article/download/1095/793/,https://journal.uod.ac/index.php/uodjournal/article/view/1095/793,article_1095_793_f5edda05.pdf,1616414,application/pdf
https://journal.uod.ac/index.php/uodjournal/article/download/1096/794/,https://journal.uod.ac/index.php/uodjournal/article/view/1096/794,article_1096_794_79fe0734.pdf,1291333,application/pdf
https://journal.uod.ac/index.php/uodjournal/article/download/1098/795/,https://journal.uod.ac/index.php/uodjournal/article/view/1098/795,article_1098_795_a4228f7f.pdf,1075401,application/pdf
https://journal.uod.ac/index.php/uodjournal/article/download/1099/894/,https://journal.uod.ac/index.php/uodjournal/article/view/1099/894,article_1099_894_7f74790a.pdf,1243042,application/pdf
https://journal.uod.ac/index.php/uodjournal/article/download/1100/797/,https://journal.uod.ac/index.php/uodjournal/article/view/1100/797,article_1100_797_93b0d975.pdf,1015047,application/pdf
https://journal.uod.ac/index.php/uodjournal/article/download/1101/798/,https://journal.uod.ac/index.php/uodjournal/article/view/1101/798,article_1101_798_1c511241.pdf,1106509,application/pdf
https://journal.uod.ac/index.php/uodjournal/article/download/1102/799/,https://journal.uod.ac/index.php/uodjournal/article/view/1102/799,article_1102_799_b66dcb05.pdf,1019323,application/pdf
https://journal.uod.ac/index.php/uodjournal/article/download/1103/800/,https://journal.uod.ac/index.php/uodjournal/article/view/1103/800,article_1103_800_89b12c25.pdf,1664536,application/pdf
https://journal.uod.ac/index.php/uodjournal/article/download/1104/801/,https://journal.uod.ac/index.php/uodjournal/article/view/1104/801,article_1104_801_64885183.pdf,1268771,application/pdf
https://journal.uod.ac/index.php/uodjournal/article/download/1106/803/,https://journal.uod.ac/index.php/uodjournal/article/view/1106/803,article_1106_803_45ad5d7e.pdf,796913,application/pdf
https://journal.uod.ac/index.php/uodjournal/article/download/1105/802/,https://journal.uod.ac/index.php/uodjournal/article/view/1105/802,article_1105_802_7da3381d.pdf,1122066,application/pdf
https://journal.uod.ac/index.php/uodjournal/article/download/1107/804/,https://journal.uod.ac/index.php/uodjournal/article/view/1107/804,article_1107_804_cc245361.pdf,1042905,application/pdf
https://journal.uod.ac/index.php/uodjournal/article/download/1108/805/,https://journal.uod.ac/index.php/uodjournal/article/view/1108/805,article_1108_805_635f7d5c.pdf,1071219,application/pdf
https://journal.uod.ac/index.php/uodjournal/article/download/1109/806/,https://journal.uod.ac/index.php/uodjournal/article/view/1109/806,article_1109_806_fc5c5fd1.pdf,1171621,application/pdf
https://journal.uod.ac/index.php/uodjournal/article/download/1061/807/,https://journal.uod.ac/index.php/uodjournal/article/view/1061/807,article_1061_807_241be9ae.pdf,526418,application/pdf
https://journal.uod.ac/index.php/uodjournal/article/download/1062/808/,https://journal.uod.ac/index.php/uodjournal/article/view/1062/808,article_1062_808_0ca73732.pdf,633215,application/pdf
https://journal.uod.ac/index.php/uodjournal/article/download/1063/809/,https://journal.uod.ac/index.php/uodjournal/article/view/1063/809,article_1063_809_50da6640.pdf,354583,application/pdf
https://journal.uod.ac/index.php/uodjournal/article/download/1064/810/,https://journal.uod.ac/index.php/uodjournal/article/view/1064/810,article_1064_810_272bad62.pdf,366824,application/pdf
https://journal.uod.ac/index.php/uodjournal/article/download/1065/811/,https://journal.uod.ac/index.php/uodjournal/article/view/1065/811,article_1065_811_80dbf4c4.pdf,224221,application/pdf
https://journal.uod.ac/index.php/uodjournal/article/download/1066/812/,https://journal.uod.ac/index.php/uodjournal/article/view/1066/812,article_1066_812_ae460ce6.pdf,342469,application/pdf
https://journal.uod.ac/index.php/uodjournal/article/download/1067/813/,https://journal.uod.ac/index.php/uodjournal/article/view/1067/813,article_1067_813_8f14e441.pdf,601456,application/pdf
https://journal.uod.ac/index.php/uodjournal/article/download/1068/814/,https://journal.uod.ac/index.php/uodjournal/article/view/1068/814,article_1068_814_df3084d6.pdf,302702,application/pdf
https://journal.uod.ac/index.php/uodjournal/article/download/1069/815/,https://journal.uod.ac/index.php/uodjournal/article/view/1069/815,article_1069_815_89dffc3a.pdf,2648620,application/pdf
https://journal.uod.ac/index.php/uodjournal/article/download/1138/827/,https://journal.uod.ac/index.php/uodjournal/article/view/1138/827,article_1138_827_758fdc28.pdf,1286422,application/pdf
https://journal.uod.ac/index.php/uodjournal/article/download/1139/828/,https://journal.uod.ac/index.php/uodjournal/article/view/1139/828,article_1139_828_8c3ae472.pdf,2476664,application/pdf
https://journal.uod.ac/index.php/uodjournal/article/download/1142/833/,https://journal.uod.ac/index.php/uodjournal/article/view/1142/833,article_1142_833_07a0b067.pdf,1130636,application/pdf
https://journal.uod.ac/index.php/uodjournal/article/download/1193/916/,https://journal.uod.ac/index.php/uodjournal/article/view/1193/916,article_1193_916_f3c34dab.pdf,1308590,application/pdf
https://journal.uod.ac/index.php/uodjournal/article/download/1201/917/,https://journal.uod.ac/index.php/uodjournal/article/view/1201/917,article_1201_917_270488b1.pdf,315115,application/pdf
https://journal.uod.ac/index.php/uodjournal/article/download/1202/918/,https://journal.uod.ac/index.php/uodjournal/article/view/1202/918,article_1202_918_6a4b142f.pdf,385653,application/pdf
https://journal.uod.ac/index.php/uodjournal/article/download/1324/959/,https://journal.uod.ac/index.php/uodjournal/article/view/1324/959,article_1324_959_c231f8bb.pdf,1227990,application/pdf
https://journal.uod.ac/index.php/uodjournal/article/download/1019/856/,https://journal.uod.ac/index.php/uodjournal/article/view/1019/856,article_1019_856_c93811fe.pdf,404255,application/pdf
https://journal.uod.ac/index.php/uodjournal/article/download/1018/733/,https://journal.uod.ac/index.php/uodjournal/article/view/1018/733,article_1018_733_f7d8b120.pdf,1628523,application/pdf
https://journal.uod.ac/index.php/uodjournal/article/download/1020/735/,https://journal.uod.ac/index.php/uodjournal/article/view/1020/735,article_1020_735_919cde8d.pdf,1453793,application/pdf
https://journal.uod.ac/index.php/uodjournal/article/download/1021/736/,https://journal.uod.ac/index.php/uodjournal/article/view/1021/736,article_1021_736_bf90ba0f.pdf,2045519,application/pdf
https://journal.uod.ac/index.php/uodjournal/article/download/1022/737/,https://journal.uod.ac/index.php/uodjournal/article/view/1022/737,article_1022_737_cc0813bf.pdf,1767171,application/pdf
https://journal.uod.ac/index.php/uodjournal/article/download/1024/739/,https://journal.uod.ac/index.php/uodjournal/article/view/1024/739,article_1024_739_627a2a70.pdf,850892,application/pdf
https://journal.uod.ac/index.php/uodjournal/article/download/1023/738/,https://journal.uod.ac/index.php/uodjournal/article/view/1023/738,article_1023_738_d5efb60f.pdf,2689525,application/pdf
https://journal.uod.ac/index.php/uodjournal/article/download/1025/740/,https://journal.uod.ac/index.php/uodjournal/article/view/1025/740,article_1025_740_b8e56fb1.pdf,1081491,application/pdf
https://journal.uod.ac/index.php/uodjournal/article/download/1026/741/,https://journal.uod.ac/index.php/uodjournal/article/view/1026/741,article_1026_741_acfcdba9.pdf,1576706,application/pdf
https://journal.uod.ac/index.php/uodjournal/article/download/1027/742/,https://journal.uod.ac/index.php/uodjournal/article/view/1027/742,article_1027_742_2388a23a.pdf,1734071,application/pdf
https://journal.uod.ac/index.php/uodjournal/article/download/1028/743/,https://journal.uod.ac/index.php/uodjournal/article/view/1028/743,article_1028_743_326d90bc.pdf,1082537,application/pdf
https://journal.uod.ac/index.php/uodjournal/article/download/1029/744/,https://journal.uod.ac/index.php/uodjournal/article/view/1029/744,article_1029_744_57d9fff7.pdf,911381,application/pdf
https://journal.uod.ac/index.php/uodjournal/article/download/1030/745/,https://journal.uod.ac/index.php/uodjournal/article/view/1030/745,article_1030_745_2e25f9a1.pdf,831804,application/pdf
https://journal.uod.ac/index.php/uodjournal/article/download/904/1906/,https://journal.uod.ac/index.php/uodjournal/article/view/904/1906,article_904_1906_d5af9c2a.pdf,1446258,application/pdf
https://journal.uod.ac/index.php/uodjournal/article/download/905/647/,https://journal.uod.ac/index.php/uodjournal/article/view/905/647,article_905_647_5b4812f1.pdf,2028870,application/pdf
https://journal.uod.ac/index.php/uodjournal/article/download/906/705/,https://journal.uod.ac/index.php/uodjournal/article/view/906/705,article_906_705_94af731d.pdf,1266214,application/pdf
https://journal.uod.ac/index.php/uodjournal/article/download/907/649/,https://journal.uod.ac/index.php/uodjournal/article/view/907/649,article_907_649_5a846943.pdf,1284395,application/pdf
https://journal.uod.ac/index.php/uodjournal/article/download/908/650/,https://journal.uod.ac/index.php/uodjournal/article/view/908/650,article_908_650_c89b4cf5.pdf,2029190,application/pdf
https://journal.uod.ac/index.php/uodjournal/article/download/909/1908/,https://journal.uod.ac/index.php/uodjournal/article/view/909/1908,article_909_1908_91b59254.pdf,1994591,application/pdf
https://journal.uod.ac/index.php/uodjournal/article/download/910/652/,https://journal.uod.ac/index.php/uodjournal/article/view/910/652,article_910_652_3c23980f.pdf,1717365,application/pdf
https://journal.uod.ac/index.php/uodjournal/article/download/911/653/,https://journal.uod.ac/index.php/uodjournal/article/view/911/653,article_911_653_1613b4ba.pdf,761081,application/pdf
https://journal.uod.ac/index.php/uodjournal/article/download/912/654/,https://journal.uod.ac/index.php/uodjournal/article/view/912/654,article_912_654_e5d4e628.pdf,1321545,application/pdf
https://journal.uod.ac/index.php/uodjournal/article/download/913/655/,https://journal.uod.ac/index.php/uodjournal/article/view/913/655,article_913_655_0fb56eb1.pdf,1561054,application/pdf
https://journal.uod.ac/index.php/uodjournal/article/download/914/656/,https://journal.uod.ac/index.php/uodjournal/article/view/914/656,article_914_656_de86bdff.pdf,1652102,application/pdf
https://journal.uod.ac/index.php/uodjournal/article/download/915/657/,https://journal.uod.ac/index.php/uodjournal/article/view/915/657,article_915_657_2dd8052e.pdf,1450583,application/pdf
https://journal.uod.ac/index.php/uodjournal/article/download/916/658/,https://journal.uod.ac/index.php/uodjournal/article/view/916/658,article_916_658_634c7511.pdf,2117549,application/pdf
https://journal.uod.ac/index.php/uodjournal/article/download/917/659/,https://journal.uod.ac/index.php/uodjournal/article/view/917/659,article_917_659_a88b5907.pdf,1549878,application/pdf
https://journal.uod.ac/index.php/uodjournal/article/download/918/660/,https://journal.uod.ac/index.php/uodjournal/article/view/918/660,article_918_660_a30f07c6.pdf,2116169,application/pdf
https://journal.uod.ac/index.php/uodjournal/article/download/924/661/,https://journal.uod.ac/index.php/uodjournal/article/view/924/661,article_924_661_3017c411.pdf,1085783,application/pdf
https://journal.uod.ac/index.php/uodjournal/article/download/925/662/,https://journal.uod.ac/index.php/uodjournal/article/view/925/662,article_925_662_700d9ae5.pdf,1127130,application/pdf
https://journal.uod.ac/index.php/uodjournal/article/download/926/663/,https://journal.uod.ac/index.php/uodjournal/article/view/926/663,article_926_663_9d022a48.pdf,1130223,application/pdf
https://journal.uod.ac/index.php/uodjournal/article/download/928/664/,https://journal.uod.ac/index.php/uodjournal/article/view/928/664,article_928_664_aa61d8f2.pdf,1905522,application/pdf
https://journal.uod.ac/index.php/uodjournal/article/download/929/665/,https://journal.uod.ac/index.php/uodjournal/article/view/929/665,article_929_665_f22e8023.pdf,1585175,application/pdf
https://journal.uod.ac/index.php/uodjournal/article/download/930/666/,https://journal.uod.ac/index.php/uodjournal/article/view/930/666,article_930_666_be10a989.pdf,1874696,application/pdf
https://journal.uod.ac/index.php/uodjournal/article/download/933/667/,https://journal.uod.ac/index.php/uodjournal/article/view/933/667,article_933_667_66716bf7.pdf,1345395,application/pdf
https://journal.uod.ac/index.php/uodjournal/article/download/934/668/,https://journal.uod.ac/index.php/uodjournal/article/view/934/668,article_934_668_872f6d76.pdf,1706567,application/pdf
https://journal.uod.ac/index.php/uodjournal/article/download/935/669/,https://journal.uod.ac/index.php/uodjournal/article/view/935/669,article_935_669_b3231864.pdf,1050322,application/pdf
https://journal.uod.ac/index.php/uodjournal/article/download/936/670/,https://journal.uod.ac/index.php/uodjournal/article/view/936/670,article_936_670_2436fe7d.pdf,2019251,application/pdf
https://journal.uod.ac/index.php/uodjournal/article/download/937/671/,https://journal.uod.ac/index.php/uodjournal/article/view/937/671,article_937_671_88008027.pdf,2724737,application/pdf
https://journal.uod.ac/index.php/uodjournal/article/download/938/672/,https://journal.uod.ac/index.php/uodjournal/article/view/938/672,article_938_672_bb1504d4.pdf,2573154,application/pdf
https://journal.uod.ac/index.php/uodjournal/article/download/941/673/,https://journal.uod.ac/index.php/uodjournal/article/view/941/673,article_941_673_c07a49e1.pdf,1484801,application/pdf
https://journal.uod.ac/index.php/uodjournal/article/download/942/674/,https://journal.uod.ac/index.php/uodjournal/article/view/942/674,article_942_674_3ef85073.pdf,1424820,application/pdf
https://journal.uod.ac/index.php/uodjournal/article/download/943/675/,https://journal.uod.ac/index.php/uodjournal/article/view/943/675,article_943_675_9fc00d4e.pdf,1792803,application/pdf
https://journal.uod.ac/index.php/uodjournal/article/download/944/676/,https://journal.uod.ac/index.php/uodjournal/article/view/944/676,article_944_676_5f65379e.pdf,1386642,application/pdf
https://journal.uod.ac/index.php/uodjournal/article/download/945/677/,https://journal.uod.ac/index.php/uodjournal/article/view/945/677,article_945_677_8baa198d.pdf,1068247,application/pdf
https://journal.uod.ac/index.php/uodjournal/article/download/946/830/,https://journal.uod.ac/index.php/uodjournal/article/view/946/830,article_946_830_3abe104e.pdf,1448470,application/pdf
https://journal.uod.ac/index.php/uodjournal/article/download/947/723/,https://journal.uod.ac/index.php/uodjournal/article/view/947/723,article_947_723_97878783.pdf,1796923,application/pdf
https://journal.uod.ac/index.php/uodjournal/article/download/948/680/,https://journal.uod.ac/index.php/uodjournal/article/view/948/680,article_948_680_63afc295.pdf,1429298,application/pdf
https://journal.uod.ac/index.php/uodjournal/article/download/949/681/,https://journal.uod.ac/index.php/uodjournal/article/view/949/681,article_949_681_ad3e0df9.pdf,1976470,application/pdf
https://journal.uod.ac/index.php/uodjournal/article/download/950/682/,https://journal.uod.ac/index.php/uodjournal/article/view/950/682,article_950_682_b235a7f5.pdf,1106837,application/pdf
https://journal.uod.ac/index.php/uodjournal/article/download/951/683/,https://journal.uod.ac/index.php/uodjournal/article/view/951/683,article_951_683_8105d1b5.pdf,1961403,application/pdf
https://journal.uod.ac/index.php/uodjournal/article/download/952/684/,https://journal.uod.ac/index.php/uodjournal/article/view/952/684,article_952_684_8d03ebf2.pdf,1600368,application/pdf
https://journal.uod.ac/index.php/uodjournal/article/download/953/685/,https://journal.uod.ac/index.php/uodjournal/article/view/953/685,article_953_685_c983e59c.pdf,1812932,application/pdf
https://journal.uod.ac/index.php/uodjournal/article/download/954/686/,https://journal.uod.ac/index.php/uodjournal/article/view/954/686,article_954_686_cf6bacf3.pdf,1424795,application/pdf
https://journal.uod.ac/index.php/uodjournal/article/download/955/687/,https://journal.uod.ac/index.php/uodjournal/article/view/955/687,article_955_687_495e6f0b.pdf,1437649,application/pdf
https://journal.uod.ac/index.php/uodjournal/article/download/956/688/,https://journal.uod.ac/index.php/uodjournal/article/view/956/688,article_956_688_f0552898.pdf,1886605,application/pdf
https://journal.uod.ac/index.php/uodjournal/article/download/957/689/,https://journal.uod.ac/index.php/uodjournal/article/view/957/689,article_957_689_e9830cad.pdf,1541026,application/pdf
https://journal.uod.ac/index.php/uodjournal/article/download/958/831/,https://journal.uod.ac/index.php/uodjournal/article/view/958/831,article_958_831_fc633943.pdf,2796641,application/pdf
https://journal.uod.ac/index.php/uodjournal/article/download/959/704/,https://journal.uod.ac/index.php/uodjournal/article/view/959/704,article_959_704_479f4a41.pdf,1740907,application/pdf
https://journal.uod.ac/index.php/uodjournal/article/download/960/692/,https://journal.uod.ac/index.php/uodjournal/article/view/960/692,article_960_692_cbe3c3fe.pdf,1446724,application/pdf
https://journal.uod.ac/index.php/uodjournal/article/download/961/719/,https://journal.uod.ac/index.php/uodjournal/article/view/961/719,article_961_719_20e9ae0a.pdf,2763462,application/pdf
https://journal.uod.ac/index.php/uodjournal/article/download/962/694/,https://journal.uod.ac/index.php/uodjournal/article/view/962/694,article_962_694_09773be2.pdf,1737395,application/pdf
https://journal.uod.ac/index.php/uodjournal/article/download/963/695/,https://journal.uod.ac/index.php/uodjournal/article/view/963/695,article_963_695_69ce435f.pdf,1194814,application/pdf
https://journal.uod.ac/index.php/uodjournal/article/download/964/832/,https://journal.uod.ac/index.php/uodjournal/article/view/964/832,article_964_832_a2593dfa.pdf,1098732,application/pdf
https://journal.uod.ac/index.php/uodjournal/article/download/969/697/,https://journal.uod.ac/index.php/uodjournal/article/view/969/697,article_969_697_6668ef58.pdf,1609843,application/pdf
https://journal.uod.ac/index.php/uodjournal/article/download/970/698/,https://journal.uod.ac/index.php/uodjournal/article/view/970/698,article_970_698_d0133a6b.pdf,2202119,application/pdf
https://journal.uod.ac/index.php/uodjournal/article/download/971/725/,https://journal.uod.ac/index.php/uodjournal/article/view/971/725,article_971_725_69b76fb5.pdf,1792609,application/pdf
https://journal.uod.ac/index.php/uodjournal/article/download/972/700/,https://journal.uod.ac/index.php/uodjournal/article/view/972/700,article_972_700_fbf5c450.pdf,1371748,application/pdf
https://journal.uod.ac/index.php/uodjournal/article/download/973/701/,https://journal.uod.ac/index.php/uodjournal/article/view/973/701,article_973_701_b1656d5b.pdf,1210063,application/pdf
https://journal.uod.ac/index.php/uodjournal/article/download/974/702/,https://journal.uod.ac/index.php/uodjournal/article/view/974/702,article_974_702_c8a459e3.pdf,1322434,application/pdf
https://journal.uod.ac/index.php/uodjournal/article/download/975/703/,https://journal.uod.ac/index.php/uodjournal/article/view/975/703,article_975_703_215d7641.pdf,1042369,application/pdf
https://journal.uod.ac/index.php/uodjournal/article/download/1251/910/,https://journal.uod.ac/index.php/uodjournal/article/view/1251/910,article_1251_910_8a85b587.pdf,1006803,application/pdf
https://journal.uod.ac/index.php/uodjournal/article/download/1005/727/,https://journal.uod.ac/index.php/uodjournal/article/view/1005/727,article_1005_727_33521fd9.pdf,2657050,application/pdf
https://journal.uod.ac/index.php/uodjournal/article/download/1036/748/,https://journal.uod.ac/index.php/uodjournal/article/view/1036/748,article_1036_748_9911ada2.pdf,1566526,application/pdf
https://journal.uod.ac/index.php/uodjournal/article/download/878/865/,https://journal.uod.ac/index.php/uodjournal/article/view/878/865,article_878_865_4173f67c.pdf,1272255,application/pdf
https://journal.uod.ac/index.php/uodjournal/article/download/879/866/,https://journal.uod.ac/index.php/uodjournal/article/view/879/866,article_879_866_c2e7fd13.pdf,1512390,application/pdf
https://journal.uod.ac/index.php/uodjournal/article/download/880/867/,https://journal.uod.ac/index.php/uodjournal/article/view/880/867,article_880_867_0ec460ef.pdf,1006469,application/pdf
https://journal.uod.ac/index.php/uodjournal/article/download/881/870/,https://journal.uod.ac/index.php/uodjournal/article/view/881/870,article_881_870_2ffa0309.pdf,1563257,application/pdf
https://journal.uod.ac/index.php/uodjournal/article/download/882/871/,https://journal.uod.ac/index.php/uodjournal/article/view/882/871,article_882_871_205b2040.pdf,858762,application/pdf
https://journal.uod.ac/index.php/uodjournal/article/download/883/873/,https://journal.uod.ac/index.php/uodjournal/article/view/883/873,article_883_873_9e7f5584.pdf,1338453,application/pdf
https://journal.uod.ac/index.php/uodjournal/article/download/884/874/,https://journal.uod.ac/index.php/uodjournal/article/view/884/874,article_884_874_738669cc.pdf,999138,application/pdf
https://journal.uod.ac/index.php/uodjournal/article/download/885/875/,https://journal.uod.ac/index.php/uodjournal/article/view/885/875,article_885_875_d140d876.pdf,1566801,application/pdf
https://journal.uod.ac/index.php/uodjournal/article/download/887/876/,https://journal.uod.ac/index.php/uodjournal/article/view/887/876,article_887_876_90d4633e.pdf,3591427,application/pdf
https://journal.uod.ac/index.php/uodjournal/article/download/889/881/,https://journal.uod.ac/index.php/uodjournal/article/view/889/881,article_889_881_79782ab5.pdf,880861,application/pdf
https://journal.uod.ac/index.php/uodjournal/article/download/979/879/,https://journal.uod.ac/index.php/uodjournal/article/view/979/879,article_979_879_515a4077.pdf,671484,application/pdf
https://journal.uod.ac/index.php/uodjournal/article/download/980/882/,https://journal.uod.ac/index.php/uodjournal/article/view/980/882,article_980_882_983af606.pdf,1276816,application/pdf
https://journal.uod.ac/index.php/uodjournal/article/download/981/884/,https://journal.uod.ac/index.php/uodjournal/article/view/981/884,article_981_884_0c6e0422.pdf,679532,application/pdf
https://journal.uod.ac/index.php/uodjournal/article/download/982/885/,https://journal.uod.ac/index.php/uodjournal/article/view/982/885,article_982_885_77014e86.pdf,1195301,application/pdf
https://journal.uod.ac/index.php/uodjournal/article/download/983/886/,https://journal.uod.ac/index.php/uodjournal/article/view/983/886,article_983_886_17c9b23f.pdf,836666,application/pdf
https://journal.uod.ac/index.php/uodjournal/article/download/984/888/,https://journal.uod.ac/index.php/uodjournal/article/view/984/888,article_984_888_82a925ef.pdf,2194556,application/pdf
https://journal.uod.ac/index.php/uodjournal/article/download/985/890/,https://journal.uod.ac/index.php/uodjournal/article/view/985/890,article_985_890_3563acd6.pdf,1126385,application/pdf
https://journal.uod.ac/index.php/uodjournal/article/download/986/891/,https://journal.uod.ac/index.php/uodjournal/article/view/986/891,article_986_891_16e36d36.pdf,1978549,application/pdf
https://journal.uod.ac/index.php/uodjournal/article/download/987/892/,https://journal.uod.ac/index.php/uodjournal/article/view/987/892,article_987_892_1518172f.pdf,1249033,application/pdf
https://journal.uod.ac/index.php/uodjournal/article/download/988/893/,https://journal.uod.ac/index.php/uodjournal/article/view/988/893,article_988_893_23f0b524.pdf,1773102,application/pdf
https://journal.uod.ac/index.php/uodjournal/article/download/989/895/,https://journal.uod.ac/index.php/uodjournal/article/view/989/895,article_989_895_5e36a89c.pdf,1526527,application/pdf
https://journal.uod.ac/index.php/uodjournal/article/download/990/897/,https://journal.uod.ac/index.php/uodjournal/article/view/990/897,article_990_897_9dd6c3a5.pdf,2049176,application/pdf
https://journal.uod.ac/index.php/uodjournal/article/download/994/722/,https://journal.uod.ac/index.php/uodjournal/article/view/994/722,article_994_722_4cdd7c00.pdf,1090671,application/pdf
https://journal.uod.ac/index.php/uodjournal/article/download/996/724/,https://journal.uod.ac/index.php/uodjournal/article/view/996/724,article_996_724_22feca7e.pdf,984239,application/pdf
https://journal.uod.ac/index.php/uodjournal/article/download/1013/728/,https://journal.uod.ac/index.php/uodjournal/article/view/1013/728,article_1013_728_b18ec1bd.pdf,941190,application/pdf
https://journal.uod.ac/index.php/uodjournal/article/download/1014/729/,https://journal.uod.ac/index.php/uodjournal/article/view/1014/729,article_1014_729_749f8727.pdf,1972392,application/pdf
https://journal.uod.ac/index.php/uodjournal/article/download/1015/730/,https://journal.uod.ac/index.php/uodjournal/article/view/1015/730,article_1015_730_7c23cd22.pdf,1743332,application/pdf
https://journal.uod.ac/index.php/uodjournal/article/download/1016/731/,https://journal.uod.ac/index.php/uodjournal/article/view/1016/731,article_1016_731_c0a86589.pdf,1294144,application/pdf
https://journal.uod.ac/index.php/uodjournal/article/download/1017/732/,https://journal.uod.ac/index.php/uodjournal/article/view/1017/732,article_1017_732_90471530.pdf,1750539,application/pdf
https://journal.uod.ac/index.php/uodjournal/article/download/1031/746/,https://journal.uod.ac/index.php/uodjournal/article/view/1031/746,article_1031_746_be94d50b.pdf,648890,application/pdf
https://journal.uod.ac/index.php/uodjournal/article/download/1032/747/,https://journal.uod.ac/index.php/uodjournal/article/view/1032/747,article_1032_747_b6791799.pdf,263169,application/pdf
https://journal.uod.ac/index.php/uodjournal/article/download/1057/758/,https://journal.uod.ac/index.php/uodjournal/article/view/1057/758,article_1057_758_c583b9b0.pdf,401646,application/pdf
https://journal.uod.ac/index.php/uodjournal/article/download/850/601/,https://journal.uod.ac/index.php/uodjournal/article/view/850/601,article_850_601_650ab5ea.pdf,851885,application/pdf
https://journal.uod.ac/index.php/uodjournal/article/download/851/602/,https://journal.uod.ac/index.php/uodjournal/article/view/851/602,article_851_602_2397b9d9.pdf,1072802,application/pdf
https://journal.uod.ac/index.php/uodjournal/article/download/852/603/,https://journal.uod.ac/index.php/uodjournal/article/view/852/603,article_852_603_e9d26978.pdf,885161,application/pdf
https://journal.uod.ac/index.php/uodjournal/article/download/853/604/,https://journal.uod.ac/index.php/uodjournal/article/view/853/604,article_853_604_0d7c3f2d.pdf,1253670,application/pdf
https://journal.uod.ac/index.php/uodjournal/article/download/854/605/,https://journal.uod.ac/index.php/uodjournal/article/view/854/605,article_854_605_b219f739.pdf,1097912,application/pdf
https://journal.uod.ac/index.php/uodjournal/article/download/855/606/,https://journal.uod.ac/index.php/uodjournal/article/view/855/606,article_855_606_5dd93ac3.pdf,828547,application/pdf
https://journal.uod.ac/index.php/uodjournal/article/download/857/607/,https://journal.uod.ac/index.php/uodjournal/article/view/857/607,article_857_607_95fbe49e.pdf,892555,application/pdf
https://journal.uod.ac/index.php/uodjournal/article/download/858/608/,https://journal.uod.ac/index.php/uodjournal/article/view/858/608,article_858_608_deae8582.pdf,872272,application/pdf
https://journal.uod.ac/index.php/uodjournal/article/download/859/609/,https://journal.uod.ac/index.php/uodjournal/article/view/859/609,article_859_609_41b223f3.pdf,840932,application/pdf
https://journal.uod.ac/index.php/uodjournal/article/download/860/610/,https://journal.uod.ac/index.php/uodjournal/article/view/860/610,article_860_610_f5bd648f.pdf,1052390,application/pdf
https://journal.uod.ac/index.php/uodjournal/article/download/861/611/,https://journal.uod.ac/index.php/uodjournal/article/view/861/611,article_861_611_6de37a09.pdf,1184360,application/pdf
https://journal.uod.ac/index.php/uodjournal/article/download/862/612/,https://journal.uod.ac/index.php/uodjournal/article/view/862/612,article_862_612_25d1cac6.pdf,1127131,application/pdf
https://journal.uod.ac/index.php/uodjournal/article/download/863/613/,https://journal.uod.ac/index.php/uodjournal/article/view/863/613,article_863_613_82fa1e8e.pdf,589194,application/pdf
https://journal.uod.ac/index.php/uodjournal/article/download/865/615/,https://journal.uod.ac/index.php/uodjournal/article/view/865/615,article_865_615_d1c41e81.pdf,876731,application/pdf
https://journal.uod.ac/index.php/uodjournal/article/download/864/614/,https://journal.uod.ac/index.php/uodjournal/article/view/864/614,article_864_614_5913bc39.pdf,1831594,application/pdf
https://journal.uod.ac/index.php/uodjournal/article/download/866/616/,https://journal.uod.ac/index.php/uodjournal/article/view/866/616,article_866_616_d60c3637.pdf,660170,application/pdf
https://journal.uod.ac/index.php/uodjournal/article/download/867/617/,https://journal.uod.ac/index.php/uodjournal/article/view/867/617,article_867_617_e6f4c184.pdf,917875,application/pdf
https://journal.uod.ac/index.php/uodjournal/article/download/868/618/,https://journal.uod.ac/index.php/uodjournal/article/view/868/618,article_868_618_2ca9e06e.pdf,1249488,application/pdf
https://journal.uod.ac/index.php/uodjournal/article/download/869/619/,https://journal.uod.ac/index.php/uodjournal/article/view/869/619,article_869_619_0e71ba7e.pdf,845701,application/pdf
https://journal.uod.ac/index.php/uodjournal/article/download/870/620/,https://journal.uod.ac/index.php/uodjournal/article/view/870/620,article_870_620_d75aaf2e.pdf,832120,application/pdf
https://journal.uod.ac/index.php/uodjournal/article/download/872/621/,https://journal.uod.ac/index.php/uodjournal/article/view/872/621,article_872_621_068c7293.pdf,1122935,application/pdf
https://journal.uod.ac/index.php/uodjournal/article/download/873/622/,https://journal.uod.ac/index.php/uodjournal/article/view/873/622,article_873_622_f95e1362.pdf,964502,application/pdf
https://journal.uod.ac/index.php/uodjournal/article/download/874/623/,https://journal.uod.ac/index.php/uodjournal/article/view/874/623,article_874_623_a1d29d81.pdf,1049650,application/pdf
https://journal.uod.ac/index.php/uodjournal/article/download/875/624/,https://journal.uod.ac/index.php/uodjournal/article/view/875/624,article_875_624_258d045f.pdf,995695,application/pdf
https://journal.uod.ac/index.php/uodjournal/article/download/876/625/,https://journal.uod.ac/index.php/uodjournal/article/view/876/625,article_876_625_97384f98.pdf,1035960,application/pdf
https://journal.uod.ac/index.php/uodjournal/article/download/890/636/,https://journal.uod.ac/index.php/uodjournal/article/view/890/636,article_890_636_a0b5bb0c.pdf,999114,application/pdf
https://journal.uod.ac/index.php/uodjournal/article/download/891/637/,https://journal.uod.ac/index.php/uodjournal/article/view/891/637,article_891_637_ca696f46.pdf,1497135,application/pdf
https://journal.uod.ac/index.php/uodjournal/article/download/1084/782/,https://journal.uod.ac/index.php/uodjournal/article/view/1084/782,article_1084_782_f439e71f.pdf,490783,application/pdf
https://journal.uod.ac/index.php/uodjournal/article/download/820/574/,https://journal.uod.ac/index.php/uodjournal/article/view/820/574,article_820_574_23ff3700.pdf,820725,application/pdf
https://journal.uod.ac/index.php/uodjournal/article/download/821/575/,https://journal.uod.ac/index.php/uodjournal/article/view/821/575,article_821_575_f9a4d622.pdf,926976,application/pdf
https://journal.uod.ac/index.php/uodjournal/article/download/822/576/,https://journal.uod.ac/index.php/uodjournal/article/view/822/576,article_822_576_3c57d7ad.pdf,1010924,application/pdf
https://journal.uod.ac/index.php/uodjournal/article/download/823/577/,https://journal.uod.ac/index.php/uodjournal/article/view/823/577,article_823_577_1dfe7a8a.pdf,923130,application/pdf
https://journal.uod.ac/index.php/uodjournal/article/download/824/578/,https://journal.uod.ac/index.php/uodjournal/article/view/824/578,article_824_578_5edecb58.pdf,802705,application/pdf
https://journal.uod.ac/index.php/uodjournal/article/download/825/579/,https://journal.uod.ac/index.php/uodjournal/article/view/825/579,article_825_579_4d6d880f.pdf,1012254,application/pdf
https://journal.uod.ac/index.php/uodjournal/article/download/826/580/,https://journal.uod.ac/index.php/uodjournal/article/view/826/580,article_826_580_eb3fc174.pdf,1789540,application/pdf
https://journal.uod.ac/index.php/uodjournal/article/download/827/581/,https://journal.uod.ac/index.php/uodjournal/article/view/827/581,article_827_581_066230cb.pdf,871376,application/pdf
https://journal.uod.ac/index.php/uodjournal/article/download/828/582/,https://journal.uod.ac/index.php/uodjournal/article/view/828/582,article_828_582_7f4885b6.pdf,731133,application/pdf
https://journal.uod.ac/index.php/uodjournal/article/download/829/583/,https://journal.uod.ac/index.php/uodjournal/article/view/829/583,article_829_583_fe54eea0.pdf,764774,application/pdf
https://journal.uod.ac/index.php/uodjournal/article/download/830/584/,https://journal.uod.ac/index.php/uodjournal/article/view/830/584,article_830_584_498a20d3.pdf,899039,application/pdf
https://journal.uod.ac/index.php/uodjournal/article/download/831/585/,https://journal.uod.ac/index.php/uodjournal/article/view/831/585,article_831_585_c82d1bb5.pdf,1068678,application/pdf
https://journal.uod.ac/index.php/uodjournal/article/download/832/586/,https://journal.uod.ac/index.php/uodjournal/article/view/832/586,article_832_586_542d7526.pdf,558712,application/pdf
https://journal.uod.ac/index.php/uodjournal/article/download/833/587/,https://journal.uod.ac/index.php/uodjournal/article/view/833/587,article_833_587_6738695b.pdf,1334115,application/pdf
https://journal.uod.ac/index.php/uodjournal/article/download/834/638/,https://journal.uod.ac/index.php/uodjournal/article/view/834/638,article_834_638_0c2e2c82.pdf,1217115,application/pdf
https://journal.uod.ac/index.php/uodjournal/article/download/842/594/,https://journal.uod.ac/index.php/uodjournal/article/view/842/594,article_842_594_95f4024e.pdf,726144,application/pdf
https://journal.uod.ac/index.php/uodjournal/article/download/843/595/,https://journal.uod.ac/index.php/uodjournal/article/view/843/595,article_843_595_be9bed14.pdf,862451,application/pdf
https://journal.uod.ac/index.php/uodjournal/article/download/844/596/,https://journal.uod.ac/index.php/uodjournal/article/view/844/596,article_844_596_ba762d18.pdf,1715511,application/pdf
https://journal.uod.ac/index.php/uodjournal/article/download/845/597/,https://journal.uod.ac/index.php/uodjournal/article/view/845/597,article_845_597_4aa1963a.pdf,1951974,application/pdf
https://journal.uod.ac/index.php/uodjournal/article/download/847/599/,https://journal.uod.ac/index.php/uodjournal/article/view/847/599,article_847_599_0c0b4f2c.pdf,542140,application/pdf
https://journal.uod.ac/index.php/uodjournal/article/download/846/598/,https://journal.uod.ac/index.php/uodjournal/article/view/846/598,article_846_598_d5cbd535.pdf,712450,application/pdf
https://journal.uod.ac/index.php/uodjournal/article/download/848/911/,https://journal.uod.ac/index.php/uodjournal/article/view/848/911,article_848_911_d0ecda88.pdf,1937373,application/pdf
https://journal.uod.ac/index.php/uodjournal/article/download/2117/1206/,https://journal.uod.ac/index.php/uodjournal/article/view/2117/1206,article_2117_1206_92838322.pdf,457240,application/pdf
https://journal.uod.ac/index.php/uodjournal/article/download/661/504/,https://journal.uod.ac/index.php/uodjournal/article/view/661/504,article_661_504_3746ba98.pdf,810107,application/pdf
https://journal.uod.ac/index.php/uodjournal/article/download/663/505/,https://journal.uod.ac/index.php/uodjournal/article/view/663/505,article_663_505_386df201.pdf,800902,application/pdf
https://journal.uod.ac/index.php/uodjournal/article/download/665/506/,https://journal.uod.ac/index.php/uodjournal/article/view/665/506,article_665_506_e95c7e6b.pdf,1946467,application/pdf
https://journal.uod.ac/index.php/uodjournal/article/download/666/508/,https://journal.uod.ac/index.php/uodjournal/article/view/666/508,article_666_508_c88080d0.pdf,2711864,application/pdf
https://journal.uod.ac/index.php/uodjournal/article/download/667/509/,https://journal.uod.ac/index.php/uodjournal/article/view/667/509,article_667_509_5d492b44.pdf,2500991,application/pdf
https://journal.uod.ac/index.php/uodjournal/article/download/668/510/,https://journal.uod.ac/index.php/uodjournal/article/view/668/510,article_668_510_96a407da.pdf,1236996,application/pdf
https://journal.uod.ac/index.php/uodjournal/article/download/836/589/,https://journal.uod.ac/index.php/uodjournal/article/view/836/589,article_836_589_38080145.pdf,831183,application/pdf
https://journal.uod.ac/index.php/uodjournal/article/download/837/590/,https://journal.uod.ac/index.php/uodjournal/article/view/837/590,article_837_590_601406de.pdf,1841349,application/pdf
https://journal.uod.ac/index.php/uodjournal/article/download/838/591/,https://journal.uod.ac/index.php/uodjournal/article/view/838/591,article_838_591_69df1e8e.pdf,2359533,application/pdf
https://journal.uod.ac/index.php/uodjournal/article/download/839/592/,https://journal.uod.ac/index.php/uodjournal/article/view/839/592,article_839_592_23a55101.pdf,1426170,application/pdf
https://journal.uod.ac/index.php/uodjournal/article/download/840/593/,https://journal.uod.ac/index.php/uodjournal/article/view/840/593,article_840_593_333bc1be.pdf,1443529,application/pdf
https://journal.uod.ac/index.php/uodjournal/article/download/895/641/,https://journal.uod.ac/index.php/uodjournal/article/view/895/641,article_895_641_f299cb41.pdf,1074180,application/pdf
https://journal.uod.ac/index.php/uodjournal/article/download/896/642/,https://journal.uod.ac/index.php/uodjournal/article/view/896/642,article_896_642_47e83fd6.pdf,1419643,application/pdf
https://journal.uod.ac/index.php/uodjournal/article/download/897/643/,https://journal.uod.ac/index.php/uodjournal/article/view/897/643,article_897_643_06d36709.pdf,1093163,application/pdf
https://journal.uod.ac/index.php/uodjournal/article/download/898/644/,https://journal.uod.ac/index.php/uodjournal/article/view/898/644,article_898_644_611eff0a.pdf,1891918,application/pdf
https://journal.uod.ac/index.php/uodjournal/article/download/899/645/,https://journal.uod.ac/index.php/uodjournal/article/view/899/645,article_899_645_73a51653.pdf,1172625,application/pdf
https://journal.uod.ac/index.php/uodjournal/article/download/632/475/,https://journal.uod.ac/index.php/uodjournal/article/view/632/475,article_632_475_f7a62fb0.pdf,1442668,application/pdf
https://journal.uod.ac/index.php/uodjournal/article/download/633/476/,https://journal.uod.ac/index.php/uodjournal/article/view/633/476,article_633_476_0ecbefad.pdf,1115631,application/pdf
https://journal.uod.ac/index.php/uodjournal/article/download/634/477/,https://journal.uod.ac/index.php/uodjournal/article/view/634/477,article_634_477_4d1180f5.pdf,741782,application/pdf
https://journal.uod.ac/index.php/uodjournal/article/download/635/478/,https://journal.uod.ac/index.php/uodjournal/article/view/635/478,article_635_478_6d35eab5.pdf,965401,application/pdf
https://journal.uod.ac/index.php/uodjournal/article/download/636/479/,https://journal.uod.ac/index.php/uodjournal/article/view/636/479,article_636_479_f4033b7c.pdf,943506,application/pdf
https://journal.uod.ac/index.php/uodjournal/article/download/637/480/,https://journal.uod.ac/index.php/uodjournal/article/view/637/480,article_637_480_548fbcce.pdf,762877,application/pdf
https://journal.uod.ac/index.php/uodjournal/article/download/638/481/,https://journal.uod.ac/index.php/uodjournal/article/view/638/481,article_638_481_829e138c.pdf,1001012,application/pdf
https://journal.uod.ac/index.php/uodjournal/article/download/639/482/,https://journal.uod.ac/index.php/uodjournal/article/view/639/482,article_639_482_a4968e7a.pdf,873569,application/pdf
https://journal.uod.ac/index.php/uodjournal/article/download/641/484/,https://journal.uod.ac/index.php/uodjournal/article/view/641/484,article_641_484_c979acab.pdf,1017429,application/pdf
https://journal.uod.ac/index.php/uodjournal/article/download/642/485/,https://journal.uod.ac/index.php/uodjournal/article/view/642/485,article_642_485_f53b9af4.pdf,793183,application/pdf
https://journal.uod.ac/index.php/uodjournal/article/download/643/487/,https://journal.uod.ac/index.php/uodjournal/article/view/643/487,article_643_487_34cb581f.pdf,1016138,application/pdf
https://journal.uod.ac/index.php/uodjournal/article/download/644/488/,https://journal.uod.ac/index.php/uodjournal/article/view/644/488,article_644_488_e96865dd.pdf,1073659,application/pdf
https://journal.uod.ac/index.php/uodjournal/article/download/645/489/,https://journal.uod.ac/index.php/uodjournal/article/view/645/489,article_645_489_1fff1657.pdf,1218820,application/pdf
https://journal.uod.ac/index.php/uodjournal/article/download/646/490/,https://journal.uod.ac/index.php/uodjournal/article/view/646/490,article_646_490_9e0472ea.pdf,634812,application/pdf
https://journal.uod.ac/index.php/uodjournal/article/download/647/491/,https://journal.uod.ac/index.php/uodjournal/article/view/647/491,article_647_491_7da5a2c9.pdf,952805,application/pdf
https://journal.uod.ac/index.php/uodjournal/article/download/648/492/,https://journal.uod.ac/index.php/uodjournal/article/view/648/492,article_648_492_0c17fdac.pdf,926187,application/pdf
https://journal.uod.ac/index.php/uodjournal/article/download/649/493/,https://journal.uod.ac/index.php/uodjournal/article/view/649/493,article_649_493_52563c79.pdf,727358,application/pdf
https://journal.uod.ac/index.php/uodjournal/article/download/650/494/,https://journal.uod.ac/index.php/uodjournal/article/view/650/494,article_650_494_1649bb79.pdf,953040,application/pdf
https://journal.uod.ac/index.php/uodjournal/article/download/651/495/,https://journal.uod.ac/index.php/uodjournal/article/view/651/495,article_651_495_891b7f31.pdf,1210702,application/pdf
https://journal.uod.ac/index.php/uodjournal/article/download/652/496/,https://journal.uod.ac/index.php/uodjournal/article/view/652/496,article_652_496_36282b8c.pdf,1277159,application/pdf
https://journal.uod.ac/index.php/uodjournal/article/download/653/497/,https://journal.uod.ac/index.php/uodjournal/article/view/653/497,article_653_497_de3ab833.pdf,1289566,application/pdf
https://journal.uod.ac/index.php/uodjournal/article/download/654/498/,https://journal.uod.ac/index.php/uodjournal/article/view/654/498,article_654_498_dc332e4d.pdf,1125792,application/pdf
https://journal.uod.ac/index.php/uodjournal/article/download/655/499/,https://journal.uod.ac/index.php/uodjournal/article/view/655/499,article_655_499_7bfd8c3a.pdf,856591,application/pdf
https://journal.uod.ac/index.php/uodjournal/article/download/718/760/,https://journal.uod.ac/index.php/uodjournal/article/view/718/760,article_718_760_a36b3300.pdf,279894,application/pdf
https://journal.uod.ac/index.php/uodjournal/article/download/719/761/,https://journal.uod.ac/index.php/uodjournal/article/view/719/761,article_719_761_bad0a833.pdf,359327,application/pdf
https://journal.uod.ac/index.php/uodjournal/article/download/720/762/,https://journal.uod.ac/index.php/uodjournal/article/view/720/762,article_720_762_7eb60a56.pdf,365611,application/pdf
https://journal.uod.ac/index.php/uodjournal/article/download/722/763/,https://journal.uod.ac/index.php/uodjournal/article/view/722/763,article_722_763_1cabcd22.pdf,527759,application/pdf
https://journal.uod.ac/index.php/uodjournal/article/download/723/764/,https://journal.uod.ac/index.php/uodjournal/article/view/723/764,article_723_764_10d4ed89.pdf,431397,application/pdf
https://journal.uod.ac/index.php/uodjournal/article/download/724/899/,https://journal.uod.ac/index.php/uodjournal/article/view/724/899,article_724_899_6240db72.pdf,660246,application/pdf
https://journal.uod.ac/index.php/uodjournal/article/download/725/766/,https://journal.uod.ac/index.php/uodjournal/article/view/725/766,article_725_766_e90d6e11.pdf,1393647,application/pdf
https://journal.uod.ac/index.php/uodjournal/article/download/750/767/,https://journal.uod.ac/index.php/uodjournal/article/view/750/767,article_750_767_a7be4a03.pdf,388803,application/pdf
https://journal.uod.ac/index.php/uodjournal/article/download/751/768/,https://journal.uod.ac/index.php/uodjournal/article/view/751/768,article_751_768_764eab94.pdf,1552983,application/pdf
https://journal.uod.ac/index.php/uodjournal/article/download/683/525/,https://journal.uod.ac/index.php/uodjournal/article/view/683/525,article_683_525_73ebaae2.pdf,348087,application/pdf
https://journal.uod.ac/index.php/uodjournal/article/download/684/526/,https://journal.uod.ac/index.php/uodjournal/article/view/684/526,article_684_526_5ddb27ee.pdf,283465,application/pdf
https://journal.uod.ac/index.php/uodjournal/article/download/685/527/,https://journal.uod.ac/index.php/uodjournal/article/view/685/527,article_685_527_541e8993.pdf,460585,application/pdf
https://journal.uod.ac/index.php/uodjournal/article/download/686/528/,https://journal.uod.ac/index.php/uodjournal/article/view/686/528,article_686_528_def40d92.pdf,227391,application/pdf
https://journal.uod.ac/index.php/uodjournal/article/download/687/529/,https://journal.uod.ac/index.php/uodjournal/article/view/687/529,article_687_529_3c2c5edd.pdf,255469,application/pdf
https://journal.uod.ac/index.php/uodjournal/article/download/688/530/,https://journal.uod.ac/index.php/uodjournal/article/view/688/530,article_688_530_5ad69f56.pdf,858800,application/pdf
https://journal.uod.ac/index.php/uodjournal/article/download/689/531/,https://journal.uod.ac/index.php/uodjournal/article/view/689/531,article_689_531_4da7fb92.pdf,344300,application/pdf
https://journal.uod.ac/index.php/uodjournal/article/download/691/532/,https://journal.uod.ac/index.php/uodjournal/article/view/691/532,article_691_532_46244a2d.pdf,802436,application/pdf
https://journal.uod.ac/index.php/uodjournal/article/download/692/533/,https://journal.uod.ac/index.php/uodjournal/article/view/692/533,article_692_533_f270ec39.pdf,1016530,application/pdf
https://journal.uod.ac/index.php/uodjournal/article/download/693/534/,https://journal.uod.ac/index.php/uodjournal/article/view/693/534,article_693_534_04ce5fa2.pdf,965060,application/pdf
https://journal.uod.ac/index.php/uodjournal/article/download/694/535/,https://journal.uod.ac/index.php/uodjournal/article/view/694/535,article_694_535_a5de54b0.pdf,1179985,application/pdf
https://journal.uod.ac/index.php/uodjournal/article/download/695/536/,https://journal.uod.ac/index.php/uodjournal/article/view/695/536,article_695_536_9cb04dc3.pdf,662885,application/pdf
https://journal.uod.ac/index.php/uodjournal/article/download/696/537/,https://journal.uod.ac/index.php/uodjournal/article/view/696/537,article_696_537_c45d53aa.pdf,1683258,application/pdf
https://journal.uod.ac/index.php/uodjournal/article/download/697/538/,https://journal.uod.ac/index.php/uodjournal/article/view/697/538,article_697_538_ee63b9b0.pdf,1060067,application/pdf
https://journal.uod.ac/index.php/uodjournal/article/download/698/541/,https://journal.uod.ac/index.php/uodjournal/article/view/698/541,article_698_541_0e5fc302.pdf,897082,application/pdf
https://journal.uod.ac/index.php/uodjournal/article/download/702/542/,https://journal.uod.ac/index.php/uodjournal/article/view/702/542,article_702_542_18950767.pdf,2657563,application/pdf
https://journal.uod.ac/index.php/uodjournal/article/download/703/543/,https://journal.uod.ac/index.php/uodjournal/article/view/703/543,article_703_543_2be430e9.pdf,1288371,application/pdf
https://journal.uod.ac/index.php/uodjournal/article/download/704/544/,https://journal.uod.ac/index.php/uodjournal/article/view/704/544,article_704_544_cbe6eadc.pdf,1197787,application/pdf
https://journal.uod.ac/index.php/uodjournal/article/download/708/545/,https://journal.uod.ac/index.php/uodjournal/article/view/708/545,article_708_545_806219d6.pdf,1005797,application/pdf
https://journal.uod.ac/index.php/uodjournal/article/download/728/557/,https://journal.uod.ac/index.php/uodjournal/article/view/728/557,article_728_557_ed1bb70f.pdf,2006003,application/pdf
https://journal.uod.ac/index.php/uodjournal/article/download/755/572/,https://journal.uod.ac/index.php/uodjournal/article/view/755/572,article_755_572_90f494e8.pdf,642656,application/pdf
https://journal.uod.ac/index.php/uodjournal/article/download/729/558/,https://journal.uod.ac/index.php/uodjournal/article/view/729/558,article_729_558_694aab07.pdf,2894638,application/pdf
https://journal.uod.ac/index.php/uodjournal/article/download/514/447/,https://journal.uod.ac/index.php/uodjournal/article/view/514/447,article_514_447_6c87261b.pdf,1181596,application/pdf
https://journal.uod.ac/index.php/uodjournal/article/download/613/435/,https://journal.uod.ac/index.php/uodjournal/article/view/613/435,article_613_435_eb9c8879.pdf,1336649,application/pdf
https://journal.uod.ac/index.php/uodjournal/article/download/614/449/,https://journal.uod.ac/index.php/uodjournal/article/view/614/449,article_614_449_af83c89a.pdf,674435,application/pdf
https://journal.uod.ac/index.php/uodjournal/article/download/615/437/,https://journal.uod.ac/index.php/uodjournal/article/view/615/437,article_615_437_8b1c8e31.pdf,784480,application/pdf
https://journal.uod.ac/index.php/uodjournal/article/download/616/439/,https://journal.uod.ac/index.php/uodjournal/article/view/616/439,article_616_439_601e3d88.pdf,1129532,application/pdf
https://journal.uod.ac/index.php/uodjournal/article/download/618/440/,https://journal.uod.ac/index.php/uodjournal/article/view/618/440,article_618_440_5a1a6828.pdf,736796,application/pdf
https://journal.uod.ac/index.php/uodjournal/article/download/619/450/,https://journal.uod.ac/index.php/uodjournal/article/view/619/450,article_619_450_084ec9f4.pdf,477604,application/pdf
https://journal.uod.ac/index.php/uodjournal/article/download/620/442/,https://journal.uod.ac/index.php/uodjournal/article/view/620/442,article_620_442_009c0044.pdf,971382,application/pdf
https://journal.uod.ac/index.php/uodjournal/article/download/621/443/,https://journal.uod.ac/index.php/uodjournal/article/view/621/443,article_621_443_53ba74da.pdf,645864,application/pdf
https://journal.uod.ac/index.php/uodjournal/article/download/622/444/,https://journal.uod.ac/index.php/uodjournal/article/view/622/444,article_622_444_60449585.pdf,609392,application/pdf
https://journal.uod.ac/index.php/uodjournal/article/download/623/445/,https://journal.uod.ac/index.php/uodjournal/article/view/623/445,article_623_445_d5f6c10b.pdf,1059761,application/pdf
https://journal.uod.ac/index.php/uodjournal/article/download/624/448/,https://journal.uod.ac/index.php/uodjournal/article/view/624/448,article_624_448_b392924a.pdf,1017627,application/pdf
https://journal.uod.ac/index.php/uodjournal/article/download/731/559/,https://journal.uod.ac/index.php/uodjournal/article/view/731/559,article_731_559_14090388.pdf,563981,application/pdf
https://journal.uod.ac/index.php/uodjournal/article/download/732/560/,https://journal.uod.ac/index.php/uodjournal/article/view/732/560,article_732_560_b42dcfe0.pdf,1096173,application/pdf
https://journal.uod.ac/index.php/uodjournal/article/download/734/561/,https://journal.uod.ac/index.php/uodjournal/article/view/734/561,article_734_561_443ad68e.pdf,1015942,application/pdf
https://journal.uod.ac/index.php/uodjournal/article/download/735/563/,https://journal.uod.ac/index.php/uodjournal/article/view/735/563,article_735_563_f22c9b7d.pdf,1427057,application/pdf
https://journal.uod.ac/index.php/uodjournal/article/download/736/564/,https://journal.uod.ac/index.php/uodjournal/article/view/736/564,article_736_564_49bc4f82.pdf,1664903,application/pdf
https://journal.uod.ac/index.php/uodjournal/article/download/737/565/,https://journal.uod.ac/index.php/uodjournal/article/view/737/565,article_737_565_ff2dfa3d.pdf,1287863,application/pdf
https://journal.uod.ac/index.php/uodjournal/article/download/738/566/,https://journal.uod.ac/index.php/uodjournal/article/view/738/566,article_738_566_d819b71f.pdf,1117618,application/pdf
https://journal.uod.ac/index.php/uodjournal/article/download/739/567/,https://journal.uod.ac/index.php/uodjournal/article/view/739/567,article_739_567_0b0ee90f.pdf,1071335,application/pdf
https://journal.uod.ac/index.php/uodjournal/article/download/816/573/,https://journal.uod.ac/index.php/uodjournal/article/view/816/573,article_816_573_cd903340.pdf,232451,application/pdf
https://journal.uod.ac/index.php/uodjournal/article/download/502/365/,https://journal.uod.ac/index.php/uodjournal/article/view/502/365,article_502_365_9c90266f.pdf,652292,application/pdf
https://journal.uod.ac/index.php/uodjournal/article/download/512/393/,https://journal.uod.ac/index.php/uodjournal/article/view/512/393,article_512_393_569d7b22.pdf,781951,application/pdf
https://journal.uod.ac/index.php/uodjournal/article/download/513/394/,https://journal.uod.ac/index.php/uodjournal/article/view/513/394,article_513_394_3179d1b1.pdf,85171,application/pdf
https://journal.uod.ac/index.php/uodjournal/article/download/570/395/,https://journal.uod.ac/index.php/uodjournal/article/view/570/395,article_570_395_c8d0e56a.pdf,433571,application/pdf
https://journal.uod.ac/index.php/uodjournal/article/download/571/438/,https://journal.uod.ac/index.php/uodjournal/article/view/571/438,article_571_438_c8ed34b5.pdf,1323037,application/pdf
https://journal.uod.ac/index.php/uodjournal/article/download/572/396/,https://journal.uod.ac/index.php/uodjournal/article/view/572/396,article_572_396_ee6267e1.pdf,919957,application/pdf
https://journal.uod.ac/index.php/uodjournal/article/download/573/397/,https://journal.uod.ac/index.php/uodjournal/article/view/573/397,article_573_397_b252b4b8.pdf,917513,application/pdf
https://journal.uod.ac/index.php/uodjournal/article/download/574/398/,https://journal.uod.ac/index.php/uodjournal/article/view/574/398,article_574_398_efc1057e.pdf,884397,application/pdf
https://journal.uod.ac/index.php/uodjournal/article/download/586/409/,https://journal.uod.ac/index.php/uodjournal/article/view/586/409,article_586_409_2364d4ac.pdf,1334190,application/pdf
https://journal.uod.ac/index.php/uodjournal/article/download/588/411/,https://journal.uod.ac/index.php/uodjournal/article/view/588/411,article_588_411_fce7cff5.pdf,665850,application/pdf
https://journal.uod.ac/index.php/uodjournal/article/download/587/410/,https://journal.uod.ac/index.php/uodjournal/article/view/587/410,article_587_410_33e14c30.pdf,1622436,application/pdf
https://journal.uod.ac/index.php/uodjournal/article/download/589/906/,https://journal.uod.ac/index.php/uodjournal/article/view/589/906,article_589_906_2e034ccb.pdf,642549,application/pdf
https://journal.uod.ac/index.php/uodjournal/article/download/591/412/,https://journal.uod.ac/index.php/uodjournal/article/view/591/412,article_591_412_1017d0d9.pdf,1089393,application/pdf
https://journal.uod.ac/index.php/uodjournal/article/download/592/413/,https://journal.uod.ac/index.php/uodjournal/article/view/592/413,article_592_413_0099651b.pdf,2178413,application/pdf
https://journal.uod.ac/index.php/uodjournal/article/download/593/414/,https://journal.uod.ac/index.php/uodjournal/article/view/593/414,article_593_414_92252314.pdf,569659,application/pdf
https://journal.uod.ac/index.php/uodjournal/article/download/594/907/,https://journal.uod.ac/index.php/uodjournal/article/view/594/907,article_594_907_06570c2a.pdf,557158,application/pdf
https://journal.uod.ac/index.php/uodjournal/article/download/601/423/,https://journal.uod.ac/index.php/uodjournal/article/view/601/423,article_601_423_0746fe24.pdf,1317106,application/pdf
https://journal.uod.ac/index.php/uodjournal/article/download/602/424/,https://journal.uod.ac/index.php/uodjournal/article/view/602/424,article_602_424_eb1b3423.pdf,594706,application/pdf
https://journal.uod.ac/index.php/uodjournal/article/download/603/425/,https://journal.uod.ac/index.php/uodjournal/article/view/603/425,article_603_425_d9de424c.pdf,1073098,application/pdf
https://journal.uod.ac/index.php/uodjournal/article/download/604/426/,https://journal.uod.ac/index.php/uodjournal/article/view/604/426,article_604_426_3857ffba.pdf,679129,application/pdf
https://journal.uod.ac/index.php/uodjournal/article/download/605/427/,https://journal.uod.ac/index.php/uodjournal/article/view/605/427,article_605_427_37375c69.pdf,875524,application/pdf
https://journal.uod.ac/index.php/uodjournal/article/download/607/428/,https://journal.uod.ac/index.php/uodjournal/article/view/607/428,article_607_428_e54b4bb1.pdf,952629,application/pdf
https://journal.uod.ac/index.php/uodjournal/article/download/608/429/,https://journal.uod.ac/index.php/uodjournal/article/view/608/429,article_608_429_57cccf66.pdf,825275,application/pdf
https://journal.uod.ac/index.php/uodjournal/article/download/609/430/,https://journal.uod.ac/index.php/uodjournal/article/view/609/430,article_609_430_c947a303.pdf,639739,application/pdf
https://journal.uod.ac/index.php/uodjournal/article/download/610/431/,https://journal.uod.ac/index.php/uodjournal/article/view/610/431,article_610_431_9f66ecdc.pdf,782905,application/pdf
https://journal.uod.ac/index.php/uodjournal/article/download/611/432/,https://journal.uod.ac/index.php/uodjournal/article/view/611/432,article_611_432_ffc06c53.pdf,398401,application/pdf
https://journal.uod.ac/index.php/uodjournal/article/download/612/967/,https://journal.uod.ac/index.php/uodjournal/article/view/612/967,article_612_967_8303ec12.pdf,459938,application/pdf
https://journal.uod.ac/index.php/uodjournal/article/download/505/359/,https://journal.uod.ac/index.php/uodjournal/article/view/505/359,article_505_359_2c05a353.pdf,1136109,application/pdf
https://journal.uod.ac/index.php/uodjournal/article/download/508/360/,https://journal.uod.ac/index.php/uodjournal/article/view/508/360,article_508_360_93d4f8a4.pdf,1687034,application/pdf
https://journal.uod.ac/index.php/uodjournal/article/download/509/361/,https://journal.uod.ac/index.php/uodjournal/article/view/509/361,article_509_361_3d22410b.pdf,1256704,application/pdf
https://journal.uod.ac/index.php/uodjournal/article/download/510/362/,https://journal.uod.ac/index.php/uodjournal/article/view/510/362,article_510_362_4afa603a.pdf,1566698,application/pdf
https://journal.uod.ac/index.php/uodjournal/article/download/539/366/,https://journal.uod.ac/index.php/uodjournal/article/view/539/366,article_539_366_13e63e3e.pdf,1303714,application/pdf
https://journal.uod.ac/index.php/uodjournal/article/download/543/367/,https://journal.uod.ac/index.php/uodjournal/article/view/543/367,article_543_367_9df210ee.pdf,1317454,application/pdf
https://journal.uod.ac/index.php/uodjournal/article/download/551/372/,https://journal.uod.ac/index.php/uodjournal/article/view/551/372,article_551_372_c6fa8ec9.pdf,1180270,application/pdf
https://journal.uod.ac/index.php/uodjournal/article/download/552/373/,https://journal.uod.ac/index.php/uodjournal/article/view/552/373,article_552_373_9046a505.pdf,2611080,application/pdf
https://journal.uod.ac/index.php/uodjournal/article/download/553/374/,https://journal.uod.ac/index.php/uodjournal/article/view/553/374,article_553_374_d6463e8c.pdf,1519656,application/pdf
https://journal.uod.ac/index.php/uodjournal/article/download/554/377/,https://journal.uod.ac/index.php/uodjournal/article/view/554/377,article_554_377_a5c3aae0.pdf,927857,application/pdf
https://journal.uod.ac/index.php/uodjournal/article/download/556/379/,https://journal.uod.ac/index.php/uodjournal/article/view/556/379,article_556_379_41b07fd6.pdf,1973576,application/pdf
https://journal.uod.ac/index.php/uodjournal/article/download/557/381/,https://journal.uod.ac/index.php/uodjournal/article/view/557/381,article_557_381_460905f5.pdf,990490,application/pdf
https://journal.uod.ac/index.php/uodjournal/article/download/578/400/,https://journal.uod.ac/index.php/uodjournal/article/view/578/400,article_578_400_a455a386.pdf,746053,application/pdf
https://journal.uod.ac/index.php/uodjournal/article/download/577/399/,https://journal.uod.ac/index.php/uodjournal/article/view/577/399,article_577_399_7764253e.pdf,1958860,application/pdf
https://journal.uod.ac/index.php/uodjournal/article/download/579/401/,https://journal.uod.ac/index.php/uodjournal/article/view/579/401,article_579_401_caaad3cb.pdf,1057296,application/pdf
https://journal.uod.ac/index.php/uodjournal/article/download/580/402/,https://journal.uod.ac/index.php/uodjournal/article/view/580/402,article_580_402_f9d757c7.pdf,1157725,application/pdf
https://journal.uod.ac/index.php/uodjournal/article/download/581/403/,https://journal.uod.ac/index.php/uodjournal/article/view/581/403,article_581_403_620dc6b3.pdf,928764,application/pdf
https://journal.uod.ac/index.php/uodjournal/article/download/582/404/,https://journal.uod.ac/index.php/uodjournal/article/view/582/404,article_582_404_14bd4c9a.pdf,1112539,application/pdf
https://journal.uod.ac/index.php/uodjournal/article/download/583/406/,https://journal.uod.ac/index.php/uodjournal/article/view/583/406,article_583_406_501202cb.pdf,731069,application/pdf
https://journal.uod.ac/index.php/uodjournal/article/download/584/407/,https://journal.uod.ac/index.php/uodjournal/article/view/584/407,article_584_407_816455b5.pdf,914934,application/pdf
https://journal.uod.ac/index.php/uodjournal/article/download/585/408/,https://journal.uod.ac/index.php/uodjournal/article/view/585/408,article_585_408_a44d0989.pdf,1123259,application/pdf
https://journal.uod.ac/index.php/uodjournal/article/download/595/451/,https://journal.uod.ac/index.php/uodjournal/article/view/595/451,article_595_451_71cad713.pdf,1254204,application/pdf
https://journal.uod.ac/index.php/uodjournal/article/download/596/452/,https://journal.uod.ac/index.php/uodjournal/article/view/596/452,article_596_452_1a1cb263.pdf,762195,application/pdf
https://journal.uod.ac/index.php/uodjournal/article/download/597/453/,https://journal.uod.ac/index.php/uodjournal/article/view/597/453,article_597_453_f60143e2.pdf,907990,application/pdf
https://journal.uod.ac/index.php/uodjournal/article/download/598/454/,https://journal.uod.ac/index.php/uodjournal/article/view/598/454,article_598_454_4e189c60.pdf,725791,application/pdf
https://journal.uod.ac/index.php/uodjournal/article/download/599/455/,https://journal.uod.ac/index.php/uodjournal/article/view/599/455,article_599_455_91687e2d.pdf,871542,application/pdf
https://journal.uod.ac/index.php/uodjournal/article/download/600/461/,https://journal.uod.ac/index.php/uodjournal/article/view/600/461,article_600_461_785f009e.pdf,843916,application/pdf
https://journal.uod.ac/index.php/uodjournal/article/download/630/462/,https://journal.uod.ac/index.php/uodjournal/article/view/630/462,article_630_462_53a37ca3.pdf,849508,application/pdf
https://journal.uod.ac/index.php/uodjournal/article/download/658/548/,https://journal.uod.ac/index.php/uodjournal/article/view/658/548,article_658_548_dae6b039.pdf,1668377,application/pdf
https://journal.uod.ac/index.php/uodjournal/article/download/709/547/,https://journal.uod.ac/index.php/uodjournal/article/view/709/547,article_709_547_93e7b7ea.pdf,615654,application/pdf
https://journal.uod.ac/index.php/uodjournal/article/download/991/718/,https://journal.uod.ac/index.php/uodjournal/article/view/991/718,article_991_718_14659cfb.pdf,1368889,application/pdf
https://journal.uod.ac/index.php/uodjournal/article/download/489/464/,https://journal.uod.ac/index.php/uodjournal/article/view/489/464,article_489_464_c7f270b1.pdf,821028,application/pdf
https://journal.uod.ac/index.php/uodjournal/article/download/490/465/,https://journal.uod.ac/index.php/uodjournal/article/view/490/465,article_490_465_23cbc4df.pdf,917163,application/pdf
https://journal.uod.ac/index.php/uodjournal/article/download/491/466/,https://journal.uod.ac/index.php/uodjournal/article/view/491/466,article_491_466_78612611.pdf,1389571,application/pdf
https://journal.uod.ac/index.php/uodjournal/article/download/492/467/,https://journal.uod.ac/index.php/uodjournal/article/view/492/467,article_492_467_9b124e17.pdf,1000766,application/pdf
https://journal.uod.ac/index.php/uodjournal/article/download/493/468/,https://journal.uod.ac/index.php/uodjournal/article/view/493/468,article_493_468_ff5c5b3a.pdf,741971,application/pdf
https://journal.uod.ac/index.php/uodjournal/article/download/494/474/,https://journal.uod.ac/index.php/uodjournal/article/view/494/474,article_494_474_72dc1cc8.pdf,1252371,application/pdf
https://journal.uod.ac/index.php/uodjournal/article/download/498/470/,https://journal.uod.ac/index.php/uodjournal/article/view/498/470,article_498_470_d6ae1011.pdf,962168,application/pdf
https://journal.uod.ac/index.php/uodjournal/article/download/499/471/,https://journal.uod.ac/index.php/uodjournal/article/view/499/471,article_499_471_17537777.pdf,628264,application/pdf
https://journal.uod.ac/index.php/uodjournal/article/download/544/368/,https://journal.uod.ac/index.php/uodjournal/article/view/544/368,article_544_368_199aa2a0.pdf,688312,application/pdf
https://journal.uod.ac/index.php/uodjournal/article/download/545/458/,https://journal.uod.ac/index.php/uodjournal/article/view/545/458,article_545_458_0c9e22a0.pdf,839221,application/pdf
https://journal.uod.ac/index.php/uodjournal/article/download/548/370/,https://journal.uod.ac/index.php/uodjournal/article/view/548/370,article_548_370_9a49040e.pdf,922828,application/pdf
https://journal.uod.ac/index.php/uodjournal/article/download/558/382/,https://journal.uod.ac/index.php/uodjournal/article/view/558/382,article_558_382_312b1955.pdf,993362,application/pdf
https://journal.uod.ac/index.php/uodjournal/article/download/559/383/,https://journal.uod.ac/index.php/uodjournal/article/view/559/383,article_559_383_8716bddf.pdf,1193576,application/pdf
https://journal.uod.ac/index.php/uodjournal/article/download/561/384/,https://journal.uod.ac/index.php/uodjournal/article/view/561/384,article_561_384_39ca30fd.pdf,1017821,application/pdf
https://journal.uod.ac/index.php/uodjournal/article/download/562/385/,https://journal.uod.ac/index.php/uodjournal/article/view/562/385,article_562_385_72f45689.pdf,848085,application/pdf
https://journal.uod.ac/index.php/uodjournal/article/download/563/386/,https://journal.uod.ac/index.php/uodjournal/article/view/563/386,article_563_386_31c843a9.pdf,989165,application/pdf
https://journal.uod.ac/index.php/uodjournal/article/download/564/387/,https://journal.uod.ac/index.php/uodjournal/article/view/564/387,article_564_387_711cac71.pdf,1061253,application/pdf
https://journal.uod.ac/index.php/uodjournal/article/download/565/388/,https://journal.uod.ac/index.php/uodjournal/article/view/565/388,article_565_388_9b134236.pdf,892019,application/pdf
https://journal.uod.ac/index.php/uodjournal/article/download/566/389/,https://journal.uod.ac/index.php/uodjournal/article/view/566/389,article_566_389_6ff59793.pdf,683484,application/pdf
https://journal.uod.ac/index.php/uodjournal/article/download/567/390/,https://journal.uod.ac/index.php/uodjournal/article/view/567/390,article_567_390_8c54d9bd.pdf,1061694,application/pdf
https://journal.uod.ac/index.php/uodjournal/article/download/568/391/,https://journal.uod.ac/index.php/uodjournal/article/view/568/391,article_568_391_47ff0c5a.pdf,1410017,application/pdf
https://journal.uod.ac/index.php/uodjournal/article/download/569/392/,https://journal.uod.ac/index.php/uodjournal/article/view/569/392,article_569_392_3e40806e.pdf,1201618,application/pdf
https://journal.uod.ac/index.php/uodjournal/article/download/464/759/,https://journal.uod.ac/index.php/uodjournal/article/view/464/759,article_464_759_f49eac41.pdf,571763,application/pdf
https://journal.uod.ac/index.php/uodjournal/article/download/465/341/,https://journal.uod.ac/index.php/uodjournal/article/view/465/341,article_465_341_f3cbd0f1.pdf,1190082,application/pdf
https://journal.uod.ac/index.php/uodjournal/article/download/484/342/,https://journal.uod.ac/index.php/uodjournal/article/view/484/342,article_484_342_4d789048.pdf,1274322,application/pdf
https://journal.uod.ac/index.php/uodjournal/article/download/467/343/,https://journal.uod.ac/index.php/uodjournal/article/view/467/343,article_467_343_60459d09.pdf,1198486,application/pdf
https://journal.uod.ac/index.php/uodjournal/article/download/475/344/,https://journal.uod.ac/index.php/uodjournal/article/view/475/344,article_475_344_e9322957.pdf,1000436,application/pdf
https://journal.uod.ac/index.php/uodjournal/article/download/476/345/,https://journal.uod.ac/index.php/uodjournal/article/view/476/345,article_476_345_7db15463.pdf,1207739,application/pdf
https://journal.uod.ac/index.php/uodjournal/article/download/479/912/,https://journal.uod.ac/index.php/uodjournal/article/view/479/912,article_479_912_1c83a98a.pdf,352668,application/pdf
https://journal.uod.ac/index.php/uodjournal/article/download/483/913/,https://journal.uod.ac/index.php/uodjournal/article/view/483/913,article_483_913_190f473c.pdf,110014,application/pdf
https://journal.uod.ac/index.php/uodjournal/article/download/629/915/,https://journal.uod.ac/index.php/uodjournal/article/view/629/915,article_629_915_c1ecbaea.pdf,625215,application/pdf
https://journal.uod.ac/index.php/uodjournal/article/download/423/307/,https://journal.uod.ac/index.php/uodjournal/article/view/423/307,article_423_307_1fa18531.pdf,283259,application/pdf
https://journal.uod.ac/index.php/uodjournal/article/download/424/330/,https://journal.uod.ac/index.php/uodjournal/article/view/424/330,article_424_330_c105762f.pdf,322728,application/pdf
https://journal.uod.ac/index.php/uodjournal/article/download/425/331/,https://journal.uod.ac/index.php/uodjournal/article/view/425/331,article_425_331_677eace6.pdf,414742,application/pdf
https://journal.uod.ac/index.php/uodjournal/article/download/426/308/,https://journal.uod.ac/index.php/uodjournal/article/view/426/308,article_426_308_825ecf19.pdf,445288,application/pdf
https://journal.uod.ac/index.php/uodjournal/article/download/427/309/,https://journal.uod.ac/index.php/uodjournal/article/view/427/309,article_427_309_b0fe01bb.pdf,247301,application/pdf
https://journal.uod.ac/index.php/uodjournal/article/download/428/310/,https://journal.uod.ac/index.php/uodjournal/article/view/428/310,article_428_310_a59621c0.pdf,336035,application/pdf
https://journal.uod.ac/index.php/uodjournal/article/download/429/311/,https://journal.uod.ac/index.php/uodjournal/article/view/429/311,article_429_311_c7e7754a.pdf,378273,application/pdf
https://journal.uod.ac/index.php/uodjournal/article/download/430/337/,https://journal.uod.ac/index.php/uodjournal/article/view/430/337,article_430_337_e54c8b69.pdf,523910,application/pdf
https://journal.uod.ac/index.php/uodjournal/article/download/431/312/,https://journal.uod.ac/index.php/uodjournal/article/view/431/312,article_431_312_737d4fce.pdf,253865,application/pdf
https://journal.uod.ac/index.php/uodjournal/article/download/432/313/,https://journal.uod.ac/index.php/uodjournal/article/view/432/313,article_432_313_baaf54b8.pdf,779691,application/pdf
https://journal.uod.ac/index.php/uodjournal/article/download/433/316/,https://journal.uod.ac/index.php/uodjournal/article/view/433/316,article_433_316_4e0d1956.pdf,838983,application/pdf
https://journal.uod.ac/index.php/uodjournal/article/download/435/317/,https://journal.uod.ac/index.php/uodjournal/article/view/435/317,article_435_317_cc86f4e3.pdf,423875,application/pdf
https://journal.uod.ac/index.php/uodjournal/article/download/436/319/,https://journal.uod.ac/index.php/uodjournal/article/view/436/319,article_436_319_57dadf28.pdf,441254,application/pdf
https://journal.uod.ac/index.php/uodjournal/article/download/438/320/,https://journal.uod.ac/index.php/uodjournal/article/view/438/320,article_438_320_4617a0c9.pdf,620261,application/pdf
https://journal.uod.ac/index.php/uodjournal/article/download/441/321/,https://journal.uod.ac/index.php/uodjournal/article/view/441/321,article_441_321_51a61551.pdf,554830,application/pdf
https://journal.uod.ac/index.php/uodjournal/article/download/442/322/,https://journal.uod.ac/index.php/uodjournal/article/view/442/322,article_442_322_b98505b9.pdf,635649,application/pdf
https://journal.uod.ac/index.php/uodjournal/article/download/443/336/,https://journal.uod.ac/index.php/uodjournal/article/view/443/336,article_443_336_0237172e.pdf,313894,application/pdf
https://journal.uod.ac/index.php/uodjournal/article/download/444/324/,https://journal.uod.ac/index.php/uodjournal/article/view/444/324,article_444_324_037a6745.pdf,778460,application/pdf
https://journal.uod.ac/index.php/uodjournal/article/download/445/325/,https://journal.uod.ac/index.php/uodjournal/article/view/445/325,article_445_325_ae9256d6.pdf,450864,application/pdf
https://journal.uod.ac/index.php/uodjournal/article/download/446/326/,https://journal.uod.ac/index.php/uodjournal/article/view/446/326,article_446_326_7917f20d.pdf,440903,application/pdf
https://journal.uod.ac/index.php/uodjournal/article/download/447/327/,https://journal.uod.ac/index.php/uodjournal/article/view/447/327,article_447_327_4d6bf10d.pdf,587253,application/pdf
https://journal.uod.ac/index.php/uodjournal/article/download/450/328/,https://journal.uod.ac/index.php/uodjournal/article/view/450/328,article_450_328_62eb4016.pdf,405464,application/pdf
https://journal.uod.ac/index.php/uodjournal/article/download/451/329/,https://journal.uod.ac/index.php/uodjournal/article/view/451/329,article_451_329_f58d0328.pdf,430674,application/pdf
https://journal.uod.ac/index.php/uodjournal/article/download/452/332/,https://journal.uod.ac/index.php/uodjournal/article/view/452/332,article_452_332_d9fa89b7.pdf,155146,application/pdf
https://journal.uod.ac/index.php/uodjournal/article/download/454/334/,https://journal.uod.ac/index.php/uodjournal/article/view/454/334,article_454_334_cca6bea6.pdf,704409,application/pdf
https://journal.uod.ac/index.php/uodjournal/article/download/455/335/,https://journal.uod.ac/index.php/uodjournal/article/view/455/335,article_455_335_586751a6.pdf,487600,application/pdf
https://journal.uod.ac/index.php/uodjournal/article/download/403/285/,https://journal.uod.ac/index.php/uodjournal/article/view/403/285,article_403_285_01ceda12.pdf,718194,application/pdf
https://journal.uod.ac/index.php/uodjournal/article/download/404/286/,https://journal.uod.ac/index.php/uodjournal/article/view/404/286,article_404_286_bb03ce6a.pdf,1024257,application/pdf
https://journal.uod.ac/index.php/uodjournal/article/download/405/287/,https://journal.uod.ac/index.php/uodjournal/article/view/405/287,article_405_287_125932d0.pdf,835838,application/pdf
https://journal.uod.ac/index.php/uodjournal/article/download/406/288/,https://journal.uod.ac/index.php/uodjournal/article/view/406/288,article_406_288_e1721aed.pdf,677654,application/pdf
https://journal.uod.ac/index.php/uodjournal/article/download/407/289/,https://journal.uod.ac/index.php/uodjournal/article/view/407/289,article_407_289_b68fe676.pdf,700780,application/pdf
https://journal.uod.ac/index.php/uodjournal/article/download/408/1123/,https://journal.uod.ac/index.php/uodjournal/article/view/408/1123,article_408_1123_f89cf4ef.pdf,244500,application/pdf
https://journal.uod.ac/index.php/uodjournal/article/download/409/305/,https://journal.uod.ac/index.php/uodjournal/article/view/409/305,article_409_305_275a0ace.pdf,586845,application/pdf
https://journal.uod.ac/index.php/uodjournal/article/download/410/292/,https://journal.uod.ac/index.php/uodjournal/article/view/410/292,article_410_292_f8e510ef.pdf,444699,application/pdf
https://journal.uod.ac/index.php/uodjournal/article/download/411/293/,https://journal.uod.ac/index.php/uodjournal/article/view/411/293,article_411_293_9bcba60a.pdf,1461499,application/pdf
https://journal.uod.ac/index.php/uodjournal/article/download/413/306/,https://journal.uod.ac/index.php/uodjournal/article/view/413/306,article_413_306_68a5e3ef.pdf,623940,application/pdf
https://journal.uod.ac/index.php/uodjournal/article/download/412/294/,https://journal.uod.ac/index.php/uodjournal/article/view/412/294,article_412_294_98d39b50.pdf,1270095,application/pdf
https://journal.uod.ac/index.php/uodjournal/article/download/414/296/,https://journal.uod.ac/index.php/uodjournal/article/view/414/296,article_414_296_2693b911.pdf,574747,application/pdf
https://journal.uod.ac/index.php/uodjournal/article/download/415/297/,https://journal.uod.ac/index.php/uodjournal/article/view/415/297,article_415_297_61a020d4.pdf,654144,application/pdf
https://journal.uod.ac/index.php/uodjournal/article/download/419/298/,https://journal.uod.ac/index.php/uodjournal/article/view/419/298,article_419_298_479fe20b.pdf,545113,application/pdf
https://journal.uod.ac/index.php/uodjournal/article/download/420/299/,https://journal.uod.ac/index.php/uodjournal/article/view/420/299,article_420_299_cbfd61d4.pdf,2922238,application/pdf
https://journal.uod.ac/index.php/uodjournal/article/download/421/303/,https://journal.uod.ac/index.php/uodjournal/article/view/421/303,article_421_303_f83474e5.pdf,665712,application/pdf
https://journal.uod.ac/index.php/uodjournal/article/download/311/194/,https://journal.uod.ac/index.php/uodjournal/article/view/311/194,article_311_194_279425d7.pdf,1040169,application/pdf
https://journal.uod.ac/index.php/uodjournal/article/download/312/195/,https://journal.uod.ac/index.php/uodjournal/article/view/312/195,article_312_195_c6e7d3e1.pdf,831518,application/pdf
https://journal.uod.ac/index.php/uodjournal/article/download/313/196/,https://journal.uod.ac/index.php/uodjournal/article/view/313/196,article_313_196_97f75a33.pdf,874716,application/pdf
https://journal.uod.ac/index.php/uodjournal/article/download/315/197/,https://journal.uod.ac/index.php/uodjournal/article/view/315/197,article_315_197_685fccab.pdf,599169,application/pdf
https://journal.uod.ac/index.php/uodjournal/article/download/316/198/,https://journal.uod.ac/index.php/uodjournal/article/view/316/198,article_316_198_d5cfeb27.pdf,902326,application/pdf
https://journal.uod.ac/index.php/uodjournal/article/download/317/199/,https://journal.uod.ac/index.php/uodjournal/article/view/317/199,article_317_199_68ca78f5.pdf,1295086,application/pdf
https://journal.uod.ac/index.php/uodjournal/article/download/318/200/,https://journal.uod.ac/index.php/uodjournal/article/view/318/200,article_318_200_b0076820.pdf,634283,application/pdf
https://journal.uod.ac/index.php/uodjournal/article/download/320/201/,https://journal.uod.ac/index.php/uodjournal/article/view/320/201,article_320_201_4268f911.pdf,626558,application/pdf
https://journal.uod.ac/index.php/uodjournal/article/download/319/202/,https://journal.uod.ac/index.php/uodjournal/article/view/319/202,article_319_202_34e67383.pdf,543366,application/pdf
https://journal.uod.ac/index.php/uodjournal/article/download/322/203/,https://journal.uod.ac/index.php/uodjournal/article/view/322/203,article_322_203_f8467c45.pdf,571507,application/pdf
https://journal.uod.ac/index.php/uodjournal/article/download/336/338/,https://journal.uod.ac/index.php/uodjournal/article/view/336/338,article_336_338_abb65af7.pdf,586517,application/pdf
https://journal.uod.ac/index.php/uodjournal/article/download/326/204/,https://journal.uod.ac/index.php/uodjournal/article/view/326/204,article_326_204_7bdf5112.pdf,968663,application/pdf
https://journal.uod.ac/index.php/uodjournal/article/download/324/205/,https://journal.uod.ac/index.php/uodjournal/article/view/324/205,article_324_205_1ba1c983.pdf,456691,application/pdf
https://journal.uod.ac/index.php/uodjournal/article/download/328/206/,https://journal.uod.ac/index.php/uodjournal/article/view/328/206,article_328_206_0d4cade1.pdf,657336,application/pdf
https://journal.uod.ac/index.php/uodjournal/article/download/avuod.2019.22.1.15/207/,https://journal.uod.ac/index.php/uodjournal/article/view/avuod.2019.22.1.15/207,article_avuod.2019.22.1.15_207_4d93b937.pdf,705866,application/pdf
https://journal.uod.ac/index.php/uodjournal/article/download/330/208/,https://journal.uod.ac/index.php/uodjournal/article/view/330/208,article_330_208_9f551d65.pdf,627357,application/pdf
https://journal.uod.ac/index.php/uodjournal/article/download/327/209/,https://journal.uod.ac/index.php/uodjournal/article/view/327/209,article_327_209_f4f30315.pdf,1064372,application/pdf
https://journal.uod.ac/index.php/uodjournal/article/download/354/210/,https://journal.uod.ac/index.php/uodjournal/article/view/354/210,article_354_210_81abaa89.pdf,615104,application/pdf
https://journal.uod.ac/index.php/uodjournal/article/download/329/211/,https://journal.uod.ac/index.php/uodjournal/article/view/329/211,article_329_211_6d6616c5.pdf,629668,application/pdf
https://journal.uod.ac/index.php/uodjournal/article/download/333/212/,https://journal.uod.ac/index.php/uodjournal/article/view/333/212,article_333_212_12875c7b.pdf,758287,application/pdf
https://journal.uod.ac/index.php/uodjournal/article/download/332/283/,https://journal.uod.ac/index.php/uodjournal/article/view/332/283,article_332_283_5f919ad1.pdf,705624,application/pdf
https://journal.uod.ac/index.php/uodjournal/article/download/335/214/,https://journal.uod.ac/index.php/uodjournal/article/view/335/214,article_335_214_8eaaa4e4.pdf,766299,application/pdf
https://journal.uod.ac/index.php/uodjournal/article/download/334/215/,https://journal.uod.ac/index.php/uodjournal/article/view/334/215,article_334_215_5c55e0b1.pdf,921383,application/pdf
https://journal.uod.ac/index.php/uodjournal/article/download/345/284/,https://journal.uod.ac/index.php/uodjournal/article/view/345/284,article_345_284_bd4fed0d.pdf,987319,application/pdf
https://journal.uod.ac/index.php/uodjournal/article/download/347/751/,https://journal.uod.ac/index.php/uodjournal/article/view/347/751,article_347_751_a340b1db.pdf,611781,application/pdf
https://journal.uod.ac/index.php/uodjournal/article/download/348/752/,https://journal.uod.ac/index.php/uodjournal/article/view/348/752,article_348_752_277413dc.pdf,511822,application/pdf
https://journal.uod.ac/index.php/uodjournal/article/download/349/753/,https://journal.uod.ac/index.php/uodjournal/article/view/349/753,article_349_753_22c42524.pdf,390298,application/pdf
https://journal.uod.ac/index.php/uodjournal/article/download/350/754/,https://journal.uod.ac/index.php/uodjournal/article/view/350/754,article_350_754_73b9c017.pdf,785940,application/pdf
https://journal.uod.ac/index.php/uodjournal/article/download/351/755/,https://journal.uod.ac/index.php/uodjournal/article/view/351/755,article_351_755_829829d5.pdf,403930,application/pdf
https://journal.uod.ac/index.php/uodjournal/article/download/352/756/,https://journal.uod.ac/index.php/uodjournal/article/view/352/756,article_352_756_b57760b0.pdf,555097,application/pdf
https://journal.uod.ac/index.php/uodjournal/article/download/353/757/,https://journal.uod.ac/index.php/uodjournal/article/view/353/757,article_353_757_db1694c3.pdf,811898,application/pdf
https://journal.uod.ac/index.php/uodjournal/article/download/290/238/,https://journal.uod.ac/index.php/uodjournal/article/view/290/238,article_290_238_24fcd812.pdf,1144230,application/pdf
https://journal.uod.ac/index.php/uodjournal/article/download/292/242/,https://journal.uod.ac/index.php/uodjournal/article/view/292/242,article_292_242_e286313c.pdf,660542,application/pdf
https://journal.uod.ac/index.php/uodjournal/article/download/293/243/,https://journal.uod.ac/index.php/uodjournal/article/view/293/243,article_293_243_16c181fa.pdf,983178,application/pdf
https://journal.uod.ac/index.php/uodjournal/article/download/389/281/,https://journal.uod.ac/index.php/uodjournal/article/view/389/281,article_389_281_4bd31645.pdf,2044882,application/pdf
https://journal.uod.ac/index.php/uodjournal/article/download/294/244/,https://journal.uod.ac/index.php/uodjournal/article/view/294/244,article_294_244_a154063d.pdf,1885294,application/pdf
https://journal.uod.ac/index.php/uodjournal/article/download/295/245/,https://journal.uod.ac/index.php/uodjournal/article/view/295/245,article_295_245_0d0b19f1.pdf,819826,application/pdf
https://journal.uod.ac/index.php/uodjournal/article/download/296/246/,https://journal.uod.ac/index.php/uodjournal/article/view/296/246,article_296_246_fcd56b69.pdf,755854,application/pdf
https://journal.uod.ac/index.php/uodjournal/article/download/297/247/,https://journal.uod.ac/index.php/uodjournal/article/view/297/247,article_297_247_d574ff34.pdf,755180,application/pdf
https://journal.uod.ac/index.php/uodjournal/article/download/299/248/,https://journal.uod.ac/index.php/uodjournal/article/view/299/248,article_299_248_374f5f49.pdf,934941,application/pdf
https://journal.uod.ac/index.php/uodjournal/article/download/300/249/,https://journal.uod.ac/index.php/uodjournal/article/view/300/249,article_300_249_8a034598.pdf,727304,application/pdf
https://journal.uod.ac/index.php/uodjournal/article/download/377/250/,https://journal.uod.ac/index.php/uodjournal/article/view/377/250,article_377_250_68b6f425.pdf,558377,application/pdf
https://journal.uod.ac/index.php/uodjournal/article/download/304/251/,https://journal.uod.ac/index.php/uodjournal/article/view/304/251,article_304_251_98032563.pdf,528590,application/pdf
https://journal.uod.ac/index.php/uodjournal/article/download/303/253/,https://journal.uod.ac/index.php/uodjournal/article/view/303/253,article_303_253_10e93a52.pdf,771560,application/pdf
https://journal.uod.ac/index.php/uodjournal/article/download/305/254/,https://journal.uod.ac/index.php/uodjournal/article/view/305/254,article_305_254_38f716cd.pdf,592917,application/pdf
https://journal.uod.ac/index.php/uodjournal/article/download/306/255/,https://journal.uod.ac/index.php/uodjournal/article/view/306/255,article_306_255_bf8909ff.pdf,852700,application/pdf
https://journal.uod.ac/index.php/uodjournal/article/download/307/256/,https://journal.uod.ac/index.php/uodjournal/article/view/307/256,article_307_256_eef2f9ac.pdf,899927,application/pdf
https://journal.uod.ac/index.php/uodjournal/article/download/308/257/,https://journal.uod.ac/index.php/uodjournal/article/view/308/257,article_308_257_422a8ab1.pdf,1005655,application/pdf
https://journal.uod.ac/index.php/uodjournal/article/download/378/258/,https://journal.uod.ac/index.php/uodjournal/article/view/378/258,article_378_258_d0cacae3.pdf,596848,application/pdf
https://journal.uod.ac/index.php/uodjournal/article/download/356/259/,https://journal.uod.ac/index.php/uodjournal/article/view/356/259,article_356_259_5907dc9e.pdf,1086404,application/pdf
https://journal.uod.ac/index.php/uodjournal/article/download/357/260/,https://journal.uod.ac/index.php/uodjournal/article/view/357/260,article_357_260_72b36104.pdf,482818,application/pdf
https://journal.uod.ac/index.php/uodjournal/article/download/358/261/,https://journal.uod.ac/index.php/uodjournal/article/view/358/261,article_358_261_73a66b16.pdf,1071696,application/pdf
https://journal.uod.ac/index.php/uodjournal/article/download/376/262/,https://journal.uod.ac/index.php/uodjournal/article/view/376/262,article_376_262_fa2c3192.pdf,801805,application/pdf
https://journal.uod.ac/index.php/uodjournal/article/download/359/263/,https://journal.uod.ac/index.php/uodjournal/article/view/359/263,article_359_263_a3089c08.pdf,1415450,application/pdf
https://journal.uod.ac/index.php/uodjournal/article/download/360/264/,https://journal.uod.ac/index.php/uodjournal/article/view/360/264,article_360_264_64b2a83f.pdf,1166156,application/pdf
https://journal.uod.ac/index.php/uodjournal/article/download/361/265/,https://journal.uod.ac/index.php/uodjournal/article/view/361/265,article_361_265_e400e246.pdf,595087,application/pdf
https://journal.uod.ac/index.php/uodjournal/article/download/362/266/,https://journal.uod.ac/index.php/uodjournal/article/view/362/266,article_362_266_c351d4cf.pdf,1037557,application/pdf
https://journal.uod.ac/index.php/uodjournal/article/download/364/267/,https://journal.uod.ac/index.php/uodjournal/article/view/364/267,article_364_267_41ec638f.pdf,821952,application/pdf
https://journal.uod.ac/index.php/uodjournal/article/download/365/268/,https://journal.uod.ac/index.php/uodjournal/article/view/365/268,article_365_268_c9d2ed2a.pdf,462216,application/pdf
https://journal.uod.ac/index.php/uodjournal/article/download/369/269/,https://journal.uod.ac/index.php/uodjournal/article/view/369/269,article_369_269_5cb11a7e.pdf,1020155,application/pdf
https://journal.uod.ac/index.php/uodjournal/article/download/371/270/,https://journal.uod.ac/index.php/uodjournal/article/view/371/270,article_371_270_dae3af09.pdf,438307,application/pdf
https://journal.uod.ac/index.php/uodjournal/article/download/372/271/,https://journal.uod.ac/index.php/uodjournal/article/view/372/271,article_372_271_3cb04cd9.pdf,785229,application/pdf
https://journal.uod.ac/index.php/uodjournal/article/download/373/272/,https://journal.uod.ac/index.php/uodjournal/article/view/373/272,article_373_272_b118bd42.pdf,884294,application/pdf
https://journal.uod.ac/index.php/uodjournal/article/download/388/273/,https://journal.uod.ac/index.php/uodjournal/article/view/388/273,article_388_273_9a870f44.pdf,657408,application/pdf
https://journal.uod.ac/index.php/uodjournal/article/download/379/274/,https://journal.uod.ac/index.php/uodjournal/article/view/379/274,article_379_274_46a8f991.pdf,568311,application/pdf
https://journal.uod.ac/index.php/uodjournal/article/download/382/275/,https://journal.uod.ac/index.php/uodjournal/article/view/382/275,article_382_275_c5fdada4.pdf,568311,application/pdf
https://journal.uod.ac/index.php/uodjournal/article/download/383/276/,https://journal.uod.ac/index.php/uodjournal/article/view/383/276,article_383_276_999108c7.pdf,762060,application/pdf
https://journal.uod.ac/index.php/uodjournal/article/download/384/277/,https://journal.uod.ac/index.php/uodjournal/article/view/384/277,article_384_277_2cbbbc8b.pdf,579515,application/pdf
https://journal.uod.ac/index.php/uodjournal/article/download/385/279/,https://journal.uod.ac/index.php/uodjournal/article/view/385/279,article_385_279_ec3408a6.pdf,804483,application/pdf
https://journal.uod.ac/index.php/uodjournal/article/download/386/278/,https://journal.uod.ac/index.php/uodjournal/article/view/386/278,article_386_278_48081ca4.pdf,673141,application/pdf
https://journal.uod.ac/index.php/uodjournal/article/download/291/280/,https://journal.uod.ac/index.php/uodjournal/article/view/291/280,article_291_280_60769f1e.pdf,887439,application/pdf
https://journal.uod.ac/index.php/uodjournal/article/download/271/181/,https://journal.uod.ac/index.php/uodjournal/article/view/271/181,article_271_181_08821010.pdf,1589561,application/pdf
https://journal.uod.ac/index.php/uodjournal/article/download/272/182/,https://journal.uod.ac/index.php/uodjournal/article/view/272/182,article_272_182_7954643b.pdf,1102769,application/pdf
https://journal.uod.ac/index.php/uodjournal/article/download/273/183/,https://journal.uod.ac/index.php/uodjournal/article/view/273/183,article_273_183_a051f4d7.pdf,703008,application/pdf
https://journal.uod.ac/index.php/uodjournal/article/download/276/185/,https://journal.uod.ac/index.php/uodjournal/article/view/276/185,article_276_185_8faae0ac.pdf,1036329,application/pdf
https://journal.uod.ac/index.php/uodjournal/article/download/277/186/,https://journal.uod.ac/index.php/uodjournal/article/view/277/186,article_277_186_2748b620.pdf,960264,application/pdf
https://journal.uod.ac/index.php/uodjournal/article/download/278/187/,https://journal.uod.ac/index.php/uodjournal/article/view/278/187,article_278_187_c8c84a24.pdf,965566,application/pdf
https://journal.uod.ac/index.php/uodjournal/article/download/279/188/,https://journal.uod.ac/index.php/uodjournal/article/view/279/188,article_279_188_8e62d9cf.pdf,560758,application/pdf
https://journal.uod.ac/index.php/uodjournal/article/download/281/189/,https://journal.uod.ac/index.php/uodjournal/article/view/281/189,article_281_189_2429757d.pdf,1272557,application/pdf
https://journal.uod.ac/index.php/uodjournal/article/download/282/190/,https://journal.uod.ac/index.php/uodjournal/article/view/282/190,article_282_190_f7698abc.pdf,2288314,application/pdf
https://journal.uod.ac/index.php/uodjournal/article/download/283/191/,https://journal.uod.ac/index.php/uodjournal/article/view/283/191,article_283_191_8071f372.pdf,617906,application/pdf
https://journal.uod.ac/index.php/uodjournal/article/download/284/192/,https://journal.uod.ac/index.php/uodjournal/article/view/284/192,article_284_192_273cd683.pdf,977711,application/pdf
https://journal.uod.ac/index.php/uodjournal/article/download/285/193/,https://journal.uod.ac/index.php/uodjournal/article/view/285/193,article_285_193_f391d787.pdf,736852,application/pdf
https://journal.uod.ac/index.php/uodjournal/article/download/12/1/,https://journal.uod.ac/index.php/uodjournal/article/view/12/1,article_12_1_e8a7c802.pdf,521816,application/pdf
https://journal.uod.ac/index.php/uodjournal/article/download/13/2/,https://journal.uod.ac/index.php/uodjournal/article/view/13/2,article_13_2_3a888652.pdf,1340255,application/pdf
https://journal.uod.ac/index.php/uodjournal/article/download/14/3/,https://journal.uod.ac/index.php/uodjournal/article/view/14/3,article_14_3_16580b90.pdf,879917,application/pdf
https://journal.uod.ac/index.php/uodjournal/article/download/15/4/,https://journal.uod.ac/index.php/uodjournal/article/view/15/4,article_15_4_406876cd.pdf,1400755,application/pdf
https://journal.uod.ac/index.php/uodjournal/article/download/16/5/,https://journal.uod.ac/index.php/uodjournal/article/view/16/5,article_16_5_69c296b8.pdf,1692523,application/pdf
https://journal.uod.ac/index.php/uodjournal/article/download/17/6/,https://journal.uod.ac/index.php/uodjournal/article/view/17/6,article_17_6_92d86aaa.pdf,678188,application/pdf
https://journal.uod.ac/index.php/uodjournal/article/download/18/7/,https://journal.uod.ac/index.php/uodjournal/article/view/18/7,article_18_7_8a3c22da.pdf,1473079,application/pdf
https://journal.uod.ac/index.php/uodjournal/article/download/19/8/,https://journal.uod.ac/index.php/uodjournal/article/view/19/8,article_19_8_57bd53cb.pdf,680211,application/pdf
https://journal.uod.ac/index.php/uodjournal/article/download/20/9/,https://journal.uod.ac/index.php/uodjournal/article/view/20/9,article_20_9_ac884fe1.pdf,1111693,application/pdf
https://journal.uod.ac/index.php/uodjournal/article/download/21/11/,https://journal.uod.ac/index.php/uodjournal/article/view/21/11,article_21_11_5e5bf999.pdf,1524655,application/pdf
https://journal.uod.ac/index.php/uodjournal/article/download/22/12/,https://journal.uod.ac/index.php/uodjournal/article/view/22/12,article_22_12_519e8837.pdf,1158189,application/pdf
https://journal.uod.ac/index.php/uodjournal/article/download/23/13/,https://journal.uod.ac/index.php/uodjournal/article/view/23/13,article_23_13_7ab47c47.pdf,1121054,application/pdf
https://journal.uod.ac/index.php/uodjournal/article/download/24/14/,https://journal.uod.ac/index.php/uodjournal/article/view/24/14,article_24_14_fded89e1.pdf,867101,application/pdf
https://journal.uod.ac/index.php/uodjournal/article/download/25/15/,https://journal.uod.ac/index.php/uodjournal/article/view/25/15,article_25_15_f0906723.pdf,1038941,application/pdf
https://journal.uod.ac/index.php/uodjournal/article/download/26/16/,https://journal.uod.ac/index.php/uodjournal/article/view/26/16,article_26_16_7e920e0b.pdf,1097012,application/pdf
https://journal.uod.ac/index.php/uodjournal/article/download/28/17/,https://journal.uod.ac/index.php/uodjournal/article/view/28/17,article_28_17_abccff33.pdf,753879,application/pdf
https://journal.uod.ac/index.php/uodjournal/article/download/29/18/,https://journal.uod.ac/index.php/uodjournal/article/view/29/18,article_29_18_8fc6788c.pdf,575206,application/pdf
https://journal.uod.ac/index.php/uodjournal/article/download/30/19/,https://journal.uod.ac/index.php/uodjournal/article/view/30/19,article_30_19_09816c10.pdf,985529,application/pdf
https://journal.uod.ac/index.php/uodjournal/article/download/31/20/,https://journal.uod.ac/index.php/uodjournal/article/view/31/20,article_31_20_4eb7ed7a.pdf,970476,application/pdf
https://journal.uod.ac/index.php/uodjournal/article/download/32/21/,https://journal.uod.ac/index.php/uodjournal/article/view/32/21,article_32_21_bd8e45b0.pdf,1379456,application/pdf
https://journal.uod.ac/index.php/uodjournal/article/download/33/22/,https://journal.uod.ac/index.php/uodjournal/article/view/33/22,article_33_22_0b04753f.pdf,1134740,application/pdf
https://journal.uod.ac/index.php/uodjournal/article/download/34/23/,https://journal.uod.ac/index.php/uodjournal/article/view/34/23,article_34_23_0e2b2a69.pdf,737907,application/pdf
https://journal.uod.ac/index.php/uodjournal/article/download/35/24/,https://journal.uod.ac/index.php/uodjournal/article/view/35/24,article_35_24_4c70b632.pdf,954156,application/pdf
https://journal.uod.ac/index.php/uodjournal/article/download/36/25/,https://journal.uod.ac/index.php/uodjournal/article/view/36/25,article_36_25_71b2f3ed.pdf,1299853,application/pdf
https://journal.uod.ac/index.php/uodjournal/article/download/37/26/,https://journal.uod.ac/index.php/uodjournal/article/view/37/26,article_37_26_935e33da.pdf,832007,application/pdf
https://journal.uod.ac/index.php/uodjournal/article/download/38/27/,https://journal.uod.ac/index.php/uodjournal/article/view/38/27,article_38_27_52f3674b.pdf,1082341,application/pdf
https://journal.uod.ac/index.php/uodjournal/article/download/39/28/,https://journal.uod.ac/index.php/uodjournal/article/view/39/28,article_39_28_af1b77eb.pdf,821717,application/pdf
https://journal.uod.ac/index.php/uodjournal/article/download/40/29/,https://journal.uod.ac/index.php/uodjournal/article/view/40/29,article_40_29_994c3a6c.pdf,481576,application/pdf
https://journal.uod.ac/index.php/uodjournal/article/download/41/30/,https://journal.uod.ac/index.php/uodjournal/article/view/41/30,article_41_30_8532a469.pdf,2220465,application/pdf
https://journal.uod.ac/index.php/uodjournal/article/download/43/31/,https://journal.uod.ac/index.php/uodjournal/article/view/43/31,article_43_31_c09ccc70.pdf,634909,application/pdf
https://journal.uod.ac/index.php/uodjournal/article/download/44/32/,https://journal.uod.ac/index.php/uodjournal/article/view/44/32,article_44_32_54b5e96c.pdf,622528,application/pdf
https://journal.uod.ac/index.php/uodjournal/article/download/45/33/,https://journal.uod.ac/index.php/uodjournal/article/view/45/33,article_45_33_36806954.pdf,486950,application/pdf
https://journal.uod.ac/index.php/uodjournal/article/download/46/34/,https://journal.uod.ac/index.php/uodjournal/article/view/46/34,article_46_34_4ef32cd6.pdf,1197657,application/pdf
https://journal.uod.ac/index.php/uodjournal/article/download/47/35/,https://journal.uod.ac/index.php/uodjournal/article/view/47/35,article_47_35_ce3f9e78.pdf,492987,application/pdf
https://journal.uod.ac/index.php/uodjournal/article/download/48/36/,https://journal.uod.ac/index.php/uodjournal/article/view/48/36,article_48_36_186e7c38.pdf,1035297,application/pdf
https://journal.uod.ac/index.php/uodjournal/article/download/79/66/,https://journal.uod.ac/index.php/uodjournal/article/view/79/66,article_79_66_4e48bc5e.pdf,532318,application/pdf
https://journal.uod.ac/index.php/uodjournal/article/download/49/37/,https://journal.uod.ac/index.php/uodjournal/article/view/49/37,article_49_37_27848698.pdf,918562,application/pdf
https://journal.uod.ac/index.php/uodjournal/article/download/50/38/,https://journal.uod.ac/index.php/uodjournal/article/view/50/38,article_50_38_3fad5a9c.pdf,1012369,application/pdf
https://journal.uod.ac/index.php/uodjournal/article/download/80/67/,https://journal.uod.ac/index.php/uodjournal/article/view/80/67,article_80_67_2325cf97.pdf,768439,application/pdf
https://journal.uod.ac/index.php/uodjournal/article/download/51/39/,https://journal.uod.ac/index.php/uodjournal/article/view/51/39,article_51_39_55db3cac.pdf,1471293,application/pdf
https://journal.uod.ac/index.php/uodjournal/article/download/52/40/,https://journal.uod.ac/index.php/uodjournal/article/view/52/40,article_52_40_110dcc0a.pdf,1095206,application/pdf
https://journal.uod.ac/index.php/uodjournal/article/download/53/41/,https://journal.uod.ac/index.php/uodjournal/article/view/53/41,article_53_41_e08d31ad.pdf,886238,application/pdf
https://journal.uod.ac/index.php/uodjournal/article/download/54/43/,https://journal.uod.ac/index.php/uodjournal/article/view/54/43,article_54_43_124217f9.pdf,1121574,application/pdf
https://journal.uod.ac/index.php/uodjournal/article/download/55/44/,https://journal.uod.ac/index.php/uodjournal/article/view/55/44,article_55_44_e697b22b.pdf,772479,application/pdf
https://journal.uod.ac/index.php/uodjournal/article/download/56/45/,https://journal.uod.ac/index.php/uodjournal/article/view/56/45,article_56_45_880d05f1.pdf,772366,application/pdf
https://journal.uod.ac/index.php/uodjournal/article/download/57/46/,https://journal.uod.ac/index.php/uodjournal/article/view/57/46,article_57_46_4b387e8a.pdf,2368553,application/pdf
https://journal.uod.ac/index.php/uodjournal/article/download/58/47/,https://journal.uod.ac/index.php/uodjournal/article/view/58/47,article_58_47_592cf1df.pdf,1146303,application/pdf
https://journal.uod.ac/index.php/uodjournal/article/download/59/48/,https://journal.uod.ac/index.php/uodjournal/article/view/59/48,article_59_48_06c912e0.pdf,817559,application/pdf
https://journal.uod.ac/index.php/uodjournal/article/download/60/49/,https://journal.uod.ac/index.php/uodjournal/article/view/60/49,article_60_49_e82ca715.pdf,545440,application/pdf
https://journal.uod.ac/index.php/uodjournal/article/download/61/50/,https://journal.uod.ac/index.php/uodjournal/article/view/61/50,article_61_50_ebd750c2.pdf,1136279,application/pdf
https://journal.uod.ac/index.php/uodjournal/article/download/62/51/,https://journal.uod.ac/index.php/uodjournal/article/view/62/51,article_62_51_7ea4c112.pdf,934050,application/pdf
https://journal.uod.ac/index.php/uodjournal/article/download/63/52/,https://journal.uod.ac/index.php/uodjournal/article/view/63/52,article_63_52_c30553cd.pdf,911290,application/pdf
https://journal.uod.ac/index.php/uodjournal/article/download/65/54/,https://journal.uod.ac/index.php/uodjournal/article/view/65/54,article_65_54_f0786fbe.pdf,2532518,application/pdf
https://journal.uod.ac/index.php/uodjournal/article/download/64/53/,https://journal.uod.ac/index.php/uodjournal/article/view/64/53,article_64_53_d95ed55f.pdf,1378309,application/pdf
https://journal.uod.ac/index.php/uodjournal/article/download/67/55/,https://journal.uod.ac/index.php/uodjournal/article/view/67/55,article_67_55_8f074fb1.pdf,2543028,application/pdf
https://journal.uod.ac/index.php/uodjournal/article/download/68/56/,https://journal.uod.ac/index.php/uodjournal/article/view/68/56,article_68_56_5c0aefd9.pdf,733215,application/pdf
https://journal.uod.ac/index.php/uodjournal/article/download/69/57/,https://journal.uod.ac/index.php/uodjournal/article/view/69/57,article_69_57_b439eba4.pdf,2967978,application/pdf
https://journal.uod.ac/index.php/uodjournal/article/download/81/68/,https://journal.uod.ac/index.php/uodjournal/article/view/81/68,article_81_68_da2fb365.pdf,1425272,application/pdf
https://journal.uod.ac/index.php/uodjournal/article/download/71/58/,https://journal.uod.ac/index.php/uodjournal/article/view/71/58,article_71_58_5139a0dd.pdf,734398,application/pdf
https://journal.uod.ac/index.php/uodjournal/article/download/72/59/,https://journal.uod.ac/index.php/uodjournal/article/view/72/59,article_72_59_406c1cc2.pdf,1321192,application/pdf
https://journal.uod.ac/index.php/uodjournal/article/download/73/60/,https://journal.uod.ac/index.php/uodjournal/article/view/73/60,article_73_60_1dc567d8.pdf,878626,application/pdf
https://journal.uod.ac/index.php/uodjournal/article/download/74/61/,https://journal.uod.ac/index.php/uodjournal/article/view/74/61,article_74_61_e6769b0b.pdf,826740,application/pdf
https://journal.uod.ac/index.php/uodjournal/article/download/75/62/,https://journal.uod.ac/index.php/uodjournal/article/view/75/62,article_75_62_d5d525ed.pdf,875014,application/pdf
https://journal.uod.ac/index.php/uodjournal/article/download/76/63/,https://journal.uod.ac/index.php/uodjournal/article/view/76/63,article_76_63_8d315c69.pdf,1681850,application/pdf
https://journal.uod.ac/index.php/uodjournal/article/download/77/64/,https://journal.uod.ac/index.php/uodjournal/article/view/77/64,article_77_64_974f2760.pdf,1495486,application/pdf
https://journal.uod.ac/index.php/uodjournal/article/download/78/65/,https://journal.uod.ac/index.php/uodjournal/article/view/78/65,article_78_65_a0d88825.pdf,871006,application/pdf
https://journal.uod.ac/index.php/uodjournal/article/download/83/70/,https://journal.uod.ac/index.php/uodjournal/article/view/83/70,article_83_70_28cba989.pdf,527195,application/pdf
https://journal.uod.ac/index.php/uodjournal/article/download/97/72/,https://journal.uod.ac/index.php/uodjournal/article/view/97/72,article_97_72_96d4d5fe.pdf,699096,application/pdf
https://journal.uod.ac/index.php/uodjournal/article/download/98/73/,https://journal.uod.ac/index.php/uodjournal/article/view/98/73,article_98_73_4027ac80.pdf,1051386,application/pdf
https://journal.uod.ac/index.php/uodjournal/article/download/99/74/,https://journal.uod.ac/index.php/uodjournal/article/view/99/74,article_99_74_a84dc032.pdf,577743,application/pdf
https://journal.uod.ac/index.php/uodjournal/article/download/101/76/,https://journal.uod.ac/index.php/uodjournal/article/view/101/76,article_101_76_0a2a5f3c.pdf,1170243,application/pdf
https://journal.uod.ac/index.php/uodjournal/article/download/100/75/,https://journal.uod.ac/index.php/uodjournal/article/view/100/75,article_100_75_28cbef95.pdf,596110,application/pdf
https://journal.uod.ac/index.php/uodjournal/article/download/172/122/,https://journal.uod.ac/index.php/uodjournal/article/view/172/122,article_172_122_abc1ddbe.pdf,861718,application/pdf
https://journal.uod.ac/index.php/uodjournal/article/download/173/123/,https://journal.uod.ac/index.php/uodjournal/article/view/173/123,article_173_123_ec569b7e.pdf,1430761,application/pdf
https://journal.uod.ac/index.php/uodjournal/article/download/113/78/,https://journal.uod.ac/index.php/uodjournal/article/view/113/78,article_113_78_19521b43.pdf,940031,application/pdf
https://journal.uod.ac/index.php/uodjournal/article/download/114/79/,https://journal.uod.ac/index.php/uodjournal/article/view/114/79,article_114_79_b4173fd9.pdf,596185,application/pdf
https://journal.uod.ac/index.php/uodjournal/article/download/115/80/,https://journal.uod.ac/index.php/uodjournal/article/view/115/80,article_115_80_6a53e1f9.pdf,896412,application/pdf
https://journal.uod.ac/index.php/uodjournal/article/download/116/81/,https://journal.uod.ac/index.php/uodjournal/article/view/116/81,article_116_81_5bf4cb2f.pdf,1130631,application/pdf
https://journal.uod.ac/index.php/uodjournal/article/download/117/82/,https://journal.uod.ac/index.php/uodjournal/article/view/117/82,article_117_82_7e857280.pdf,1554472,application/pdf
https://journal.uod.ac/index.php/uodjournal/article/download/118/83/,https://journal.uod.ac/index.php/uodjournal/article/view/118/83,article_118_83_11cac581.pdf,701007,application/pdf
https://journal.uod.ac/index.php/uodjournal/article/download/119/84/,https://journal.uod.ac/index.php/uodjournal/article/view/119/84,article_119_84_37e4e923.pdf,889244,application/pdf
https://journal.uod.ac/index.php/uodjournal/article/download/120/85/,https://journal.uod.ac/index.php/uodjournal/article/view/120/85,article_120_85_99b74979.pdf,1071913,application/pdf
https://journal.uod.ac/index.php/uodjournal/article/download/121/86/,https://journal.uod.ac/index.php/uodjournal/article/view/121/86,article_121_86_b4197f69.pdf,953755,application/pdf
https://journal.uod.ac/index.php/uodjournal/article/download/122/87/,https://journal.uod.ac/index.php/uodjournal/article/view/122/87,article_122_87_d91377e9.pdf,125421,application/pdf
https://journal.uod.ac/index.php/uodjournal/article/download/128/88/,https://journal.uod.ac/index.php/uodjournal/article/view/128/88,article_128_88_a6a6005c.pdf,829872,application/pdf
https://journal.uod.ac/index.php/uodjournal/article/download/129/89/,https://journal.uod.ac/index.php/uodjournal/article/view/129/89,article_129_89_6886c6da.pdf,501885,application/pdf
https://journal.uod.ac/index.php/uodjournal/article/download/130/90/,https://journal.uod.ac/index.php/uodjournal/article/view/130/90,article_130_90_5fad5d8c.pdf,2365854,application/pdf
https://journal.uod.ac/index.php/uodjournal/article/download/131/91/,https://journal.uod.ac/index.php/uodjournal/article/view/131/91,article_131_91_e694e24e.pdf,565475,application/pdf
https://journal.uod.ac/index.php/uodjournal/article/download/139/92/,https://journal.uod.ac/index.php/uodjournal/article/view/139/92,article_139_92_6dc45257.pdf,504001,application/pdf
https://journal.uod.ac/index.php/uodjournal/article/download/141/93/,https://journal.uod.ac/index.php/uodjournal/article/view/141/93,article_141_93_40e4cbc0.pdf,604077,application/pdf
https://journal.uod.ac/index.php/uodjournal/article/download/146/94/,https://journal.uod.ac/index.php/uodjournal/article/view/146/94,article_146_94_ed745881.pdf,846035,application/pdf
https://journal.uod.ac/index.php/uodjournal/article/download/147/95/,https://journal.uod.ac/index.php/uodjournal/article/view/147/95,article_147_95_a171228a.pdf,664346,application/pdf
https://journal.uod.ac/index.php/uodjournal/article/download/148/96/,https://journal.uod.ac/index.php/uodjournal/article/view/148/96,article_148_96_3be15487.pdf,968807,application/pdf
https://journal.uod.ac/index.php/uodjournal/article/download/149/97/,https://journal.uod.ac/index.php/uodjournal/article/view/149/97,article_149_97_6000b95c.pdf,842871,application/pdf
https://journal.uod.ac/index.php/uodjournal/article/download/150/98/,https://journal.uod.ac/index.php/uodjournal/article/view/150/98,article_150_98_1f38aa56.pdf,987797,application/pdf
https://journal.uod.ac/index.php/uodjournal/article/download/151/99/,https://journal.uod.ac/index.php/uodjournal/article/view/151/99,article_151_99_31c4db48.pdf,712162,application/pdf
https://journal.uod.ac/index.php/uodjournal/article/download/152/750/,https://journal.uod.ac/index.php/uodjournal/article/view/152/750,article_152_750_890f79e0.pdf,407048,application/pdf
https://journal.uod.ac/index.php/uodjournal/article/download/154/101/,https://journal.uod.ac/index.php/uodjournal/article/view/154/101,article_154_101_c2fda7ec.pdf,1184838,application/pdf
https://journal.uod.ac/index.php/uodjournal/article/download/155/102/,https://journal.uod.ac/index.php/uodjournal/article/view/155/102,article_155_102_c06901ab.pdf,481766,application/pdf
https://journal.uod.ac/index.php/uodjournal/article/download/156/103/,https://journal.uod.ac/index.php/uodjournal/article/view/156/103,article_156_103_2d94453f.pdf,995950,application/pdf
https://journal.uod.ac/index.php/uodjournal/article/download/157/104/,https://journal.uod.ac/index.php/uodjournal/article/view/157/104,article_157_104_26743dde.pdf,697761,application/pdf
https://journal.uod.ac/index.php/uodjournal/article/download/158/105/,https://journal.uod.ac/index.php/uodjournal/article/view/158/105,article_158_105_bdc1b8ab.pdf,701850,application/pdf
https://journal.uod.ac/index.php/uodjournal/article/download/159/106/,https://journal.uod.ac/index.php/uodjournal/article/view/159/106,article_159_106_a6a1b21b.pdf,741633,application/pdf
https://journal.uod.ac/index.php/uodjournal/article/download/160/107/,https://journal.uod.ac/index.php/uodjournal/article/view/160/107,article_160_107_f09766d5.pdf,799754,application/pdf
https://journal.uod.ac/index.php/uodjournal/article/download/161/108/,https://journal.uod.ac/index.php/uodjournal/article/view/161/108,article_161_108_6d01914c.pdf,574361,application/pdf
https://journal.uod.ac/index.php/uodjournal/article/download/162/109/,https://journal.uod.ac/index.php/uodjournal/article/view/162/109,article_162_109_e663e3cf.pdf,479968,application/pdf
https://journal.uod.ac/index.php/uodjournal/article/download/163/111/,https://journal.uod.ac/index.php/uodjournal/article/view/163/111,article_163_111_c23bc4d9.pdf,668551,application/pdf
https://journal.uod.ac/index.php/uodjournal/article/download/164/112/,https://journal.uod.ac/index.php/uodjournal/article/view/164/112,article_164_112_c7abb88b.pdf,668551,application/pdf
https://journal.uod.ac/index.php/uodjournal/article/download/165/114/,https://journal.uod.ac/index.php/uodjournal/article/view/165/114,article_165_114_3dc214c4.pdf,684124,application/pdf
https://journal.uod.ac/index.php/uodjournal/article/download/166/113/,https://journal.uod.ac/index.php/uodjournal/article/view/166/113,article_166_113_158ac746.pdf,767070,application/pdf
https://journal.uod.ac/index.php/uodjournal/article/download/167/115/,https://journal.uod.ac/index.php/uodjournal/article/view/167/115,article_167_115_b072e9a9.pdf,1226610,application/pdf
https://journal.uod.ac/index.php/uodjournal/article/download/168/116/,https://journal.uod.ac/index.php/uodjournal/article/view/168/116,article_168_116_91e9f7a9.pdf,1482093,application/pdf
https://journal.uod.ac/index.php/uodjournal/article/download/169/117/,https://journal.uod.ac/index.php/uodjournal/article/view/169/117,article_169_117_e1735a4e.pdf,1045206,application/pdf
https://journal.uod.ac/index.php/uodjournal/article/download/170/118/,https://journal.uod.ac/index.php/uodjournal/article/view/170/118,article_170_118_cd6aec47.pdf,1096172,application/pdf
https://journal.uod.ac/index.php/uodjournal/article/download/171/119/,https://journal.uod.ac/index.php/uodjournal/article/view/171/119,article_171_119_85545772.pdf,607888,application/pdf
https://journal.uod.ac/index.php/uodjournal/article/download/174/124/,https://journal.uod.ac/index.php/uodjournal/article/view/174/124,article_174_124_7abd244d.pdf,1615093,application/pdf
https://journal.uod.ac/index.php/uodjournal/article/download/175/125/,https://journal.uod.ac/index.php/uodjournal/article/view/175/125,article_175_125_f01da48d.pdf,519274,application/pdf
https://journal.uod.ac/index.php/uodjournal/article/download/176/126/,https://journal.uod.ac/index.php/uodjournal/article/view/176/126,article_176_126_d0808616.pdf,838233,application/pdf
https://journal.uod.ac/index.php/uodjournal/article/download/177/127/,https://journal.uod.ac/index.php/uodjournal/article/view/177/127,article_177_127_77ab7aa5.pdf,760431,application/pdf
https://journal.uod.ac/index.php/uodjournal/article/download/178/128/,https://journal.uod.ac/index.php/uodjournal/article/view/178/128,article_178_128_cd84a28a.pdf,1097499,application/pdf
https://journal.uod.ac/index.php/uodjournal/article/download/179/129/,https://journal.uod.ac/index.php/uodjournal/article/view/179/129,article_179_129_94a3ca2d.pdf,1048189,application/pdf
https://journal.uod.ac/index.php/uodjournal/article/download/180/130/,https://journal.uod.ac/index.php/uodjournal/article/view/180/130,article_180_130_57619923.pdf,249849,application/pdf
https://journal.uod.ac/index.php/uodjournal/article/download/181/131/,https://journal.uod.ac/index.php/uodjournal/article/view/181/131,article_181_131_2cfc3fd4.pdf,873869,application/pdf
https://journal.uod.ac/index.php/uodjournal/article/download/182/132/,https://journal.uod.ac/index.php/uodjournal/article/view/182/132,article_182_132_56d140e8.pdf,658330,application/pdf
https://journal.uod.ac/index.php/uodjournal/article/download/183/133/,https://journal.uod.ac/index.php/uodjournal/article/view/183/133,article_183_133_2b8096d4.pdf,1752264,application/pdf
https://journal.uod.ac/index.php/uodjournal/article/download/185/134/,https://journal.uod.ac/index.php/uodjournal/article/view/185/134,article_185_134_988f69b9.pdf,1530567,application/pdf
https://journal.uod.ac/index.php/uodjournal/article/download/186/135/,https://journal.uod.ac/index.php/uodjournal/article/view/186/135,article_186_135_caa9c07d.pdf,2002757,application/pdf
https://journal.uod.ac/index.php/uodjournal/article/download/187/136/,https://journal.uod.ac/index.php/uodjournal/article/view/187/136,article_187_136_3908056b.pdf,541462,application/pdf
https://journal.uod.ac/index.php/uodjournal/article/download/189/137/,https://journal.uod.ac/index.php/uodjournal/article/view/189/137,article_189_137_3578f462.pdf,910043,application/pdf
https://journal.uod.ac/index.php/uodjournal/article/download/190/138/,https://journal.uod.ac/index.php/uodjournal/article/view/190/138,article_190_138_0f4d1df3.pdf,762750,application/pdf
https://journal.uod.ac/index.php/uodjournal/article/download/191/139/,https://journal.uod.ac/index.php/uodjournal/article/view/191/139,article_191_139_6d6bacd4.pdf,932716,application/pdf
https://journal.uod.ac/index.php/uodjournal/article/download/192/140/,https://journal.uod.ac/index.php/uodjournal/article/view/192/140,article_192_140_7b0a4216.pdf,786288,application/pdf
https://journal.uod.ac/index.php/uodjournal/article/download/193/141/,https://journal.uod.ac/index.php/uodjournal/article/view/193/141,article_193_141_843852ad.pdf,1020641,application/pdf
https://journal.uod.ac/index.php/uodjournal/article/download/194/142/,https://journal.uod.ac/index.php/uodjournal/article/view/194/142,article_194_142_84b7eea4.pdf,1110302,application/pdf
https://journal.uod.ac/index.php/uodjournal/article/download/195/143/,https://journal.uod.ac/index.php/uodjournal/article/view/195/143,article_195_143_1e01df1d.pdf,1470489,application/pdf
https://journal.uod.ac/index.php/uodjournal/article/download/196/144/,https://journal.uod.ac/index.php/uodjournal/article/view/196/144,article_196_144_9b0eeb88.pdf,877393,application/pdf
https://journal.uod.ac/index.php/uodjournal/article/download/200/145/,https://journal.uod.ac/index.php/uodjournal/article/view/200/145,article_200_145_a6b4ea55.pdf,585202,application/pdf
https://journal.uod.ac/index.php/uodjournal/article/download/201/146/,https://journal.uod.ac/index.php/uodjournal/article/view/201/146,article_201_146_5fc61c40.pdf,1091349,application/pdf
https://journal.uod.ac/index.php/uodjournal/article/download/202/147/,https://journal.uod.ac/index.php/uodjournal/article/view/202/147,article_202_147_d3f1874e.pdf,768713,application/pdf
https://journal.uod.ac/index.php/uodjournal/article/download/203/148/,https://journal.uod.ac/index.php/uodjournal/article/view/203/148,article_203_148_2f34c40c.pdf,897932,application/pdf
https://journal.uod.ac/index.php/uodjournal/article/download/204/149/,https://journal.uod.ac/index.php/uodjournal/article/view/204/149,article_204_149_0d682987.pdf,903093,application/pdf
https://journal.uod.ac/index.php/uodjournal/article/download/205/150/,https://journal.uod.ac/index.php/uodjournal/article/view/205/150,article_205_150_45e4d6ea.pdf,948877,application/pdf
https://journal.uod.ac/index.php/uodjournal/article/download/206/151/,https://journal.uod.ac/index.php/uodjournal/article/view/206/151,article_206_151_b23fa25c.pdf,1725027,application/pdf
https://journal.uod.ac/index.php/uodjournal/article/download/207/152/,https://journal.uod.ac/index.php/uodjournal/article/view/207/152,article_207_152_a25781c4.pdf,1007069,application/pdf
https://journal.uod.ac/index.php/uodjournal/article/download/208/153/,https://journal.uod.ac/index.php/uodjournal/article/view/208/153,article_208_153_09656b59.pdf,907610,application/pdf
https://journal.uod.ac/index.php/uodjournal/article/download/209/154/,https://journal.uod.ac/index.php/uodjournal/article/view/209/154,article_209_154_e515517d.pdf,827283,application/pdf
https://journal.uod.ac/index.php/uodjournal/article/download/210/155/,https://journal.uod.ac/index.php/uodjournal/article/view/210/155,article_210_155_24135fc6.pdf,844844,application/pdf
https://journal.uod.ac/index.php/uodjournal/article/download/211/156/,https://journal.uod.ac/index.php/uodjournal/article/view/211/156,article_211_156_a3435e37.pdf,827533,application/pdf
https://journal.uod.ac/index.php/uodjournal/article/download/212/157/,https://journal.uod.ac/index.php/uodjournal/article/view/212/157,article_212_157_2251673b.pdf,1654695,application/pdf
https://journal.uod.ac/index.php/uodjournal/article/download/213/158/,https://journal.uod.ac/index.php/uodjournal/article/view/213/158,article_213_158_4575d24c.pdf,466499,application/pdf
https://journal.uod.ac/index.php/uodjournal/article/download/214/159/,https://journal.uod.ac/index.php/uodjournal/article/view/214/159,article_214_159_9ccef590.pdf,449531,application/pdf
https://journal.uod.ac/index.php/uodjournal/article/download/221/160/,https://journal.uod.ac/index.php/uodjournal/article/view/221/160,article_221_160_17af8c61.pdf,576842,application/pdf
https://journal.uod.ac/index.php/uodjournal/article/download/222/161/,https://journal.uod.ac/index.php/uodjournal/article/view/222/161,article_222_161_6e54399e.pdf,584262,application/pdf
https://journal.uod.ac/index.php/uodjournal/article/download/223/162/,https://journal.uod.ac/index.php/uodjournal/article/view/223/162,article_223_162_42c27696.pdf,1508545,application/pdf
https://journal.uod.ac/index.php/uodjournal/article/download/224/163/,https://journal.uod.ac/index.php/uodjournal/article/view/224/163,article_224_163_a99e8257.pdf,2518306,application/pdf
https://journal.uod.ac/index.php/uodjournal/article/download/225/164/,https://journal.uod.ac/index.php/uodjournal/article/view/225/164,article_225_164_3ea4bac7.pdf,1140837,application/pdf
https://journal.uod.ac/index.php/uodjournal/article/download/226/165/,https://journal.uod.ac/index.php/uodjournal/article/view/226/165,article_226_165_3c0c7688.pdf,1606254,application/pdf
https://journal.uod.ac/index.php/uodjournal/article/download/227/166/,https://journal.uod.ac/index.php/uodjournal/article/view/227/166,article_227_166_5be9904c.pdf,875900,application/pdf
https://journal.uod.ac/index.php/uodjournal/article/download/228/167/,https://journal.uod.ac/index.php/uodjournal/article/view/228/167,article_228_167_aeb7df9f.pdf,568414,application/pdf
https://journal.uod.ac/index.php/uodjournal/article/download/229/168/,https://journal.uod.ac/index.php/uodjournal/article/view/229/168,article_229_168_2f1ac6b8.pdf,1652180,application/pdf
https://journal.uod.ac/index.php/uodjournal/article/download/246/171/,https://journal.uod.ac/index.php/uodjournal/article/view/246/171,article_246_171_f9193a3e.pdf,583468,application/pdf
https://journal.uod.ac/index.php/uodjournal/article/download/231/169/,https://journal.uod.ac/index.php/uodjournal/article/view/231/169,article_231_169_d976d305.pdf,726999,application/pdf
https://journal.uod.ac/index.php/uodjournal/article/download/232/170/,https://journal.uod.ac/index.php/uodjournal/article/view/232/170,article_232_170_1e87804a.pdf,948495,application/pdf
https://journal.uod.ac/index.php/uodjournal/article/download/251/172/,https://journal.uod.ac/index.php/uodjournal/article/view/251/172,article_251_172_7ef99574.pdf,468320,application/pdf
https://journal.uod.ac/index.php/uodjournal/article/download/252/173/,https://journal.uod.ac/index.php/uodjournal/article/view/252/173,article_252_173_3f73750c.pdf,487468,application/pdf
https://journal.uod.ac/index.php/uodjournal/article/download/253/174/,https://journal.uod.ac/index.php/uodjournal/article/view/253/174,article_253_174_705fc25a.pdf,804881,application/pdf
https://journal.uod.ac/index.php/uodjournal/article/download/254/175/,https://journal.uod.ac/index.php/uodjournal/article/view/254/175,article_254_175_ddb3059e.pdf,632542,application/pdf
https://journal.uod.ac/index.php/uodjournal/article/download/255/176/,https://journal.uod.ac/index.php/uodjournal/article/view/255/176,article_255_176_eea6dc25.pdf,541578,application/pdf
https://journal.uod.ac/index.php/uodjournal/article/download/256/177/,https://journal.uod.ac/index.php/uodjournal/article/view/256/177,article_256_177_c96e94c8.pdf,707458,application/pdf
https://journal.uod.ac/index.php/uodjournal/article/download/257/178/,https://journal.uod.ac/index.php/uodjournal/article/view/257/178,article_257_178_3f1ce374.pdf,770507,application/pdf
https://journal.uod.ac/index.php/uodjournal/article/download/258/179/,https://journal.uod.ac/index.php/uodjournal/article/view/258/179,article_258_179_07ad1684.pdf,749239,application/pdf
https://journal.uod.ac/index.php/uodjournal/article/download/260/180/,https://journal.uod.ac/index.php/uodjournal/article/view/260/180,article_260_180_4be2acab.pdf,856537,application/pdf
