url,status,depth,content_type,title
https://journal.uod.ac/cdn-cgi/l/email-protection,404,2,text/html,
https://journal.uod.ac/index.php/index,200,1,text/html,Journal of Duhok University
https://journal.uod.ac/index.php/uodjournal,200,0,text/html,Journal of Duhok University
https://journal.uod.ac/index.php/uodjournal/about,200,1,text/html,"About the Journal
							| Journal of Duhok University"
https://journal.uod.ac/index.php/uodjournal/about/aboutThisPublishingSystem,200,1,text/html,"About this Publishing System
							| Journal of Duhok University"
https://journal.uod.ac/index.php/uodjournal/about/contact,200,1,text/html,"Contact
							| Journal of Duhok University"
https://journal.uod.ac/index.php/uodjournal/about/editorialTeam,200,1,text/html,"Editorial Team
							| Journal of Duhok University"
https://journal.uod.ac/index.php/uodjournal/about/privacy,200,1,text/html,"Privacy Statement
							| Journal of Duhok University"
https://journal.uod.ac/index.php/uodjournal/about/submissions,200,1,text/html,"Submissions
							| Journal of Duhok University"
https://journal.uod.ac/index.php/uodjournal/announcement,200,1,text/html,"Announcements
							| Journal of Duhok University"
https://journal.uod.ac/index.php/uodjournal/announcement/view/7,200,1,text/html,"Announcements
							| Journal of Duhok University"
https://journal.uod.ac/index.php/uodjournal/article/view/100,200,1,text/html,"RECOGNITION OF HUMAN IDENTITIES THROUGH ANIMALS IN SELECTIONS OF ELIZABETH BISHOP’S POEMS
							| Journal of Duhok University"
https://journal.uod.ac/index.php/uodjournal/article/view/100/75,200,1,text/html,View of RECOGNITION OF HUMAN IDENTITIES THROUGH ANIMALS IN SELECTIONS OF ELIZABETH BISHOP’S POEMS
https://journal.uod.ac/index.php/uodjournal/article/view/1005,200,1,text/html,"PERFORMANCE OF RC SKEW BOX CULVERT: APPLICATION OF THE  FINITE ELEMENT MODELLING AND ARTIFICIAL INTELLIGENCE
							| Journal of Duhok University"
https://journal.uod.ac/index.php/uodjournal/article/view/1005/727,200,1,text/html,View of PERFORMANCE OF RC SKEW BOX CULVERT: APPLICATION OF THE  FINITE ELEMENT MODELLING AND ARTIFICIAL INTELLIGENCE
https://journal.uod.ac/index.php/uodjournal/article/view/101,200,1,text/html,"INVESTIGATING THE TEFL/ESP PRACTITIONER’S DILEMMATIC CURRENT STATUS IN THE IRAQI KURDISTAN REGION
							| Journal of Duhok University"
https://journal.uod.ac/index.php/uodjournal/article/view/101/76,200,1,text/html,View of INVESTIGATING THE TEFL/ESP PRACTITIONER’S DILEMMATIC CURRENT STATUS IN THE IRAQI KURDISTAN REGION
https://journal.uod.ac/index.php/uodjournal/article/view/1013,200,1,text/html,"بعض المتغيرات الكينماتيكية لمهارة الضربة الخلفية في وضع الوقفتين ( الجانبي والامامي )  وعلاقتهما بدقة الاداء للاعبي التنس المتقدمين 
							| Journal of Duhok University"
https://journal.uod.ac/index.php/uodjournal/article/view/1013/728,200,1,text/html,View of بعض المتغيرات الكينماتيكية لمهارة الضربة الخلفية في وضع الوقفتين ( الجانبي والامامي )  وعلاقتهما بدقة الاداء للاعبي التنس المتقدمين
https://journal.uod.ac/index.php/uodjournal/article/view/1014,200,1,text/html,"دور القيادة الخادمة في الحد من ظاهرة التهكم التنظيمي دراسة استطلاعية لآراء عينة من موظفي عدد من الدوائر الحكومية في محافظة دهوك
							| Journal of Duhok University"
https://journal.uod.ac/index.php/uodjournal/article/view/1014/729,200,1,text/html,View of دور القيادة الخادمة في الحد من ظاهرة التهكم التنظيمي دراسة استطلاعية لآراء عينة من موظفي عدد من الدوائر الحكومية في محافظة دهوك
https://journal.uod.ac/index.php/uodjournal/article/view/1015,200,1,text/html,"( CA –Markov ) النمذجة المكانية للزحف الحضري في مدينة دهوك بإستخدام خوارزمية ماركوف 
							| Journal of Duhok University"
https://journal.uod.ac/index.php/uodjournal/article/view/1015/730,200,1,text/html,View of ( CA –Markov ) النمذجة المكانية للزحف الحضري في مدينة دهوك بإستخدام خوارزمية ماركوف
https://journal.uod.ac/index.php/uodjournal/article/view/1016,200,1,text/html,"بناء اختبار مهاري مركب بالطبطبة والتهديف السلمي بكرة السلة لدي طلاب كلية التربية البدنية وعلوم الرياضة
							| Journal of Duhok University"
https://journal.uod.ac/index.php/uodjournal/article/view/1016/731,200,1,text/html,View of بناء اختبار مهاري مركب بالطبطبة والتهديف السلمي بكرة السلة لدي طلاب كلية التربية البدنية وعلوم الرياضة
https://journal.uod.ac/index.php/uodjournal/article/view/1017,200,1,text/html,"نه‌ته‌وایه‌تى د ته‌رازیا ئیسلامێ دا
							| Journal of Duhok University"
https://journal.uod.ac/index.php/uodjournal/article/view/1017/732,200,1,text/html,View of نه‌ته‌وایه‌تى د ته‌رازیا ئیسلامێ دا
https://journal.uod.ac/index.php/uodjournal/article/view/1018,200,1,text/html,"(شێواندنی وێنەی كورد وكوردستان لە سەرچاوە ئەمریكییەكاندا لە نێوان (1825-1914
							| Journal of Duhok University"
https://journal.uod.ac/index.php/uodjournal/article/view/1018/733,200,1,text/html,View of (شێواندنی وێنەی كورد وكوردستان لە سەرچاوە ئەمریكییەكاندا لە نێوان (1825-1914
https://journal.uod.ac/index.php/uodjournal/article/view/1019,200,1,text/html,"وێنای شێوێنراوی كورد‌ لای مه‌عن ئه‌لعجلی له‌ په‌رتوكه‌كه‌یدا (ماذا في شمال العراق) لێكۆڵینه‌وه‌یه‌كی شیكاری
							| Journal of Duhok University"
https://journal.uod.ac/index.php/uodjournal/article/view/1019/856,200,1,text/html,View of وێنای شێوێنراوی كورد‌ لای مه‌عن ئه‌لعجلی له‌ په‌رتوكه‌كه‌یدا (ماذا في شمال العراق) لێكۆڵینه‌وه‌یه‌كی شیكاری
https://journal.uod.ac/index.php/uodjournal/article/view/102,200,1,text/html,"ANALYSIS OF WORD ORDER IN ARABIC WITHIN THE THEORY OF GENERALIZED PHRASE STRUCTURE GRAMMAR
							| Journal of Duhok University"
https://journal.uod.ac/index.php/uodjournal/article/view/102/77,403,1,text/html,
https://journal.uod.ac/index.php/uodjournal/article/view/1020,200,1,text/html,"(نوسینەوەی مێژووی کورد لە ئێران لە نێوان سیکوچکەی وەبیرهینانەوە، لەبیر بردنەوە و داهێنان (ئاوڕدانەوەیەکی شیكاری رەخنەگرانە لە کتێبی کرد و کردستان-ی ڕەشید یاسمی
							| Journal of Duhok University"
https://journal.uod.ac/index.php/uodjournal/article/view/1020/735,200,1,text/html,View of (نوسینەوەی مێژووی کورد لە ئێران لە نێوان سیکوچکەی وەبیرهینانەوە، لەبیر بردنەوە و داهێنان (ئاوڕدانەوەیەکی شیكاری رەخنەگرانە لە کتێبی کرد و کردستان-ی ڕەشید یاسمی
https://journal.uod.ac/index.php/uodjournal/article/view/1021,200,1,text/html,"كوردستان د وێسگه‌هێن پرسا ڕۆژهه‌لاتی دا (1813-1867) ""شاشی و راستڤه‌كرن""  ڤه‌كۆلیینه‌كا دیرۆكی
							| Journal of Duhok University"
https://journal.uod.ac/index.php/uodjournal/article/view/1021/736,200,1,text/html,"View of كوردستان د وێسگه‌هێن پرسا ڕۆژهه‌لاتی دا (1813-1867) ""شاشی و راستڤه‌كرن""  ڤه‌كۆلیینه‌كا دیرۆكی"
https://journal.uod.ac/index.php/uodjournal/article/view/1022,200,1,text/html,"(رەگ وریشەی رەچەڵکی کورد لەبەررۆشنایی سەرچاوەکانی میژوودا (لێکۆڵینەوەیەکی مێژوویی بەراوردکاری شیکاریە
							| Journal of Duhok University"
https://journal.uod.ac/index.php/uodjournal/article/view/1022/737,200,1,text/html,View of (رەگ وریشەی رەچەڵکی کورد لەبەررۆشنایی سەرچاوەکانی میژوودا (لێکۆڵینەوەیەکی مێژوویی بەراوردکاری شیکاریە
https://journal.uod.ac/index.php/uodjournal/article/view/1023,200,1,text/html,"(پەرتووكا ""الاكراد فی بهدینان"" د خواندنەكا رەخنەیی و ڕاستڤەكرنێن دیرۆكی دا (ڤەكۆلینەكا بەڵگەنامەیی
							| Journal of Duhok University"
https://journal.uod.ac/index.php/uodjournal/article/view/1023/738,200,1,text/html,"View of (پەرتووكا ""الاكراد فی بهدینان"" د خواندنەكا رەخنەیی و ڕاستڤەكرنێن دیرۆكی دا (ڤەكۆلینەكا بەڵگەنامەیی"
https://journal.uod.ac/index.php/uodjournal/article/view/1024,200,1,text/html,"وێنەی کورد و کوردستان لەلای ڕۆژهەڵاتناسان لە بڵاوکراوەکانی ئەڵمانیادا لە سەدەی نۆزدەهەم،  لێکۆڵینەوەیەکی شیکاری ڕەخنەیی
							| Journal of Duhok University"
https://journal.uod.ac/index.php/uodjournal/article/view/1024/739,200,1,text/html,View of وێنەی کورد و کوردستان لەلای ڕۆژهەڵاتناسان لە بڵاوکراوەکانی ئەڵمانیادا لە سەدەی نۆزدەهەم،  لێکۆڵینەوەیەکی شیکاری ڕەخنەیی
https://journal.uod.ac/index.php/uodjournal/article/view/1025,200,1,text/html,"الحكم الكوتي لبلاد وادي الرافدين(2250-2130 ق.م) دراسة نقدية للنصوص المسمارية
							| Journal of Duhok University"
https://journal.uod.ac/index.php/uodjournal/article/view/1025/740,200,1,text/html,View of الحكم الكوتي لبلاد وادي الرافدين(2250-2130 ق.م) دراسة نقدية للنصوص المسمارية
https://journal.uod.ac/index.php/uodjournal/article/view/1026,200,1,text/html,"-بين السهل والجبل الحقيقة في تبيان ماهو سامي و غير سامي في كردستان القديمة- بحث في اللغة و الفن
							| Journal of Duhok University"
https://journal.uod.ac/index.php/uodjournal/article/view/1026/741,200,1,text/html,View of -بين السهل والجبل الحقيقة في تبيان ماهو سامي و غير سامي في كردستان القديمة- بحث في اللغة و الفن
https://journal.uod.ac/index.php/uodjournal/article/view/1027,200,1,text/html,"تحليل رموز منحوتات كهف كندك في عقرة دراسة تحليلية نقدية
							| Journal of Duhok University"
https://journal.uod.ac/index.php/uodjournal/article/view/1027/742,200,1,text/html,View of تحليل رموز منحوتات كهف كندك في عقرة دراسة تحليلية نقدية
https://journal.uod.ac/index.php/uodjournal/article/view/1028,200,1,text/html,"اشكالية المصادر السريانية  حول تاريخ  وجغرافية كردستان دراسة تحليلية نقدية
							| Journal of Duhok University"
https://journal.uod.ac/index.php/uodjournal/article/view/1028/743,200,1,text/html,View of اشكالية المصادر السريانية  حول تاريخ  وجغرافية كردستان دراسة تحليلية نقدية
https://journal.uod.ac/index.php/uodjournal/article/view/1029,200,1,text/html,"""الفتح الاسلامي لكوردستان بين التفسير الديني والمنطق التاريخي ""اراء مجموعة من الاكاديميين الكورد انموذجاً
							| Journal of Duhok University"
https://journal.uod.ac/index.php/uodjournal/article/view/1029/744,200,1,text/html,"View of ""الفتح الاسلامي لكوردستان بين التفسير الديني والمنطق التاريخي ""اراء مجموعة من الاكاديميين الكورد انموذجاً"
https://journal.uod.ac/index.php/uodjournal/article/view/1030,200,1,text/html,"الايزيدية في عدد من كتابات المؤرخين العراقيين رؤية نقدية 
							| Journal of Duhok University"
https://journal.uod.ac/index.php/uodjournal/article/view/1030/745,200,1,text/html,View of الايزيدية في عدد من كتابات المؤرخين العراقيين رؤية نقدية
https://journal.uod.ac/index.php/uodjournal/article/view/1031,200,1,text/html,"التقييم الجغرافي لخدمة المساجد في مدينة دهوك  دراسة في جغرافية الخدمات
							| Journal of Duhok University"
https://journal.uod.ac/index.php/uodjournal/article/view/1031/746,200,1,text/html,View of التقييم الجغرافي لخدمة المساجد في مدينة دهوك  دراسة في جغرافية الخدمات
https://journal.uod.ac/index.php/uodjournal/article/view/1032,200,1,text/html,"TYPES OF POWER IN INTERTEXTUALITY: SIR KEN ROBINSON'S TED TALK 'DO SCHOOLS KILL CREATIVITY?' AS A SAMPLE
							| Journal of Duhok University"
https://journal.uod.ac/index.php/uodjournal/article/view/1032/747,200,1,text/html,View of TYPES OF POWER IN INTERTEXTUALITY: SIR KEN ROBINSON'S TED TALK 'DO SCHOOLS KILL CREATIVITY?' AS A SAMPLE
https://journal.uod.ac/index.php/uodjournal/article/view/1036,200,1,text/html,"BEARING RESISTANCE OF CFRP WRAPPED CONCRETE
							| Journal of Duhok University"
https://journal.uod.ac/index.php/uodjournal/article/view/1036/748,200,1,text/html,View of BEARING RESISTANCE OF CFRP WRAPPED CONCRETE
https://journal.uod.ac/index.php/uodjournal/article/view/1057,200,1,text/html,"ئیستاتیكا جهى بابه‌ته‌كێ گرنگه‌ ژ بابه‌تێن ئه‌ده‌بى. ئه‌ڤ ڤه‌كۆلینه‌ ب ناڤونیشان(ئیساتیكا جهى د ڕۆمانین سه‌برى سلیڤانه‌یدا)، كو تێدا هه‌ول هاتییه‌ دان، به‌حسێ ئیستاتیكا جهى د چار ڕۆمانێن سه‌برى سلیڤانه‌یدا بهیته‌ ده‌ستنیشانكرن، كو ل دویڤ ڕێبازا وه‌سفى شیك
							| Journal of Duhok University"
https://journal.uod.ac/index.php/uodjournal/article/view/1057/758,200,1,text/html,View of ئیستاتیكا جهى بابه‌ته‌كێ گرنگه‌ ژ بابه‌تێن ئه‌ده‌بى. ئه‌ڤ ڤه‌كۆلینه‌ ب ناڤونیشان(ئیساتیكا جهى د ڕۆمانین سه‌برى سلیڤانه‌یدا)، كو تێدا هه‌ول هاتییه‌ دان، به‌حسێ ئیستاتیكا جهى د چار ڕۆمانێن سه‌برى سلیڤانه‌یدا بهیته‌ ده‌ستنیشانكرن، كو ل دویڤ ڕێبازا وه‌سفى شیك
https://journal.uod.ac/index.php/uodjournal/article/view/1061,200,1,text/html,"MOLECULAR CHARACTERAZATİON OF  VİRULENCE FACTORS  AMONG ANTİBACTERİAL RESİSTANT Pseudomonas Aerugınosa ISOLATED FROM BURN INFECTİONS FROM DUHOK AND  ERBİL HOSPİTALS/IRAQ
							| Journal of Duhok University"
https://journal.uod.ac/index.php/uodjournal/article/view/1061/807,200,1,text/html,View of MOLECULAR CHARACTERAZATİON OF  VİRULENCE FACTORS  AMONG ANTİBACTERİAL RESİSTANT Pseudomonas Aerugınosa ISOLATED FROM BURN INFECTİONS FROM DUHOK AND  ERBİL HOSPİTALS/IRAQ
https://journal.uod.ac/index.php/uodjournal/article/view/1062,200,1,text/html,"EFFECT OF USING WASTE IRON POWDER AS FILLER ON ASPHALT MIXTURE PROPERTIES
							| Journal of Duhok University"
https://journal.uod.ac/index.php/uodjournal/article/view/1062/808,200,1,text/html,View of EFFECT OF USING WASTE IRON POWDER AS FILLER ON ASPHALT MIXTURE PROPERTIES
https://journal.uod.ac/index.php/uodjournal/article/view/1063,200,1,text/html,"MOLECULAR STUDY OF Acinetobacter baumannii USING 16S RRNA AND BLA OXA-51 GENE ISOLATED FROM HOSPITALS IN DUHOK-KURDISTAN REGION, IRAQ
							| Journal of Duhok University"
https://journal.uod.ac/index.php/uodjournal/article/view/1063/809,200,1,text/html,"View of MOLECULAR STUDY OF Acinetobacter baumannii USING 16S RRNA AND BLA OXA-51 GENE ISOLATED FROM HOSPITALS IN DUHOK-KURDISTAN REGION, IRAQ"
https://journal.uod.ac/index.php/uodjournal/article/view/1064,200,1,text/html,"DETERMINATION EXTENSIONAL VISCOSITY AND CRACKING INDEX OF SULFURE WASTE MODIFIED ASPHALT CEMENT
							| Journal of Duhok University"
https://journal.uod.ac/index.php/uodjournal/article/view/1064/810,200,1,text/html,View of DETERMINATION EXTENSIONAL VISCOSITY AND CRACKING INDEX OF SULFURE WASTE MODIFIED ASPHALT CEMENT
https://journal.uod.ac/index.php/uodjournal/article/view/1065,200,1,text/html,"SELF-MEDICATION WITH ANALGESICS AMONG MEDICAL  AND PHARMACY STUDENTS OF UNIVERSITY OF  DUHOK - KURDISTAN REGION, IRAQ
							| Journal of Duhok University"
https://journal.uod.ac/index.php/uodjournal/article/view/1065/811,200,1,text/html,"View of SELF-MEDICATION WITH ANALGESICS AMONG MEDICAL  AND PHARMACY STUDENTS OF UNIVERSITY OF  DUHOK - KURDISTAN REGION, IRAQ"
https://journal.uod.ac/index.php/uodjournal/article/view/1066,200,1,text/html,"MATHEMATICAL TREATMENT OF  DUAL SCALING
							| Journal of Duhok University"
https://journal.uod.ac/index.php/uodjournal/article/view/1066/812,200,1,text/html,View of MATHEMATICAL TREATMENT OF  DUAL SCALING
https://journal.uod.ac/index.php/uodjournal/article/view/1067,200,1,text/html,"THE SPECTROPHOTOMETRIC DETERMINATION OF CHROMIUM (VI) USING N, N-DIETHYL-P-PHENYLENEDIAMINE IN SYNTHETICALLY PREPARED WASTEWATER, AND TAP WATER
							| Journal of Duhok University"
https://journal.uod.ac/index.php/uodjournal/article/view/1067/813,200,1,text/html,"View of THE SPECTROPHOTOMETRIC DETERMINATION OF CHROMIUM (VI) USING N, N-DIETHYL-P-PHENYLENEDIAMINE IN SYNTHETICALLY PREPARED WASTEWATER, AND TAP WATER"
https://journal.uod.ac/index.php/uodjournal/article/view/1068,200,1,text/html,"ACCURACY OF SEROLOGICAL AND STOOL ANTIGEN TESTS  (NON-INVASIVE) FOR DETECTION OF H. pylori
							| Journal of Duhok University"
https://journal.uod.ac/index.php/uodjournal/article/view/1068/814,200,1,text/html,View of ACCURACY OF SEROLOGICAL AND STOOL ANTIGEN TESTS  (NON-INVASIVE) FOR DETECTION OF H. pylori
https://journal.uod.ac/index.php/uodjournal/article/view/1069,200,1,text/html,"SEISMIC VULNERABILITY ASSESSMENT OF EXISTING RC MULTI-STORY BUILDINGS IN DUHOK CITY, KURDISTAN REGION OF IRAQ
							| Journal of Duhok University"
https://journal.uod.ac/index.php/uodjournal/article/view/1069/815,200,1,text/html,"View of SEISMIC VULNERABILITY ASSESSMENT OF EXISTING RC MULTI-STORY BUILDINGS IN DUHOK CITY, KURDISTAN REGION OF IRAQ"
https://journal.uod.ac/index.php/uodjournal/article/view/1077,200,1,text/html,"INTERNATIONAL MECHANISMS FOR PROSECUTING ISIL MEMBERS FOR THEIR CRIME OF GENOCIDE AGAINST YAZIDIS PEOPLE  IN SINJAR, IRAQ - 2014 INTERNATİONAL CRİMİNAL COURT (ICC) AS A CASE STUDY
							| Journal of Duhok University"
https://journal.uod.ac/index.php/uodjournal/article/view/1077/778,200,1,text/html,"View of INTERNATIONAL MECHANISMS FOR PROSECUTING ISIL MEMBERS FOR THEIR CRIME OF GENOCIDE AGAINST YAZIDIS PEOPLE  IN SINJAR, IRAQ - 2014 INTERNATİONAL CRİMİNAL COURT (ICC) AS A CASE STUDY"
https://journal.uod.ac/index.php/uodjournal/article/view/1080,200,1,text/html,"به‌لگه‌نامێن جینۆسایدێ د سرتانا فولكلۆری یا كوردیدا
							| Journal of Duhok University"
https://journal.uod.ac/index.php/uodjournal/article/view/1080/779,200,1,text/html,View of به‌لگه‌نامێن جینۆسایدێ د سرتانا فولكلۆری یا كوردیدا
https://journal.uod.ac/index.php/uodjournal/article/view/1081,200,1,text/html,"پاڵده‌رێن سایكۆلۆجی ل پشت ئه‌جنامدانا جینۆسایدا ئێزدیان ل ساال 2014ێ
							| Journal of Duhok University"
https://journal.uod.ac/index.php/uodjournal/article/view/1081/780,200,1,text/html,View of پاڵده‌رێن سایكۆلۆجی ل پشت ئه‌جنامدانا جینۆسایدا ئێزدیان ل ساال 2014ێ
https://journal.uod.ac/index.php/uodjournal/article/view/1082,200,1,text/html,"پاڵنه‌ره‌كانى ده‌ستپێكى تاوانى ئه‌نفال  (چه‌مى زه‌نگه‌نه‌ به‌نمونه‌)
							| Journal of Duhok University"
https://journal.uod.ac/index.php/uodjournal/article/view/1082/781,200,1,text/html,View of پاڵنه‌ره‌كانى ده‌ستپێكى تاوانى ئه‌نفال  (چه‌مى زه‌نگه‌نه‌ به‌نمونه‌)
https://journal.uod.ac/index.php/uodjournal/article/view/1084,200,1,text/html,"ISOLATION AND IDENTIFICATION OF FUNGI ASSOCIATED WITH  DIFFERENT SPECIES OF STORED GRAINES
							| Journal of Duhok University"
https://journal.uod.ac/index.php/uodjournal/article/view/1084/782,200,1,text/html,View of ISOLATION AND IDENTIFICATION OF FUNGI ASSOCIATED WITH  DIFFERENT SPECIES OF STORED GRAINES
https://journal.uod.ac/index.php/uodjournal/article/view/1085,200,1,text/html,"رەنگدانەوەی كۆمەڵكوژی كورد و میللەتانی تر لە كتێبی  كۆمەاڵیەتی قۆناغی بنەڕەتی لە هەرێمی كوردستان
							| Journal of Duhok University"
https://journal.uod.ac/index.php/uodjournal/article/view/1085/783,200,1,text/html,View of رەنگدانەوەی كۆمەڵكوژی كورد و میللەتانی تر لە كتێبی  كۆمەاڵیەتی قۆناغی بنەڕەتی لە هەرێمی كوردستان
https://journal.uod.ac/index.php/uodjournal/article/view/1086,200,1,text/html,"إرهاب الخليفة المعتصم بالله(218 -227هـ/833 – 841م) للكورد و اضطهادهم سنة226هـ/840م دراسة تاريخية
							| Journal of Duhok University"
https://journal.uod.ac/index.php/uodjournal/article/view/1086/784,200,1,text/html,View of إرهاب الخليفة المعتصم بالله(218 -227هـ/833 – 841م) للكورد و اضطهادهم سنة226هـ/840م دراسة تاريخية
https://journal.uod.ac/index.php/uodjournal/article/view/1087,200,1,text/html,"الإبادة الجماعية في روندا - مقاربة تاريخية
							| Journal of Duhok University"
https://journal.uod.ac/index.php/uodjournal/article/view/1087/785,200,1,text/html,View of الإبادة الجماعية في روندا - مقاربة تاريخية
https://journal.uod.ac/index.php/uodjournal/article/view/1088,200,1,text/html,"الإبادة والصدمة في المأساة الإغريقية القديمة - مسرحيات يوريبيديس أنموذجا-  (دراسة تحليلية وفق منهج رفائيل لمكِن)
							| Journal of Duhok University"
https://journal.uod.ac/index.php/uodjournal/article/view/1088/786,200,1,text/html,View of الإبادة والصدمة في المأساة الإغريقية القديمة - مسرحيات يوريبيديس أنموذجا-  (دراسة تحليلية وفق منهج رفائيل لمكِن)
https://journal.uod.ac/index.php/uodjournal/article/view/1089,200,1,text/html,"(البعد القومي لحملات إلابادة الجماعية في المناطق المتنازع عليها (مدينة خانقين أنموذجا
							| Journal of Duhok University"
https://journal.uod.ac/index.php/uodjournal/article/view/1089/787,200,1,text/html,View of (البعد القومي لحملات إلابادة الجماعية في المناطق المتنازع عليها (مدينة خانقين أنموذجا
https://journal.uod.ac/index.php/uodjournal/article/view/1090,200,1,text/html,"(( التسامح الديني ودوره في كبح جماح الأيديولوجيات العنفية المفضية للإبادة الجماعية –  الكورد والشيعة والإيزيديين أنموذجاً ))
							| Journal of Duhok University"
https://journal.uod.ac/index.php/uodjournal/article/view/1090/788,200,1,text/html,View of (( التسامح الديني ودوره في كبح جماح الأيديولوجيات العنفية المفضية للإبادة الجماعية –  الكورد والشيعة والإيزيديين أنموذجاً ))
https://journal.uod.ac/index.php/uodjournal/article/view/1091,200,1,text/html,"التفجيرات النووية الفرنسية في الجزائر كأحد أهم نماذج جرائم الإبادة الجماعية في القرن العشرين
							| Journal of Duhok University"
https://journal.uod.ac/index.php/uodjournal/article/view/1091/789,200,1,text/html,View of التفجيرات النووية الفرنسية في الجزائر كأحد أهم نماذج جرائم الإبادة الجماعية في القرن العشرين
https://journal.uod.ac/index.php/uodjournal/article/view/1092,200,1,text/html,"إبادة الروهنغيا دراسة في دوافع العنف البوذي
							| Journal of Duhok University"
https://journal.uod.ac/index.php/uodjournal/article/view/1092/790,200,1,text/html,View of إبادة الروهنغيا دراسة في دوافع العنف البوذي
https://journal.uod.ac/index.php/uodjournal/article/view/1093,200,1,text/html,"الفبركة  في قضية أقلية الروهينغا في وسائل الإعلام الجديد 
							| Journal of Duhok University"
https://journal.uod.ac/index.php/uodjournal/article/view/1093/791,200,1,text/html,View of الفبركة  في قضية أقلية الروهينغا في وسائل الإعلام الجديد
https://journal.uod.ac/index.php/uodjournal/article/view/1094,200,1,text/html,"المجرم والضحية والفعل الإبادي في الرواية العربية رواية الحرب الأهلية أنموذجًا
							| Journal of Duhok University"
https://journal.uod.ac/index.php/uodjournal/article/view/1094/792,200,1,text/html,View of المجرم والضحية والفعل الإبادي في الرواية العربية رواية الحرب الأهلية أنموذجًا
https://journal.uod.ac/index.php/uodjournal/article/view/1095,200,1,text/html,"النوايا التركية لارتكاب جرائم دولية في شمال شرق سوريا للمدة ( 2011-2019)	
							| Journal of Duhok University"
https://journal.uod.ac/index.php/uodjournal/article/view/1095/793,200,1,text/html,View of  النوايا التركية لارتكاب جرائم دولية في شمال شرق سوريا للمدة ( 2011-2019)
https://journal.uod.ac/index.php/uodjournal/article/view/1096,200,1,text/html,"الهولوكوست اليهودي عبر التاريخ دراسة سامية مقارنة
							| Journal of Duhok University"
https://journal.uod.ac/index.php/uodjournal/article/view/1096/794,200,1,text/html,View of الهولوكوست اليهودي عبر التاريخ دراسة سامية مقارنة
https://journal.uod.ac/index.php/uodjournal/article/view/1098,200,1,text/html,"""آليات تخفيف الآثار النفسية لعمليات الإبادة الجماعية  ""عمليات الأنفال وإبادة شنكال دراسة مقارنة
							| Journal of Duhok University"
https://journal.uod.ac/index.php/uodjournal/article/view/1098/795,200,1,text/html,"View of ""آليات تخفيف الآثار النفسية لعمليات الإبادة الجماعية  ""عمليات الأنفال وإبادة شنكال دراسة مقارنة"
https://journal.uod.ac/index.php/uodjournal/article/view/1099,200,1,text/html,"انتهاكات الحكومات السابقة لحقوق الإنسان في كوردستان العراق 1961 – 2003       
							| Journal of Duhok University"
https://journal.uod.ac/index.php/uodjournal/article/view/1099/894,200,1,text/html,View of انتهاكات الحكومات السابقة لحقوق الإنسان في كوردستان العراق 1961 – 2003
https://journal.uod.ac/index.php/uodjournal/article/view/1100,200,1,text/html,"مشكلة لاجئي الروهينغا والدور الأممي خلالها ( 1991 – 1997 )
							| Journal of Duhok University"
https://journal.uod.ac/index.php/uodjournal/article/view/1100/797,200,1,text/html,View of مشكلة لاجئي الروهينغا والدور الأممي خلالها ( 1991 – 1997 )
https://journal.uod.ac/index.php/uodjournal/article/view/1101,200,1,text/html,"بواعث ارتكاب الإبادة الجماعية للإيزيديين ( دراسة اجتماعية ميدانية ) 
							| Journal of Duhok University"
https://journal.uod.ac/index.php/uodjournal/article/view/1101/798,200,1,text/html,View of بواعث ارتكاب الإبادة الجماعية للإيزيديين ( دراسة اجتماعية ميدانية )
https://journal.uod.ac/index.php/uodjournal/article/view/1102,200,1,text/html,"تجريم الإبادة الجماعية في القانون الجنائي الوطني والمقارن (العراق كحالة للدراسة)
							| Journal of Duhok University"
https://journal.uod.ac/index.php/uodjournal/article/view/1102/799,200,1,text/html,View of تجريم الإبادة الجماعية في القانون الجنائي الوطني والمقارن (العراق كحالة للدراسة)
https://journal.uod.ac/index.php/uodjournal/article/view/1103,200,1,text/html,"دور التسامح الديني في منع الإبادة الجماعية في ضوء الكتاب والسنة (دراسة تحليلية) 
							| Journal of Duhok University"
https://journal.uod.ac/index.php/uodjournal/article/view/1103/800,200,1,text/html,View of دور التسامح الديني في منع الإبادة الجماعية في ضوء الكتاب والسنة (دراسة تحليلية)
https://journal.uod.ac/index.php/uodjournal/article/view/1104,200,1,text/html,"دور التشريع والقضاء الدوليين في مكافحة جريمة الإبادة الجماعية
							| Journal of Duhok University"
https://journal.uod.ac/index.php/uodjournal/article/view/1104/801,200,1,text/html,View of دور التشريع والقضاء الدوليين في مكافحة جريمة الإبادة الجماعية
https://journal.uod.ac/index.php/uodjournal/article/view/1105,200,1,text/html,"صراع القبائل والابادة الجماعية  -رواندا نموذجا-
							| Journal of Duhok University"
https://journal.uod.ac/index.php/uodjournal/article/view/1105/802,200,1,text/html,View of صراع القبائل والابادة الجماعية  -رواندا نموذجا-
https://journal.uod.ac/index.php/uodjournal/article/view/1106,200,1,text/html,"مدى كفاية الآليات الدولية والوطنية لمنع جريمة الإبادة الجماعية والمعاقبة عليها
							| Journal of Duhok University"
https://journal.uod.ac/index.php/uodjournal/article/view/1106/803,200,1,text/html,View of مدى كفاية الآليات الدولية والوطنية لمنع جريمة الإبادة الجماعية والمعاقبة عليها
https://journal.uod.ac/index.php/uodjournal/article/view/1107,200,1,text/html,"إيزيديو شنكال والأرمن 1914-1918 دراسة في موقف الإيزيديين من المذابح الأرمنية
							| Journal of Duhok University"
https://journal.uod.ac/index.php/uodjournal/article/view/1107/804,200,1,text/html,View of إيزيديو شنكال والأرمن 1914-1918 دراسة في موقف الإيزيديين من المذابح الأرمنية
https://journal.uod.ac/index.php/uodjournal/article/view/1108,200,1,text/html,"موقف الصحافة الأوروبية من جرائم الإبادة الجماعية ضد الكورد في إقليم كوردستان العراق - الأنفال أنموذجا
							| Journal of Duhok University"
https://journal.uod.ac/index.php/uodjournal/article/view/1108/805,200,1,text/html,View of موقف الصحافة الأوروبية من جرائم الإبادة الجماعية ضد الكورد في إقليم كوردستان العراق - الأنفال أنموذجا
https://journal.uod.ac/index.php/uodjournal/article/view/1109,200,1,text/html,"موقف الصحافة العراقية من أوضاع المسيحيين في منطقة عشيرة كويان سنة 1925  (دراسة تاريخية) 	
							| Journal of Duhok University"
https://journal.uod.ac/index.php/uodjournal/article/view/1109/806,200,1,text/html,View of موقف الصحافة العراقية من أوضاع المسيحيين في منطقة عشيرة كويان سنة 1925  (دراسة تاريخية)
https://journal.uod.ac/index.php/uodjournal/article/view/1122,200,1,text/html,"EFFECTS OF IRRIGATION FREQUENCY AND RETRIEVE CONSUMPTIVE USE ON GROWTH AND PRODUCTION OF  SORGHUM UNDER SEMIARID CONDITION 
							| Journal of Duhok University"
https://journal.uod.ac/index.php/uodjournal/article/view/1122/816,200,1,text/html,View of EFFECTS OF IRRIGATION FREQUENCY AND RETRIEVE CONSUMPTIVE USE ON GROWTH AND PRODUCTION OF  SORGHUM UNDER SEMIARID CONDITION
https://journal.uod.ac/index.php/uodjournal/article/view/1123,200,1,text/html,"RECREATIONAL USE VALUE OF SHERANA VALLEY IN DUHOK GOVERNORATE, KURDISTAN REGION OF IRAQ
							| Journal of Duhok University"
https://journal.uod.ac/index.php/uodjournal/article/view/1123/817,200,1,text/html,"View of RECREATIONAL USE VALUE OF SHERANA VALLEY IN DUHOK GOVERNORATE, KURDISTAN REGION OF IRAQ"
https://journal.uod.ac/index.php/uodjournal/article/view/1124,200,1,text/html,"EFFECT OF PLANTING DATES AND DIFFERENT CONCENTRATIONS OF IBA ON ROOTING AND VEGETATIVE GROWTH OF HARDWOOD STEM CUTTING OF THREE SPECIES OF MULBERRY (MORUS SPP.)
							| Journal of Duhok University"
https://journal.uod.ac/index.php/uodjournal/article/view/1124/818,200,1,text/html,View of EFFECT OF PLANTING DATES AND DIFFERENT CONCENTRATIONS OF IBA ON ROOTING AND VEGETATIVE GROWTH OF HARDWOOD STEM CUTTING OF THREE SPECIES OF MULBERRY (MORUS SPP.)
https://journal.uod.ac/index.php/uodjournal/article/view/1125,200,1,text/html,"PARAMETERIZATION AND EVALUATION OF INFILTRATION  MODELS FOR TWO SOILS PLAINS OF DUHOK REGION  UNDER DIFFERENT LANDUSES 
							| Journal of Duhok University"
https://journal.uod.ac/index.php/uodjournal/article/view/1125/819,200,1,text/html,View of PARAMETERIZATION AND EVALUATION OF INFILTRATION  MODELS FOR TWO SOILS PLAINS OF DUHOK REGION  UNDER DIFFERENT LANDUSES
https://journal.uod.ac/index.php/uodjournal/article/view/1126,200,1,text/html,"TOLFENPYRAD ANTIFEEDANT EFFECT ON SOME INSECTICIDES AGAINST COLORADO POTATO BEETLE Leptinotarsa decemlineata (SAY) (COLEOPTERA: CHRYSOMELIDAE)
							| Journal of Duhok University"
https://journal.uod.ac/index.php/uodjournal/article/view/1126/820,200,1,text/html,View of TOLFENPYRAD ANTIFEEDANT EFFECT ON SOME INSECTICIDES AGAINST COLORADO POTATO BEETLE Leptinotarsa decemlineata (SAY) (COLEOPTERA: CHRYSOMELIDAE)
https://journal.uod.ac/index.php/uodjournal/article/view/1127,200,1,text/html,"PREVALENCE OF CANINE INTESTINAL PARASITES IN DUHOK PROVINCE, KURDISTAN REGION, IRAQ
							| Journal of Duhok University"
https://journal.uod.ac/index.php/uodjournal/article/view/1127/821,200,1,text/html,"View of PREVALENCE OF CANINE INTESTINAL PARASITES IN DUHOK PROVINCE, KURDISTAN REGION, IRAQ"
https://journal.uod.ac/index.php/uodjournal/article/view/1128,200,1,text/html,"RESPONSE YIELD AND SOME GROWTH PARAMETERS OF BREAD WHEAT TO NANO AND NITROGEN FERTILIZERS
							| Journal of Duhok University"
https://journal.uod.ac/index.php/uodjournal/article/view/1128/822,200,1,text/html,View of RESPONSE YIELD AND SOME GROWTH PARAMETERS OF BREAD WHEAT TO NANO AND NITROGEN FERTILIZERS
https://journal.uod.ac/index.php/uodjournal/article/view/113,200,1,text/html,"RELATIONS BETWEEN TURKISH STATE AND KURDISH SOCIETY IN TURKEY
							| Journal of Duhok University"
https://journal.uod.ac/index.php/uodjournal/article/view/113/78,200,1,text/html,View of RELATIONS BETWEEN TURKISH STATE AND KURDISH SOCIETY IN TURKEY
https://journal.uod.ac/index.php/uodjournal/article/view/1138,200,1,text/html,"ASSESSMENT OF GYPSUM AND LIMESTONE ROCKS FROM FAT’HA FORMATION (M. MIOCENE) FOR MAKING WALLBOARD IN THE MAKHMUR AREA – NORTHERN IRAQ
							| Journal of Duhok University"
https://journal.uod.ac/index.php/uodjournal/article/view/1138/827,200,1,text/html,View of ASSESSMENT OF GYPSUM AND LIMESTONE ROCKS FROM FAT’HA FORMATION (M. MIOCENE) FOR MAKING WALLBOARD IN THE MAKHMUR AREA – NORTHERN IRAQ
https://journal.uod.ac/index.php/uodjournal/article/view/1139,200,1,text/html,"EVALUATION OF HOSPITALS WASTE MANAGEMENT PROCESS, THE CASE STUDY OF DUHOK CITY
							| Journal of Duhok University"
https://journal.uod.ac/index.php/uodjournal/article/view/1139/828,200,1,text/html,"View of EVALUATION OF HOSPITALS WASTE MANAGEMENT PROCESS, THE CASE STUDY OF DUHOK CITY"
https://journal.uod.ac/index.php/uodjournal/article/view/114,200,1,text/html,"THE STUDY OF OLD KURDISH POEMS IN KURDISH LITERATURE
							| Journal of Duhok University"
https://journal.uod.ac/index.php/uodjournal/article/view/114/79,200,1,text/html,View of THE STUDY OF OLD KURDISH POEMS IN KURDISH LITERATURE
https://journal.uod.ac/index.php/uodjournal/article/view/1140,200,1,text/html,"EFFECT OF SEAWEED EXTRACT AND MULCHING BY DIFFERENT PLASTIC COLOUR   ON VEGETATIVE GROWTH AND YIELD OF TWO EGGPLANTS HYBRID ( Solanum melongena L. ).
							| Journal of Duhok University"
https://journal.uod.ac/index.php/uodjournal/article/view/1140/829,200,1,text/html,View of EFFECT OF SEAWEED EXTRACT AND MULCHING BY DIFFERENT PLASTIC COLOUR   ON VEGETATIVE GROWTH AND YIELD OF TWO EGGPLANTS HYBRID ( Solanum melongena L. ).
https://journal.uod.ac/index.php/uodjournal/article/view/1142,200,1,text/html,"THE INFLUENCE OF DIFFERENT THICKNESS ON THE PHYSICAL PROPERTIES OF TIO2 THIN FILMS PREPARED  BY CHEMICAL THERMAL EVAPORATION
							| Journal of Duhok University"
https://journal.uod.ac/index.php/uodjournal/article/view/1142/833,200,1,text/html,View of THE INFLUENCE OF DIFFERENT THICKNESS ON THE PHYSICAL PROPERTIES OF TIO2 THIN FILMS PREPARED  BY CHEMICAL THERMAL EVAPORATION
https://journal.uod.ac/index.php/uodjournal/article/view/1143,200,1,text/html,"BURIED WITHIN SITES AND SEDIMENTS: THE RELATIONSHIP OF MEMORY AND PLACE IN GEORGES PEREC'S W OR THE MEMORY OF CHILDHOOD AND ANNE MICHAELS'S FUGITIVE PIECES
							| Journal of Duhok University"
https://journal.uod.ac/index.php/uodjournal/article/view/1143/834,200,1,text/html,View of BURIED WITHIN SITES AND SEDIMENTS: THE RELATIONSHIP OF MEMORY AND PLACE IN GEORGES PEREC'S W OR THE MEMORY OF CHILDHOOD AND ANNE MICHAELS'S FUGITIVE PIECES
https://journal.uod.ac/index.php/uodjournal/article/view/1144,200,1,text/html,"CONTAGION (2011) AS A PREDICTION OF A GLOBAL PANDEMIC  OF COVID19
							| Journal of Duhok University"
https://journal.uod.ac/index.php/uodjournal/article/view/1144/835,200,1,text/html,View of CONTAGION (2011) AS A PREDICTION OF A GLOBAL PANDEMIC  OF COVID19
https://journal.uod.ac/index.php/uodjournal/article/view/1145,200,1,text/html,"THE REDEFINITION OF REGIONAL SECURITY: THE RISE OF THE KRI AS A NON-DISPENSABLE PARTNER
							| Journal of Duhok University"
https://journal.uod.ac/index.php/uodjournal/article/view/1145/836,200,1,text/html,View of THE REDEFINITION OF REGIONAL SECURITY: THE RISE OF THE KRI AS A NON-DISPENSABLE PARTNER
https://journal.uod.ac/index.php/uodjournal/article/view/1146,200,1,text/html,"(ڕەهەندە کۆمەڵایەتی و کولتوورییەکانی خەتەنەی کچان  (توێژینەوەیەکی مەیدانییە لە هەرێمی کوردستان
							| Journal of Duhok University"
https://journal.uod.ac/index.php/uodjournal/article/view/1146/837,200,1,text/html,View of (ڕەهەندە کۆمەڵایەتی و کولتوورییەکانی خەتەنەی کچان  (توێژینەوەیەکی مەیدانییە لە هەرێمی کوردستان
https://journal.uod.ac/index.php/uodjournal/article/view/1147,200,1,text/html,"""مدى تضمين مناهج اللغة الانجليزية لمرحلة  التعليم الأساسية لمنظومة المعايير المقترحة ""
							| Journal of Duhok University"
https://journal.uod.ac/index.php/uodjournal/article/view/1147/838,200,1,text/html,"View of ""مدى تضمين مناهج اللغة الانجليزية لمرحلة  التعليم الأساسية لمنظومة المعايير المقترحة """
https://journal.uod.ac/index.php/uodjournal/article/view/1148,200,1,text/html,"تحليل وقياس اثر السياسة النقدية على الاستقرار الاقتصادي في العراق للمدة(1990-2019) باستخدام مربع كالدور السحري
							| Journal of Duhok University"
https://journal.uod.ac/index.php/uodjournal/article/view/1148/862,200,1,text/html,View of تحليل وقياس اثر السياسة النقدية على الاستقرار الاقتصادي في العراق للمدة(1990-2019) باستخدام مربع كالدور السحري
https://journal.uod.ac/index.php/uodjournal/article/view/1149,200,1,text/html,"( الضمان الاجتماعي عن إصابات العمل في القانون الدولي الخاص1)
							| Journal of Duhok University"
https://journal.uod.ac/index.php/uodjournal/article/view/1149/840,200,1,text/html,View of  ( الضمان الاجتماعي عن إصابات العمل في القانون الدولي الخاص1)
https://journal.uod.ac/index.php/uodjournal/article/view/115,200,1,text/html,"THE STUDY OF THE DISTRIBUTION OF THE NATURAL RESOURCES REVENUE (NATURAL GAS AND OIL) IN THE FEDERAL SYSTEM, CASE STUDY, THE KURDISTAN REGION OF IRAQ (2005-2016)
							| Journal of Duhok University"
https://journal.uod.ac/index.php/uodjournal/article/view/115/80,200,1,text/html,"View of THE STUDY OF THE DISTRIBUTION OF THE NATURAL RESOURCES REVENUE (NATURAL GAS AND OIL) IN THE FEDERAL SYSTEM, CASE STUDY, THE KURDISTAN REGION OF IRAQ (2005-2016)"
https://journal.uod.ac/index.php/uodjournal/article/view/1159,200,1,text/html,"تأثير التدريب الذهني المباشر في تطوير سرعة ردالفعل والضربة اللولبية المستقيمة الأمامية والخلفية بالتنس الطاولة لدى اللاعبين الناشئين
							| Journal of Duhok University"
https://journal.uod.ac/index.php/uodjournal/article/view/1159/841,200,1,text/html,View of تأثير التدريب الذهني المباشر في تطوير سرعة ردالفعل والضربة اللولبية المستقيمة الأمامية والخلفية بالتنس الطاولة لدى اللاعبين الناشئين
https://journal.uod.ac/index.php/uodjournal/article/view/116,200,1,text/html,"THE EFFECT OF THE GENDER ROLE IN KURDISH CULTURE AND TRADITION, THE QUESTIONNAIRE SURVEY HAS BEEN CONDUCTED IN SEVERAL SCHOOLS IN THE SULAYMANIYAH CITY
							| Journal of Duhok University"
https://journal.uod.ac/index.php/uodjournal/article/view/116/81,200,1,text/html,"View of THE EFFECT OF THE GENDER ROLE IN KURDISH CULTURE AND TRADITION, THE QUESTIONNAIRE SURVEY HAS BEEN CONDUCTED IN SEVERAL SCHOOLS IN THE SULAYMANIYAH CITY"
https://journal.uod.ac/index.php/uodjournal/article/view/1160,200,1,text/html,"شێوازێ لابردنێ د ئاخڤتنا خه‌لكێ دهوكێدا 
							| Journal of Duhok University"
https://journal.uod.ac/index.php/uodjournal/article/view/1160/842,200,1,text/html,View of شێوازێ لابردنێ د ئاخڤتنا خه‌لكێ دهوكێدا
https://journal.uod.ac/index.php/uodjournal/article/view/1161,200,1,text/html,"الإلتزمات غير المالية لشركات النفط العاملة في اقليم كوردستان
							| Journal of Duhok University"
https://journal.uod.ac/index.php/uodjournal/article/view/1161/843,200,1,text/html,View of الإلتزمات غير المالية لشركات النفط العاملة في اقليم كوردستان
https://journal.uod.ac/index.php/uodjournal/article/view/1162,200,1,text/html,"أنماط المناخ الأخلاقي ودورها في تحسين التحفيز الأكاديمي لطلاب التعليم العالي دراسة استطلاعية لآراء عينة من الطلاب في كليات جامعة دهوك
							| Journal of Duhok University"
https://journal.uod.ac/index.php/uodjournal/article/view/1162/844,200,1,text/html,View of أنماط المناخ الأخلاقي ودورها في تحسين التحفيز الأكاديمي لطلاب التعليم العالي دراسة استطلاعية لآراء عينة من الطلاب في كليات جامعة دهوك
https://journal.uod.ac/index.php/uodjournal/article/view/1163,200,1,text/html,"خواندنه‌كا ئه‌نتروپۆلۆجى بۆ رۆمانا (سییا ئه‌ڤینێ) یا (مه‌همه‌د ئوزون)ى
							| Journal of Duhok University"
https://journal.uod.ac/index.php/uodjournal/article/view/1163/845,200,1,text/html,View of خواندنه‌كا ئه‌نتروپۆلۆجى بۆ رۆمانا (سییا ئه‌ڤینێ) یا (مه‌همه‌د ئوزون)ى
https://journal.uod.ac/index.php/uodjournal/article/view/1164,200,1,text/html,"دور نظم المعلومات الجغرافية في التخطيط السياحي دراسة  إستطلاعية لأراء عينة من العاملين في عدد من المؤسسات السياحية في مدينة دهوك
							| Journal of Duhok University"
https://journal.uod.ac/index.php/uodjournal/article/view/1164/846,200,1,text/html,View of دور نظم المعلومات الجغرافية في التخطيط السياحي دراسة  إستطلاعية لأراء عينة من العاملين في عدد من المؤسسات السياحية في مدينة دهوك
https://journal.uod.ac/index.php/uodjournal/article/view/1165,200,1,text/html,"التنبؤ بمستوى الإنجاز بدلالة بعض القياسات البايوكيميائية والبدنية والمهارية كمؤشر للانتقاء لدى ناشئي كرة السلة
							| Journal of Duhok University"
https://journal.uod.ac/index.php/uodjournal/article/view/1165/847,200,1,text/html,View of التنبؤ بمستوى الإنجاز بدلالة بعض القياسات البايوكيميائية والبدنية والمهارية كمؤشر للانتقاء لدى ناشئي كرة السلة
https://journal.uod.ac/index.php/uodjournal/article/view/1166,200,1,text/html,"ستراتیجیه‌تێن گازنده‌كرنێ د ئاخڤتنا سه‌نته‌رێ‌ ده‌ڤۆكا دهۆكیدا
							| Journal of Duhok University"
https://journal.uod.ac/index.php/uodjournal/article/view/1166/848,200,1,text/html,View of ستراتیجیه‌تێن گازنده‌كرنێ د ئاخڤتنا سه‌نته‌رێ‌ ده‌ڤۆكا دهۆكیدا
https://journal.uod.ac/index.php/uodjournal/article/view/1167,200,1,text/html,"لەهەنگ و مژارا ناسنامە یا جڤاکی د كورتە ڕۆمانا (گولستان و شەڤ)دا
							| Journal of Duhok University"
https://journal.uod.ac/index.php/uodjournal/article/view/1167/860,200,1,text/html,View of لەهەنگ و مژارا ناسنامە یا جڤاکی د كورتە ڕۆمانا (گولستان و شەڤ)دا
https://journal.uod.ac/index.php/uodjournal/article/view/1168,200,1,text/html,"TURN TAKING STRATEGIES IN KURDISH CASUAL CONVERSATION
							| Journal of Duhok University"
https://journal.uod.ac/index.php/uodjournal/article/view/1168/850,200,1,text/html,View of TURN TAKING STRATEGIES IN KURDISH CASUAL CONVERSATION
https://journal.uod.ac/index.php/uodjournal/article/view/1169,200,1,text/html,"نظام الانذار المبكر ودوره في الحد من مخاطر الكوارث ""دراسة في اطار الصكوك الدولية ذات الصلة ""
							| Journal of Duhok University"
https://journal.uod.ac/index.php/uodjournal/article/view/1169/851,200,1,text/html,"View of نظام الانذار المبكر ودوره في الحد من مخاطر الكوارث ""دراسة في اطار الصكوك الدولية ذات الصلة """
https://journal.uod.ac/index.php/uodjournal/article/view/117,200,1,text/html,"THE STUDY OF THE CREATIVITY IN THE WRITING WORKS OF SHEIKH TAHIR SHUSHY
							| Journal of Duhok University"
https://journal.uod.ac/index.php/uodjournal/article/view/117/82,200,1,text/html,View of THE STUDY OF THE CREATIVITY IN THE WRITING WORKS OF SHEIKH TAHIR SHUSHY
https://journal.uod.ac/index.php/uodjournal/article/view/1170,200,1,text/html,"علماء إمارة بهدينان في الموصل الجليلية 1726- 1834 "" الشيخ عبدالله الربتكي المدرس أنموذجاً ""
							| Journal of Duhok University"
https://journal.uod.ac/index.php/uodjournal/article/view/1170/852,200,1,text/html,"View of علماء إمارة بهدينان في الموصل الجليلية 1726- 1834 "" الشيخ عبدالله الربتكي المدرس أنموذجاً """
https://journal.uod.ac/index.php/uodjournal/article/view/1173,200,1,text/html,"تأثير اعلانات التسويق الاجتماعي في سلوك الجمهور بخصوص الوقاية من فيروس كورونا  دراسة ميدانية لعينة من مواطني إقليم كُردستان العراق
							| Journal of Duhok University"
https://journal.uod.ac/index.php/uodjournal/article/view/1173/853,200,1,text/html,View of تأثير اعلانات التسويق الاجتماعي في سلوك الجمهور بخصوص الوقاية من فيروس كورونا  دراسة ميدانية لعينة من مواطني إقليم كُردستان العراق
https://journal.uod.ac/index.php/uodjournal/article/view/1174,200,1,text/html,"الصراعات الطاقوية  في ظل الازمات الاقليمية  (دراسة في الازمة السورية والاوكرانية واثرها على بنية النظام الدولي)
							| Journal of Duhok University"
https://journal.uod.ac/index.php/uodjournal/article/view/1174/854,200,1,text/html,View of الصراعات الطاقوية  في ظل الازمات الاقليمية  (دراسة في الازمة السورية والاوكرانية واثرها على بنية النظام الدولي)
https://journal.uod.ac/index.php/uodjournal/article/view/1177,200,1,text/html,"COMPARISON BETWEEN SOME PHYSICAL AND CHEMICAL PROPERTIES OF MOLLISOLS AND VERTISOLS  IN KURDISTAN REGION, IRAQ
							| Journal of Duhok University"
https://journal.uod.ac/index.php/uodjournal/article/view/1177/857,200,1,text/html,"View of COMPARISON BETWEEN SOME PHYSICAL AND CHEMICAL PROPERTIES OF MOLLISOLS AND VERTISOLS  IN KURDISTAN REGION, IRAQ"
https://journal.uod.ac/index.php/uodjournal/article/view/1178,200,1,text/html,"THE LEVEL OF KNOWLEDGE OF THE RURAL PEOPLE ON THE ECOLOGICAL AND BIOLOGICAL ASPECTS OF THE RED FOX (Vulpesvulpes) IN SHARYA COMPLEX IN DUHOK GOVERNORATE  IN KURDISTAN OF IRAQ ABSTRACT:
							| Journal of Duhok University"
https://journal.uod.ac/index.php/uodjournal/article/view/1178/858,200,1,text/html,View of THE LEVEL OF KNOWLEDGE OF THE RURAL PEOPLE ON THE ECOLOGICAL AND BIOLOGICAL ASPECTS OF THE RED FOX (Vulpesvulpes) IN SHARYA COMPLEX IN DUHOK GOVERNORATE  IN KURDISTAN OF IRAQ ABSTRACT:
https://journal.uod.ac/index.php/uodjournal/article/view/118,200,1,text/html,"THE IDENTIFICATION OF THE MAIN GRAMMATICAL AND SEMANTIC FEATURES OF THE LIGHT OR DEFECTED VERB "" BÖN"" IN KURDISH LANGUAGE (BADINAN ACCENT) .
							| Journal of Duhok University"
https://journal.uod.ac/index.php/uodjournal/article/view/118/83,200,1,text/html,"View of THE IDENTIFICATION OF THE MAIN GRAMMATICAL AND SEMANTIC FEATURES OF THE LIGHT OR DEFECTED VERB "" BÖN"" IN KURDISH LANGUAGE (BADINAN ACCENT) ."
https://journal.uod.ac/index.php/uodjournal/article/view/1182,200,1,text/html,"خستنه‌پال د گوڤه‌را به‌هدینیدا
							| Journal of Duhok University"
https://journal.uod.ac/index.php/uodjournal/article/view/1182/859,200,1,text/html,View of خستنه‌پال د گوڤه‌را به‌هدینیدا
https://journal.uod.ac/index.php/uodjournal/article/view/1185,200,1,text/html,"INFLUENCE OF IBA AND MEDIA ON ROOTING  PERCENTAGE AND GROWTH OF SEMI-HARDWOOD CUTTINGS OF RED-TIP PHOTINIA PLANT (PHOTINIA X FRASERI)
							| Journal of Duhok University"
https://journal.uod.ac/index.php/uodjournal/article/view/1185/863,200,1,text/html,View of INFLUENCE OF IBA AND MEDIA ON ROOTING  PERCENTAGE AND GROWTH OF SEMI-HARDWOOD CUTTINGS OF RED-TIP PHOTINIA PLANT (PHOTINIA X FRASERI)
https://journal.uod.ac/index.php/uodjournal/article/view/119,200,1,text/html,"A SOCIAL STUDY OF ASHES OF SCATTERED PAINTING
							| Journal of Duhok University"
https://journal.uod.ac/index.php/uodjournal/article/view/119/84,200,1,text/html,View of A SOCIAL STUDY OF ASHES OF SCATTERED PAINTING
https://journal.uod.ac/index.php/uodjournal/article/view/1193,200,1,text/html,"A STUDY OF THEORETICAL AND EXPERIMENTAL OF COOLING PROCESS IN A GEOTHERMAL ENERGY SYSTEM  BY USING A PROTOTYPE
							| Journal of Duhok University"
https://journal.uod.ac/index.php/uodjournal/article/view/1193/916,200,1,text/html,View of A STUDY OF THEORETICAL AND EXPERIMENTAL OF COOLING PROCESS IN A GEOTHERMAL ENERGY SYSTEM  BY USING A PROTOTYPE
https://journal.uod.ac/index.php/uodjournal/article/view/1194,200,1,text/html,"(تطور الاوضاع الداخلية في كمبوديا تحت حكم الخمير الحمر (1975 – 1979 
							| Journal of Duhok University"
https://journal.uod.ac/index.php/uodjournal/article/view/1194/901,200,1,text/html,View of (تطور الاوضاع الداخلية في كمبوديا تحت حكم الخمير الحمر (1975 – 1979
https://journal.uod.ac/index.php/uodjournal/article/view/1195,200,1,text/html,"(القيم الحضارية لمعارك صلاح الدين الايوبي (معركة حطين وفتح بيت المقدس –أنموذجا
							| Journal of Duhok University"
https://journal.uod.ac/index.php/uodjournal/article/view/1195/902,200,1,text/html,View of (القيم الحضارية لمعارك صلاح الدين الايوبي (معركة حطين وفتح بيت المقدس –أنموذجا
https://journal.uod.ac/index.php/uodjournal/article/view/12,200,1,text/html,"PROCESS - ORIENTED ARCHITECTURE: EFFECT OF A DESIGN METHODOLOGY ON OUTCOMES OF ARCHITECTURE STUDENTS
							| Journal of Duhok University"
https://journal.uod.ac/index.php/uodjournal/article/view/12/1,200,1,text/html,View of PROCESS - ORIENTED ARCHITECTURE: EFFECT OF A DESIGN METHODOLOGY ON OUTCOMES OF ARCHITECTURE STUDENTS
https://journal.uod.ac/index.php/uodjournal/article/view/120,200,1,text/html,"THE COMPARISON BETWEEN THE DAILY LANGUAGE AND MEMORY WITHIN THE KURDISH LITERATURE
							| Journal of Duhok University"
https://journal.uod.ac/index.php/uodjournal/article/view/120/85,200,1,text/html,View of THE COMPARISON BETWEEN THE DAILY LANGUAGE AND MEMORY WITHIN THE KURDISH LITERATURE
https://journal.uod.ac/index.php/uodjournal/article/view/1201,200,1,text/html,"INVESTIGATING THE ANTIBACTERIAL ACTIVITY OF ETHANOL EXTRACT OF THE MEDICINAL PLANT RUTA GRAVEOLENS
							| Journal of Duhok University"
https://journal.uod.ac/index.php/uodjournal/article/view/1201/917,200,1,text/html,View of INVESTIGATING THE ANTIBACTERIAL ACTIVITY OF ETHANOL EXTRACT OF THE MEDICINAL PLANT RUTA GRAVEOLENS
https://journal.uod.ac/index.php/uodjournal/article/view/1202,200,1,text/html,"MOLECULAR CHARACTERIZATION OF SOME CARBAPENEM-RESISTANCE GENES AMONG Pseudomonas aeruginosa ISOLATED FROM WOUND  AND BURN  INFECTIONS IN DUHOK  CITY, IRAQ
							| Journal of Duhok University"
https://journal.uod.ac/index.php/uodjournal/article/view/1202/918,200,1,text/html,"View of MOLECULAR CHARACTERIZATION OF SOME CARBAPENEM-RESISTANCE GENES AMONG Pseudomonas aeruginosa ISOLATED FROM WOUND  AND BURN  INFECTIONS IN DUHOK  CITY, IRAQ"
https://journal.uod.ac/index.php/uodjournal/article/view/1203,200,1,text/html,"EFFECT OF IRRIGATION WATER SALINITY AND TEMPERATURE ON AMMONIA VOLATILIZATION FROM CALCAREOUS SOIL
							| Journal of Duhok University"
https://journal.uod.ac/index.php/uodjournal/article/view/1203/919,200,1,text/html,View of EFFECT OF IRRIGATION WATER SALINITY AND TEMPERATURE ON AMMONIA VOLATILIZATION FROM CALCAREOUS SOIL
https://journal.uod.ac/index.php/uodjournal/article/view/121,200,1,text/html,"THE CONCLUSION OF THE BIOGRAPHY FROM ANALYZING CONSIDERED POEMS: PESHMARGA (FATAH GULY AS CASE STUDY)
							| Journal of Duhok University"
https://journal.uod.ac/index.php/uodjournal/article/view/121/86,200,1,text/html,View of THE CONCLUSION OF THE BIOGRAPHY FROM ANALYZING CONSIDERED POEMS: PESHMARGA (FATAH GULY AS CASE STUDY)
https://journal.uod.ac/index.php/uodjournal/article/view/122,200,1,text/html,"CONNECTION WITHOUT CONJUNCTIONS IN BAHDINI KURDISH COMPOUND SENTENCES
							| Journal of Duhok University"
https://journal.uod.ac/index.php/uodjournal/article/view/122/87,200,1,text/html,View of CONNECTION WITHOUT CONJUNCTIONS IN BAHDINI KURDISH COMPOUND SENTENCES
https://journal.uod.ac/index.php/uodjournal/article/view/1251,200,1,text/html,"DESIGN OF CPW FED TWO LAYERED RECTANGULAR DIELECTRIC RESONATOR ANTENNA FOR 5G MOBILE COMMUNICATIONS
							| Journal of Duhok University"
https://journal.uod.ac/index.php/uodjournal/article/view/1251/910,200,1,text/html,View of DESIGN OF CPW FED TWO LAYERED RECTANGULAR DIELECTRIC RESONATOR ANTENNA FOR 5G MOBILE COMMUNICATIONS
https://journal.uod.ac/index.php/uodjournal/article/view/1259,200,1,text/html,"تشخيص واقع سلوك التملق الوظيفي  دراسة استطلاعية لآراء عينة من التدريسيين في كلية الادارة والاقتصاد/جامعة دهوك 
							| Journal of Duhok University"
https://journal.uod.ac/index.php/uodjournal/article/view/1259/923,200,1,text/html,View of تشخيص واقع سلوك التملق الوظيفي  دراسة استطلاعية لآراء عينة من التدريسيين في كلية الادارة والاقتصاد/جامعة دهوك
https://journal.uod.ac/index.php/uodjournal/article/view/128,200,1,text/html,"EFFECTTHE ELECTRICAL SHOCK ON THE HEART RATES OF HOUSE FLYMusca domestica
							| Journal of Duhok University"
https://journal.uod.ac/index.php/uodjournal/article/view/128/88,200,1,text/html,View of EFFECTTHE ELECTRICAL SHOCK ON THE HEART RATES OF HOUSE FLYMusca domestica
https://journal.uod.ac/index.php/uodjournal/article/view/1284,200,1,text/html,"تایبه‌تمه‌ندییێن كورتیله‌ چیرۆكێ د كومه‌لا كورت و كورتیله‌ چیرۆكێن (ڕۆژه‌كا گه‌رم) یا  سه‌گڤان خه‌لیل هیدایه‌تیدا 
							| Journal of Duhok University"
https://journal.uod.ac/index.php/uodjournal/article/view/1284/925,200,1,text/html,View of تایبه‌تمه‌ندییێن كورتیله‌ چیرۆكێ د كومه‌لا كورت و كورتیله‌ چیرۆكێن (ڕۆژه‌كا گه‌رم) یا  سه‌گڤان خه‌لیل هیدایه‌تیدا
https://journal.uod.ac/index.php/uodjournal/article/view/1285,200,1,text/html,"RESUMPTIVE MODIFIERS IN ENGLISH GRAMMAR:  AN ECLECTIC APPROACH
							| Journal of Duhok University"
https://journal.uod.ac/index.php/uodjournal/article/view/1285/926,200,1,text/html,View of RESUMPTIVE MODIFIERS IN ENGLISH GRAMMAR:  AN ECLECTIC APPROACH
https://journal.uod.ac/index.php/uodjournal/article/view/1286,200,1,text/html,"سلوك التنمر الوظيفي ودوره في الولاء التنظيمي  دراسة تحليلية لآراء عينة من التدريسين في عدد من الكليات في جامعة دهوك 
							| Journal of Duhok University"
https://journal.uod.ac/index.php/uodjournal/article/view/1286/927,200,1,text/html,View of سلوك التنمر الوظيفي ودوره في الولاء التنظيمي  دراسة تحليلية لآراء عينة من التدريسين في عدد من الكليات في جامعة دهوك
https://journal.uod.ac/index.php/uodjournal/article/view/1287,200,1,text/html,"رولێن واتایی یێن ئارگیومێنتێن كارى( د گوڤه‌را به‌هدینیدا)
							| Journal of Duhok University"
https://journal.uod.ac/index.php/uodjournal/article/view/1287/928,200,1,text/html,View of رولێن واتایی یێن ئارگیومێنتێن كارى( د گوڤه‌را به‌هدینیدا)
https://journal.uod.ac/index.php/uodjournal/article/view/1288,200,1,text/html,"كرده‌یا تێكچوونا ڕۆخساری و ستراتیژیه‌تێن ڕێزگرتنێ‌ د ئاخڤتنا سه‌نته‌رێ‌ خه‌لكێ‌  ده‌ڤۆكا دهۆكێدا
							| Journal of Duhok University"
https://journal.uod.ac/index.php/uodjournal/article/view/1288/929,200,1,text/html,View of كرده‌یا تێكچوونا ڕۆخساری و ستراتیژیه‌تێن ڕێزگرتنێ‌ د ئاخڤتنا سه‌نته‌رێ‌ خه‌لكێ‌  ده‌ڤۆكا دهۆكێدا
https://journal.uod.ac/index.php/uodjournal/article/view/1289,200,1,text/html,"ازمة تقاسم الثروات الطبيعية في ظل قصور النصوص الدستورية (العراق نموذجاً)
							| Journal of Duhok University"
https://journal.uod.ac/index.php/uodjournal/article/view/1289/930,200,1,text/html,View of ازمة تقاسم الثروات الطبيعية في ظل قصور النصوص الدستورية (العراق نموذجاً)
https://journal.uod.ac/index.php/uodjournal/article/view/129,200,1,text/html,"EFFECT OF PLANT GEL ON THE FLOWERS OF BALCONIES GARDEN (Verbena canadiensis) UNDER SULAYMANI CITY CONDITIONS
							| Journal of Duhok University"
https://journal.uod.ac/index.php/uodjournal/article/view/129/89,200,1,text/html,View of EFFECT OF PLANT GEL ON THE FLOWERS OF BALCONIES GARDEN (Verbena canadiensis) UNDER SULAYMANI CITY CONDITIONS
https://journal.uod.ac/index.php/uodjournal/article/view/1290,200,1,text/html,"ورووژانا ره‌گه‌زپه‌رستانه‌ د گووتارا نه‌ته‌وه‌ییا مه‌لاخه‌لیل مشه‌ختیدا
							| Journal of Duhok University"
https://journal.uod.ac/index.php/uodjournal/article/view/1290/931,200,1,text/html,View of ورووژانا ره‌گه‌زپه‌رستانه‌ د گووتارا نه‌ته‌وه‌ییا مه‌لاخه‌لیل مشه‌ختیدا
https://journal.uod.ac/index.php/uodjournal/article/view/1291,200,1,text/html,"أنماط التحالفات الاستراتيجية ودورها في تحقيق الميزة التنافسية المستدامة:  دراسة استطلاعية لاراء عينة من المديرين في عدد من الشركات ومكاتب السياحة والسفر في مدينة دهوك
							| Journal of Duhok University"
https://journal.uod.ac/index.php/uodjournal/article/view/1291/932,200,1,text/html,View of أنماط التحالفات الاستراتيجية ودورها في تحقيق الميزة التنافسية المستدامة:  دراسة استطلاعية لاراء عينة من المديرين في عدد من الشركات ومكاتب السياحة والسفر في مدينة دهوك
https://journal.uod.ac/index.php/uodjournal/article/view/1292,200,1,text/html,"الثلاثيات التركيبيّة في القرآن الكريم دراسة دلاليّة (أُسلوب الأمر نموذجاً)
							| Journal of Duhok University"
https://journal.uod.ac/index.php/uodjournal/article/view/1292/933,200,1,text/html,View of الثلاثيات التركيبيّة في القرآن الكريم دراسة دلاليّة (أُسلوب الأمر نموذجاً)
https://journal.uod.ac/index.php/uodjournal/article/view/1293,200,1,text/html,"HOMOSEXUALITY IN LILLIAN HELLMAN'S THE CHILDREN'S HOUR AND DIANA SON’S STOP KISS
							| Journal of Duhok University"
https://journal.uod.ac/index.php/uodjournal/article/view/1293/934,200,1,text/html,View of HOMOSEXUALITY IN LILLIAN HELLMAN'S THE CHILDREN'S HOUR AND DIANA SON’S STOP KISS
https://journal.uod.ac/index.php/uodjournal/article/view/1296,200,1,text/html,"ترجمة و دراسة التعابير الاصطلاحية بين اللغتين العربية و الكوردية
							| Journal of Duhok University"
https://journal.uod.ac/index.php/uodjournal/article/view/1296/935,200,1,text/html,View of ترجمة و دراسة التعابير الاصطلاحية بين اللغتين العربية و الكوردية
https://journal.uod.ac/index.php/uodjournal/article/view/1297,200,1,text/html,"خصائص مخرجات نظام المعلومات الاستراتيجية ودورها في توليد المعرفة الاستراتيجية  دراسة تحليلية لآراء عينة من القيادات الجامعية في جامعة دهوك التقنية 
							| Journal of Duhok University"
https://journal.uod.ac/index.php/uodjournal/article/view/1297/936,200,1,text/html,View of خصائص مخرجات نظام المعلومات الاستراتيجية ودورها في توليد المعرفة الاستراتيجية  دراسة تحليلية لآراء عينة من القيادات الجامعية في جامعة دهوك التقنية
https://journal.uod.ac/index.php/uodjournal/article/view/1298,200,1,text/html,"(( رۆلێ وێنه‌یێ مرۆڤگه‌رایی د كۆمه‌له‌ هوزانێن(نڤستن د چاڤێن نێرگزێدا)  یا هوزانڤان(به‌شیر مزیری))
							| Journal of Duhok University"
https://journal.uod.ac/index.php/uodjournal/article/view/1298/937,200,1,text/html,View of (( رۆلێ وێنه‌یێ مرۆڤگه‌رایی د كۆمه‌له‌ هوزانێن(نڤستن د چاڤێن نێرگزێدا)  یا هوزانڤان(به‌شیر مزیری))
https://journal.uod.ac/index.php/uodjournal/article/view/1299,200,1,text/html,"ڕێكپێدان و  قه‌ده‌غه‌كرن د ئاخڤتنا خه‌لكێ‌ سه‌نته‌رێ‌ ده‌ڤۆكا دهۆكێدا
							| Journal of Duhok University"
https://journal.uod.ac/index.php/uodjournal/article/view/1299/938,200,1,text/html,View of ڕێكپێدان و  قه‌ده‌غه‌كرن د ئاخڤتنا خه‌لكێ‌ سه‌نته‌رێ‌ ده‌ڤۆكا دهۆكێدا
https://journal.uod.ac/index.php/uodjournal/article/view/13,200,1,text/html,"REGENERATION OF OLD CITY CENTER CASE STUDY OLD BAZAR IN ZAKHO CITY CENTER, KURDISTAN REGION- IRAQ
							| Journal of Duhok University"
https://journal.uod.ac/index.php/uodjournal/article/view/13/2,200,1,text/html,"View of REGENERATION OF OLD CITY CENTER CASE STUDY OLD BAZAR IN ZAKHO CITY CENTER, KURDISTAN REGION- IRAQ"
https://journal.uod.ac/index.php/uodjournal/article/view/130,200,1,text/html,"BASEMENT FAULT REACTIVATION IN THE ZAKHO– SILOPI REGION, IRAQI KURDISTAN – TURKEY BORDER
							| Journal of Duhok University"
https://journal.uod.ac/index.php/uodjournal/article/view/130/90,200,1,text/html,"View of BASEMENT FAULT REACTIVATION IN THE ZAKHO– SILOPI REGION, IRAQI KURDISTAN – TURKEY BORDER"
https://journal.uod.ac/index.php/uodjournal/article/view/1301,200,1,text/html,"د گوتنا بابه‌تێ ڕێزمانا كوردیدا بۆ قوتابیێن پۆلا ده‌هێ ئاماده‌یی ل سه‌ر وه‌رگرتنا تێگه‌هان (Concept maps) و (Hill – Climbing)   كاریگه‌رییا پێكڤه‌ بكارهینانا ستراتیجییه‌تا  
							| Journal of Duhok University"
https://journal.uod.ac/index.php/uodjournal/article/view/1301/939,200,1,text/html,View of  د گوتنا بابه‌تێ ڕێزمانا كوردیدا بۆ قوتابیێن پۆلا ده‌هێ ئاماده‌یی ل سه‌ر وه‌رگرتنا تێگه‌هان (Concept maps) و (Hill – Climbing)   كاریگه‌رییا پێكڤه‌ بكارهینانا ستراتیجییه‌تا
https://journal.uod.ac/index.php/uodjournal/article/view/1303,200,1,text/html,"EFFECT OF BIO-FERTILIZER AND PHOSPHORUS LEVELS  ON  YIELD AND YIELD COMPONENTS OF CHICK PEA  UNDER RAIN FED CONDITION
							| Journal of Duhok University"
https://journal.uod.ac/index.php/uodjournal/article/view/1303/940,200,1,text/html,View of EFFECT OF BIO-FERTILIZER AND PHOSPHORUS LEVELS  ON  YIELD AND YIELD COMPONENTS OF CHICK PEA  UNDER RAIN FED CONDITION
https://journal.uod.ac/index.php/uodjournal/article/view/1304,200,1,text/html,"INFLUENCE OF GLUCOSE AND PEPTONE ON THE MYCELIAL GROWTH OF OYSTER MUSHROOM (Pleurotus ostreatus)
							| Journal of Duhok University"
https://journal.uod.ac/index.php/uodjournal/article/view/1304/941,200,1,text/html,View of INFLUENCE OF GLUCOSE AND PEPTONE ON THE MYCELIAL GROWTH OF OYSTER MUSHROOM (Pleurotus ostreatus)
https://journal.uod.ac/index.php/uodjournal/article/view/1306,200,1,text/html,"ASSESSMENT OF CORRELATION OF PREGNANCY PARAMETERS AND FETAL AGE FOR EWES
							| Journal of Duhok University"
https://journal.uod.ac/index.php/uodjournal/article/view/1306/943,200,1,text/html,View of ASSESSMENT OF CORRELATION OF PREGNANCY PARAMETERS AND FETAL AGE FOR EWES
https://journal.uod.ac/index.php/uodjournal/article/view/1307,200,1,text/html,"COMPARISON BETWEEN CHICKEN AND RED MEAT SHAWARMA FOOD FOR BACTERIAL CONTAMINATION
							| Journal of Duhok University"
https://journal.uod.ac/index.php/uodjournal/article/view/1307/944,200,1,text/html,View of COMPARISON BETWEEN CHICKEN AND RED MEAT SHAWARMA FOOD FOR BACTERIAL CONTAMINATION
https://journal.uod.ac/index.php/uodjournal/article/view/1308,200,1,text/html,"POTASSIUM FORMS FOR MAIN SOIL ORDERS IN THE  NORTH OF IRAQ
							| Journal of Duhok University"
https://journal.uod.ac/index.php/uodjournal/article/view/1308/945,200,1,text/html,View of POTASSIUM FORMS FOR MAIN SOIL ORDERS IN THE  NORTH OF IRAQ
https://journal.uod.ac/index.php/uodjournal/article/view/1309,200,1,text/html,"EFFECT OF SPRAYING OF PROSOPIS FARCTA EXTRACT, FOLICIST AND ABO NAJEMH20 ON GROWTH OF POMEGRANATE TRANSPLANT VAR. WONDERFUL CALIFORNIA
							| Journal of Duhok University"
https://journal.uod.ac/index.php/uodjournal/article/view/1309/946,200,1,text/html,"View of EFFECT OF SPRAYING OF PROSOPIS FARCTA EXTRACT, FOLICIST AND ABO NAJEMH20 ON GROWTH OF POMEGRANATE TRANSPLANT VAR. WONDERFUL CALIFORNIA"
https://journal.uod.ac/index.php/uodjournal/article/view/131,200,1,text/html,"EFFECT OF SOME GENOTYPE ON CHEMICAL COMPOSITION OF FABA BEAN ( Vicia faba L. )
							| Journal of Duhok University"
https://journal.uod.ac/index.php/uodjournal/article/view/131/91,200,1,text/html,View of EFFECT OF SOME GENOTYPE ON CHEMICAL COMPOSITION OF FABA BEAN ( Vicia faba L. )
https://journal.uod.ac/index.php/uodjournal/article/view/1310,200,1,text/html,"PREDICTION OF POTENTIAL MUTATION OF CHICKEN CORONAVIRUS INTO FUTURE HUMAN CORONAVIRUS  BASED ON SPIKE S1 GLYCOPROTEIN GENE
							| Journal of Duhok University"
https://journal.uod.ac/index.php/uodjournal/article/view/1310/947,200,1,text/html,View of PREDICTION OF POTENTIAL MUTATION OF CHICKEN CORONAVIRUS INTO FUTURE HUMAN CORONAVIRUS  BASED ON SPIKE S1 GLYCOPROTEIN GENE
https://journal.uod.ac/index.php/uodjournal/article/view/1315,200,1,text/html,"PATHOGENICITY OF Fusarium solani AND Ilyoncteria macrodidyma ON OLIVE SEEDLINGS ROOTS AND THE EFFICACY OF SOIL MICROBIAL COMMUNITY AGAINST INFECTION
							| Journal of Duhok University"
https://journal.uod.ac/index.php/uodjournal/article/view/1315/948,200,1,text/html,View of PATHOGENICITY OF Fusarium solani AND Ilyoncteria macrodidyma ON OLIVE SEEDLINGS ROOTS AND THE EFFICACY OF SOIL MICROBIAL COMMUNITY AGAINST INFECTION
https://journal.uod.ac/index.php/uodjournal/article/view/1324,200,1,text/html,"KNOWLEDGE AND PRACTICE OF UNIVERSITY OF DUHOK  STUDENTS TOWARDS COVID-19 VIRUS: A CROSS SECTIONAL  STUDY IN DUHOK CITY-IRAQ
							| Journal of Duhok University"
https://journal.uod.ac/index.php/uodjournal/article/view/1324/959,200,1,text/html,View of KNOWLEDGE AND PRACTICE OF UNIVERSITY OF DUHOK  STUDENTS TOWARDS COVID-19 VIRUS: A CROSS SECTIONAL  STUDY IN DUHOK CITY-IRAQ
https://journal.uod.ac/index.php/uodjournal/article/view/1325,200,1,text/html,"ESTIMATION SURFACE RUNOFF CHARACTERISTICS OF HISHKARO BASIN, DUHOK GOVERNORATE USING SOME HYDROLOGICAL APPROACHES
							| Journal of Duhok University"
https://journal.uod.ac/index.php/uodjournal/article/view/1325/951,200,1,text/html,"View of ESTIMATION SURFACE RUNOFF CHARACTERISTICS OF HISHKARO BASIN, DUHOK GOVERNORATE USING SOME HYDROLOGICAL APPROACHES"
https://journal.uod.ac/index.php/uodjournal/article/view/1326,200,1,text/html,"USING UAVs IN DOCUMENTING CULTRUAL HERITAGE SITES - A CASE STUDY OF ZAKHO HISTORIC CITY IN KURDISTAN REGION, IRAQ
							| Journal of Duhok University"
https://journal.uod.ac/index.php/uodjournal/article/view/1326/952,200,1,text/html,"View of USING UAVs IN DOCUMENTING CULTRUAL HERITAGE SITES - A CASE STUDY OF ZAKHO HISTORIC CITY IN KURDISTAN REGION, IRAQ"
https://journal.uod.ac/index.php/uodjournal/article/view/1327,200,1,text/html,"SEASONAL FLUCTUATION OF LACE BUG Stephanitis pyri (F) (HEMIPTERA: TINGIDAE) IN ERBIL-IRAQ
							| Journal of Duhok University"
https://journal.uod.ac/index.php/uodjournal/article/view/1327/953,200,1,text/html,View of SEASONAL FLUCTUATION OF LACE BUG Stephanitis pyri (F) (HEMIPTERA: TINGIDAE) IN ERBIL-IRAQ
https://journal.uod.ac/index.php/uodjournal/article/view/1328,200,1,text/html,"NURSES’ PERCEPTION ABOUT PATIENT SAFETY CULTURE  IN DUHOK HOSPITALS
							| Journal of Duhok University"
https://journal.uod.ac/index.php/uodjournal/article/view/1328/954,200,1,text/html,View of NURSES’ PERCEPTION ABOUT PATIENT SAFETY CULTURE  IN DUHOK HOSPITALS
https://journal.uod.ac/index.php/uodjournal/article/view/1329,200,1,text/html,"PERFORMANCE IMPROVEMENT OF SHARP CRESTED OBLIQUE WEIRS BY USING VEINS
							| Journal of Duhok University"
https://journal.uod.ac/index.php/uodjournal/article/view/1329/955,200,1,text/html,View of PERFORMANCE IMPROVEMENT OF SHARP CRESTED OBLIQUE WEIRS BY USING VEINS
https://journal.uod.ac/index.php/uodjournal/article/view/1330,200,1,text/html,"A MODIFIED CONJUGATE GRADIENT METHOD WITH GLOBAL-CONVERGENCE FOR UNCONSTRIANED OPTIMIZATION PROBEMS
							| Journal of Duhok University"
https://journal.uod.ac/index.php/uodjournal/article/view/1330/956,200,1,text/html,View of A MODIFIED CONJUGATE GRADIENT METHOD WITH GLOBAL-CONVERGENCE FOR UNCONSTRIANED OPTIMIZATION PROBEMS
https://journal.uod.ac/index.php/uodjournal/article/view/1331,200,1,text/html,"ENHANCE THE EFFICIENCY OF RMIL'S FORMULA  FOR MINIMUM PROBLEM  
							| Journal of Duhok University"
https://journal.uod.ac/index.php/uodjournal/article/view/1331/957,200,1,text/html,View of ENHANCE THE EFFICIENCY OF RMIL'S FORMULA  FOR MINIMUM PROBLEM
https://journal.uod.ac/index.php/uodjournal/article/view/1332,200,1,text/html,"RELATIONSHIP BETWEEN VITAMIN D, CALCIUM, PARATHYROID HORMONE AND ALKALINE PHOSPHATASE AMONG PATIENTS INVESTIGATED FOR VITAMIN D
							| Journal of Duhok University"
https://journal.uod.ac/index.php/uodjournal/article/view/1332/958,200,1,text/html,"View of RELATIONSHIP BETWEEN VITAMIN D, CALCIUM, PARATHYROID HORMONE AND ALKALINE PHOSPHATASE AMONG PATIENTS INVESTIGATED FOR VITAMIN D"
https://journal.uod.ac/index.php/uodjournal/article/view/1347,200,1,text/html,"EFFECT OF PHOSPHOROUS APPLICATION ON CHICKPEA  NODULES PRODUCTION AND SOME FERTILITY PROPERTIES  OF CALCAREOUS SOIL OF DUHOK-KRG- IRAQ
							| Journal of Duhok University"
https://journal.uod.ac/index.php/uodjournal/article/view/1347/960,200,1,text/html,View of EFFECT OF PHOSPHOROUS APPLICATION ON CHICKPEA  NODULES PRODUCTION AND SOME FERTILITY PROPERTIES  OF CALCAREOUS SOIL OF DUHOK-KRG- IRAQ
https://journal.uod.ac/index.php/uodjournal/article/view/1352,200,1,text/html,"INFLUENCE OF UREA AND CHICKEN MANURE ON PRODUCING NEW PLANTS AND VEGETATIVE GROWTH OF STRAWBERRY  (Fragaria x ananassa Duch) “DARSELECT” PLANTS
							| Journal of Duhok University"
https://journal.uod.ac/index.php/uodjournal/article/view/1352/963,200,1,text/html,View of INFLUENCE OF UREA AND CHICKEN MANURE ON PRODUCING NEW PLANTS AND VEGETATIVE GROWTH OF STRAWBERRY  (Fragaria x ananassa Duch) “DARSELECT” PLANTS
https://journal.uod.ac/index.php/uodjournal/article/view/1353,200,1,text/html,"DESIGN OF A FUZZY CONTROLLER FOR SOLAR PV ARRAY FED WATER PUMPING SYSTEMS
							| Journal of Duhok University"
https://journal.uod.ac/index.php/uodjournal/article/view/1353/964,200,1,text/html,View of DESIGN OF A FUZZY CONTROLLER FOR SOLAR PV ARRAY FED WATER PUMPING SYSTEMS
https://journal.uod.ac/index.php/uodjournal/article/view/1354,200,1,text/html,"IMPACT OF TH17/TREGFOXP3 CELLS RATIO ON RHEUMATOID ARTHRITIS PATIENTS RECEIVING ANTI TNF- THERAPY-.
							| Journal of Duhok University"
https://journal.uod.ac/index.php/uodjournal/article/view/1354/965,200,1,text/html,View of IMPACT OF TH17/TREGFOXP3 CELLS RATIO ON RHEUMATOID ARTHRITIS PATIENTS RECEIVING ANTI TNF- THERAPY-.
https://journal.uod.ac/index.php/uodjournal/article/view/1357,200,1,text/html,"GROWTH PERFORMANCE, CARCASS CHARACTERISTICS  AND COST OF GAIN OF AWASSI AND KARADI LAMBS  SLAUGHTERED AT DIFFERENT WEIGHT
							| Journal of Duhok University"
https://journal.uod.ac/index.php/uodjournal/article/view/1357/966,200,1,text/html,"View of GROWTH PERFORMANCE, CARCASS CHARACTERISTICS  AND COST OF GAIN OF AWASSI AND KARADI LAMBS  SLAUGHTERED AT DIFFERENT WEIGHT"
https://journal.uod.ac/index.php/uodjournal/article/view/1358,200,1,text/html,"PERFOMNCE, INTESTINE MORPHOLOGY AND SERUM BIOCHEMISTRY OF BROILER CHICKENS TO DELAYED  POST HATCH FEEDING
							| Journal of Duhok University"
https://journal.uod.ac/index.php/uodjournal/article/view/1358/968,200,1,text/html,"View of PERFOMNCE, INTESTINE MORPHOLOGY AND SERUM BIOCHEMISTRY OF BROILER CHICKENS TO DELAYED  POST HATCH FEEDING"
https://journal.uod.ac/index.php/uodjournal/article/view/1359,200,1,text/html,"تێگه‌هێ (فیمینیزم و جه‌نده‌ر)ى د ڕۆمانا (مه‌ریه‌ما) دا  خواندنه‌كا به‌راوردكارى 
							| Journal of Duhok University"
https://journal.uod.ac/index.php/uodjournal/article/view/1359/969,200,1,text/html,View of تێگه‌هێ (فیمینیزم و جه‌نده‌ر)ى د ڕۆمانا (مه‌ریه‌ما) دا  خواندنه‌كا به‌راوردكارى
https://journal.uod.ac/index.php/uodjournal/article/view/1368,200,1,text/html,"دیارده‌یا كه‌ره‌سته‌یێ بۆش د زمانێ كوردیدا
							| Journal of Duhok University"
https://journal.uod.ac/index.php/uodjournal/article/view/1368/970,200,1,text/html,View of دیارده‌یا كه‌ره‌سته‌یێ بۆش د زمانێ كوردیدا
https://journal.uod.ac/index.php/uodjournal/article/view/1371,200,1,text/html,"EFFECT OF CULTIVARS, DATE, AND IBA ON VEGETATIVE GROWTH  OF SEMI-HARD WOOD OLIVE CUTTINGS (OLEA EUROPAEA L.)
							| Journal of Duhok University"
https://journal.uod.ac/index.php/uodjournal/article/view/1371/971,200,1,text/html,"View of EFFECT OF CULTIVARS, DATE, AND IBA ON VEGETATIVE GROWTH  OF SEMI-HARD WOOD OLIVE CUTTINGS (OLEA EUROPAEA L.)"
https://journal.uod.ac/index.php/uodjournal/article/view/1372,200,1,text/html,"هەلویستێ هەرێمی و نێڤدەولەتی ژ هەلبژارتنێن ئەنجومەنێ نیشتیمانیێ كوردستانێ (1992)
							| Journal of Duhok University"
https://journal.uod.ac/index.php/uodjournal/article/view/1372/972,200,1,text/html,View of هەلویستێ هەرێمی و نێڤدەولەتی ژ هەلبژارتنێن ئەنجومەنێ نیشتیمانیێ كوردستانێ (1992)
https://journal.uod.ac/index.php/uodjournal/article/view/1373,200,1,text/html,"قوناغێن وه‌رارا ده‌روونییا كه‌سایه‌تییا كورته‌ چیرۆكا ( مێڤانى نه‌وه‌خت ) یا ( فازل عومه‌ر ) ى ل دویڤ قوناغا ئاوێنه‌ ژتیۆرا ده‌روونشیكارییا ( لاكان ) ى
							| Journal of Duhok University"
https://journal.uod.ac/index.php/uodjournal/article/view/1373/973,200,1,text/html,View of قوناغێن وه‌رارا ده‌روونییا كه‌سایه‌تییا كورته‌ چیرۆكا ( مێڤانى نه‌وه‌خت ) یا ( فازل عومه‌ر ) ى ل دویڤ قوناغا ئاوێنه‌ ژتیۆرا ده‌روونشیكارییا ( لاكان ) ى
https://journal.uod.ac/index.php/uodjournal/article/view/1374,200,1,text/html,"RESPONCE OF PHYSICO-CHEMICAL SOIL PROPERTIES TO WASTEWATER APPLICATION AND SUBSEQUENT EFFECTS ON  THREE WOODY SPECIES PLANTS
							| Journal of Duhok University"
https://journal.uod.ac/index.php/uodjournal/article/view/1374/974,200,1,text/html,View of RESPONCE OF PHYSICO-CHEMICAL SOIL PROPERTIES TO WASTEWATER APPLICATION AND SUBSEQUENT EFFECTS ON  THREE WOODY SPECIES PLANTS
https://journal.uod.ac/index.php/uodjournal/article/view/1383,200,1,text/html,"THE EFFECT   OF  Pepper Nigrum, Olea Europaea MOUTHWASH WITH NON SURGICAL PERIODONTAL THERAPY ON CLINICAL OUTCOME AND OXIDATIVE STRESS IN CHRONIC PERIODONTITIS PATIENTS
							| Journal of Duhok University"
https://journal.uod.ac/index.php/uodjournal/article/view/1383/975,200,1,text/html,"View of THE EFFECT   OF  Pepper Nigrum, Olea Europaea MOUTHWASH WITH NON SURGICAL PERIODONTAL THERAPY ON CLINICAL OUTCOME AND OXIDATIVE STRESS IN CHRONIC PERIODONTITIS PATIENTS"
https://journal.uod.ac/index.php/uodjournal/article/view/1384,200,1,text/html,"AN ECG CLASSIFIER  USING FIR WITH A QRS RESPONSE
							| Journal of Duhok University"
https://journal.uod.ac/index.php/uodjournal/article/view/1384/976,200,1,text/html,View of AN ECG CLASSIFIER  USING FIR WITH A QRS RESPONSE
https://journal.uod.ac/index.php/uodjournal/article/view/1388,200,1,text/html,"AN EVALUATION OF THE EFFECT OF AGGREGATE TYPE ON HOT MIX ASPHALT PROPERTIES IN KURDISTAN REGION OF IRAQ 
							| Journal of Duhok University"
https://journal.uod.ac/index.php/uodjournal/article/view/1388/978,200,1,text/html,View of AN EVALUATION OF THE EFFECT OF AGGREGATE TYPE ON HOT MIX ASPHALT PROPERTIES IN KURDISTAN REGION OF IRAQ
https://journal.uod.ac/index.php/uodjournal/article/view/139,200,1,text/html,"EVALUATION OF YIELD AND YIELD COMPONENTS IN SOME GENOTYPE OF FABA BEAN (Vicia faba L.)
							| Journal of Duhok University"
https://journal.uod.ac/index.php/uodjournal/article/view/139/92,200,1,text/html,View of EVALUATION OF YIELD AND YIELD COMPONENTS IN SOME GENOTYPE OF FABA BEAN (Vicia faba L.)
https://journal.uod.ac/index.php/uodjournal/article/view/1390,200,1,text/html,"EVALUATION OF BACTERIAL QUALITY OF GOAT’S MILK IN DUHOK PROVINCE
							| Journal of Duhok University"
https://journal.uod.ac/index.php/uodjournal/article/view/1390/1378,200,1,text/html,View of EVALUATION OF BACTERIAL QUALITY OF GOAT’S MILK IN DUHOK PROVINCE
https://journal.uod.ac/index.php/uodjournal/article/view/1391,200,1,text/html,"EFFECT OF FOLIAR SPRAYING WITH HUMIRON ON GROWTH AND YIELD OF TWO SWEET PEPPERS HYBRID ( CAPSICUMANNUUM L. ) IN OPEN FIELD
							| Journal of Duhok University"
https://journal.uod.ac/index.php/uodjournal/article/view/1391/980,200,1,text/html,View of EFFECT OF FOLIAR SPRAYING WITH HUMIRON ON GROWTH AND YIELD OF TWO SWEET PEPPERS HYBRID ( CAPSICUMANNUUM L. ) IN OPEN FIELD
https://journal.uod.ac/index.php/uodjournal/article/view/1392,200,1,text/html,"RESPONSE OF FABA BEAN YIELD AND YIELD COMPONENTS TO DIFFERENT LEVELS OF NANO FERTILIZER
							| Journal of Duhok University"
https://journal.uod.ac/index.php/uodjournal/article/view/1392/981,200,1,text/html,View of RESPONSE OF FABA BEAN YIELD AND YIELD COMPONENTS TO DIFFERENT LEVELS OF NANO FERTILIZER
https://journal.uod.ac/index.php/uodjournal/article/view/14,200,1,text/html,"APPLICATION OF TEXTURE SCHEMES IN ARCHITECTURAL DRAWING AN ANALYTICAL STUDY –FIRST YEAR STUDENTS’ DRAFTS IN DEPARTMENT OF ARCHITECTURE IN UNIVERSITY OF DUHOK
							| Journal of Duhok University"
https://journal.uod.ac/index.php/uodjournal/article/view/14/3,200,1,text/html,View of APPLICATION OF TEXTURE SCHEMES IN ARCHITECTURAL DRAWING AN ANALYTICAL STUDY –FIRST YEAR STUDENTS’ DRAFTS IN DEPARTMENT OF ARCHITECTURE IN UNIVERSITY OF DUHOK
https://journal.uod.ac/index.php/uodjournal/article/view/1400,200,1,text/html,"CERVICAL LENGTH ASSESSMENT DURING PREGNANCY USING ULTRASOUND MEASURES IN DUHOK CITY
							| Journal of Duhok University"
https://journal.uod.ac/index.php/uodjournal/article/view/1400/982,200,1,text/html,View of CERVICAL LENGTH ASSESSMENT DURING PREGNANCY USING ULTRASOUND MEASURES IN DUHOK CITY
https://journal.uod.ac/index.php/uodjournal/article/view/141,200,1,text/html,"EFFECT OF TOPPING, HUMIC ACID, MULCHING COLOR AND THEIR INTERACTIONS ON VEGETATIVE GROWTH AND SEED YIELD OF OKRA
							| Journal of Duhok University"
https://journal.uod.ac/index.php/uodjournal/article/view/141/93,200,1,text/html,"View of EFFECT OF TOPPING, HUMIC ACID, MULCHING COLOR AND THEIR INTERACTIONS ON VEGETATIVE GROWTH AND SEED YIELD OF OKRA"
https://journal.uod.ac/index.php/uodjournal/article/view/1414,200,1,text/html,"أنشطة المرأة الريفية المعززة للأمن الغذائي الأسري: بعض قرى محافظة سوهاج نموذجاً
							| Journal of Duhok University"
https://journal.uod.ac/index.php/uodjournal/article/view/1414/1062,200,1,text/html,View of أنشطة المرأة الريفية المعززة للأمن الغذائي الأسري: بعض قرى محافظة سوهاج نموذجاً
https://journal.uod.ac/index.php/uodjournal/article/view/1438,200,1,text/html,"EFFECT OF CULTIVARS, DATE, IBA AND THEIR INTERACTION ON ROOTING OF SEMI-HARDWOOD OLIVE CUTTING CVS.  'SHAMI ' AND ' QAISI
							| Journal of Duhok University"
https://journal.uod.ac/index.php/uodjournal/article/view/1438/1044,200,1,text/html,"View of EFFECT OF CULTIVARS, DATE, IBA AND THEIR INTERACTION ON ROOTING OF SEMI-HARDWOOD OLIVE CUTTING CVS.  'SHAMI ' AND ' QAISI"
https://journal.uod.ac/index.php/uodjournal/article/view/1452,200,1,text/html,"زێده‌بێژی و چه‌ند دیارده‌یێن دی یێن نه‌حه‌رفی
							| Journal of Duhok University"
https://journal.uod.ac/index.php/uodjournal/article/view/1452/1068,200,1,text/html,View of زێده‌بێژی و چه‌ند دیارده‌یێن دی یێن نه‌حه‌رفی
https://journal.uod.ac/index.php/uodjournal/article/view/1453,200,1,text/html,"ژیاننامه‌ د ڕۆمانا “كورێ زنارێ سه‌ربلند” دا
							| Journal of Duhok University"
https://journal.uod.ac/index.php/uodjournal/article/view/1453/986,200,1,text/html,View of ژیاننامه‌ د ڕۆمانا “كورێ زنارێ سه‌ربلند” دا
https://journal.uod.ac/index.php/uodjournal/article/view/146,200,1,text/html,"SEED GERMINATION ECOLOGY AND SEEDLING EMERGENCE OF SIXTEEN TREE SPECIES AUTUMN SOWN
							| Journal of Duhok University"
https://journal.uod.ac/index.php/uodjournal/article/view/146/94,200,1,text/html,View of SEED GERMINATION ECOLOGY AND SEEDLING EMERGENCE OF SIXTEEN TREE SPECIES AUTUMN SOWN
https://journal.uod.ac/index.php/uodjournal/article/view/147,200,1,text/html,"SOME MORPHOLOGICAL AND ANATOMICAL CHARACTERISTICS OF HONEY BEES FROM DUHOK PROVINCE, IRAQ
							| Journal of Duhok University"
https://journal.uod.ac/index.php/uodjournal/article/view/147/95,200,1,text/html,"View of SOME MORPHOLOGICAL AND ANATOMICAL CHARACTERISTICS OF HONEY BEES FROM DUHOK PROVINCE, IRAQ"
https://journal.uod.ac/index.php/uodjournal/article/view/1477,200,1,text/html,"ڕۆلێ زمانێ له‌شى د هه‌لسه‌نگاندنا دیدارا دناڤبه‌را (نێچیرڤان بارزانى) و (دۆمینیك راپ) یدا
							| Journal of Duhok University"
https://journal.uod.ac/index.php/uodjournal/article/view/1477/988,200,1,text/html,View of ڕۆلێ زمانێ له‌شى د هه‌لسه‌نگاندنا دیدارا دناڤبه‌را (نێچیرڤان بارزانى) و (دۆمینیك راپ) یدا
https://journal.uod.ac/index.php/uodjournal/article/view/148,200,1,text/html,"EFFECT OF HERBICIDE AND NITROGEN FERTILIZER LEVELSON WEED AND WHEAT YIELD IN DIFFERENT SOWING DATES.
							| Journal of Duhok University"
https://journal.uod.ac/index.php/uodjournal/article/view/148/96,200,1,text/html,View of EFFECT OF HERBICIDE AND NITROGEN FERTILIZER LEVELSON WEED AND WHEAT YIELD IN DIFFERENT SOWING DATES.
https://journal.uod.ac/index.php/uodjournal/article/view/149,200,1,text/html,"EFFECT OF TREFLAN HERBICIDE AND PHOSPHORUS LEVELSON WEEDS AND CHICK PEA YIELD
							| Journal of Duhok University"
https://journal.uod.ac/index.php/uodjournal/article/view/149/97,200,1,text/html,View of EFFECT OF TREFLAN HERBICIDE AND PHOSPHORUS LEVELSON WEEDS AND CHICK PEA YIELD
https://journal.uod.ac/index.php/uodjournal/article/view/15,200,1,text/html,"ROOTING OF QUBAHAN SCHOOL AN ANALYTICAL STUDY TO ARCHITECTURAL ITEMS  (SPATIAL CONFIGURATION AND FORMALITY ELEMENT  OF INTERIOR FACADES OF QUBAHAN SCHOOL)
							| Journal of Duhok University"
https://journal.uod.ac/index.php/uodjournal/article/view/15/4,200,1,text/html,View of ROOTING OF QUBAHAN SCHOOL AN ANALYTICAL STUDY TO ARCHITECTURAL ITEMS  (SPATIAL CONFIGURATION AND FORMALITY ELEMENT  OF INTERIOR FACADES OF QUBAHAN SCHOOL)
https://journal.uod.ac/index.php/uodjournal/article/view/150,200,1,text/html,"EFFECT OF PRE-SOWING TREATMENTS ON SEED GERMINATION OF  P. eurycarpa AND P. khinjuk – KURDISTAN REGION
							| Journal of Duhok University"
https://journal.uod.ac/index.php/uodjournal/article/view/150/98,200,1,text/html,View of EFFECT OF PRE-SOWING TREATMENTS ON SEED GERMINATION OF  P. eurycarpa AND P. khinjuk – KURDISTAN REGION
https://journal.uod.ac/index.php/uodjournal/article/view/1508,200,1,text/html,"ACCESSORY INFERIOR ALVEOLAR CANAL:  A CLINICO-RADIOGRAPHIC STUDY
							| Journal of Duhok University"
https://journal.uod.ac/index.php/uodjournal/article/view/1508/989,200,1,text/html,View of ACCESSORY INFERIOR ALVEOLAR CANAL:  A CLINICO-RADIOGRAPHIC STUDY
https://journal.uod.ac/index.php/uodjournal/article/view/1509,200,1,text/html,"ACTIVITY OF CLOVE AND FEVERFEW CONSTITUENTS TOWARDS TOOTHACHE: IN SILICO ANSWER
							| Journal of Duhok University"
https://journal.uod.ac/index.php/uodjournal/article/view/1509/990,200,1,text/html,View of ACTIVITY OF CLOVE AND FEVERFEW CONSTITUENTS TOWARDS TOOTHACHE: IN SILICO ANSWER
https://journal.uod.ac/index.php/uodjournal/article/view/151,200,1,text/html,"UMBILICAL REGION AFFECTIONS IN RUMINANTS
							| Journal of Duhok University"
https://journal.uod.ac/index.php/uodjournal/article/view/151/99,200,1,text/html,View of UMBILICAL REGION AFFECTIONS IN RUMINANTS
https://journal.uod.ac/index.php/uodjournal/article/view/1510,200,1,text/html,"ALPHA- SMOOTH MUSCLE ACTIN EXPRESSION IN THE HUMAN DENTAL PULP TISSUE  OF MOBILE TEETH 
							| Journal of Duhok University"
https://journal.uod.ac/index.php/uodjournal/article/view/1510/991,200,1,text/html,View of ALPHA- SMOOTH MUSCLE ACTIN EXPRESSION IN THE HUMAN DENTAL PULP TISSUE  OF MOBILE TEETH
https://journal.uod.ac/index.php/uodjournal/article/view/1511,200,1,text/html,"GENERAL DENTAL PRACTITIONERS PERCEPTION TOWARD ENDO-PERIO LESIONS IN PRIMARY HEALTH CARE CENTER IN KIRKUK CITY
							| Journal of Duhok University"
https://journal.uod.ac/index.php/uodjournal/article/view/1511/999,200,1,text/html,View of GENERAL DENTAL PRACTITIONERS PERCEPTION TOWARD ENDO-PERIO LESIONS IN PRIMARY HEALTH CARE CENTER IN KIRKUK CITY
https://journal.uod.ac/index.php/uodjournal/article/view/1512,200,1,text/html,"INVESTIGATIONS OF THE MOST ACTIVE COMPOUND AS ANTI-DENTAL CARIES BETWEEN CHEMICAL CONSTITUENTS OF MISWAK
							| Journal of Duhok University"
https://journal.uod.ac/index.php/uodjournal/article/view/1512/993,200,1,text/html,View of INVESTIGATIONS OF THE MOST ACTIVE COMPOUND AS ANTI-DENTAL CARIES BETWEEN CHEMICAL CONSTITUENTS OF MISWAK
https://journal.uod.ac/index.php/uodjournal/article/view/1513,200,1,text/html,"PROTECTION OF HEALING SOCKET WITH ATTACHABLE  INTRAORAL DRESSING
							| Journal of Duhok University"
https://journal.uod.ac/index.php/uodjournal/article/view/1513/994,200,1,text/html,View of PROTECTION OF HEALING SOCKET WITH ATTACHABLE  INTRAORAL DRESSING
https://journal.uod.ac/index.php/uodjournal/article/view/1514,200,1,text/html,"SOFT PALATE SCHWANNOMA: A CASE REPORT
							| Journal of Duhok University"
https://journal.uod.ac/index.php/uodjournal/article/view/1514/995,200,1,text/html,View of SOFT PALATE SCHWANNOMA: A CASE REPORT
https://journal.uod.ac/index.php/uodjournal/article/view/1515,200,1,text/html,"NUMERICAL SIMULATION AND EXPERIMENTAL STUDY OF HYDRAULIC PERFORMANCE OF CIRCULAR CRESTED NORMAL WEIRS
							| Journal of Duhok University"
https://journal.uod.ac/index.php/uodjournal/article/view/1515/996,200,1,text/html,View of NUMERICAL SIMULATION AND EXPERIMENTAL STUDY OF HYDRAULIC PERFORMANCE OF CIRCULAR CRESTED NORMAL WEIRS
https://journal.uod.ac/index.php/uodjournal/article/view/1516,200,1,text/html,"MODIFY CONVOLUTIONAL NEURAL NETWORK MODEL FOR THE DIAGNOSIS OF MULTI-CLASSES LUNG DISEASES COVID-19 AND PNEUMONIA BASED ON X-RAY IMAGES
							| Journal of Duhok University"
https://journal.uod.ac/index.php/uodjournal/article/view/1516/998,200,1,text/html,View of MODIFY CONVOLUTIONAL NEURAL NETWORK MODEL FOR THE DIAGNOSIS OF MULTI-CLASSES LUNG DISEASES COVID-19 AND PNEUMONIA BASED ON X-RAY IMAGES
https://journal.uod.ac/index.php/uodjournal/article/view/152,200,1,text/html,"EFFECT OF SOME PLANT LEAVES EXTRACTS ON Fusarium culmorum THAT CAUSE WHEAT DAMPING- OFF DISEASE
							| Journal of Duhok University"
https://journal.uod.ac/index.php/uodjournal/article/view/152/750,200,1,text/html,View of EFFECT OF SOME PLANT LEAVES EXTRACTS ON Fusarium culmorum THAT CAUSE WHEAT DAMPING- OFF DISEASE
https://journal.uod.ac/index.php/uodjournal/article/view/154,200,1,text/html,"TERMINOLOGY AND THE WAY THE TERMS USED IN TEXTBOOK OF SCIENCE FOR 8TH GRADE
							| Journal of Duhok University"
https://journal.uod.ac/index.php/uodjournal/article/view/154/101,200,1,text/html,View of TERMINOLOGY AND THE WAY THE TERMS USED IN TEXTBOOK OF SCIENCE FOR 8TH GRADE
https://journal.uod.ac/index.php/uodjournal/article/view/1545,200,1,text/html,"COMMUNITY-BASED APPROACH TO COLLECTION OF ORAL HISTORY FOR DOCUMENTATION OF KELAAKRÈ, AN ANCIENT CITADEL IN KURDISTAN 
							| Journal of Duhok University"
https://journal.uod.ac/index.php/uodjournal/article/view/1545/1000,200,1,text/html,"View of COMMUNITY-BASED APPROACH TO COLLECTION OF ORAL HISTORY FOR DOCUMENTATION OF KELAAKRÈ, AN ANCIENT CITADEL IN KURDISTAN"
https://journal.uod.ac/index.php/uodjournal/article/view/1546,200,1,text/html,"EVALUTATING THE PRACTICELEVELOF UNIVERSIY GOVERNANCE PRINCIPLESAT THE UNIVERSITY OF NAWROZ: AN ACADEMICIAN’S PERSPECTIVE
							| Journal of Duhok University"
https://journal.uod.ac/index.php/uodjournal/article/view/1546/1001,200,1,text/html,View of EVALUTATING THE PRACTICELEVELOF UNIVERSIY GOVERNANCE PRINCIPLESAT THE UNIVERSITY OF NAWROZ: AN ACADEMICIAN’S PERSPECTIVE
https://journal.uod.ac/index.php/uodjournal/article/view/1547,200,1,text/html,"تدوير النفايات الصلبة وفرزها في منطقة كواشي الصناعية – دراسة في جغرافية التلوث
							| Journal of Duhok University"
https://journal.uod.ac/index.php/uodjournal/article/view/1547/1002,200,1,text/html,View of تدوير النفايات الصلبة وفرزها في منطقة كواشي الصناعية – دراسة في جغرافية التلوث
https://journal.uod.ac/index.php/uodjournal/article/view/1548,200,1,text/html,"المؤسسات القضائية في حلب من خلال كتاب در الحبب في تاريخ أعيان حلب لابن الحنبلي (ت:٩٧١هـ/١٥٦٣م)
							| Journal of Duhok University"
https://journal.uod.ac/index.php/uodjournal/article/view/1548/1003,200,1,text/html,View of المؤسسات القضائية في حلب من خلال كتاب در الحبب في تاريخ أعيان حلب لابن الحنبلي (ت:٩٧١هـ/١٥٦٣م)
https://journal.uod.ac/index.php/uodjournal/article/view/1549,200,1,text/html,"الفتوحات الإسلامية وأثرها في مجتمع الجزيرة العربية (11 -41هـ/ 632-661م)
							| Journal of Duhok University"
https://journal.uod.ac/index.php/uodjournal/article/view/1549/1004,200,1,text/html,View of الفتوحات الإسلامية وأثرها في مجتمع الجزيرة العربية (11 -41هـ/ 632-661م)
https://journal.uod.ac/index.php/uodjournal/article/view/155,200,1,text/html,"GENITIVE AND BINOMIALS IN THE KURDISH LANGUAGE, THE NORTH ACCENT, SPOKEN BY BADINA REGION
							| Journal of Duhok University"
https://journal.uod.ac/index.php/uodjournal/article/view/155/102,200,1,text/html,"View of GENITIVE AND BINOMIALS IN THE KURDISH LANGUAGE, THE NORTH ACCENT, SPOKEN BY BADINA REGION"
https://journal.uod.ac/index.php/uodjournal/article/view/1553,200,1,text/html,"x-bar ڕونانا گرێیێن لێكسیكى ل دویڤ تیۆرا
							| Journal of Duhok University"
https://journal.uod.ac/index.php/uodjournal/article/view/1553/1005,200,1,text/html,View of  x-bar ڕونانا گرێیێن لێكسیكى ل دویڤ تیۆرا
https://journal.uod.ac/index.php/uodjournal/article/view/1554,200,1,text/html,"EVALUATION OF DIFFERENT MODELS FOR PREDICTING SOIL WATER RETENTION FROM A SEMIARID REGION OF DUHOK
							| Journal of Duhok University"
https://journal.uod.ac/index.php/uodjournal/article/view/1554/1006,200,1,text/html,View of EVALUATION OF DIFFERENT MODELS FOR PREDICTING SOIL WATER RETENTION FROM A SEMIARID REGION OF DUHOK
https://journal.uod.ac/index.php/uodjournal/article/view/1555,200,1,text/html,"EFFECT OF DIFFERENT DIETARY PROTEIN LEVELS ON TESTOSTERONE AND TESTICULAR PARAMETERS  IN AWASSI LAMBS
							| Journal of Duhok University"
https://journal.uod.ac/index.php/uodjournal/article/view/1555/1007,200,1,text/html,View of EFFECT OF DIFFERENT DIETARY PROTEIN LEVELS ON TESTOSTERONE AND TESTICULAR PARAMETERS  IN AWASSI LAMBS
https://journal.uod.ac/index.php/uodjournal/article/view/1556,200,1,text/html,"EFFECT OF ORGANIC AND INORGANIC FERTILIZERS ON GROWTH AND YIELD OF SUMMER SQUASH (Cucurbita pepo L.) 
							| Journal of Duhok University"
https://journal.uod.ac/index.php/uodjournal/article/view/1556/1015,200,1,text/html,View of EFFECT OF ORGANIC AND INORGANIC FERTILIZERS ON GROWTH AND YIELD OF SUMMER SQUASH (Cucurbita pepo L.)
https://journal.uod.ac/index.php/uodjournal/article/view/1557,200,1,text/html,"APPLICATION OF GEOSPATIAL TECHNIQUES IN ANALYST DISTRIBUTION PATTTERN OF SOME SOIL PROPERTIES  IN ERBIL PROVINCE, KURDISTAN REGION-IRAQ 
							| Journal of Duhok University"
https://journal.uod.ac/index.php/uodjournal/article/view/1557/1009,200,1,text/html,"View of APPLICATION OF GEOSPATIAL TECHNIQUES IN ANALYST DISTRIBUTION PATTTERN OF SOME SOIL PROPERTIES  IN ERBIL PROVINCE, KURDISTAN REGION-IRAQ"
https://journal.uod.ac/index.php/uodjournal/article/view/1558,200,1,text/html,"MORPHOLOGICAL AND BIOMETRICAL STUDY ON ADULT RAMS, BUCKS, AND BULLS TESTIS IN DUHOK PROVINCE
							| Journal of Duhok University"
https://journal.uod.ac/index.php/uodjournal/article/view/1558/1010,200,1,text/html,"View of MORPHOLOGICAL AND BIOMETRICAL STUDY ON ADULT RAMS, BUCKS, AND BULLS TESTIS IN DUHOK PROVINCE"
https://journal.uod.ac/index.php/uodjournal/article/view/1559,200,1,text/html,"EFFECT OF MEDIA, BENZYL ADENINE, AND NPK FERTILIZER ON THE GROWTH AND DEVELOPMENT OF OXALIS (Oxalis triangularis) PLANT
							| Journal of Duhok University"
https://journal.uod.ac/index.php/uodjournal/article/view/1559/1011,200,1,text/html,"View of EFFECT OF MEDIA, BENZYL ADENINE, AND NPK FERTILIZER ON THE GROWTH AND DEVELOPMENT OF OXALIS (Oxalis triangularis) PLANT"
https://journal.uod.ac/index.php/uodjournal/article/view/156,200,1,text/html,"EDUCATIONAL VALUES IN CHILDREN'S STORIES, KELE STWIN AS A CASE STUDY
							| Journal of Duhok University"
https://journal.uod.ac/index.php/uodjournal/article/view/156/103,200,1,text/html,"View of EDUCATIONAL VALUES IN CHILDREN'S STORIES, KELE STWIN AS A CASE STUDY"
https://journal.uod.ac/index.php/uodjournal/article/view/1560,200,1,text/html,"A STUDY THE RELATIONSHIPS AMONG CHEMICAL AND PHYSICAL PROPERTIES OF MILK COMPONENTS OF NATIVE  AND MARAZ GOAT BREEDS
							| Journal of Duhok University"
https://journal.uod.ac/index.php/uodjournal/article/view/1560/1012,200,1,text/html,View of A STUDY THE RELATIONSHIPS AMONG CHEMICAL AND PHYSICAL PROPERTIES OF MILK COMPONENTS OF NATIVE  AND MARAZ GOAT BREEDS
https://journal.uod.ac/index.php/uodjournal/article/view/1562,200,1,text/html,"DISTRIBUTION OF PATIENTS WITH RESISTANT PLANTAR FASCIITIS AND THEIR RESPONSE TO PERCUTANEOUS PARTIAL PLANTAR FASCIA RELEASE UNDER TIBIAL NERVE BLOCK
							| Journal of Duhok University"
https://journal.uod.ac/index.php/uodjournal/article/view/1562/1013,200,1,text/html,View of DISTRIBUTION OF PATIENTS WITH RESISTANT PLANTAR FASCIITIS AND THEIR RESPONSE TO PERCUTANEOUS PARTIAL PLANTAR FASCIA RELEASE UNDER TIBIAL NERVE BLOCK
https://journal.uod.ac/index.php/uodjournal/article/view/1563,200,1,text/html,"THE PREVALENCE OF METABOLIC SYNDROME IN CORONARY ARTERY DISEASE AND THE ASSOCIATION OF METABOLIC SYNDROME WITH SEVERITY OF CORONARY ARTERY DISEASE
							| Journal of Duhok University"
https://journal.uod.ac/index.php/uodjournal/article/view/1563/1014,200,1,text/html,View of THE PREVALENCE OF METABOLIC SYNDROME IN CORONARY ARTERY DISEASE AND THE ASSOCIATION OF METABOLIC SYNDROME WITH SEVERITY OF CORONARY ARTERY DISEASE
https://journal.uod.ac/index.php/uodjournal/article/view/1564,200,1,text/html,"MANAGEMENT OF FUNGAL POSTHARVEST DISEASES OF APPLE AND PEAR USING PLANT EXTRACTS
							| Journal of Duhok University"
https://journal.uod.ac/index.php/uodjournal/article/view/1564/1016,200,1,text/html,View of MANAGEMENT OF FUNGAL POSTHARVEST DISEASES OF APPLE AND PEAR USING PLANT EXTRACTS
https://journal.uod.ac/index.php/uodjournal/article/view/1565,200,1,text/html,"STUDY THE ABILITY STORAGE OF SIX OLIVE FRUIT CULTIVARS GROWN IN ZAKHO REGION
							| Journal of Duhok University"
https://journal.uod.ac/index.php/uodjournal/article/view/1565/1017,200,1,text/html,View of STUDY THE ABILITY STORAGE OF SIX OLIVE FRUIT CULTIVARS GROWN IN ZAKHO REGION
https://journal.uod.ac/index.php/uodjournal/article/view/1566,200,1,text/html,"THE IMPACT OF HEAVY METALS (CADMIUM & NICKEL) ON SEED GERMINATION, PHOTOTHYNSISES PIGMENTS AND VEGETATIVE GROWTH OF FENUGREEK (Trigonell afoenum-Graecum) PLANT
							| Journal of Duhok University"
https://journal.uod.ac/index.php/uodjournal/article/view/1566/1018,200,1,text/html,"View of THE IMPACT OF HEAVY METALS (CADMIUM & NICKEL) ON SEED GERMINATION, PHOTOTHYNSISES PIGMENTS AND VEGETATIVE GROWTH OF FENUGREEK (Trigonell afoenum-Graecum) PLANT"
https://journal.uod.ac/index.php/uodjournal/article/view/1568,200,1,text/html,"تێكه‌لبوونا شیعرێ د رۆمانێن“سدقى هرۆرى” دا
							| Journal of Duhok University"
https://journal.uod.ac/index.php/uodjournal/article/view/1568/1019,200,1,text/html,View of تێكه‌لبوونا شیعرێ د رۆمانێن“سدقى هرۆرى” دا
https://journal.uod.ac/index.php/uodjournal/article/view/1569,200,1,text/html,"رەخنەیا زمانڤانی بۆ رۆمانا کۆچۆ: تیورا گەهاندنا زمانیا رومان یاکوبسنی
							| Journal of Duhok University"
https://journal.uod.ac/index.php/uodjournal/article/view/1569/1020,200,1,text/html,View of  رەخنەیا زمانڤانی بۆ رۆمانا کۆچۆ: تیورا گەهاندنا زمانیا رومان یاکوبسنی
https://journal.uod.ac/index.php/uodjournal/article/view/157,200,1,text/html,"THE HISTORICAL NARRATION OF RAMLAH BATTLE (573 AH/ 1174CE) , THROUGH THE PERSPECTIVE AND VISION OF THE FAMOUS HISTORIAN IMADADDIN AL-ASFAHA
							| Journal of Duhok University"
https://journal.uod.ac/index.php/uodjournal/article/view/157/104,200,1,text/html,"View of THE HISTORICAL NARRATION OF RAMLAH BATTLE (573 AH/ 1174CE) , THROUGH THE PERSPECTIVE AND VISION OF THE FAMOUS HISTORIAN IMADADDIN AL-ASFAHA"
https://journal.uod.ac/index.php/uodjournal/article/view/1570,200,1,text/html,"دور العوامل الاجتماعية والاقتصادية في اختيار الطلبة الجامعيين لتخصصاتهم
							| Journal of Duhok University"
https://journal.uod.ac/index.php/uodjournal/article/view/1570/1021,200,1,text/html,View of دور العوامل الاجتماعية والاقتصادية في اختيار الطلبة الجامعيين لتخصصاتهم
https://journal.uod.ac/index.php/uodjournal/article/view/1571,200,1,text/html,"نیشانكارێ‌ كه‌سی د كورته‌ ڕۆمانا (خه‌ونێن بۆیاغكری)دا
							| Journal of Duhok University"
https://journal.uod.ac/index.php/uodjournal/article/view/1571/1022,200,1,text/html,View of  نیشانكارێ‌ كه‌سی د كورته‌ ڕۆمانا (خه‌ونێن بۆیاغكری)دا
https://journal.uod.ac/index.php/uodjournal/article/view/1572,200,1,text/html,"اليهود ودورهم في الحياة السياسية في ظل حكم الخانيات المغولية (603-923ه/ 1207-1517م)
							| Journal of Duhok University"
https://journal.uod.ac/index.php/uodjournal/article/view/1572/1023,200,1,text/html,View of اليهود ودورهم في الحياة السياسية في ظل حكم الخانيات المغولية (603-923ه/ 1207-1517م)
https://journal.uod.ac/index.php/uodjournal/article/view/1573,200,1,text/html,"(سیمیۆلۆژیا سۆزان د دیوانا (وه‌رنه‌ئه‌ڤینێ)یا هۆزانڤان(سه‌لمان كوڤلی)دا)
							| Journal of Duhok University"
https://journal.uod.ac/index.php/uodjournal/article/view/1573/1024,200,1,text/html,View of (سیمیۆلۆژیا سۆزان د دیوانا (وه‌رنه‌ئه‌ڤینێ)یا هۆزانڤان(سه‌لمان كوڤلی)دا)
https://journal.uod.ac/index.php/uodjournal/article/view/1574,200,1,text/html,"تێكستێ ""سندوقا ره‌ش"" د ناڤبه‌را رۆمانێ و ژیانناما خودیدا
							| Journal of Duhok University"
https://journal.uod.ac/index.php/uodjournal/article/view/1574/1025,200,1,text/html,"View of تێكستێ ""سندوقا ره‌ش"" د ناڤبه‌را رۆمانێ و ژیانناما خودیدا"
https://journal.uod.ac/index.php/uodjournal/article/view/1575,200,1,text/html,"بەرجەستەبوونا تەکنیک و ئاماژەیێن میتا ڤەگێرانێ د رۆمانێن مرۆڤێ  بەلەچەک و رەشکۆ دا
							| Journal of Duhok University"
https://journal.uod.ac/index.php/uodjournal/article/view/1575/1040,200,1,text/html,View of  بەرجەستەبوونا تەکنیک و ئاماژەیێن میتا ڤەگێرانێ د رۆمانێن مرۆڤێ  بەلەچەک و رەشکۆ دا
https://journal.uod.ac/index.php/uodjournal/article/view/1576,200,1,text/html,"الروحانية الوظيفية واثرها بتحقيق مؤشرات السعاده الوظيفية دراسة ميدانية لاراء عينه من تدريسي عدد من  الكليات الانسانيه في جامعه دهوك
							| Journal of Duhok University"
https://journal.uod.ac/index.php/uodjournal/article/view/1576/1027,200,1,text/html,View of الروحانية الوظيفية واثرها بتحقيق مؤشرات السعاده الوظيفية دراسة ميدانية لاراء عينه من تدريسي عدد من  الكليات الانسانيه في جامعه دهوك
https://journal.uod.ac/index.php/uodjournal/article/view/1577,200,1,text/html,"ESTIMATION OF WATER BALANCE PARAMETERS IN  ROGERM CATCHMENT AREA, MANGESH, DUHOK  GOVERNORATE, KURDISTAN REGION OF IRAQ
							| Journal of Duhok University"
https://journal.uod.ac/index.php/uodjournal/article/view/1577/1028,200,1,text/html,"View of ESTIMATION OF WATER BALANCE PARAMETERS IN  ROGERM CATCHMENT AREA, MANGESH, DUHOK  GOVERNORATE, KURDISTAN REGION OF IRAQ"
https://journal.uod.ac/index.php/uodjournal/article/view/1578,200,1,text/html,"STAND VOLUME EQUATION FOR Pinus brutia Ten. NATURAL GROWING IN ZAWITA AREA, KURDISTAN REGION OF IRAQ
							| Journal of Duhok University"
https://journal.uod.ac/index.php/uodjournal/article/view/1578/1029,200,1,text/html,"View of STAND VOLUME EQUATION FOR Pinus brutia Ten. NATURAL GROWING IN ZAWITA AREA, KURDISTAN REGION OF IRAQ"
https://journal.uod.ac/index.php/uodjournal/article/view/1579,200,1,text/html,"EFFECT OF ORGANIC MATTER AND SOIL SUSPENSION ON  CLOGGING DRIP EMITTERS UNDER APPLICATION TWO  DIFFERENT WATER QUALITIES
							| Journal of Duhok University"
https://journal.uod.ac/index.php/uodjournal/article/view/1579/1030,200,1,text/html,View of EFFECT OF ORGANIC MATTER AND SOIL SUSPENSION ON  CLOGGING DRIP EMITTERS UNDER APPLICATION TWO  DIFFERENT WATER QUALITIES
https://journal.uod.ac/index.php/uodjournal/article/view/158,200,1,text/html,"STUDY TRIES TO DISCOVER THE STYLES IN THE NOVEL ""SHABUN AREN YAHMILU BUNDAQAIYATAIN""( A YOUNG NAKED BOY CARRYING TWO GUNS) BY THE AUTHOR ABDUL-KAREEM YAHAYA AL-ZEBARY
							| Journal of Duhok University"
https://journal.uod.ac/index.php/uodjournal/article/view/158/105,200,1,text/html,"View of STUDY TRIES TO DISCOVER THE STYLES IN THE NOVEL ""SHABUN AREN YAHMILU BUNDAQAIYATAIN""( A YOUNG NAKED BOY CARRYING TWO GUNS) BY THE AUTHOR ABDUL-KAREEM YAHAYA AL-ZEBARY"
https://journal.uod.ac/index.php/uodjournal/article/view/1581,200,1,text/html,"IN VITRO PHYHOTOXICITY OF SILVER NANOPARTICLES IN COMMON FORAGE PLANT MEDICAGO SATIVA
							| Journal of Duhok University"
https://journal.uod.ac/index.php/uodjournal/article/view/1581/1031,200,1,text/html,View of IN VITRO PHYHOTOXICITY OF SILVER NANOPARTICLES IN COMMON FORAGE PLANT MEDICAGO SATIVA
https://journal.uod.ac/index.php/uodjournal/article/view/1582,200,1,text/html,"ANALYSIS OF ENERGY CONSUMPTION IN WIRELESS BODY AREA NETWORK USINGMAC PROTOCOLS (BASELINE AND SMAC)
							| Journal of Duhok University"
https://journal.uod.ac/index.php/uodjournal/article/view/1582/1032,200,1,text/html,View of ANALYSIS OF ENERGY CONSUMPTION IN WIRELESS BODY AREA NETWORK USINGMAC PROTOCOLS (BASELINE AND SMAC)
https://journal.uod.ac/index.php/uodjournal/article/view/1583,200,1,text/html,"قوناغێن وه‌رارا فابلێ د ئه‌ده‌بیاتا كوردیدا
							| Journal of Duhok University"
https://journal.uod.ac/index.php/uodjournal/article/view/1583/1033,200,1,text/html,View of  قوناغێن وه‌رارا فابلێ د ئه‌ده‌بیاتا كوردیدا
https://journal.uod.ac/index.php/uodjournal/article/view/1584,200,1,text/html,"دور الرشاقة الاستراتيجية في تعزيز الاستباقية التسويقية  دراسةاستطلاعية لاراء عينة من المدراء في عدد منموظفي بعض المصارف في دهوك
							| Journal of Duhok University"
https://journal.uod.ac/index.php/uodjournal/article/view/1584/1034,200,1,text/html,View of دور الرشاقة الاستراتيجية في تعزيز الاستباقية التسويقية  دراسةاستطلاعية لاراء عينة من المدراء في عدد منموظفي بعض المصارف في دهوك
https://journal.uod.ac/index.php/uodjournal/article/view/1585,200,1,text/html,"تأثير المناعة التنظيمية في الحد من سلوك العمل المنحرف دراسة استطلاعية لآراء عينة من الموظفين في كليات جامعة دهوك
							| Journal of Duhok University"
https://journal.uod.ac/index.php/uodjournal/article/view/1585/1035,200,1,text/html,View of تأثير المناعة التنظيمية في الحد من سلوك العمل المنحرف دراسة استطلاعية لآراء عينة من الموظفين في كليات جامعة دهوك
https://journal.uod.ac/index.php/uodjournal/article/view/1586,200,1,text/html,"فاعلية برنامج نفسي معرفي سلوكي لتنمية العناية بالذات لدى الناجيات من داعش
							| Journal of Duhok University"
https://journal.uod.ac/index.php/uodjournal/article/view/1586/1036,200,1,text/html,View of فاعلية برنامج نفسي معرفي سلوكي لتنمية العناية بالذات لدى الناجيات من داعش
https://journal.uod.ac/index.php/uodjournal/article/view/1587,200,1,text/html,"ASSESSING PRO-POOR GROWTH IN THE EUROPEAN EXPANSION COUNTRIES IN THE LIGHT OF THE CONVERGENCE CRITERIA
							| Journal of Duhok University"
https://journal.uod.ac/index.php/uodjournal/article/view/1587/1037,200,1,text/html,View of ASSESSING PRO-POOR GROWTH IN THE EUROPEAN EXPANSION COUNTRIES IN THE LIGHT OF THE CONVERGENCE CRITERIA
https://journal.uod.ac/index.php/uodjournal/article/view/1589,200,1,text/html,"الأفعال الكلامية التعجّبية في القرآن الكريم (سورة آل عمران أنموذجًا)
							| Journal of Duhok University"
https://journal.uod.ac/index.php/uodjournal/article/view/1589/1038,200,1,text/html,View of الأفعال الكلامية التعجّبية في القرآن الكريم (سورة آل عمران أنموذجًا)
https://journal.uod.ac/index.php/uodjournal/article/view/159,200,1,text/html,"THE ROLE OF THE CIVILIZED KURDS DURING THE CENTURY (7 AH / 13 AD), THROUGH HIS BOOK (THE HISTORY OF ISLAM)
							| Journal of Duhok University"
https://journal.uod.ac/index.php/uodjournal/article/view/159/106,200,1,text/html,"View of THE ROLE OF THE CIVILIZED KURDS DURING THE CENTURY (7 AH / 13 AD), THROUGH HIS BOOK (THE HISTORY OF ISLAM)"
https://journal.uod.ac/index.php/uodjournal/article/view/1590,200,1,text/html,"""واقع التعايش السلمي في اقليم كوردستان ""مدينة دهوك أنموذجا
							| Journal of Duhok University"
https://journal.uod.ac/index.php/uodjournal/article/view/1590/1039,200,1,text/html,"View of ""واقع التعايش السلمي في اقليم كوردستان ""مدينة دهوك أنموذجا"
https://journal.uod.ac/index.php/uodjournal/article/view/16,200,1,text/html,"TRANSFORMATION STRATEGIES TOWARDS SUSTAINABLE CITIES SUSTAINABLE TRANSPORT STRATEGY IN KARBALA CITY
							| Journal of Duhok University"
https://journal.uod.ac/index.php/uodjournal/article/view/16/5,200,1,text/html,View of TRANSFORMATION STRATEGIES TOWARDS SUSTAINABLE CITIES SUSTAINABLE TRANSPORT STRATEGY IN KARBALA CITY
https://journal.uod.ac/index.php/uodjournal/article/view/160,200,1,text/html,"THE APPLICATION SCOPE OF COMPREHENSIVE QUALITY STANDARDS IN FIELD OF ADMINISTRATIVE ORGANIZATION AND ACADEMIC PROGRAM IN COLLEGES OF BASIC EDUCATION IN DOHUK UNIVERSITY.
							| Journal of Duhok University"
https://journal.uod.ac/index.php/uodjournal/article/view/160/107,200,1,text/html,View of THE APPLICATION SCOPE OF COMPREHENSIVE QUALITY STANDARDS IN FIELD OF ADMINISTRATIVE ORGANIZATION AND ACADEMIC PROGRAM IN COLLEGES OF BASIC EDUCATION IN DOHUK UNIVERSITY.
https://journal.uod.ac/index.php/uodjournal/article/view/161,200,1,text/html,"ANALYSIS OF THE CAUSES AND EFFECTS OF THE PHENOMENON OF TAX EVASION AND METHODS OF TREATMENT IN THE IRAQI TAX SYSTEM
							| Journal of Duhok University"
https://journal.uod.ac/index.php/uodjournal/article/view/161/108,200,1,text/html,View of ANALYSIS OF THE CAUSES AND EFFECTS OF THE PHENOMENON OF TAX EVASION AND METHODS OF TREATMENT IN THE IRAQI TAX SYSTEM
https://journal.uod.ac/index.php/uodjournal/article/view/162,200,1,text/html,"POLITICAL RELATIONS BETWEEN IRAQ AND EGYPT IN THE PERIOD OF GAMAL ABDEL NASSER AND NOURI AL-SAID (1955-1958)
							| Journal of Duhok University"
https://journal.uod.ac/index.php/uodjournal/article/view/162/109,200,1,text/html,View of POLITICAL RELATIONS BETWEEN IRAQ AND EGYPT IN THE PERIOD OF GAMAL ABDEL NASSER AND NOURI AL-SAID (1955-1958)
https://journal.uod.ac/index.php/uodjournal/article/view/1623,200,1,text/html,"ULTRASONIC ASSESSMENT OF THE FIRST TRIMESTER VAGINAL BLEEDINGIN DUHOK CITY / KURDISTAN REGION OF IRAQ
							| Journal of Duhok University"
https://journal.uod.ac/index.php/uodjournal/article/view/1623/1041,200,1,text/html,View of ULTRASONIC ASSESSMENT OF THE FIRST TRIMESTER VAGINAL BLEEDINGIN DUHOK CITY / KURDISTAN REGION OF IRAQ
https://journal.uod.ac/index.php/uodjournal/article/view/1624,200,1,text/html,"TRAFFIC ASSESSMENT AND OPTIMIZATION AT SIGNALIZED INTERSECTIONS: A REVIEW STUDY
							| Journal of Duhok University"
https://journal.uod.ac/index.php/uodjournal/article/view/1624/1061,200,1,text/html,View of TRAFFIC ASSESSMENT AND OPTIMIZATION AT SIGNALIZED INTERSECTIONS: A REVIEW STUDY
https://journal.uod.ac/index.php/uodjournal/article/view/1625,200,1,text/html,"مۆرفۆفۆنۆسینتاكس د زمانێ‌ كوردی (گۆڤه‌را به‌هدینی)دا
							| Journal of Duhok University"
https://journal.uod.ac/index.php/uodjournal/article/view/1625/1043,200,1,text/html,View of مۆرفۆفۆنۆسینتاكس د زمانێ‌ كوردی (گۆڤه‌را به‌هدینی)دا
https://journal.uod.ac/index.php/uodjournal/article/view/1628,200,1,text/html,"PHYSIOLOGICAL RESPONSE OF LAMB TO ZINC SUPPLEMENTATION DURING HEAT STRESS SEASON
							| Journal of Duhok University"
https://journal.uod.ac/index.php/uodjournal/article/view/1628/1046,200,1,text/html,View of PHYSIOLOGICAL RESPONSE OF LAMB TO ZINC SUPPLEMENTATION DURING HEAT STRESS SEASON
https://journal.uod.ac/index.php/uodjournal/article/view/163,200,1,text/html,"THE ROLE OF MEDIA IN DIRECTING YOUTH TO VOTE IN THE KURDISTAN REGIONAL PARLIAMENT ELECTIONS 2013,DUHOK CITY AS A MODEL
							| Journal of Duhok University"
https://journal.uod.ac/index.php/uodjournal/article/view/163/111,200,1,text/html,"View of THE ROLE OF MEDIA IN DIRECTING YOUTH TO VOTE IN THE KURDISTAN REGIONAL PARLIAMENT ELECTIONS 2013,DUHOK CITY AS A MODEL"
https://journal.uod.ac/index.php/uodjournal/article/view/164,200,1,text/html,"SHAH AL-SAFAWI AND HIS MASSACRE OF THE KURDS (MAHMUDI, PRADUST, MUKARY, AND BANI) 1605-1629
							| Journal of Duhok University"
https://journal.uod.ac/index.php/uodjournal/article/view/164/112,200,1,text/html,"View of SHAH AL-SAFAWI AND HIS MASSACRE OF THE KURDS (MAHMUDI, PRADUST, MUKARY, AND BANI) 1605-1629"
https://journal.uod.ac/index.php/uodjournal/article/view/1642,200,1,text/html,"CONTOUR MAPS DESCRIPTION OF NATURAL RADIATION IN THE SOIL OF NAJAF PROVINCE
							| Journal of Duhok University"
https://journal.uod.ac/index.php/uodjournal/article/view/1642/1047,200,1,text/html,View of CONTOUR MAPS DESCRIPTION OF NATURAL RADIATION IN THE SOIL OF NAJAF PROVINCE
https://journal.uod.ac/index.php/uodjournal/article/view/1643,200,1,text/html,"IDENTIFICATION AND GEOMORPHOLOGICAL ANALYSIS OF KOTRAL CAVES, SARDASHT, NORTH WEST OF IRAN
							| Journal of Duhok University"
https://journal.uod.ac/index.php/uodjournal/article/view/1643/1048,200,1,text/html,"View of IDENTIFICATION AND GEOMORPHOLOGICAL ANALYSIS OF KOTRAL CAVES, SARDASHT, NORTH WEST OF IRAN"
https://journal.uod.ac/index.php/uodjournal/article/view/1644,200,1,text/html,"أحواض التغذية وتأثيراتها في مورفولوجية المراوح الفيضية للسفح الشمالي لجبل سنجار (باستخدام التقنيات المكانية)
							| Journal of Duhok University"
https://journal.uod.ac/index.php/uodjournal/article/view/1644/1049,200,1,text/html,View of أحواض التغذية وتأثيراتها في مورفولوجية المراوح الفيضية للسفح الشمالي لجبل سنجار (باستخدام التقنيات المكانية)
https://journal.uod.ac/index.php/uodjournal/article/view/1645,200,1,text/html,"التحليل المكاني للعيون والينابيع في ناحية مانكيش 
							| Journal of Duhok University"
https://journal.uod.ac/index.php/uodjournal/article/view/1645/1050,200,1,text/html,View of التحليل المكاني للعيون والينابيع في ناحية مانكيش
https://journal.uod.ac/index.php/uodjournal/article/view/1646,200,1,text/html,"التحليل الجغرافي السياسي لمقومات قوة الدولة البشرية في ظل تحديات ازمة كورونا
							| Journal of Duhok University"
https://journal.uod.ac/index.php/uodjournal/article/view/1646/1051,200,1,text/html,View of التحليل الجغرافي السياسي لمقومات قوة الدولة البشرية في ظل تحديات ازمة كورونا
https://journal.uod.ac/index.php/uodjournal/article/view/1647,200,1,text/html,"التخطيط لأدارة الموارد المائية في إقليم كوردستان العراق / وجهة نظر جغرافية
							| Journal of Duhok University"
https://journal.uod.ac/index.php/uodjournal/article/view/1647/1052,200,1,text/html,View of  التخطيط لأدارة الموارد المائية في إقليم كوردستان العراق / وجهة نظر جغرافية
https://journal.uod.ac/index.php/uodjournal/article/view/1648,200,1,text/html,"التنمیة السیاحية للكهوف فی اقلیم كوردستان العراق
							| Journal of Duhok University"
https://journal.uod.ac/index.php/uodjournal/article/view/1648/1053,200,1,text/html,View of التنمیة السیاحية للكهوف فی اقلیم كوردستان العراق
https://journal.uod.ac/index.php/uodjournal/article/view/1649,200,1,text/html,"المحددات الطبيعية وأثرها في تحديد موضع ومورفولوجية بحيرة سد لينافا-دهوك دراسة في الحصاد المائي
							| Journal of Duhok University"
https://journal.uod.ac/index.php/uodjournal/article/view/1649/1054,200,1,text/html,View of المحددات الطبيعية وأثرها في تحديد موضع ومورفولوجية بحيرة سد لينافا-دهوك دراسة في الحصاد المائي
https://journal.uod.ac/index.php/uodjournal/article/view/165,200,1,text/html,"THE MORRORCAN ELITE IN AL MAQREEZI’S BOOK  “DURAR AL- UQUD AL- FARIDA”(845 A.H.  / 1442 A.D.)
							| Journal of Duhok University"
https://journal.uod.ac/index.php/uodjournal/article/view/165/114,200,1,text/html,View of THE MORRORCAN ELITE IN AL MAQREEZI’S BOOK  “DURAR AL- UQUD AL- FARIDA”(845 A.H.  / 1442 A.D.)
https://journal.uod.ac/index.php/uodjournal/article/view/1650,200,1,text/html,"تمكين المرأة العاملة في الانتاج الزراعي في محافظة المثنى
							| Journal of Duhok University"
https://journal.uod.ac/index.php/uodjournal/article/view/1650/1055,200,1,text/html,View of تمكين المرأة العاملة في الانتاج الزراعي في محافظة المثنى
https://journal.uod.ac/index.php/uodjournal/article/view/1651,200,1,text/html,"التباين المكاني لنصيب الفرد من المساحات الخضراء في مدينة كركوك- دراسة في جغرافية الخدمات
							| Journal of Duhok University"
https://journal.uod.ac/index.php/uodjournal/article/view/1651/1056,200,1,text/html,View of التباين المكاني لنصيب الفرد من المساحات الخضراء في مدينة كركوك- دراسة في جغرافية الخدمات
https://journal.uod.ac/index.php/uodjournal/article/view/1652,200,1,text/html,"ظاهرة التصحر وأثرها في أنتاج الحبوب في محافظة القادسية
							| Journal of Duhok University"
https://journal.uod.ac/index.php/uodjournal/article/view/1652/1057,200,1,text/html,View of ظاهرة التصحر وأثرها في أنتاج الحبوب في محافظة القادسية
https://journal.uod.ac/index.php/uodjournal/article/view/1653,200,1,text/html,"(GIS) شیكردنەوەی تایبەتمەندییە هایدرۆمۆرفۆمترییەكانی ئاوزێڵی دۆڵی ئاوەسپی و كاریگەری لەسەر دروستبوونی دیاردەی لافاو بە بەكارهێنانی سیستەمی زانیارییە جوگرافییەكان 
							| Journal of Duhok University"
https://journal.uod.ac/index.php/uodjournal/article/view/1653/1058,200,1,text/html,View of  (GIS) شیكردنەوەی تایبەتمەندییە هایدرۆمۆرفۆمترییەكانی ئاوزێڵی دۆڵی ئاوەسپی و كاریگەری لەسەر دروستبوونی دیاردەی لافاو بە بەكارهێنانی سیستەمی زانیارییە جوگرافییەكان
https://journal.uod.ac/index.php/uodjournal/article/view/1654,200,1,text/html,"كارتێكرنا ساخله‌تێن به‌رزی ونزمیێ لسه‌ر دابه‌شبوونا داپووشێ دارستانان لده‌ڤه‌را چیایی یا پارێزگه‌ها دهوكێ
							| Journal of Duhok University"
https://journal.uod.ac/index.php/uodjournal/article/view/1654/1059,200,1,text/html,View of كارتێكرنا ساخله‌تێن به‌رزی ونزمیێ لسه‌ر دابه‌شبوونا داپووشێ دارستانان لده‌ڤه‌را چیایی یا پارێزگه‌ها دهوكێ
https://journal.uod.ac/index.php/uodjournal/article/view/1655,200,1,text/html,"ISOLATION AND CHARACTERIZATION OF Isaria farinosa FROM  IRAQI GARA MOUNTAIN SOIL USING MORPHOLOGICAL  AND MOLECULAR APPROACHES
							| Journal of Duhok University"
https://journal.uod.ac/index.php/uodjournal/article/view/1655/1063,200,1,text/html,View of ISOLATION AND CHARACTERIZATION OF Isaria farinosa FROM  IRAQI GARA MOUNTAIN SOIL USING MORPHOLOGICAL  AND MOLECULAR APPROACHES
https://journal.uod.ac/index.php/uodjournal/article/view/166,200,1,text/html,"PEACE IS A MEANS OF RESOLVING DISPUTES BETWEEN SPOUSES
							| Journal of Duhok University"
https://journal.uod.ac/index.php/uodjournal/article/view/166/113,200,1,text/html,View of PEACE IS A MEANS OF RESOLVING DISPUTES BETWEEN SPOUSES
https://journal.uod.ac/index.php/uodjournal/article/view/1661,200,1,text/html,"الخصائص المورفومترية لحوض وادي حسب جنوب غرب النجف واستثمار مواردة الطبيعية باستخدام نظم المعلومات الجغرافية
							| Journal of Duhok University"
https://journal.uod.ac/index.php/uodjournal/article/view/1661/1064,200,1,text/html,View of الخصائص المورفومترية لحوض وادي حسب جنوب غرب النجف واستثمار مواردة الطبيعية باستخدام نظم المعلومات الجغرافية
https://journal.uod.ac/index.php/uodjournal/article/view/167,200,1,text/html,"THE EFFECT OF STRATEGIC FLEXIBILITY AS APPROACH TO ACHIEVE THE SUSTAINABLE COMPETITIVE ADVANTAGE THROUGH AN ANALYTICAL STUDY FOR OPINIONS OF ASIACELL MANAGERS IN IRAQ
							| Journal of Duhok University"
https://journal.uod.ac/index.php/uodjournal/article/view/167/115,200,1,text/html,View of THE EFFECT OF STRATEGIC FLEXIBILITY AS APPROACH TO ACHIEVE THE SUSTAINABLE COMPETITIVE ADVANTAGE THROUGH AN ANALYTICAL STUDY FOR OPINIONS OF ASIACELL MANAGERS IN IRAQ
https://journal.uod.ac/index.php/uodjournal/article/view/1672,200,1,text/html,"EFFECTS OF COMPACTION EFFORTS ON TENSILE STRENGTH CHARACTERISTICS AND DURABILITY OF WARM-ASPHALT  MIXTURE CONTAINING NATURAL AND SYNTHETIC ZEOLITE
							| Journal of Duhok University"
https://journal.uod.ac/index.php/uodjournal/article/view/1672/1065,200,1,text/html,View of EFFECTS OF COMPACTION EFFORTS ON TENSILE STRENGTH CHARACTERISTICS AND DURABILITY OF WARM-ASPHALT  MIXTURE CONTAINING NATURAL AND SYNTHETIC ZEOLITE
https://journal.uod.ac/index.php/uodjournal/article/view/1674,200,1,text/html,"تایبەتمەندیێن نەتەوەیى بوونێ و رەنگڤەداناوێ ل سەرناسیۆنالیزما کوردى
							| Journal of Duhok University"
https://journal.uod.ac/index.php/uodjournal/article/view/1674/1066,200,1,text/html,View of تایبەتمەندیێن نەتەوەیى بوونێ و رەنگڤەداناوێ ل سەرناسیۆنالیزما کوردى
https://journal.uod.ac/index.php/uodjournal/article/view/168,200,1,text/html,"ANALYSIS OF THE FACTORS AFFECTING ON THE INDUSTRY AND PRODUCTION  OF ELECTRICAL ENERGY IN THE DOHUK GOVERNORATE
							| Journal of Duhok University"
https://journal.uod.ac/index.php/uodjournal/article/view/168/116,200,1,text/html,View of ANALYSIS OF THE FACTORS AFFECTING ON THE INDUSTRY AND PRODUCTION  OF ELECTRICAL ENERGY IN THE DOHUK GOVERNORATE
https://journal.uod.ac/index.php/uodjournal/article/view/169,200,1,text/html,"THE RIGHT OF FEDERAL REGIONS TO INDEPENDENCE
							| Journal of Duhok University"
https://journal.uod.ac/index.php/uodjournal/article/view/169/117,200,1,text/html,View of THE RIGHT OF FEDERAL REGIONS TO INDEPENDENCE
https://journal.uod.ac/index.php/uodjournal/article/view/17,200,1,text/html,"TRACES OF SUSTAINABILITY PRINCIPLES IN ARCHITECTURE TEACHING PROGRAMS AT SALAHADDIN UNIVERSITY SURVEY AND ANALYSIS OF TEACHING COURSE BOOKS
							| Journal of Duhok University"
https://journal.uod.ac/index.php/uodjournal/article/view/17/6,200,1,text/html,View of TRACES OF SUSTAINABILITY PRINCIPLES IN ARCHITECTURE TEACHING PROGRAMS AT SALAHADDIN UNIVERSITY SURVEY AND ANALYSIS OF TEACHING COURSE BOOKS
https://journal.uod.ac/index.php/uodjournal/article/view/170,200,1,text/html,"IDENTIFY THE SOFT SKILLS OF THE ADMINISTRATIVE LEADERSHIPS AND THEIR IMPACT ON ORGANIZATIONAL IMPROVISATION
							| Journal of Duhok University"
https://journal.uod.ac/index.php/uodjournal/article/view/170/118,200,1,text/html,View of IDENTIFY THE SOFT SKILLS OF THE ADMINISTRATIVE LEADERSHIPS AND THEIR IMPACT ON ORGANIZATIONAL IMPROVISATION
https://journal.uod.ac/index.php/uodjournal/article/view/1703,200,1,text/html,"TENSILE STRENGTH AND MOISTURE SENSITIVITY OF SULFUR WASTE IN ASPHALT MIXTURES AS AN ECO-FRIENDLY FILLER
							| Journal of Duhok University"
https://journal.uod.ac/index.php/uodjournal/article/view/1703/1067,200,1,text/html,View of TENSILE STRENGTH AND MOISTURE SENSITIVITY OF SULFUR WASTE IN ASPHALT MIXTURES AS AN ECO-FRIENDLY FILLER
https://journal.uod.ac/index.php/uodjournal/article/view/171,200,1,text/html,"SUBLEASE AND LEASE WAIVER OF AGRARIAN REFORM LANDS
							| Journal of Duhok University"
https://journal.uod.ac/index.php/uodjournal/article/view/171/119,200,1,text/html,View of SUBLEASE AND LEASE WAIVER OF AGRARIAN REFORM LANDS
https://journal.uod.ac/index.php/uodjournal/article/view/172,200,1,text/html,"VOWEL LENGTH AS AN ORDERING CONSTRAINT IN BADINI KURDISH BINOMIALS: A QUANTITATIVE ANALYSIS
							| Journal of Duhok University"
https://journal.uod.ac/index.php/uodjournal/article/view/172/122,200,1,text/html,View of VOWEL LENGTH AS AN ORDERING CONSTRAINT IN BADINI KURDISH BINOMIALS: A QUANTITATIVE ANALYSIS
https://journal.uod.ac/index.php/uodjournal/article/view/173,200,1,text/html,"INSTRUCTION TO OVERCOME THE DIFFICILTY IN ACQUIRING ENGLISH SEGMENTS NON EXISTENT IN KURDISH TO KURDISH EFL LEARNERS
							| Journal of Duhok University"
https://journal.uod.ac/index.php/uodjournal/article/view/173/123,200,1,text/html,View of INSTRUCTION TO OVERCOME THE DIFFICILTY IN ACQUIRING ENGLISH SEGMENTS NON EXISTENT IN KURDISH TO KURDISH EFL LEARNERS
https://journal.uod.ac/index.php/uodjournal/article/view/174,200,1,text/html,"NUMERICAL INVESTIGATION OF NATURAL CONVECTION HEAT TRANSFER FROM HORIZONTAL CIRCULAR CYLINDER IN A VENTED ENCLOSURE FILLED WITH NANOFLUIDS
							| Journal of Duhok University"
https://journal.uod.ac/index.php/uodjournal/article/view/174/124,200,1,text/html,View of NUMERICAL INVESTIGATION OF NATURAL CONVECTION HEAT TRANSFER FROM HORIZONTAL CIRCULAR CYLINDER IN A VENTED ENCLOSURE FILLED WITH NANOFLUIDS
https://journal.uod.ac/index.php/uodjournal/article/view/175,200,1,text/html,"QUALITY OF LIFE ASSESSMENT IN PATIENTS UNDERGOING HEMODIALYSIS IN DUHOK CITY
							| Journal of Duhok University"
https://journal.uod.ac/index.php/uodjournal/article/view/175/125,200,1,text/html,View of QUALITY OF LIFE ASSESSMENT IN PATIENTS UNDERGOING HEMODIALYSIS IN DUHOK CITY
https://journal.uod.ac/index.php/uodjournal/article/view/176,200,1,text/html,"A STUDY OF THE IMPACT OF ENGLISH COURSES ON PRIMARY SCHOOLS TEACHERS CONCERNING THE EDUCATIONAL CURRICULUM CONVERTS FROM KURDISH TO ENGLISH IN K.R.G., CASE STUDY, DUHOK CITY
							| Journal of Duhok University"
https://journal.uod.ac/index.php/uodjournal/article/view/176/126,200,1,text/html,"View of A STUDY OF THE IMPACT OF ENGLISH COURSES ON PRIMARY SCHOOLS TEACHERS CONCERNING THE EDUCATIONAL CURRICULUM CONVERTS FROM KURDISH TO ENGLISH IN K.R.G., CASE STUDY, DUHOK CITY"
https://journal.uod.ac/index.php/uodjournal/article/view/177,200,1,text/html,"PARALLELIZE AND ANALYSIS LU FACTORIZATION AND QUADRANT INTERLOCKING FACTORIZATION ALGORITHM IN OPENMP
							| Journal of Duhok University"
https://journal.uod.ac/index.php/uodjournal/article/view/177/127,200,1,text/html,View of PARALLELIZE AND ANALYSIS LU FACTORIZATION AND QUADRANT INTERLOCKING FACTORIZATION ALGORITHM IN OPENMP
https://journal.uod.ac/index.php/uodjournal/article/view/178,200,1,text/html,"NANO-NETWORK CONDUCTING POLYMERS AS SUPERIOR ELECTRODES FOR SUPERCAPACITORS
							| Journal of Duhok University"
https://journal.uod.ac/index.php/uodjournal/article/view/178/128,200,1,text/html,View of NANO-NETWORK CONDUCTING POLYMERS AS SUPERIOR ELECTRODES FOR SUPERCAPACITORS
https://journal.uod.ac/index.php/uodjournal/article/view/179,200,1,text/html,"EFFECT OF NAPHTHA ON BLENDING ALCOHOL DIESEL FUEL ON C.I. ENGINE PERFORMANCE
							| Journal of Duhok University"
https://journal.uod.ac/index.php/uodjournal/article/view/179/129,200,1,text/html,View of EFFECT OF NAPHTHA ON BLENDING ALCOHOL DIESEL FUEL ON C.I. ENGINE PERFORMANCE
https://journal.uod.ac/index.php/uodjournal/article/view/18,200,1,text/html,"MINIATURIZATION OF A PLANAR STRIP-SHAPED MONOPOLE ANTENNA FOR WLAN APPLICATION
							| Journal of Duhok University"
https://journal.uod.ac/index.php/uodjournal/article/view/18/7,200,1,text/html,View of MINIATURIZATION OF A PLANAR STRIP-SHAPED MONOPOLE ANTENNA FOR WLAN APPLICATION
https://journal.uod.ac/index.php/uodjournal/article/view/180,200,1,text/html,"THE ROLE OF IMMUNOHISTOCHEMISTRY IN THE EVALUATION OF UNDIFFERENTIATED GASTRIC CANCER
							| Journal of Duhok University"
https://journal.uod.ac/index.php/uodjournal/article/view/180/130,200,1,text/html,View of THE ROLE OF IMMUNOHISTOCHEMISTRY IN THE EVALUATION OF UNDIFFERENTIATED GASTRIC CANCER
https://journal.uod.ac/index.php/uodjournal/article/view/181,200,1,text/html,"HISTOPATHOLOGICAL ANALYSIS OF ENDOMETRIAL BIOPSIES FROM WOMEN WITH ABNORMAL UTERINE BLEEDING
							| Journal of Duhok University"
https://journal.uod.ac/index.php/uodjournal/article/view/181/131,200,1,text/html,View of HISTOPATHOLOGICAL ANALYSIS OF ENDOMETRIAL BIOPSIES FROM WOMEN WITH ABNORMAL UTERINE BLEEDING
https://journal.uod.ac/index.php/uodjournal/article/view/182,200,1,text/html,"A NOVEL TECHNIQUE TO INCREASE THE LOAD CAPACITY  OF THE STEEL PIPE PILE
							| Journal of Duhok University"
https://journal.uod.ac/index.php/uodjournal/article/view/182/132,200,1,text/html,View of A NOVEL TECHNIQUE TO INCREASE THE LOAD CAPACITY  OF THE STEEL PIPE PILE
https://journal.uod.ac/index.php/uodjournal/article/view/1820,200,1,text/html,"ANTIFUNGAL ACTIVITY OF SOME PLANT EXTRACTS AGAINST FUNGUS FUSARIUM OXYSPORUM
							| Journal of Duhok University"
https://journal.uod.ac/index.php/uodjournal/article/view/1820/1073,200,1,text/html,View of ANTIFUNGAL ACTIVITY OF SOME PLANT EXTRACTS AGAINST FUNGUS FUSARIUM OXYSPORUM
https://journal.uod.ac/index.php/uodjournal/article/view/183,200,1,text/html,"TOWARDS PUBLIC TRANSPORTATION AND INTELLIGENT TRANSPORTATION SYSTEM: NAJAF CITY AS A CASE STUDY
							| Journal of Duhok University"
https://journal.uod.ac/index.php/uodjournal/article/view/183/133,200,1,text/html,View of TOWARDS PUBLIC TRANSPORTATION AND INTELLIGENT TRANSPORTATION SYSTEM: NAJAF CITY AS A CASE STUDY
https://journal.uod.ac/index.php/uodjournal/article/view/1837,200,1,text/html,"EARLY VEGETATIVE GROWTH OF BARLEY AND TRITICALE SOWN  AT DIFFERENT SEED AND DAP FERTILIZER RATES UNDER  RAINFED CONDITIONS
							| Journal of Duhok University"
https://journal.uod.ac/index.php/uodjournal/article/view/1837/1070,200,1,text/html,View of EARLY VEGETATIVE GROWTH OF BARLEY AND TRITICALE SOWN  AT DIFFERENT SEED AND DAP FERTILIZER RATES UNDER  RAINFED CONDITIONS
https://journal.uod.ac/index.php/uodjournal/article/view/1838,200,1,text/html,"IMPACT OF DIFFERENT SUBSTRATES OF SPAWN PRODUCTION AND CALCIUM CARBONATE ON THE GROWTH AND YIELD OF OYSTER MUSHROOM (Pleurotus ostreatus)
							| Journal of Duhok University"
https://journal.uod.ac/index.php/uodjournal/article/view/1838/1071,200,1,text/html,View of IMPACT OF DIFFERENT SUBSTRATES OF SPAWN PRODUCTION AND CALCIUM CARBONATE ON THE GROWTH AND YIELD OF OYSTER MUSHROOM (Pleurotus ostreatus)
https://journal.uod.ac/index.php/uodjournal/article/view/1839,200,1,text/html,"EFFECT OF ORGANIC FERTILIZER AND EM1ON GROWTH AND  YIELD OF TWO LETTUCE CULTIVARS (LACTUCA SATIVA L.)  ON GREENHOUSE CONDITIONS
							| Journal of Duhok University"
https://journal.uod.ac/index.php/uodjournal/article/view/1839/1072,200,1,text/html,View of EFFECT OF ORGANIC FERTILIZER AND EM1ON GROWTH AND  YIELD OF TWO LETTUCE CULTIVARS (LACTUCA SATIVA L.)  ON GREENHOUSE CONDITIONS
https://journal.uod.ac/index.php/uodjournal/article/view/185,200,1,text/html,"DETECTION OF BRAF MUTATION IN MELANOMA FOUND IN TISSUE AND CFDNA BY USING  A HIGHLY SENSITIVE PNA-CLAMP PCR.
							| Journal of Duhok University"
https://journal.uod.ac/index.php/uodjournal/article/view/185/134,200,1,text/html,View of DETECTION OF BRAF MUTATION IN MELANOMA FOUND IN TISSUE AND CFDNA BY USING  A HIGHLY SENSITIVE PNA-CLAMP PCR.
https://journal.uod.ac/index.php/uodjournal/article/view/186,200,1,text/html,"ENGINEERING SITE INVESTIGATION USING 2D ELELCTRICAL RESISTIVITY TOMOGRAPHY AT THE SIKTAN PROPOSED DAM SITE  AT ERBIL GOVERNORATE, IRAQI KURDISTAN REGION
							| Journal of Duhok University"
https://journal.uod.ac/index.php/uodjournal/article/view/186/135,200,1,text/html,"View of ENGINEERING SITE INVESTIGATION USING 2D ELELCTRICAL RESISTIVITY TOMOGRAPHY AT THE SIKTAN PROPOSED DAM SITE  AT ERBIL GOVERNORATE, IRAQI KURDISTAN REGION"
https://journal.uod.ac/index.php/uodjournal/article/view/1867,200,1,text/html,"SOIL SEED BANK COMPATIBILITY WITH ABOVEGROUND  PLANTS UNDER DIFFERENT TOPOGRAPHICAL PARAMETERS  IN THE ZAWITA MOUNTAINS FOREST
							| Journal of Duhok University"
https://journal.uod.ac/index.php/uodjournal/article/view/1867/1074,200,1,text/html,View of SOIL SEED BANK COMPATIBILITY WITH ABOVEGROUND  PLANTS UNDER DIFFERENT TOPOGRAPHICAL PARAMETERS  IN THE ZAWITA MOUNTAINS FOREST
https://journal.uod.ac/index.php/uodjournal/article/view/1868,200,1,text/html,"EFFECT OF IODINE DOSES ON HEMATOLOGICAL AND ENZYMES PARAMETERS OF BLACK GOATS DURING LATE PREGNANCY PERIOD 
							| Journal of Duhok University"
https://journal.uod.ac/index.php/uodjournal/article/view/1868/1075,200,1,text/html,View of EFFECT OF IODINE DOSES ON HEMATOLOGICAL AND ENZYMES PARAMETERS OF BLACK GOATS DURING LATE PREGNANCY PERIOD
https://journal.uod.ac/index.php/uodjournal/article/view/1869,200,1,text/html,"EFFECT OF MULCHING AND LICORICE ROOT EXTRACT ON GROWTH OF TWO BROCCOLI CULTIVARS (BRASSICA OLERACEA VAR. ITALICA.)
							| Journal of Duhok University"
https://journal.uod.ac/index.php/uodjournal/article/view/1869/1076,200,1,text/html,View of EFFECT OF MULCHING AND LICORICE ROOT EXTRACT ON GROWTH OF TWO BROCCOLI CULTIVARS (BRASSICA OLERACEA VAR. ITALICA.)
https://journal.uod.ac/index.php/uodjournal/article/view/187,200,1,text/html,"MULTIPLE CO-PRIME DIVISORS AND MULTIPLE DIVISORS GRAPHS
							| Journal of Duhok University"
https://journal.uod.ac/index.php/uodjournal/article/view/187/136,200,1,text/html,View of MULTIPLE CO-PRIME DIVISORS AND MULTIPLE DIVISORS GRAPHS
https://journal.uod.ac/index.php/uodjournal/article/view/1870,200,1,text/html,"MORPHOLOGICAL STUDY OF Cerambyx cerdo LINNAEUS, 1758 (COLEOPTERA : CERAMBYCIDAE) FROM DUHOK PROVINCE, KURDISTAN REGION-IRAQ.
							| Journal of Duhok University"
https://journal.uod.ac/index.php/uodjournal/article/view/1870/1078,200,1,text/html,"View of MORPHOLOGICAL STUDY OF Cerambyx cerdo LINNAEUS, 1758 (COLEOPTERA : CERAMBYCIDAE) FROM DUHOK PROVINCE, KURDISTAN REGION-IRAQ."
https://journal.uod.ac/index.php/uodjournal/article/view/189,200,1,text/html,"THE SYMBOL AND MEANING A SEMANTIC STUDY
							| Journal of Duhok University"
https://journal.uod.ac/index.php/uodjournal/article/view/189/137,200,1,text/html,View of THE SYMBOL AND MEANING A SEMANTIC STUDY
https://journal.uod.ac/index.php/uodjournal/article/view/1890,200,1,text/html,"IMPACT OF CULTIVARS, PLANTING DATES AND CHICKEN MANNERS ON VEGETATIVE GROWTH AND YIELD OF ONION (ALLIUM CEPA L.)
							| Journal of Duhok University"
https://journal.uod.ac/index.php/uodjournal/article/view/1890/1079,200,1,text/html,"View of IMPACT OF CULTIVARS, PLANTING DATES AND CHICKEN MANNERS ON VEGETATIVE GROWTH AND YIELD OF ONION (ALLIUM CEPA L.)"
https://journal.uod.ac/index.php/uodjournal/article/view/1891,200,1,text/html,"CATEGORIZATION OF DEBRIS FLOW AND ITS PREDICTION ALONG THE HIGHWAY ROADSIDE OF DUHOK- SHEKHAN
							| Journal of Duhok University"
https://journal.uod.ac/index.php/uodjournal/article/view/1891/1080,200,1,text/html,View of CATEGORIZATION OF DEBRIS FLOW AND ITS PREDICTION ALONG THE HIGHWAY ROADSIDE OF DUHOK- SHEKHAN
https://journal.uod.ac/index.php/uodjournal/article/view/1892,200,1,text/html,"USING ROSETTA PROGRAM IN DETERMINING HYDRAULIC PROPERTIES OF THREE DIFFERENT MOUNTAINOUS TEXTURED SOILS UNDER SEMIARID CONDITIONS OF DUHOK IRAQI – KURDISTAN
							| Journal of Duhok University"
https://journal.uod.ac/index.php/uodjournal/article/view/1892/1081,200,1,text/html,View of USING ROSETTA PROGRAM IN DETERMINING HYDRAULIC PROPERTIES OF THREE DIFFERENT MOUNTAINOUS TEXTURED SOILS UNDER SEMIARID CONDITIONS OF DUHOK IRAQI – KURDISTAN
https://journal.uod.ac/index.php/uodjournal/article/view/1893,200,1,text/html,"EFFECT OF SOME METHODS OF WEED CONTROL ON GROWTH, YIELD AND YIELD COMPONENTS OF TWO CULTIVARS OF  BROAD BEAN (VICIA FABA L.) AND ASSOCIATED WEEDS  UNDER RAIN FED CONDITION
							| Journal of Duhok University"
https://journal.uod.ac/index.php/uodjournal/article/view/1893/1082,200,1,text/html,"View of EFFECT OF SOME METHODS OF WEED CONTROL ON GROWTH, YIELD AND YIELD COMPONENTS OF TWO CULTIVARS OF  BROAD BEAN (VICIA FABA L.) AND ASSOCIATED WEEDS  UNDER RAIN FED CONDITION"
https://journal.uod.ac/index.php/uodjournal/article/view/1894,200,1,text/html,"RESPONSE OF FREESIA (FREESIA REFRECTA L.) PLANT TO DIFFERENT GROWTH MEDIA, CALCIUM CHLORIDE AND GIBBERELLIC ACID
							| Journal of Duhok University"
https://journal.uod.ac/index.php/uodjournal/article/view/1894/1083,200,1,text/html,"View of RESPONSE OF FREESIA (FREESIA REFRECTA L.) PLANT TO DIFFERENT GROWTH MEDIA, CALCIUM CHLORIDE AND GIBBERELLIC ACID"
https://journal.uod.ac/index.php/uodjournal/article/view/1897,200,1,text/html,"HAAR WAVELET FOR NUMERIC SOLUTION OF RLC CIRCUIT DIFFERENTIAL EQUATIONS
							| Journal of Duhok University"
https://journal.uod.ac/index.php/uodjournal/article/view/1897/1084,200,1,text/html,View of HAAR WAVELET FOR NUMERIC SOLUTION OF RLC CIRCUIT DIFFERENTIAL EQUATIONS
https://journal.uod.ac/index.php/uodjournal/article/view/1898,200,1,text/html,"A REVIEW OF STRENGTH AND BEHAVIOR OF REINFORCED CONCRETE BRIDGE DECK SLABS OVERLAID WITH ULTRA HIGH-PERFORMANCE CONCRETE (UHPC)
							| Journal of Duhok University"
https://journal.uod.ac/index.php/uodjournal/article/view/1898/1085,200,1,text/html,View of A REVIEW OF STRENGTH AND BEHAVIOR OF REINFORCED CONCRETE BRIDGE DECK SLABS OVERLAID WITH ULTRA HIGH-PERFORMANCE CONCRETE (UHPC)
https://journal.uod.ac/index.php/uodjournal/article/view/1899,200,1,text/html,"LINGUISTIC ANALYSIS ON CURSIVE CHARACTERS
							| Journal of Duhok University"
https://journal.uod.ac/index.php/uodjournal/article/view/1899/1317,200,1,text/html,View of LINGUISTIC ANALYSIS ON CURSIVE CHARACTERS
https://journal.uod.ac/index.php/uodjournal/article/view/19,200,1,text/html,"COMPUTER NETWORKS VIRTUALIZATION  COST EFFECTIVE AND DISTANCE LEARNING ACHIEVEMENT
							| Journal of Duhok University"
https://journal.uod.ac/index.php/uodjournal/article/view/19/8,200,1,text/html,View of COMPUTER NETWORKS VIRTUALIZATION  COST EFFECTIVE AND DISTANCE LEARNING ACHIEVEMENT
https://journal.uod.ac/index.php/uodjournal/article/view/190,200,1,text/html,"STUDY AND IDENTIFY THE SYNTACTIC FEATURES OF THE DEFECTIVE VERB (BÖN)
							| Journal of Duhok University"
https://journal.uod.ac/index.php/uodjournal/article/view/190/138,200,1,text/html,View of STUDY AND IDENTIFY THE SYNTACTIC FEATURES OF THE DEFECTIVE VERB (BÖN)
https://journal.uod.ac/index.php/uodjournal/article/view/1900,200,1,text/html,"HYBRIDIZATION GRADIENT BASED METHODS WITH GENETIC ALGORITHM FOR SOLVING SYSTEMS OF LINEAR EQUATIONS 
							| Journal of Duhok University"
https://journal.uod.ac/index.php/uodjournal/article/view/1900/1087,200,1,text/html,View of HYBRIDIZATION GRADIENT BASED METHODS WITH GENETIC ALGORITHM FOR SOLVING SYSTEMS OF LINEAR EQUATIONS
https://journal.uod.ac/index.php/uodjournal/article/view/1901,200,1,text/html,"INTESTINAL PARASITES AND ASSOCIATED RISK FACTORS AMONG PRIMARY SCHOOL CHILDREN IN DUHOK  CITY-KURDISTAN REGION/IRAQ
							| Journal of Duhok University"
https://journal.uod.ac/index.php/uodjournal/article/view/1901/1088,200,1,text/html,View of INTESTINAL PARASITES AND ASSOCIATED RISK FACTORS AMONG PRIMARY SCHOOL CHILDREN IN DUHOK  CITY-KURDISTAN REGION/IRAQ
https://journal.uod.ac/index.php/uodjournal/article/view/1902,200,1,text/html,"HOMOCYSTEINE LEVEL STATUS IN PATIENTS WITH RHEUMATOID ARTHRITIS IN DUHOK:  IN RELATION TO DISEASE. ACTIVITY SCORE
							| Journal of Duhok University"
https://journal.uod.ac/index.php/uodjournal/article/view/1902/1089,200,1,text/html,View of HOMOCYSTEINE LEVEL STATUS IN PATIENTS WITH RHEUMATOID ARTHRITIS IN DUHOK:  IN RELATION TO DISEASE. ACTIVITY SCORE
https://journal.uod.ac/index.php/uodjournal/article/view/1904,200,1,text/html,"OPTIMIZATION OF LOAD BALANCING ALGORITHMS TO DEAL WITH DDOS ATTACKS USING WHALE ‎OPTIMIZATION ALGORITHM
							| Journal of Duhok University"
https://journal.uod.ac/index.php/uodjournal/article/view/1904/1090,200,1,text/html,View of OPTIMIZATION OF LOAD BALANCING ALGORITHMS TO DEAL WITH DDOS ATTACKS USING WHALE ‎OPTIMIZATION ALGORITHM
https://journal.uod.ac/index.php/uodjournal/article/view/1905,200,1,text/html,"QUALITY OF LIFE AMONG CAREGIVERS OF PATIENTS WITH CHRONIC RENAL FAILURE UNDERGOING HEMODIALYSIS  IN DUHOK CITY
							| Journal of Duhok University"
https://journal.uod.ac/index.php/uodjournal/article/view/1905/1091,200,1,text/html,View of QUALITY OF LIFE AMONG CAREGIVERS OF PATIENTS WITH CHRONIC RENAL FAILURE UNDERGOING HEMODIALYSIS  IN DUHOK CITY
https://journal.uod.ac/index.php/uodjournal/article/view/1906,200,1,text/html,"PRETERM DELIVERY: ASSOCIATED RISK FACTORS  AND NEONATAL OUTCOMES IN DUHOK HOSPITAL FOR  OBSTETRICS AND GYNECOLOGY
							| Journal of Duhok University"
https://journal.uod.ac/index.php/uodjournal/article/view/1906/1092,200,1,text/html,View of PRETERM DELIVERY: ASSOCIATED RISK FACTORS  AND NEONATAL OUTCOMES IN DUHOK HOSPITAL FOR  OBSTETRICS AND GYNECOLOGY
https://journal.uod.ac/index.php/uodjournal/article/view/1907,200,1,text/html,"FACTORS AFFECTING KNOWLEDGE AND PRACTICE  TOWARDS BREASTFEEDING IN WOMEN WHO HAVE  RECENTLY DELIVERED IN DUHOK CITY
							| Journal of Duhok University"
https://journal.uod.ac/index.php/uodjournal/article/view/1907/1093,200,1,text/html,View of FACTORS AFFECTING KNOWLEDGE AND PRACTICE  TOWARDS BREASTFEEDING IN WOMEN WHO HAVE  RECENTLY DELIVERED IN DUHOK CITY
https://journal.uod.ac/index.php/uodjournal/article/view/1908,200,1,text/html,"ERROR RESILIENCE OF H.264/AVC CODING STRUCTURES FOR DELIVERY OVER WIRELESS NETWORKS
							| Journal of Duhok University"
https://journal.uod.ac/index.php/uodjournal/article/view/1908/1148,200,1,text/html,View of ERROR RESILIENCE OF H.264/AVC CODING STRUCTURES FOR DELIVERY OVER WIRELESS NETWORKS
https://journal.uod.ac/index.php/uodjournal/article/view/1909,200,1,text/html,"HIGH-SENSITIVITY TROPONIN-T LEVEL AFTER PEDIATRIC CONGENITAL HEART DISEASE SURGERY
							| Journal of Duhok University"
https://journal.uod.ac/index.php/uodjournal/article/view/1909/1095,200,1,text/html,View of HIGH-SENSITIVITY TROPONIN-T LEVEL AFTER PEDIATRIC CONGENITAL HEART DISEASE SURGERY
https://journal.uod.ac/index.php/uodjournal/article/view/191,200,1,text/html,"COMPARE (COMPLEMENT, ADJUNCT)´S PROPERTIES IN MODERN GRAMMARS
							| Journal of Duhok University"
https://journal.uod.ac/index.php/uodjournal/article/view/191/139,200,1,text/html,"View of COMPARE (COMPLEMENT, ADJUNCT)´S PROPERTIES IN MODERN GRAMMARS"
https://journal.uod.ac/index.php/uodjournal/article/view/1910,200,1,text/html,"VITAMIN D STATUS IN PEDIATRIC PATIENTS WITH DILATED CARDIOMYOPATHY 
							| Journal of Duhok University"
https://journal.uod.ac/index.php/uodjournal/article/view/1910/1096,200,1,text/html,View of VITAMIN D STATUS IN PEDIATRIC PATIENTS WITH DILATED CARDIOMYOPATHY
https://journal.uod.ac/index.php/uodjournal/article/view/1911,200,1,text/html,"FACTORS CONTRIBUTING TO CHOOSING PERCUTANEOUS CORONARY INTERVENTION OR CORONARY ARTERY BYPASS GRAFTING IN PATIENTS WITH CORONARY ARTERY DISEASE
							| Journal of Duhok University"
https://journal.uod.ac/index.php/uodjournal/article/view/1911/1097,200,1,text/html,View of FACTORS CONTRIBUTING TO CHOOSING PERCUTANEOUS CORONARY INTERVENTION OR CORONARY ARTERY BYPASS GRAFTING IN PATIENTS WITH CORONARY ARTERY DISEASE
https://journal.uod.ac/index.php/uodjournal/article/view/1913,200,1,text/html,"THE RESPONSE DIFFERENT APPLE TRANSPLANTS (MALUS DOMESTICA BORKH.) CULTIVARS TO AUTUMN BUDDING  DATES AND BALANCED FERTILIZERS IN REGARD OF  BUD TAKING AND GROWTH CHARACTERISTICS
							| Journal of Duhok University"
https://journal.uod.ac/index.php/uodjournal/article/view/1913/1099,200,1,text/html,View of THE RESPONSE DIFFERENT APPLE TRANSPLANTS (MALUS DOMESTICA BORKH.) CULTIVARS TO AUTUMN BUDDING  DATES AND BALANCED FERTILIZERS IN REGARD OF  BUD TAKING AND GROWTH CHARACTERISTICS
https://journal.uod.ac/index.php/uodjournal/article/view/1915,200,1,text/html,"EFFECT OF GROWTH REGULATORS ON SEEDLINGS GROWTH OF APRICOT (PRUNUS ARMENIACA L.)
							| Journal of Duhok University"
https://journal.uod.ac/index.php/uodjournal/article/view/1915/1117,200,1,text/html,View of EFFECT OF GROWTH REGULATORS ON SEEDLINGS GROWTH OF APRICOT (PRUNUS ARMENIACA L.)
https://journal.uod.ac/index.php/uodjournal/article/view/192,200,1,text/html,"THE IMPLICATIONS AND EFFECT OF ISIS IDEOLOGY IN YOUTH STORIES (2014-2016)
							| Journal of Duhok University"
https://journal.uod.ac/index.php/uodjournal/article/view/192/140,200,1,text/html,View of THE IMPLICATIONS AND EFFECT OF ISIS IDEOLOGY IN YOUTH STORIES (2014-2016)
https://journal.uod.ac/index.php/uodjournal/article/view/1926,200,1,text/html,"NUMERICAL SOLUTION OF HIROTA-SATSUMA COUPLED KDV SYSTEM BY RBF-PS METHOD
							| Journal of Duhok University"
https://journal.uod.ac/index.php/uodjournal/article/view/1926/1101,200,1,text/html,View of NUMERICAL SOLUTION OF HIROTA-SATSUMA COUPLED KDV SYSTEM BY RBF-PS METHOD
https://journal.uod.ac/index.php/uodjournal/article/view/1928,200,1,text/html,"PSYCHOLOGICAL BURDEN, HOPE, AND RESILIENCE AMONG MOTHERS OF AUTISTIC SPECTRUM CHILDREN;  COMPARATIVE STUDY
							| Journal of Duhok University"
https://journal.uod.ac/index.php/uodjournal/article/view/1928/1102,200,1,text/html,"View of PSYCHOLOGICAL BURDEN, HOPE, AND RESILIENCE AMONG MOTHERS OF AUTISTIC SPECTRUM CHILDREN;  COMPARATIVE STUDY"
https://journal.uod.ac/index.php/uodjournal/article/view/193,200,1,text/html,"DANCE FOLK SONGS IN KURDISH CULTURE
							| Journal of Duhok University"
https://journal.uod.ac/index.php/uodjournal/article/view/193/141,200,1,text/html,View of DANCE FOLK SONGS IN KURDISH CULTURE
https://journal.uod.ac/index.php/uodjournal/article/view/1931,200,1,text/html,"PREVALENCE AND ASSOCIATED SOCIODEMOGRAPHIC FACTORS OF OBESITY AND OVERWEIGHT AMONG PUBLIC SCHOOL TEACHERS IN KURDISTAN REGION
							| Journal of Duhok University"
https://journal.uod.ac/index.php/uodjournal/article/view/1931/1103,200,1,text/html,View of PREVALENCE AND ASSOCIATED SOCIODEMOGRAPHIC FACTORS OF OBESITY AND OVERWEIGHT AMONG PUBLIC SCHOOL TEACHERS IN KURDISTAN REGION
https://journal.uod.ac/index.php/uodjournal/article/view/1932,200,1,text/html,"ASSOCIATION BETWEEN URINARY TRACT INFECTION AND CHRONIC CONSTIPATION IN CHILDREN UNDER FIVE YEARS OLD
							| Journal of Duhok University"
https://journal.uod.ac/index.php/uodjournal/article/view/1932/1104,200,1,text/html,View of ASSOCIATION BETWEEN URINARY TRACT INFECTION AND CHRONIC CONSTIPATION IN CHILDREN UNDER FIVE YEARS OLD
https://journal.uod.ac/index.php/uodjournal/article/view/1933,200,1,text/html,"THE EFFECT OF OLEA EUROPAEA MOUTHWASH ON C-REACTIVE PROTEIN , ANTIOXIDANT IN CHRONIC PERIODONTITIS
							| Journal of Duhok University"
https://journal.uod.ac/index.php/uodjournal/article/view/1933/1105,200,1,text/html,"View of THE EFFECT OF OLEA EUROPAEA MOUTHWASH ON C-REACTIVE PROTEIN , ANTIOXIDANT IN CHRONIC PERIODONTITIS"
https://journal.uod.ac/index.php/uodjournal/article/view/1934,200,1,text/html,"THE EFFECT OF AMNIOTIC FLUID CHANGES IN LATE PREGNANCY ON MATERNAL AND FETUS OUTCOMES
							| Journal of Duhok University"
https://journal.uod.ac/index.php/uodjournal/article/view/1934/1107,200,1,text/html,View of THE EFFECT OF AMNIOTIC FLUID CHANGES IN LATE PREGNANCY ON MATERNAL AND FETUS OUTCOMES
https://journal.uod.ac/index.php/uodjournal/article/view/1936,200,1,text/html,"IDENTIFICATION OF MULTIDRUG-RESISTANT ACINETOBACTER BAUMANNII, ISOLATED FROM HOSPITALIZED PATIENTS  IN DUHOK CITY
							| Journal of Duhok University"
https://journal.uod.ac/index.php/uodjournal/article/view/1936/1108,200,1,text/html,"View of IDENTIFICATION OF MULTIDRUG-RESISTANT ACINETOBACTER BAUMANNII, ISOLATED FROM HOSPITALIZED PATIENTS  IN DUHOK CITY"
https://journal.uod.ac/index.php/uodjournal/article/view/1937,200,1,text/html,"SHEAR BOND STRENGTH OF DIFFERENT TYPES OF STAINLESS STEEL ORTHODONTIC FIXED RETAINERS: AN IN VITRO STUDY
							| Journal of Duhok University"
https://journal.uod.ac/index.php/uodjournal/article/view/1937/1109,200,1,text/html,View of SHEAR BOND STRENGTH OF DIFFERENT TYPES OF STAINLESS STEEL ORTHODONTIC FIXED RETAINERS: AN IN VITRO STUDY
https://journal.uod.ac/index.php/uodjournal/article/view/194,200,1,text/html,"TURKEY'S POSİTİON ON THE BEGİNNİNG OF THE IRAQ-IRAN WAR 22 SEPTEMBER 1980
							| Journal of Duhok University"
https://journal.uod.ac/index.php/uodjournal/article/view/194/142,200,1,text/html,View of TURKEY'S POSİTİON ON THE BEGİNNİNG OF THE IRAQ-IRAN WAR 22 SEPTEMBER 1980
https://journal.uod.ac/index.php/uodjournal/article/view/1942,200,1,text/html,"SYNTHESIS AND CHARACTERIZATION OF SULFUR DONOR LIGAND (XANTHATE) COMPLEXE WITH MANGANESE (ll), IRON (ll), COBALT (ll), NIKEL (ll), COPPER (ll), AND ZINC (ll) AND THIER ADDUCT WITH NITROGEN BASE LIGANDE
							| Journal of Duhok University"
https://journal.uod.ac/index.php/uodjournal/article/view/1942/1110,200,1,text/html,"View of SYNTHESIS AND CHARACTERIZATION OF SULFUR DONOR LIGAND (XANTHATE) COMPLEXE WITH MANGANESE (ll), IRON (ll), COBALT (ll), NIKEL (ll), COPPER (ll), AND ZINC (ll) AND THIER ADDUCT WITH NITROGEN BASE LIGANDE"
https://journal.uod.ac/index.php/uodjournal/article/view/1943,200,1,text/html,"GRADING MULTIPLE CHOICE QUESTIONS BASED ON PREPARED QUESTIONS AND OPTIONS BOOKMARKS IN BUBBLE SHEET
							| Journal of Duhok University"
https://journal.uod.ac/index.php/uodjournal/article/view/1943/1111,200,1,text/html,View of GRADING MULTIPLE CHOICE QUESTIONS BASED ON PREPARED QUESTIONS AND OPTIONS BOOKMARKS IN BUBBLE SHEET
https://journal.uod.ac/index.php/uodjournal/article/view/1944,200,1,text/html,"THE EFFECT OF FIXED ORTHODONTIC APPLIANCE THERAPY ON PERIODONTAL HEALTH STATUS AND SALIVARY CYTOKINE LEVELS
							| Journal of Duhok University"
https://journal.uod.ac/index.php/uodjournal/article/view/1944/1112,200,1,text/html,View of THE EFFECT OF FIXED ORTHODONTIC APPLIANCE THERAPY ON PERIODONTAL HEALTH STATUS AND SALIVARY CYTOKINE LEVELS
https://journal.uod.ac/index.php/uodjournal/article/view/1945,200,1,text/html,"KNOWLEDGE AND LIFE-STYLE CHANGES FOR PATIENTS WITH MYOCARDIAL INFARCTION AFTER PERCUTANEOUS CORONARY INTERVENTION
							| Journal of Duhok University"
https://journal.uod.ac/index.php/uodjournal/article/view/1945/1115,200,1,text/html,View of KNOWLEDGE AND LIFE-STYLE CHANGES FOR PATIENTS WITH MYOCARDIAL INFARCTION AFTER PERCUTANEOUS CORONARY INTERVENTION
https://journal.uod.ac/index.php/uodjournal/article/view/195,200,1,text/html,"A PRAGMATIC STUDY OF APOLOGY STRATEGIES IN KURDISH
							| Journal of Duhok University"
https://journal.uod.ac/index.php/uodjournal/article/view/195/143,200,1,text/html,View of A PRAGMATIC STUDY OF APOLOGY STRATEGIES IN KURDISH
https://journal.uod.ac/index.php/uodjournal/article/view/1956,200,1,text/html,"EVALUATION OF SOME UNIFORMITY COEFFICIENTS FOR PRESSURIZED IRRIGATION SYSTEMS UNDER FIELD CONDITIONS  IN DUHOK GOVERNORATE (IRAQI KURDISTAN)
							| Journal of Duhok University"
https://journal.uod.ac/index.php/uodjournal/article/view/1956/1118,200,1,text/html,View of EVALUATION OF SOME UNIFORMITY COEFFICIENTS FOR PRESSURIZED IRRIGATION SYSTEMS UNDER FIELD CONDITIONS  IN DUHOK GOVERNORATE (IRAQI KURDISTAN)
https://journal.uod.ac/index.php/uodjournal/article/view/1957,200,1,text/html,"A COMPARISON OF SOME METHODS FOR DETERMINATION OF POTENTIAL EVAPOTRANSPIRATION FOR ROGERM BASIN,  MANGESH, KURDISTAN REGION OF IRAQ
							| Journal of Duhok University"
https://journal.uod.ac/index.php/uodjournal/article/view/1957/1119,200,1,text/html,"View of A COMPARISON OF SOME METHODS FOR DETERMINATION OF POTENTIAL EVAPOTRANSPIRATION FOR ROGERM BASIN,  MANGESH, KURDISTAN REGION OF IRAQ"
https://journal.uod.ac/index.php/uodjournal/article/view/1958,200,1,text/html,"BIOLOGICAL RELATIONSHIP BETWEEN INSULIN-LIKE GROWTH FACTORS (IGF1 AND IGF2) GENES AND STEROIDOGENESIS  IN OVINE OVARIAN ANTRAL FOLLICLES
							| Journal of Duhok University"
https://journal.uod.ac/index.php/uodjournal/article/view/1958/1120,200,1,text/html,View of BIOLOGICAL RELATIONSHIP BETWEEN INSULIN-LIKE GROWTH FACTORS (IGF1 AND IGF2) GENES AND STEROIDOGENESIS  IN OVINE OVARIAN ANTRAL FOLLICLES
https://journal.uod.ac/index.php/uodjournal/article/view/1959,200,1,text/html,"RESPONSE OF TOMATO (LYCOPERSICUM ESCULENTUM L.)  TO IMBIBING SEEDS BY GA3, AND FOLIAR SPRAYING  BY BORON AND Α-TOCOPHEROL
							| Journal of Duhok University"
https://journal.uod.ac/index.php/uodjournal/article/view/1959/1121,200,1,text/html,"View of RESPONSE OF TOMATO (LYCOPERSICUM ESCULENTUM L.)  TO IMBIBING SEEDS BY GA3, AND FOLIAR SPRAYING  BY BORON AND Α-TOCOPHEROL"
https://journal.uod.ac/index.php/uodjournal/article/view/196,200,1,text/html,"RELATIONS OF THE KINGDOMS OF KURDISTAN WITH THE KINGDOM OF HITTITE IN THE SECOND MILLENNIUM BC
							| Journal of Duhok University"
https://journal.uod.ac/index.php/uodjournal/article/view/196/144,200,1,text/html,View of RELATIONS OF THE KINGDOMS OF KURDISTAN WITH THE KINGDOM OF HITTITE IN THE SECOND MILLENNIUM BC
https://journal.uod.ac/index.php/uodjournal/article/view/1960,200,1,text/html,"NASAL CARRIAGE OF METHICILLIN-RESISTANT STAPHYLOCOCCUS AUREUS) MRSA) AMONG MEDICAL AND NON-MEDICAL STUDENTS  OF SHEIKHAN-POLYTECHNIQUE COLLEGE AND  TECHNICAL INSTITUTE, IRAQ
							| Journal of Duhok University"
https://journal.uod.ac/index.php/uodjournal/article/view/1960/1122,200,1,text/html,"View of NASAL CARRIAGE OF METHICILLIN-RESISTANT STAPHYLOCOCCUS AUREUS) MRSA) AMONG MEDICAL AND NON-MEDICAL STUDENTS  OF SHEIKHAN-POLYTECHNIQUE COLLEGE AND  TECHNICAL INSTITUTE, IRAQ"
https://journal.uod.ac/index.php/uodjournal/article/view/1980,200,1,text/html,"CONTAMINATION OF SOILS WITH HELMINTHIC EGGS IN SOME DISTRICTS OF DUHOK GOVERNORATE / KURDISTAN REGION-IRAQ
							| Journal of Duhok University"
https://journal.uod.ac/index.php/uodjournal/article/view/1980/1124,200,1,text/html,View of CONTAMINATION OF SOILS WITH HELMINTHIC EGGS IN SOME DISTRICTS OF DUHOK GOVERNORATE / KURDISTAN REGION-IRAQ
https://journal.uod.ac/index.php/uodjournal/article/view/1981,200,1,text/html,"APICALLY EXTRUDED DEBRIS ASSOCIATED WITH TRUNATOMY, 2SHAPE, GENIUS AND EDGEENDO X7 FILE SYSTEMS:  AN IN VITRO STUDY 
							| Journal of Duhok University"
https://journal.uod.ac/index.php/uodjournal/article/view/1981/1125,200,1,text/html,"View of APICALLY EXTRUDED DEBRIS ASSOCIATED WITH TRUNATOMY, 2SHAPE, GENIUS AND EDGEENDO X7 FILE SYSTEMS:  AN IN VITRO STUDY"
https://journal.uod.ac/index.php/uodjournal/article/view/1982,200,1,text/html,"ASSESSMENT OF FACIAL GOLDEN PROPORTION IN A SAMPLE OF DUHOK POPULATION (PHOTOGRAMMETRIC STUDY)
							| Journal of Duhok University"
https://journal.uod.ac/index.php/uodjournal/article/view/1982/1126,200,1,text/html,View of ASSESSMENT OF FACIAL GOLDEN PROPORTION IN A SAMPLE OF DUHOK POPULATION (PHOTOGRAMMETRIC STUDY)
https://journal.uod.ac/index.php/uodjournal/article/view/1983,200,1,text/html,"THE EFFECT OF NON-SURGICAL PERIODONTAL THERAPY ON PERIODONTAL PARAMETERS, MALONDIALDEHYDE, TOTAL OXIDANT STATUS AND ANTIOXIDANT CAPACITY IN SMOKERS WITH CHRONIC PERIODONTITIS
							| Journal of Duhok University"
https://journal.uod.ac/index.php/uodjournal/article/view/1983/1127,200,1,text/html,"View of THE EFFECT OF NON-SURGICAL PERIODONTAL THERAPY ON PERIODONTAL PARAMETERS, MALONDIALDEHYDE, TOTAL OXIDANT STATUS AND ANTIOXIDANT CAPACITY IN SMOKERS WITH CHRONIC PERIODONTITIS"
https://journal.uod.ac/index.php/uodjournal/article/view/1984,200,1,text/html,"RISK FACTORS ASSOCIATED WITH OVERWEIGHT AND OBESITY AMONG PRIMARY SCHOOL CHILDREN IN DUHOK
							| Journal of Duhok University"
https://journal.uod.ac/index.php/uodjournal/article/view/1984/1128,200,1,text/html,View of RISK FACTORS ASSOCIATED WITH OVERWEIGHT AND OBESITY AMONG PRIMARY SCHOOL CHILDREN IN DUHOK
https://journal.uod.ac/index.php/uodjournal/article/view/1985,200,1,text/html,"ASSOCIATED FACTORS WITH NUTRITIONAL AND DIETARY PRACTICES OF PREGNANT WOMEN IN DUHOK CITY/  KURDISTAN REGION OF IRAQ
							| Journal of Duhok University"
https://journal.uod.ac/index.php/uodjournal/article/view/1985/1129,200,1,text/html,View of ASSOCIATED FACTORS WITH NUTRITIONAL AND DIETARY PRACTICES OF PREGNANT WOMEN IN DUHOK CITY/  KURDISTAN REGION OF IRAQ
https://journal.uod.ac/index.php/uodjournal/article/view/1986,200,1,text/html,"DEVELOPMENT OF INTENSITY-DURATION- FREQUENCY CURVES “IDF” FOR DOHUK CITY IN KURDISTAN REGION OF IRAQ
							| Journal of Duhok University"
https://journal.uod.ac/index.php/uodjournal/article/view/1986/1130,200,1,text/html,View of DEVELOPMENT OF INTENSITY-DURATION- FREQUENCY CURVES “IDF” FOR DOHUK CITY IN KURDISTAN REGION OF IRAQ
https://journal.uod.ac/index.php/uodjournal/article/view/1987,200,1,text/html,"PROBIOTIC BACTERIAL EFFECTS ON THE TREATMENT OF CHRONIC PERIODONTITIS PATIENTS: A DOUBLE-BLIND STUDY      
							| Journal of Duhok University"
https://journal.uod.ac/index.php/uodjournal/article/view/1987/1131,200,1,text/html,View of PROBIOTIC BACTERIAL EFFECTS ON THE TREATMENT OF CHRONIC PERIODONTITIS PATIENTS: A DOUBLE-BLIND STUDY
https://journal.uod.ac/index.php/uodjournal/article/view/1988,200,1,text/html,"PHOTOGRAMMETRIC MODELLING OF STREET CONDITIONS USING  A VEHICLE-MOUNTED NON-METRIC CAMERA
							| Journal of Duhok University"
https://journal.uod.ac/index.php/uodjournal/article/view/1988/1132,200,1,text/html,View of PHOTOGRAMMETRIC MODELLING OF STREET CONDITIONS USING  A VEHICLE-MOUNTED NON-METRIC CAMERA
https://journal.uod.ac/index.php/uodjournal/article/view/1989,200,1,text/html,"DETERMINANTS OF MORTALITY IN ADULT PATIENTS AFTER OPEN HEART SURGERY IN DUHOK CITY-KURDISTAN REGION
							| Journal of Duhok University"
https://journal.uod.ac/index.php/uodjournal/article/view/1989/1133,200,1,text/html,View of DETERMINANTS OF MORTALITY IN ADULT PATIENTS AFTER OPEN HEART SURGERY IN DUHOK CITY-KURDISTAN REGION
https://journal.uod.ac/index.php/uodjournal/article/view/1990,200,1,text/html,"THE EFFECACY OF DIFFERENT SURFACE CONDITIONING ON SHEAR BOND STRENGTH OF ORTHODONTIC BRACKET BONDED TO LITHIUM DISILCATE CROWNS; AN IN VITRO STUDY
							| Journal of Duhok University"
https://journal.uod.ac/index.php/uodjournal/article/view/1990/1134,200,1,text/html,View of THE EFFECACY OF DIFFERENT SURFACE CONDITIONING ON SHEAR BOND STRENGTH OF ORTHODONTIC BRACKET BONDED TO LITHIUM DISILCATE CROWNS; AN IN VITRO STUDY
https://journal.uod.ac/index.php/uodjournal/article/view/1991,200,1,text/html,"COMPARISON OF THE MECHANICAL PROPERTIES FOR FIBER REINFORCED AND BULKFILL COMPOSITES
							| Journal of Duhok University"
https://journal.uod.ac/index.php/uodjournal/article/view/1991/1135,200,1,text/html,View of COMPARISON OF THE MECHANICAL PROPERTIES FOR FIBER REINFORCED AND BULKFILL COMPOSITES
https://journal.uod.ac/index.php/uodjournal/article/view/1996,200,1,text/html,"FACTORS INFLUENCING LENGTH OF STAY IN THE INTENSIVE CARE UNIT AFTER CORONARY ARTERY BYPASS GRAFT IN DUHOK CITY – KURDISTAN REGION
							| Journal of Duhok University"
https://journal.uod.ac/index.php/uodjournal/article/view/1996/1136,200,1,text/html,View of FACTORS INFLUENCING LENGTH OF STAY IN THE INTENSIVE CARE UNIT AFTER CORONARY ARTERY BYPASS GRAFT IN DUHOK CITY – KURDISTAN REGION
https://journal.uod.ac/index.php/uodjournal/article/view/1997,200,1,text/html,"PHARMACEUTICAL EVALUATION OF ACETAMINOPHEN TABLETS MARKETED IN DUHOK CITY-KURDISTAN
							| Journal of Duhok University"
https://journal.uod.ac/index.php/uodjournal/article/view/1997/1152,200,1,text/html,View of PHARMACEUTICAL EVALUATION OF ACETAMINOPHEN TABLETS MARKETED IN DUHOK CITY-KURDISTAN
https://journal.uod.ac/index.php/uodjournal/article/view/1998,200,1,text/html,"ESTIMATION COMBINING ABILITY AND SOME GENETIC PARAMETERS FOR MAIZE (Zea mays l.) AND ITS  COMPONENETS USING LINE X TESTER
							| Journal of Duhok University"
https://journal.uod.ac/index.php/uodjournal/article/view/1998/1138,200,1,text/html,View of ESTIMATION COMBINING ABILITY AND SOME GENETIC PARAMETERS FOR MAIZE (Zea mays l.) AND ITS  COMPONENETS USING LINE X TESTER
https://journal.uod.ac/index.php/uodjournal/article/view/1999,200,1,text/html,"BIOLOGICAL RELATIONSHIP BETWEEN INSULIN-LIKE GROWTH FACTORS (IGF1 AND IGF2) GENES AND STEROIDOGENESIS IN OVINE OVARIAN ANTRAL FOLLICLES
							| Journal of Duhok University"
https://journal.uod.ac/index.php/uodjournal/article/view/1999/1139,200,1,text/html,View of BIOLOGICAL RELATIONSHIP BETWEEN INSULIN-LIKE GROWTH FACTORS (IGF1 AND IGF2) GENES AND STEROIDOGENESIS IN OVINE OVARIAN ANTRAL FOLLICLES
https://journal.uod.ac/index.php/uodjournal/article/view/20,200,1,text/html,"DESIGN OF A PLANAR UWB ANTENNA WITH BAND REJECTION
							| Journal of Duhok University"
https://journal.uod.ac/index.php/uodjournal/article/view/20/9,200,1,text/html,View of DESIGN OF A PLANAR UWB ANTENNA WITH BAND REJECTION
https://journal.uod.ac/index.php/uodjournal/article/view/200,200,1,text/html,"TERMS OF SALE BY INSTALLMENTS
							| Journal of Duhok University"
https://journal.uod.ac/index.php/uodjournal/article/view/200/145,200,1,text/html,View of TERMS OF SALE BY INSTALLMENTS
https://journal.uod.ac/index.php/uodjournal/article/view/2000,200,1,text/html,"MOLECULAR DIAGNOSIS AND GENETIC VARIABILITY OF NEW  ISOLATES OF ROOT – KNOT NEMATODES MELOIDOGYNE  SPP.ON CUCUMBER PLANTS 
							| Journal of Duhok University"
https://journal.uod.ac/index.php/uodjournal/article/view/2000/1140,200,1,text/html,View of MOLECULAR DIAGNOSIS AND GENETIC VARIABILITY OF NEW  ISOLATES OF ROOT – KNOT NEMATODES MELOIDOGYNE  SPP.ON CUCUMBER PLANTS
https://journal.uod.ac/index.php/uodjournal/article/view/2001,200,1,text/html,"A COMPARISON OF SOME METHODS FOR DETERMINATION OF POTENTIAL EVAPOTRANSPIRATION FOR ROGERM BASIN,  MANGESH, KURDISTAN REGION OF IRAQ
							| Journal of Duhok University"
https://journal.uod.ac/index.php/uodjournal/article/view/2001/1141,200,1,text/html,"View of A COMPARISON OF SOME METHODS FOR DETERMINATION OF POTENTIAL EVAPOTRANSPIRATION FOR ROGERM BASIN,  MANGESH, KURDISTAN REGION OF IRAQ"
https://journal.uod.ac/index.php/uodjournal/article/view/2002,200,1,text/html,"EVALUATE RESPONSE OF PEACH FRUITS TO COATING TREATMENTS DURING COLD STORAGE
							| Journal of Duhok University"
https://journal.uod.ac/index.php/uodjournal/article/view/2002/1142,200,1,text/html,View of EVALUATE RESPONSE OF PEACH FRUITS TO COATING TREATMENTS DURING COLD STORAGE
https://journal.uod.ac/index.php/uodjournal/article/view/2006,200,1,text/html,"INFLUENCE OF USING DIFFERENT TYPES OF FIBERS ON THE MECHANICAL PROPERTIES OF ROLLER COMPACTED  CONCRETE A REVIEW
							| Journal of Duhok University"
https://journal.uod.ac/index.php/uodjournal/article/view/2006/1143,200,1,text/html,View of INFLUENCE OF USING DIFFERENT TYPES OF FIBERS ON THE MECHANICAL PROPERTIES OF ROLLER COMPACTED  CONCRETE A REVIEW
https://journal.uod.ac/index.php/uodjournal/article/view/2007,200,1,text/html,"DETECTION OF MULTI-DRUG RESISTANT KLEBSIELLA PNEUMONIAE FROM SPUTUM SAMPLES AMONG ICU PATIENTS UTILIZING  PCR AND VITEK2 SYSTEM
							| Journal of Duhok University"
https://journal.uod.ac/index.php/uodjournal/article/view/2007/1144,200,1,text/html,View of DETECTION OF MULTI-DRUG RESISTANT KLEBSIELLA PNEUMONIAE FROM SPUTUM SAMPLES AMONG ICU PATIENTS UTILIZING  PCR AND VITEK2 SYSTEM
https://journal.uod.ac/index.php/uodjournal/article/view/201,200,1,text/html,"THE ROLE OF THE DIMENSIONS OF EMPOWERMENT IN ACHIEVING THE CHARACTERISTICS OF THE SMART ORGANIZATION
							| Journal of Duhok University"
https://journal.uod.ac/index.php/uodjournal/article/view/201/146,200,1,text/html,View of THE ROLE OF THE DIMENSIONS OF EMPOWERMENT IN ACHIEVING THE CHARACTERISTICS OF THE SMART ORGANIZATION
https://journal.uod.ac/index.php/uodjournal/article/view/2010,200,1,text/html,"REVIEW ON RADIO OVER FIBER SYSTEMS FOR CAPACITY ENHANCEMENT
							| Journal of Duhok University"
https://journal.uod.ac/index.php/uodjournal/article/view/2010/1145,200,1,text/html,View of REVIEW ON RADIO OVER FIBER SYSTEMS FOR CAPACITY ENHANCEMENT
https://journal.uod.ac/index.php/uodjournal/article/view/2011,200,1,text/html,"THE EFFECT OF ADDING WASTE PLASTIC FIBERS ON THE CONCRETE PROPERTIES AND SHEAR STRENGTH OF RC BEAMS: A REVIEW
							| Journal of Duhok University"
https://journal.uod.ac/index.php/uodjournal/article/view/2011/1150,200,1,text/html,View of THE EFFECT OF ADDING WASTE PLASTIC FIBERS ON THE CONCRETE PROPERTIES AND SHEAR STRENGTH OF RC BEAMS: A REVIEW
https://journal.uod.ac/index.php/uodjournal/article/view/2015,200,1,text/html,"FOLIAR AND STEM ANATOMY STRUCTURES IN SELECTED TAXA OF THE GENUS ONONIS L. (FABACEAE) IN KURDISTAN REGION – IRAQ
							| Journal of Duhok University"
https://journal.uod.ac/index.php/uodjournal/article/view/2015/1147,200,1,text/html,View of FOLIAR AND STEM ANATOMY STRUCTURES IN SELECTED TAXA OF THE GENUS ONONIS L. (FABACEAE) IN KURDISTAN REGION – IRAQ
https://journal.uod.ac/index.php/uodjournal/article/view/202,200,1,text/html,"SUSTAINABLE AGRICULTURAL DEVELOPMENT IN AL HASAKAH GOVERNORATE (GEOGRAPHICAL STUDY)
							| Journal of Duhok University"
https://journal.uod.ac/index.php/uodjournal/article/view/202/147,200,1,text/html,View of SUSTAINABLE AGRICULTURAL DEVELOPMENT IN AL HASAKAH GOVERNORATE (GEOGRAPHICAL STUDY)
https://journal.uod.ac/index.php/uodjournal/article/view/203,200,1,text/html,"THE ECONOMIC AND SOCIAL STATUS OF WOMEN IN BAGHDAD (334-656 AH / 945-1258 AD).
							| Journal of Duhok University"
https://journal.uod.ac/index.php/uodjournal/article/view/203/148,200,1,text/html,View of THE ECONOMIC AND SOCIAL STATUS OF WOMEN IN BAGHDAD (334-656 AH / 945-1258 AD).
https://journal.uod.ac/index.php/uodjournal/article/view/2030,200,1,text/html,"ASSESSMENT OF NURSES KNOWLEDGE AND SKILL ABOUT INTRAVENOUS FLUID ADMINISTRATION
							| Journal of Duhok University"
https://journal.uod.ac/index.php/uodjournal/article/view/2030/1151,200,1,text/html,View of ASSESSMENT OF NURSES KNOWLEDGE AND SKILL ABOUT INTRAVENOUS FLUID ADMINISTRATION
https://journal.uod.ac/index.php/uodjournal/article/view/2031,200,1,text/html,"ڤه‌كرنا كۆدێن جڤاكى یێن گۆتارا سینه‌مایى د فیلمێ كوردی (دەربازبوون ژ غوبارێ) دا
							| Journal of Duhok University"
https://journal.uod.ac/index.php/uodjournal/article/view/2031/1153,200,1,text/html,View of ڤه‌كرنا كۆدێن جڤاكى یێن گۆتارا سینه‌مایى د فیلمێ كوردی (دەربازبوون ژ غوبارێ) دا
https://journal.uod.ac/index.php/uodjournal/article/view/2033,200,1,text/html,"قراءة في الثنائية الوصفية لظاهرة المطر في القرآن الكريم
							| Journal of Duhok University"
https://journal.uod.ac/index.php/uodjournal/article/view/2033/1154,200,1,text/html,View of قراءة في الثنائية الوصفية لظاهرة المطر في القرآن الكريم
https://journal.uod.ac/index.php/uodjournal/article/view/2034,200,1,text/html,"EXAGGERATING AND HYPERBOLIC EXPRESSIONS IN NORTHERN KURMANJI WITH REFERENCE TO ENGLISH:  A SOCIO- PRAGMATIC APPROACH
							| Journal of Duhok University"
https://journal.uod.ac/index.php/uodjournal/article/view/2034/1155,200,1,text/html,View of EXAGGERATING AND HYPERBOLIC EXPRESSIONS IN NORTHERN KURMANJI WITH REFERENCE TO ENGLISH:  A SOCIO- PRAGMATIC APPROACH
https://journal.uod.ac/index.php/uodjournal/article/view/2035,200,1,text/html,"(تأثير برنامج تعليمي بأستخدام بعض الأدوات المساعدة المصاحبة لجدولة التمرين الجزئي بتعلم بعض مهارات الاساسية في التنس لدى الأطفال بعمر(9-11) سنة)
							| Journal of Duhok University"
https://journal.uod.ac/index.php/uodjournal/article/view/2035/1156,200,1,text/html,View of (تأثير برنامج تعليمي بأستخدام بعض الأدوات المساعدة المصاحبة لجدولة التمرين الجزئي بتعلم بعض مهارات الاساسية في التنس لدى الأطفال بعمر(9-11) سنة)
https://journal.uod.ac/index.php/uodjournal/article/view/2036,200,1,text/html,"كارەساتە سروشتیەکانى عێراق لە میانەى پەرتووکى (الكامل في التاريخ)ى (ابن الأثير م: 630ك/1233ز)دا  
							| Journal of Duhok University"
https://journal.uod.ac/index.php/uodjournal/article/view/2036/1157,200,1,text/html,View of كارەساتە سروشتیەکانى عێراق لە میانەى پەرتووکى (الكامل في التاريخ)ى (ابن الأثير م: 630ك/1233ز)دا
https://journal.uod.ac/index.php/uodjournal/article/view/2037,200,1,text/html,"کارێن هەردوو حكومەتێن تورگوت ئوزالی بەرامبەر بزاڤا چەكداریا  پارتا کارکەرێن كوردستانێ‌ 1983-1989 خواندنەکا مێژوویی
							| Journal of Duhok University"
https://journal.uod.ac/index.php/uodjournal/article/view/2037/1158,200,1,text/html,View of کارێن هەردوو حكومەتێن تورگوت ئوزالی بەرامبەر بزاڤا چەكداریا  پارتا کارکەرێن كوردستانێ‌ 1983-1989 خواندنەکا مێژوویی
https://journal.uod.ac/index.php/uodjournal/article/view/2038,200,1,text/html,"قالبێن هێزێ د زمانێ کوردی (گوڤەرا بەهدینی)دا ل دویڤ فۆنۆلۆجیا مێتریکەل
							| Journal of Duhok University"
https://journal.uod.ac/index.php/uodjournal/article/view/2038/1159,200,1,text/html,View of قالبێن هێزێ د زمانێ کوردی (گوڤەرا بەهدینی)دا ل دویڤ فۆنۆلۆجیا مێتریکەل
https://journal.uod.ac/index.php/uodjournal/article/view/2039,200,1,text/html,"إتجاهات تطور تركيب سكان مخيم كبرتو2 للمدة 2015-2021
							| Journal of Duhok University"
https://journal.uod.ac/index.php/uodjournal/article/view/2039/1161,200,1,text/html,View of إتجاهات تطور تركيب سكان مخيم كبرتو2 للمدة 2015-2021
https://journal.uod.ac/index.php/uodjournal/article/view/204,200,1,text/html,"THE ETHNICAL CONFLICT IN THE EAST OF ANDALUSE DURING THE DOMENTIONS ERA 422-484AH 1030 – 1091 AD AMIR MUJAHID ALAMERI (A.C 436AH- 1045AD) PATACE AS EXAMPLE
							| Journal of Duhok University"
https://journal.uod.ac/index.php/uodjournal/article/view/204/149,200,1,text/html,View of THE ETHNICAL CONFLICT IN THE EAST OF ANDALUSE DURING THE DOMENTIONS ERA 422-484AH 1030 – 1091 AD AMIR MUJAHID ALAMERI (A.C 436AH- 1045AD) PATACE AS EXAMPLE
https://journal.uod.ac/index.php/uodjournal/article/view/2040,200,1,text/html,"گوند و گوندەوارى ل هەرێما جەزیرە وموصل دناڤبەرا سەدەیێن (3-8مش/9-14ز) ڤەکولینەکه‌ ل دوور ئەگەر وهوکارێن ئاڤاکرن ووێرانبوون وچولبوونا وان 
							| Journal of Duhok University"
https://journal.uod.ac/index.php/uodjournal/article/view/2040/1162,200,1,text/html,View of گوند و گوندەوارى ل هەرێما جەزیرە وموصل دناڤبەرا سەدەیێن (3-8مش/9-14ز) ڤەکولینەکه‌ ل دوور ئەگەر وهوکارێن ئاڤاکرن ووێرانبوون وچولبوونا وان
https://journal.uod.ac/index.php/uodjournal/article/view/2042,200,1,text/html,"پەرتوكێن تۆرە ورەوشتێن سولتانى (الآداب السلطانية) د دیرۆكا ئیسلامێ دا ژچەرخێ (2 - 6مش/8 - 12ز)
							| Journal of Duhok University"
https://journal.uod.ac/index.php/uodjournal/article/view/2042/1163,200,1,text/html,View of پەرتوكێن تۆرە ورەوشتێن سولتانى (الآداب السلطانية) د دیرۆكا ئیسلامێ دا ژچەرخێ (2 - 6مش/8 - 12ز)
https://journal.uod.ac/index.php/uodjournal/article/view/2043,200,1,text/html,"قه‌درى جه‌میل پاشا و بزاڤێن سیاسى یێن كوردى د كۆمارا توركیا دا  (1923-1929) 
							| Journal of Duhok University"
https://journal.uod.ac/index.php/uodjournal/article/view/2043/1164,200,1,text/html,View of قه‌درى جه‌میل پاشا و بزاڤێن سیاسى یێن كوردى د كۆمارا توركیا دا  (1923-1929)
https://journal.uod.ac/index.php/uodjournal/article/view/2044,200,1,text/html,"دەستهەڵات و پێگیریکرن د زمانێ دادگەهاندا
							| Journal of Duhok University"
https://journal.uod.ac/index.php/uodjournal/article/view/2044/1165,200,1,text/html,View of دەستهەڵات و پێگیریکرن د زمانێ دادگەهاندا
https://journal.uod.ac/index.php/uodjournal/article/view/2045,200,1,text/html,"التحليل الجغرافي لمشاريع تربية الاسماك في قضاء سميل لعامي 2020- 2021  (دراسة في جغرافية الزراعة)
							| Journal of Duhok University"
https://journal.uod.ac/index.php/uodjournal/article/view/2045/1166,200,1,text/html,View of التحليل الجغرافي لمشاريع تربية الاسماك في قضاء سميل لعامي 2020- 2021  (دراسة في جغرافية الزراعة)
https://journal.uod.ac/index.php/uodjournal/article/view/2046,200,1,text/html,"هه‌لسه‌نگاندنا  ساخله‌تێن فیزیایى و كیمیایی ئاڤا ژێر عه‌ردی ل ده‌شتا باشورێ ئاكرێ
							| Journal of Duhok University"
https://journal.uod.ac/index.php/uodjournal/article/view/2046/1167,200,1,text/html,View of هه‌لسه‌نگاندنا  ساخله‌تێن فیزیایى و كیمیایی ئاڤا ژێر عه‌ردی ل ده‌شتا باشورێ ئاكرێ
https://journal.uod.ac/index.php/uodjournal/article/view/205,200,1,text/html,"MEASURING THE THRESHOLD OF INFLATION THROUGH THE EFFECT OF INFLATION ON THE GROWTH OF (GDP) IN THE IRAQI ECONOMY
							| Journal of Duhok University"
https://journal.uod.ac/index.php/uodjournal/article/view/205/150,200,1,text/html,View of MEASURING THE THRESHOLD OF INFLATION THROUGH THE EFFECT OF INFLATION ON THE GROWTH OF (GDP) IN THE IRAQI ECONOMY
https://journal.uod.ac/index.php/uodjournal/article/view/2050,200,1,text/html,"نوعية القوائم المالية مدخلاً لتشخيص العلاقة بين اللاتماثل المعلوماتي وكفاءة القرار الاستثماري
							| Journal of Duhok University"
https://journal.uod.ac/index.php/uodjournal/article/view/2050/1168,200,1,text/html,View of نوعية القوائم المالية مدخلاً لتشخيص العلاقة بين اللاتماثل المعلوماتي وكفاءة القرار الاستثماري
https://journal.uod.ac/index.php/uodjournal/article/view/2051,200,1,text/html,"التعايش السلمي في الاديان  (الاسلام و المسيحية واليزيدية إنموذجا)
							| Journal of Duhok University"
https://journal.uod.ac/index.php/uodjournal/article/view/2051/1169,200,1,text/html,View of التعايش السلمي في الاديان  (الاسلام و المسيحية واليزيدية إنموذجا)
https://journal.uod.ac/index.php/uodjournal/article/view/2052,200,1,text/html,"أساليب الاغتيال السياسي ووسائله في إمارات المشرق الإسلامي (205-617ه/820-1220م)
							| Journal of Duhok University"
https://journal.uod.ac/index.php/uodjournal/article/view/2052/1170,200,1,text/html,View of أساليب الاغتيال السياسي ووسائله في إمارات المشرق الإسلامي (205-617ه/820-1220م)
https://journal.uod.ac/index.php/uodjournal/article/view/2053,200,1,text/html,"أبعاد القدرات التسويقية الديناميكية وإنعكاسها في التعافي التسويقي دراسة استطلاعية لاراء عينة من مديري عدد من المصارف الخاصة في اقليم كردستان- العراق
							| Journal of Duhok University"
https://journal.uod.ac/index.php/uodjournal/article/view/2053/1171,200,1,text/html,View of أبعاد القدرات التسويقية الديناميكية وإنعكاسها في التعافي التسويقي دراسة استطلاعية لاراء عينة من مديري عدد من المصارف الخاصة في اقليم كردستان- العراق
https://journal.uod.ac/index.php/uodjournal/article/view/2054,200,1,text/html,"التحليـل الجغرافي لجنوح الأحداث في محافظة دهوك لعام 2019 (إصلاحية إيتيت نمـوذجاً)
							| Journal of Duhok University"
https://journal.uod.ac/index.php/uodjournal/article/view/2054/1172,200,1,text/html,View of التحليـل الجغرافي لجنوح الأحداث في محافظة دهوك لعام 2019 (إصلاحية إيتيت نمـوذجاً)
https://journal.uod.ac/index.php/uodjournal/article/view/2055,200,1,text/html,"العلاقات السياسية العراقية الإماراتية 1971 – 1975
							| Journal of Duhok University"
https://journal.uod.ac/index.php/uodjournal/article/view/2055/1173,200,1,text/html,View of العلاقات السياسية العراقية الإماراتية 1971 – 1975
https://journal.uod.ac/index.php/uodjournal/article/view/2056,200,1,text/html,"مدى اهتمام شركات القطاع الخاص في محافظة دهوك بالإنفاق في مجالات المسؤولية الاجتماعية                        بحث استطلاعي  لا راء عينة من الجهات المهنية المطلعة على القوائم المالية لشركات القطاع الخاص في محافظة دهوك
							| Journal of Duhok University"
https://journal.uod.ac/index.php/uodjournal/article/view/2056/1174,200,1,text/html,View of مدى اهتمام شركات القطاع الخاص في محافظة دهوك بالإنفاق في مجالات المسؤولية الاجتماعية                        بحث استطلاعي  لا راء عينة من الجهات المهنية المطلعة على القوائم المالية لشركات القطاع الخاص في محافظة دهوك
https://journal.uod.ac/index.php/uodjournal/article/view/2057,200,1,text/html,"تحليل الخصائص المورفومترية للأحواض النهرية (السفح الجنوبي لجبل بيرات) بين وادي زنتا ونهر الزاب الكبير
							| Journal of Duhok University"
https://journal.uod.ac/index.php/uodjournal/article/view/2057/1175,200,1,text/html,View of تحليل الخصائص المورفومترية للأحواض النهرية (السفح الجنوبي لجبل بيرات) بين وادي زنتا ونهر الزاب الكبير
https://journal.uod.ac/index.php/uodjournal/article/view/2058,200,1,text/html,"دور التدفق النقدي من الأنشطة التشغيلية في تقييم الأداء المالي من خلال السيولة والمرونة المالية  (دراسة تطبيقية على عينة من الشركات الصناعية المدرجة في سوق العراق للأوراق المالية)
							| Journal of Duhok University"
https://journal.uod.ac/index.php/uodjournal/article/view/2058/1176,200,1,text/html,View of دور التدفق النقدي من الأنشطة التشغيلية في تقييم الأداء المالي من خلال السيولة والمرونة المالية  (دراسة تطبيقية على عينة من الشركات الصناعية المدرجة في سوق العراق للأوراق المالية)
https://journal.uod.ac/index.php/uodjournal/article/view/2059,200,1,text/html,"دور مخيمات النازحين في تغير حجم السكان في قضائي زاخو وسميل (2015 – 2020)
							| Journal of Duhok University"
https://journal.uod.ac/index.php/uodjournal/article/view/2059/1177,200,1,text/html,View of دور مخيمات النازحين في تغير حجم السكان في قضائي زاخو وسميل (2015 – 2020)
https://journal.uod.ac/index.php/uodjournal/article/view/206,200,1,text/html,"THE ROLE OF THE KWASHE INDUSTRIAL ZONE IN THE SUMMEL DISTRICT BY POLLUTION ON THE SURROUNDING ENVIRONMENT
							| Journal of Duhok University"
https://journal.uod.ac/index.php/uodjournal/article/view/206/151,200,1,text/html,View of THE ROLE OF THE KWASHE INDUSTRIAL ZONE IN THE SUMMEL DISTRICT BY POLLUTION ON THE SURROUNDING ENVIRONMENT
https://journal.uod.ac/index.php/uodjournal/article/view/2060,200,1,text/html,"التحليل الكمي للخصائص المورفومترية للأحواض الجنوبية لجبل بيخير
							| Journal of Duhok University"
https://journal.uod.ac/index.php/uodjournal/article/view/2060/1178,200,1,text/html,View of التحليل الكمي للخصائص المورفومترية للأحواض الجنوبية لجبل بيخير
https://journal.uod.ac/index.php/uodjournal/article/view/2061,200,1,text/html,"THE IMPACT OF LEARNER-CENTERED APPROACH ON EFL LEARNERS’ WRITING SKILL
							| Journal of Duhok University"
https://journal.uod.ac/index.php/uodjournal/article/view/2061/1179,200,1,text/html,View of THE IMPACT OF LEARNER-CENTERED APPROACH ON EFL LEARNERS’ WRITING SKILL
https://journal.uod.ac/index.php/uodjournal/article/view/2062,200,1,text/html,"هل من الممكن ان تكون العملات المشفرة أداة لتحسين أداء المحفظة الاستثمارية؟  دراسة تحليلية مقارنة بين المحافظ التقليدية والمحافظ الهجينة لعينة من الشركات الامريكية
							| Journal of Duhok University"
https://journal.uod.ac/index.php/uodjournal/article/view/2062/1180,200,1,text/html,View of هل من الممكن ان تكون العملات المشفرة أداة لتحسين أداء المحفظة الاستثمارية؟  دراسة تحليلية مقارنة بين المحافظ التقليدية والمحافظ الهجينة لعينة من الشركات الامريكية
https://journal.uod.ac/index.php/uodjournal/article/view/2064,200,1,text/html,"استخدام التحـليل العاملي في تحديد اهم النسب المالية المؤثرة في القيمة السـوقية لأسـهم عينة من المصارف الأردنية
							| Journal of Duhok University"
https://journal.uod.ac/index.php/uodjournal/article/view/2064/1181,200,1,text/html,View of استخدام التحـليل العاملي في تحديد اهم النسب المالية المؤثرة في القيمة السـوقية لأسـهم عينة من المصارف الأردنية
https://journal.uod.ac/index.php/uodjournal/article/view/2065,200,1,text/html,"د گوتنا بابەتێ ڕێزمانا زمانێ كوردیدا بۆ قوتابیێن پولا حەفتێ بنەرەتی ل سەر وەرگرتنا تێگەھان ل دەڤ ئەوان ( GAGNE و KLAUSMEIER ) كاریگەرییا بكارهینانا مۆدڵێن 
							| Journal of Duhok University"
https://journal.uod.ac/index.php/uodjournal/article/view/2065/1182,200,1,text/html,View of د گوتنا بابەتێ ڕێزمانا زمانێ كوردیدا بۆ قوتابیێن پولا حەفتێ بنەرەتی ل سەر وەرگرتنا تێگەھان ل دەڤ ئەوان ( GAGNE و KLAUSMEIER ) كاریگەرییا بكارهینانا مۆدڵێن
https://journal.uod.ac/index.php/uodjournal/article/view/2066,200,1,text/html,"التداول بالعقود المستقبلية للتحوط من مخاطر تقلبات الأسعار- بالتطبيق على عينة من الشركات المدرجة  في سوق العراق للأوراق المالية
							| Journal of Duhok University"
https://journal.uod.ac/index.php/uodjournal/article/view/2066/1183,200,1,text/html,View of التداول بالعقود المستقبلية للتحوط من مخاطر تقلبات الأسعار- بالتطبيق على عينة من الشركات المدرجة  في سوق العراق للأوراق المالية
https://journal.uod.ac/index.php/uodjournal/article/view/2067,200,1,text/html,"THE IMPACT OF COVID-19 ON CONSUMERS’  ONLINE SHOPPING BEHAVIOR AN EXPLORATORY STUDY OF THE OPINIONS OF A SAMPLE OF CONSUMERS IN KURDISTAN REGION–IRAQ
							| Journal of Duhok University"
https://journal.uod.ac/index.php/uodjournal/article/view/2067/1184,200,1,text/html,View of THE IMPACT OF COVID-19 ON CONSUMERS’  ONLINE SHOPPING BEHAVIOR AN EXPLORATORY STUDY OF THE OPINIONS OF A SAMPLE OF CONSUMERS IN KURDISTAN REGION–IRAQ
https://journal.uod.ac/index.php/uodjournal/article/view/2068,200,1,text/html,"پراکتیزەکرنا بنەمایێن گوتارا ڕەخنەیا ڕەخنێ د نامەیێن ماستەرێ ل دەڤەرا بەهدیناندا  دوو ماستەرنامەیێن شعرى وەک نموونە
							| Journal of Duhok University"
https://journal.uod.ac/index.php/uodjournal/article/view/2068/1185,200,1,text/html,View of پراکتیزەکرنا بنەمایێن گوتارا ڕەخنەیا ڕەخنێ د نامەیێن ماستەرێ ل دەڤەرا بەهدیناندا  دوو ماستەرنامەیێن شعرى وەک نموونە
https://journal.uod.ac/index.php/uodjournal/article/view/2069,200,1,text/html,"THE ROLE OF FINANCIAL INCLUSION IN PROMOTING  THE ASSET GROWTH OF A SAMPLE OF BANKS LISTED  AT THE IRAQI STOCK EXCHANGE
							| Journal of Duhok University"
https://journal.uod.ac/index.php/uodjournal/article/view/2069/1186,200,1,text/html,View of THE ROLE OF FINANCIAL INCLUSION IN PROMOTING  THE ASSET GROWTH OF A SAMPLE OF BANKS LISTED  AT THE IRAQI STOCK EXCHANGE
https://journal.uod.ac/index.php/uodjournal/article/view/207,200,1,text/html,"THE EVOLUTION OF THE GROUNDS OF JUDICIAL REVIEW OVER THE ADMINISTRATIVE DECISION IN THE ENGLISH LEGAL ORDER
							| Journal of Duhok University"
https://journal.uod.ac/index.php/uodjournal/article/view/207/152,200,1,text/html,View of THE EVOLUTION OF THE GROUNDS OF JUDICIAL REVIEW OVER THE ADMINISTRATIVE DECISION IN THE ENGLISH LEGAL ORDER
https://journal.uod.ac/index.php/uodjournal/article/view/208,200,1,text/html,"CONTEMPORARY CRITIC CULTURE BETWEEN HERITAGE  AND WESTERN THEORIES ANALYTICAL CRITICAL STUDY
							| Journal of Duhok University"
https://journal.uod.ac/index.php/uodjournal/article/view/208/153,200,1,text/html,View of CONTEMPORARY CRITIC CULTURE BETWEEN HERITAGE  AND WESTERN THEORIES ANALYTICAL CRITICAL STUDY
https://journal.uod.ac/index.php/uodjournal/article/view/2080,200,1,text/html,"EFFECT OF TYPE OF MOTION ON TORQUE GENERATED INTRA-CANALLY (IN VITRO STUDY)
							| Journal of Duhok University"
https://journal.uod.ac/index.php/uodjournal/article/view/2080/1188,200,1,text/html,View of EFFECT OF TYPE OF MOTION ON TORQUE GENERATED INTRA-CANALLY (IN VITRO STUDY)
https://journal.uod.ac/index.php/uodjournal/article/view/2081,200,1,text/html,"A PLURALITY OF FACTORS AND PREFERRED DELIVERY MODES AMONG PREGNANT WOMEN IN DUHOK CITY
							| Journal of Duhok University"
https://journal.uod.ac/index.php/uodjournal/article/view/2081/1189,200,1,text/html,View of A PLURALITY OF FACTORS AND PREFERRED DELIVERY MODES AMONG PREGNANT WOMEN IN DUHOK CITY
https://journal.uod.ac/index.php/uodjournal/article/view/2082,200,1,text/html,"PREGNANCY RELATED RISK FACTORS AMONG WOMEN ATTENDING DUHOK OBSTETRICS AND GYNECOLOGY HOSPITAL
							| Journal of Duhok University"
https://journal.uod.ac/index.php/uodjournal/article/view/2082/1190,200,1,text/html,View of PREGNANCY RELATED RISK FACTORS AMONG WOMEN ATTENDING DUHOK OBSTETRICS AND GYNECOLOGY HOSPITAL
https://journal.uod.ac/index.php/uodjournal/article/view/2083,200,1,text/html,"""تأثير الرافعة المالية على الربحية المصرفية  ""دراسة تحليلية لعينه من المصارف الخاصة المدرجة في سوق العراق للأوراق المالية
							| Journal of Duhok University"
https://journal.uod.ac/index.php/uodjournal/article/view/2083/1191,200,1,text/html,"View of ""تأثير الرافعة المالية على الربحية المصرفية  ""دراسة تحليلية لعينه من المصارف الخاصة المدرجة في سوق العراق للأوراق المالية"
https://journal.uod.ac/index.php/uodjournal/article/view/2085,200,1,text/html,"كرده‌یا به‌هیدارییێ و ستراتیتجییه‌تێن ئه‌وێ‌ ل ده‌ڤ ئاخڤتنكه‌رێن باژێرێ‌ دهۆكێ‌
							| Journal of Duhok University"
https://journal.uod.ac/index.php/uodjournal/article/view/2085/1202,200,1,text/html,View of كرده‌یا به‌هیدارییێ و ستراتیتجییه‌تێن ئه‌وێ‌ ل ده‌ڤ ئاخڤتنكه‌رێن باژێرێ‌ دهۆكێ‌
https://journal.uod.ac/index.php/uodjournal/article/view/2086,200,1,text/html,"كارتێكرنا بكارئینانا ستراتیجییەتێن نەخشێن هزری و سووم بدەستڤەئینانا  قوتابیێن پولا دەهێ‌ ئامادەیی د بابەتێ‌ ئەدەبێ‌ كوردی دا و گەشەكرنا  هزركرنا هیڤی خوازی لدەف وان
							| Journal of Duhok University"
https://journal.uod.ac/index.php/uodjournal/article/view/2086/1194,200,1,text/html,View of كارتێكرنا بكارئینانا ستراتیجییەتێن نەخشێن هزری و سووم بدەستڤەئینانا  قوتابیێن پولا دەهێ‌ ئامادەیی د بابەتێ‌ ئەدەبێ‌ كوردی دا و گەشەكرنا  هزركرنا هیڤی خوازی لدەف وان
https://journal.uod.ac/index.php/uodjournal/article/view/2087,200,1,text/html,"دور إعادة هندسة الموارد البشرية في دعم المناعة التنظيمية (دراسة استطلاعية لأراء عينة من مديري فروع شركة كورك تيليكوم في اقليم كوردستان-العراق)
							| Journal of Duhok University"
https://journal.uod.ac/index.php/uodjournal/article/view/2087/1195,200,1,text/html,View of دور إعادة هندسة الموارد البشرية في دعم المناعة التنظيمية (دراسة استطلاعية لأراء عينة من مديري فروع شركة كورك تيليكوم في اقليم كوردستان-العراق)
https://journal.uod.ac/index.php/uodjournal/article/view/2088,200,1,text/html,"دور إستراتيجية ريادة التكلفة بإستعمال نظام محاسبة التكاليف على أساس الأنشطة (ABC) في تخفيض التكاليف (دراسة تطبيقية في شركة هيمن لصناعة الأسفنج)
							| Journal of Duhok University"
https://journal.uod.ac/index.php/uodjournal/article/view/2088/1196,200,1,text/html,View of دور إستراتيجية ريادة التكلفة بإستعمال نظام محاسبة التكاليف على أساس الأنشطة (ABC) في تخفيض التكاليف (دراسة تطبيقية في شركة هيمن لصناعة الأسفنج)
https://journal.uod.ac/index.php/uodjournal/article/view/2089,200,1,text/html,"ره‌نگدانه‌وه‌ی بۆن له‌كاره‌ هونه‌رییه‌كانی(جه‌بار جه‌مال غه‌ریب و محمد اسماعیل)دا توێژینه‌وه‌یه‌كی ره‌خنه‌ی وه‌سفی شیكارییه‌
							| Journal of Duhok University"
https://journal.uod.ac/index.php/uodjournal/article/view/2089/1197,200,1,text/html,View of ره‌نگدانه‌وه‌ی بۆن له‌كاره‌ هونه‌رییه‌كانی(جه‌بار جه‌مال غه‌ریب و محمد اسماعیل)دا توێژینه‌وه‌یه‌كی ره‌خنه‌ی وه‌سفی شیكارییه‌
https://journal.uod.ac/index.php/uodjournal/article/view/209,200,1,text/html,"THE EFFECT OF USING MCCARTHY’S STRATEGY TO TEACH TRIPLE JUMP IN COGNITIVE ACHIEVEMENT, PERFORMANCE, AND SELF-CONFIDENCE FOR STUDENTS  OF PHYSICAL EDUCATION COLLEGE
							| Journal of Duhok University"
https://journal.uod.ac/index.php/uodjournal/article/view/209/154,200,1,text/html,"View of THE EFFECT OF USING MCCARTHY’S STRATEGY TO TEACH TRIPLE JUMP IN COGNITIVE ACHIEVEMENT, PERFORMANCE, AND SELF-CONFIDENCE FOR STUDENTS  OF PHYSICAL EDUCATION COLLEGE"
https://journal.uod.ac/index.php/uodjournal/article/view/2098,200,1,text/html,"موقف دولة قطر من الاجتياح العراقي للكويت (1990 – 1991م)
							| Journal of Duhok University"
https://journal.uod.ac/index.php/uodjournal/article/view/2098/1198,200,1,text/html,View of موقف دولة قطر من الاجتياح العراقي للكويت (1990 – 1991م)
https://journal.uod.ac/index.php/uodjournal/article/view/2099,200,1,text/html,"رەهندێن دەروونیێن ئافرەتا کورد‌ د رۆمانا (مریەما)یێدا
							| Journal of Duhok University"
https://journal.uod.ac/index.php/uodjournal/article/view/2099/1199,200,1,text/html,View of رەهندێن دەروونیێن ئافرەتا کورد‌ د رۆمانا (مریەما)یێدا
https://journal.uod.ac/index.php/uodjournal/article/view/21,200,1,text/html,"PATTERN-RECONFIGURABLE ANTENNA FOR 5.5-GHZ WIMAX APPLICATIONS
							| Journal of Duhok University"
https://journal.uod.ac/index.php/uodjournal/article/view/21/11,200,1,text/html,View of PATTERN-RECONFIGURABLE ANTENNA FOR 5.5-GHZ WIMAX APPLICATIONS
https://journal.uod.ac/index.php/uodjournal/article/view/210,200,1,text/html,"THE EFFECT OF USING BRAINSTORMING STRATEGY IN ACQUIRING SOME OFFENSIVE HANDBALL SKILLS
							| Journal of Duhok University"
https://journal.uod.ac/index.php/uodjournal/article/view/210/155,200,1,text/html,View of THE EFFECT OF USING BRAINSTORMING STRATEGY IN ACQUIRING SOME OFFENSIVE HANDBALL SKILLS
https://journal.uod.ac/index.php/uodjournal/article/view/2100,200,1,text/html,"هەمەجۆریی تەکنیکەکان لە پەیکەری جوڵەیی هاوچەرخدا
							| Journal of Duhok University"
https://journal.uod.ac/index.php/uodjournal/article/view/2100/1200,200,1,text/html,View of هەمەجۆریی تەکنیکەکان لە پەیکەری جوڵەیی هاوچەرخدا
https://journal.uod.ac/index.php/uodjournal/article/view/2107,200,1,text/html,"DESCTIPTIVE STUDY OF TAXIS SERVICES IN DUHOK CITY
							| Journal of Duhok University"
https://journal.uod.ac/index.php/uodjournal/article/view/2107/1201,200,1,text/html,View of DESCTIPTIVE STUDY OF TAXIS SERVICES IN DUHOK CITY
https://journal.uod.ac/index.php/uodjournal/article/view/2109,200,1,text/html,"قالبێن هێزێ د زمانێ کوردی (گوڤەرا بەهدینی)دا ل دویڤ فۆنۆلۆجیا مێتریکەل
							| Journal of Duhok University"
https://journal.uod.ac/index.php/uodjournal/article/view/2109/1203,200,1,text/html,View of قالبێن هێزێ د زمانێ کوردی (گوڤەرا بەهدینی)دا ل دویڤ فۆنۆلۆجیا مێتریکەل
https://journal.uod.ac/index.php/uodjournal/article/view/211,200,1,text/html,"THE REPERCUSSIONS OF THE GENERAL BUDGET ON THE INVESTMENT ACTIVITY IN THE KURDISTAN REGION - IRAQ FOR THE PERIOD (2006-2013)
							| Journal of Duhok University"
https://journal.uod.ac/index.php/uodjournal/article/view/211/156,200,1,text/html,View of THE REPERCUSSIONS OF THE GENERAL BUDGET ON THE INVESTMENT ACTIVITY IN THE KURDISTAN REGION - IRAQ FOR THE PERIOD (2006-2013)
https://journal.uod.ac/index.php/uodjournal/article/view/2110,200,1,text/html,"ستراتیژییه‌تێن شیره‌تێ‌ ل ده‌ڤ ئاخڤتنكه‌رێن سه‌نته‌رێ‌ ده‌ڤۆكا دهوكێ‌
							| Journal of Duhok University"
https://journal.uod.ac/index.php/uodjournal/article/view/2110/1204,200,1,text/html,View of ستراتیژییه‌تێن شیره‌تێ‌ ل ده‌ڤ ئاخڤتنكه‌رێن سه‌نته‌رێ‌ ده‌ڤۆكا دهوكێ‌
https://journal.uod.ac/index.php/uodjournal/article/view/2111,200,1,text/html,"( دور مكونات التصنيع الفعال في تحقيق عناصر الابداع التكنولوجي )  دراسة تحليلية لآراء عينة من العاملين في شركة المحمود–مصنع الزيوت النباتية في اقليم كوردستان العراق/دهوك 
							| Journal of Duhok University"
https://journal.uod.ac/index.php/uodjournal/article/view/2111/1219,200,1,text/html,View of ( دور مكونات التصنيع الفعال في تحقيق عناصر الابداع التكنولوجي )  دراسة تحليلية لآراء عينة من العاملين في شركة المحمود–مصنع الزيوت النباتية في اقليم كوردستان العراق/دهوك
https://journal.uod.ac/index.php/uodjournal/article/view/2117,200,1,text/html,"REASSESSMENT OF COAGULATION DYSFUNCTION AND ITS IMPACT ON CLASSIFICATION OF HEMOPHILIA IN DUHOK CITY
							| Journal of Duhok University"
https://journal.uod.ac/index.php/uodjournal/article/view/2117/1206,200,1,text/html,View of REASSESSMENT OF COAGULATION DYSFUNCTION AND ITS IMPACT ON CLASSIFICATION OF HEMOPHILIA IN DUHOK CITY
https://journal.uod.ac/index.php/uodjournal/article/view/2118,200,1,text/html,"هەستا نەتەوایەتى: ڕەهەند و نیشاندان، فەرهەنگاگۆتنێن مەزنان یا (رێکێش ئامێدى)  وەک نموونە
							| Journal of Duhok University"
https://journal.uod.ac/index.php/uodjournal/article/view/2118/1207,200,1,text/html,View of هەستا نەتەوایەتى: ڕەهەند و نیشاندان، فەرهەنگاگۆتنێن مەزنان یا (رێکێش ئامێدى)  وەک نموونە
https://journal.uod.ac/index.php/uodjournal/article/view/212,200,1,text/html,"ENVIRONMENTAL LIVABILITY'S ASSESSMENT OF IRAQI GOVERNORATES USING A.H.P MODEL AND  GEOGRAPHY  INFORMATION SYSTEM (GIS)
							| Journal of Duhok University"
https://journal.uod.ac/index.php/uodjournal/article/view/212/157,200,1,text/html,View of ENVIRONMENTAL LIVABILITY'S ASSESSMENT OF IRAQI GOVERNORATES USING A.H.P MODEL AND  GEOGRAPHY  INFORMATION SYSTEM (GIS)
https://journal.uod.ac/index.php/uodjournal/article/view/2127,200,1,text/html,"دور التكنولوجيا الرقمية في تحقيق العدالة الجنائية: الفرص والتحديات
							| Journal of Duhok University"
https://journal.uod.ac/index.php/uodjournal/article/view/2127/1209,200,1,text/html,View of دور التكنولوجيا الرقمية في تحقيق العدالة الجنائية: الفرص والتحديات
https://journal.uod.ac/index.php/uodjournal/article/view/213,200,1,text/html,"JOURNEY WOMEN: WOMEN’S RESILIENCE AND TRANSFORMATION IN  QASHAM BALATA’S RUNAWAY TO NOWHERE
							| Journal of Duhok University"
https://journal.uod.ac/index.php/uodjournal/article/view/213/158,200,1,text/html,View of JOURNEY WOMEN: WOMEN’S RESILIENCE AND TRANSFORMATION IN  QASHAM BALATA’S RUNAWAY TO NOWHERE
https://journal.uod.ac/index.php/uodjournal/article/view/2135,200,1,text/html,"الدبلوماسية الموازية لأقليم كوردستان العراق أثناء حرب داعش (2017-2014)
							| Journal of Duhok University"
https://journal.uod.ac/index.php/uodjournal/article/view/2135/1210,200,1,text/html,View of الدبلوماسية الموازية لأقليم كوردستان العراق أثناء حرب داعش (2017-2014)
https://journal.uod.ac/index.php/uodjournal/article/view/2136,200,1,text/html,"تنويع الاستثمار في الأدوات المالية وأثره على أداء المحفظة الاستثمارية * دراسة تحليلية مقارنة لعينة من شركات في الأسواق المالية الأمريكية للفترة (1990 – 2020)
							| Journal of Duhok University"
https://journal.uod.ac/index.php/uodjournal/article/view/2136/1211,200,1,text/html,View of تنويع الاستثمار في الأدوات المالية وأثره على أداء المحفظة الاستثمارية * دراسة تحليلية مقارنة لعينة من شركات في الأسواق المالية الأمريكية للفترة (1990 – 2020)
https://journal.uod.ac/index.php/uodjournal/article/view/2138,200,1,text/html,"الإجماع عند الشيخ محمّد محيي الدين عبد الحميد – رحمه الله - في حاشيته منحة الجليل
							| Journal of Duhok University"
https://journal.uod.ac/index.php/uodjournal/article/view/2138/1212,200,1,text/html,View of الإجماع عند الشيخ محمّد محيي الدين عبد الحميد – رحمه الله - في حاشيته منحة الجليل
https://journal.uod.ac/index.php/uodjournal/article/view/214,200,1,text/html,"BOARD CHARACTERISTICS AND FIRM PERFORMANCE:  EMPIRICAL EVIDENCE FROM TURKEY
							| Journal of Duhok University"
https://journal.uod.ac/index.php/uodjournal/article/view/214/159,200,1,text/html,View of BOARD CHARACTERISTICS AND FIRM PERFORMANCE:  EMPIRICAL EVIDENCE FROM TURKEY
https://journal.uod.ac/index.php/uodjournal/article/view/2140,200,1,text/html,"MOLECULAR IDENTIFICATION AND PHYLOGENETIC ANALYSIS OF FASCIOLA SPECIES ISOLATED FROM SHEEP AND CATTLE USING THE ITS2 rDNA MARKER IN DUHOK PROVINCE, KURDISTAN REGION, IRAQ
							| Journal of Duhok University"
https://journal.uod.ac/index.php/uodjournal/article/view/2140/1410,200,1,text/html,"View of MOLECULAR IDENTIFICATION AND PHYLOGENETIC ANALYSIS OF FASCIOLA SPECIES ISOLATED FROM SHEEP AND CATTLE USING THE ITS2 rDNA MARKER IN DUHOK PROVINCE, KURDISTAN REGION, IRAQ"
https://journal.uod.ac/index.php/uodjournal/article/view/2141,200,1,text/html,"A NEW  CONJUGATE GRADIENT WITH GLOBAL CONVERGES FOR NONLINEAR PROBLEMS
							| Journal of Duhok University"
https://journal.uod.ac/index.php/uodjournal/article/view/2141/1214,200,1,text/html,View of A NEW  CONJUGATE GRADIENT WITH GLOBAL CONVERGES FOR NONLINEAR PROBLEMS
https://journal.uod.ac/index.php/uodjournal/article/view/2145,200,1,text/html,"الموقف البريطاني من الصراع الحجازي النجدي 1916- 1920
							| Journal of Duhok University"
https://journal.uod.ac/index.php/uodjournal/article/view/2145/1215,200,1,text/html,View of الموقف البريطاني من الصراع الحجازي النجدي 1916- 1920
https://journal.uod.ac/index.php/uodjournal/article/view/2146,200,1,text/html,"سيمون بوليفار ودوره في تأسيس الجمهورية الفنزويلية الاولى والثانية (5 تموز 1811 - 11 اب 1813)
							| Journal of Duhok University"
https://journal.uod.ac/index.php/uodjournal/article/view/2146/1216,200,1,text/html,View of سيمون بوليفار ودوره في تأسيس الجمهورية الفنزويلية الاولى والثانية (5 تموز 1811 - 11 اب 1813)
https://journal.uod.ac/index.php/uodjournal/article/view/2181,200,1,text/html,"MEANINGS OF ARCHITECTURAL PERFECTION ACCORDING TO MODERN AND POSTMODERN STYLE
							| Journal of Duhok University"
https://journal.uod.ac/index.php/uodjournal/article/view/2181/1217,200,1,text/html,View of MEANINGS OF ARCHITECTURAL PERFECTION ACCORDING TO MODERN AND POSTMODERN STYLE
https://journal.uod.ac/index.php/uodjournal/article/view/2182,200,1,text/html,"فلسفة التربية عند جون ديوي وسعيها الى تطوير المجتمع وازدهاره
							| Journal of Duhok University"
https://journal.uod.ac/index.php/uodjournal/article/view/2182/1218,200,1,text/html,View of فلسفة التربية عند جون ديوي وسعيها الى تطوير المجتمع وازدهاره
https://journal.uod.ac/index.php/uodjournal/article/view/22,200,1,text/html,"EAR RECOGNITION USING LOCAL BINARY PATTERN
							| Journal of Duhok University"
https://journal.uod.ac/index.php/uodjournal/article/view/22/12,200,1,text/html,View of EAR RECOGNITION USING LOCAL BINARY PATTERN
https://journal.uod.ac/index.php/uodjournal/article/view/221,200,1,text/html,"USING FIBONACCI NUMBER TO INTEGRATE 2×2 AND 3×3  MATRICES
							| Journal of Duhok University"
https://journal.uod.ac/index.php/uodjournal/article/view/221/160,200,1,text/html,View of USING FIBONACCI NUMBER TO INTEGRATE 2×2 AND 3×3  MATRICES
https://journal.uod.ac/index.php/uodjournal/article/view/222,200,1,text/html,"THE IMPACT OF DISTANCE BETWEEN THE DATA AND CONTROL PLANE ON OPENFLOW PROTOCOL PERFORMANCE
							| Journal of Duhok University"
https://journal.uod.ac/index.php/uodjournal/article/view/222/161,200,1,text/html,View of THE IMPACT OF DISTANCE BETWEEN THE DATA AND CONTROL PLANE ON OPENFLOW PROTOCOL PERFORMANCE
https://journal.uod.ac/index.php/uodjournal/article/view/223,200,1,text/html,"DEVELOPMENT AND APPLICATION OF A HIGHLY SENSITIVE PNA CLAMP PCR ASSAY FOR DETECTION OF NRAS MUTATIONS IN MELANOMA USING TISSUE AND CFDNA
							| Journal of Duhok University"
https://journal.uod.ac/index.php/uodjournal/article/view/223/162,200,1,text/html,View of DEVELOPMENT AND APPLICATION OF A HIGHLY SENSITIVE PNA CLAMP PCR ASSAY FOR DETECTION OF NRAS MUTATIONS IN MELANOMA USING TISSUE AND CFDNA
https://journal.uod.ac/index.php/uodjournal/article/view/224,200,1,text/html,"TOWARDS SUSTAINABLE TRANSIT ORIENTED DEVELOPMENT  (TOD) IN DUHOK CITY- SHANDUKHA VILLAGE  (NEIGHBORHOOD) AS CASE STUDY
							| Journal of Duhok University"
https://journal.uod.ac/index.php/uodjournal/article/view/224/163,200,1,text/html,View of TOWARDS SUSTAINABLE TRANSIT ORIENTED DEVELOPMENT  (TOD) IN DUHOK CITY- SHANDUKHA VILLAGE  (NEIGHBORHOOD) AS CASE STUDY
https://journal.uod.ac/index.php/uodjournal/article/view/225,200,1,text/html,"HUMAN TO TELEVISION INTERFACE FOR DISABLED PEOPLE BASED ON EOG
							| Journal of Duhok University"
https://journal.uod.ac/index.php/uodjournal/article/view/225/164,200,1,text/html,View of HUMAN TO TELEVISION INTERFACE FOR DISABLED PEOPLE BASED ON EOG
https://journal.uod.ac/index.php/uodjournal/article/view/226,200,1,text/html,"ARIDITY INDEX BASED ON TEMPERATURE AND RAINFALL DATA FOR KURDISTAN REGION-IRAQ
							| Journal of Duhok University"
https://journal.uod.ac/index.php/uodjournal/article/view/226/165,200,1,text/html,View of ARIDITY INDEX BASED ON TEMPERATURE AND RAINFALL DATA FOR KURDISTAN REGION-IRAQ
https://journal.uod.ac/index.php/uodjournal/article/view/227,200,1,text/html,"NOISE POLLUTION AND ITS EFFECT ON WORKERS, PATIENTS, AND VISITORS IN SOME HOSPITALS AT DOHUK GOVERNORATE
							| Journal of Duhok University"
https://journal.uod.ac/index.php/uodjournal/article/view/227/166,200,1,text/html,"View of NOISE POLLUTION AND ITS EFFECT ON WORKERS, PATIENTS, AND VISITORS IN SOME HOSPITALS AT DOHUK GOVERNORATE"
https://journal.uod.ac/index.php/uodjournal/article/view/228,200,1,text/html,"NEPHRECTOMY. A CLINICOPATHOLOGICAL STUDY
							| Journal of Duhok University"
https://journal.uod.ac/index.php/uodjournal/article/view/228/167,200,1,text/html,View of NEPHRECTOMY. A CLINICOPATHOLOGICAL STUDY
https://journal.uod.ac/index.php/uodjournal/article/view/2282,200,1,text/html,"KURDISH PERSONAL NAMES AND IDENTITY: HOW THE KURDS THINK OF THEIR PERSONAL NAMES
							| Journal of Duhok University"
https://journal.uod.ac/index.php/uodjournal/article/view/2282/1220,200,1,text/html,View of KURDISH PERSONAL NAMES AND IDENTITY: HOW THE KURDS THINK OF THEIR PERSONAL NAMES
https://journal.uod.ac/index.php/uodjournal/article/view/2283,200,1,text/html,"الموقف الدولي من القتال بين القيادة الكوردية و الحكومة المركزية في العراق آذار 1974 - آذار 1975
							| Journal of Duhok University"
https://journal.uod.ac/index.php/uodjournal/article/view/2283/1221,200,1,text/html,View of الموقف الدولي من القتال بين القيادة الكوردية و الحكومة المركزية في العراق آذار 1974 - آذار 1975
https://journal.uod.ac/index.php/uodjournal/article/view/2284,200,1,text/html,"MINIMIZING STUDENTS' DISENGAGEMENT IN TRANSLATION CLASSES THROUGH UTILIZING STUDENT PORTFOLIO
							| Journal of Duhok University"
https://journal.uod.ac/index.php/uodjournal/article/view/2284/1222,200,1,text/html,View of MINIMIZING STUDENTS' DISENGAGEMENT IN TRANSLATION CLASSES THROUGH UTILIZING STUDENT PORTFOLIO
https://journal.uod.ac/index.php/uodjournal/article/view/2285,200,1,text/html,"دور عمليات ألإندماج المصرفي في تحقيق إستدامة ألإئتمان المصرفي دراسة حالة مصرف ألأهلي ألأردني
							| Journal of Duhok University"
https://journal.uod.ac/index.php/uodjournal/article/view/2285/1223,200,1,text/html,View of دور عمليات ألإندماج المصرفي في تحقيق إستدامة ألإئتمان المصرفي دراسة حالة مصرف ألأهلي ألأردني
https://journal.uod.ac/index.php/uodjournal/article/view/2286,200,1,text/html,"دۆخى كشتوکاڵ و زەوى و زار لە ئاکرێ لە سەردەمى دەوڵەتى عوسمانیدا1842-1918 ز
							| Journal of Duhok University"
https://journal.uod.ac/index.php/uodjournal/article/view/2286/1224,200,1,text/html,View of دۆخى كشتوکاڵ و زەوى و زار لە ئاکرێ لە سەردەمى دەوڵەتى عوسمانیدا1842-1918 ز
https://journal.uod.ac/index.php/uodjournal/article/view/2287,200,1,text/html,"INVESTIGATING THE IMPACT OF BLENDED LEARNING ON KURDISH EFL LEARNERS’ WRITING SKILL AT KURDISTAN UNIVERSITIES
							| Journal of Duhok University"
https://journal.uod.ac/index.php/uodjournal/article/view/2287/1225,200,1,text/html,View of INVESTIGATING THE IMPACT OF BLENDED LEARNING ON KURDISH EFL LEARNERS’ WRITING SKILL AT KURDISTAN UNIVERSITIES
https://journal.uod.ac/index.php/uodjournal/article/view/2288,200,1,text/html,"بناء محافظ استثمارية كفؤة باستخدام البرمجة التربيعية دراسة تحليلية مقارنة لتقييم اداء عينة من محافظ الشركات الامريكية والعملات المشفرة
							| Journal of Duhok University"
https://journal.uod.ac/index.php/uodjournal/article/view/2288/1226,200,1,text/html,View of بناء محافظ استثمارية كفؤة باستخدام البرمجة التربيعية دراسة تحليلية مقارنة لتقييم اداء عينة من محافظ الشركات الامريكية والعملات المشفرة
https://journal.uod.ac/index.php/uodjournal/article/view/2289,200,1,text/html,"تنازع الإختصاص التشريعي والقضائي بشأن نفقة القاصر
							| Journal of Duhok University"
https://journal.uod.ac/index.php/uodjournal/article/view/2289/1227,200,1,text/html,View of تنازع الإختصاص التشريعي والقضائي بشأن نفقة القاصر
https://journal.uod.ac/index.php/uodjournal/article/view/229,200,1,text/html,"PLANNING TO CONTROL TRAFFIC CONGESTION  IN DUHOK UNIVERSITY CAMPUS
							| Journal of Duhok University"
https://journal.uod.ac/index.php/uodjournal/article/view/229/168,200,1,text/html,View of PLANNING TO CONTROL TRAFFIC CONGESTION  IN DUHOK UNIVERSITY CAMPUS
https://journal.uod.ac/index.php/uodjournal/article/view/2295,200,1,text/html,"NANo  -OPERATORS AND NANO  -CONTINUITY IN NANO TOPOLOGICAL SPACES
							| Journal of Duhok University"
https://journal.uod.ac/index.php/uodjournal/article/view/2295/1228,200,1,text/html,View of NANo  -OPERATORS AND NANO  -CONTINUITY IN NANO TOPOLOGICAL SPACES
https://journal.uod.ac/index.php/uodjournal/article/view/2296,200,1,text/html,"A CLASSIFICATION OF OUTLIERS IN TRANSFORMED VARIABLES
							| Journal of Duhok University"
https://journal.uod.ac/index.php/uodjournal/article/view/2296/1229,200,1,text/html,View of A CLASSIFICATION OF OUTLIERS IN TRANSFORMED VARIABLES
https://journal.uod.ac/index.php/uodjournal/article/view/2297,200,1,text/html,"SCENARIOS FOR MOBILITY IMPROVEMENT BASED ON INDIVIDUAL SOCIOECONOMIC FACTORS 
							| Journal of Duhok University"
https://journal.uod.ac/index.php/uodjournal/article/view/2297/1261,200,1,text/html,View of SCENARIOS FOR MOBILITY IMPROVEMENT BASED ON INDIVIDUAL SOCIOECONOMIC FACTORS
https://journal.uod.ac/index.php/uodjournal/article/view/2298,200,1,text/html,"LPWAN TECHNOLOGIES FOR IOT APPLICATIONS: A REVIEW
							| Journal of Duhok University"
https://journal.uod.ac/index.php/uodjournal/article/view/2298/1494,200,1,text/html,View of LPWAN TECHNOLOGIES FOR IOT APPLICATIONS: A REVIEW
https://journal.uod.ac/index.php/uodjournal/article/view/2299,200,1,text/html,"DUHOK TECHNIQUE; A NEW MODIFICATION OF THE HYPOSPADIAS SURGERY TECHNIQUE TO PREVENT INADVERTENT CATHETER REMOVAL AFTER SURGERY
							| Journal of Duhok University"
https://journal.uod.ac/index.php/uodjournal/article/view/2299/1232,200,1,text/html,View of DUHOK TECHNIQUE; A NEW MODIFICATION OF THE HYPOSPADIAS SURGERY TECHNIQUE TO PREVENT INADVERTENT CATHETER REMOVAL AFTER SURGERY
https://journal.uod.ac/index.php/uodjournal/article/view/23,200,1,text/html,"COMPRESSIVE SENSING BASED SIGNAL RECOVERY WITH  DIFFERENT TRANSFORMS
							| Journal of Duhok University"
https://journal.uod.ac/index.php/uodjournal/article/view/23/13,200,1,text/html,View of COMPRESSIVE SENSING BASED SIGNAL RECOVERY WITH  DIFFERENT TRANSFORMS
https://journal.uod.ac/index.php/uodjournal/article/view/231,200,1,text/html,"ARABIC-ENGLISH TRANSLATOR OF SPECIFIC NOUN PHRASE  WITH TRANSFER-BASED APPROACH
							| Journal of Duhok University"
https://journal.uod.ac/index.php/uodjournal/article/view/231/169,200,1,text/html,View of ARABIC-ENGLISH TRANSLATOR OF SPECIFIC NOUN PHRASE  WITH TRANSFER-BASED APPROACH
https://journal.uod.ac/index.php/uodjournal/article/view/2318,200,1,text/html,"ECONOMIC VALUATION OF FOREST SERVICES: CASE STUDY OF ZAWITA FOREST, KURDISTAN REGION OF IRAQ
							| Journal of Duhok University"
https://journal.uod.ac/index.php/uodjournal/article/view/2318/1233,200,1,text/html,"View of ECONOMIC VALUATION OF FOREST SERVICES: CASE STUDY OF ZAWITA FOREST, KURDISTAN REGION OF IRAQ"
https://journal.uod.ac/index.php/uodjournal/article/view/2319,200,1,text/html,"RESPONSE POMEGRANATE(PUNICA GRANATUM CT. SALAKHAN)  CUTTING OF FOLIAR SPRAYING WITH ALGA 600  AND GROWTH MEDIA
							| Journal of Duhok University"
https://journal.uod.ac/index.php/uodjournal/article/view/2319/1234,200,1,text/html,View of RESPONSE POMEGRANATE(PUNICA GRANATUM CT. SALAKHAN)  CUTTING OF FOLIAR SPRAYING WITH ALGA 600  AND GROWTH MEDIA
https://journal.uod.ac/index.php/uodjournal/article/view/232,200,1,text/html,"NUMERICAL SOLUTIONS TO CERTAIN STOCHASTIC DIFFERENTIAL EQUATIONS BY USING MILSTEIN METHOD
							| Journal of Duhok University"
https://journal.uod.ac/index.php/uodjournal/article/view/232/170,200,1,text/html,View of NUMERICAL SOLUTIONS TO CERTAIN STOCHASTIC DIFFERENTIAL EQUATIONS BY USING MILSTEIN METHOD
https://journal.uod.ac/index.php/uodjournal/article/view/2320,200,1,text/html,"FIRST RECORD OF THE ENTOMOPATHOGENIC NEMATODE OSCHEIUS TIPULAE (LAM AND WEBSTER, 1971) IN IRAQ
							| Journal of Duhok University"
https://journal.uod.ac/index.php/uodjournal/article/view/2320/1235,200,1,text/html,"View of FIRST RECORD OF THE ENTOMOPATHOGENIC NEMATODE OSCHEIUS TIPULAE (LAM AND WEBSTER, 1971) IN IRAQ"
https://journal.uod.ac/index.php/uodjournal/article/view/2321,200,1,text/html,"HETEROSIS AND SOME GENETIC PARAMETERS FOR YIELD AND ITS COMPONENTS OF MAIZE BY USING PARTIAL DIALLELE 
							| Journal of Duhok University"
https://journal.uod.ac/index.php/uodjournal/article/view/2321/1236,200,1,text/html,View of HETEROSIS AND SOME GENETIC PARAMETERS FOR YIELD AND ITS COMPONENTS OF MAIZE BY USING PARTIAL DIALLELE
https://journal.uod.ac/index.php/uodjournal/article/view/2322,200,1,text/html,"GENETIC VARIANCE, HERITABILITY AND CORRELATION IN SOME TRAITS OF BREAD WHEAT (TRITICUM AESTIVUM L.) UNDER DIFFERENT NITROGEN LEVELS
							| Journal of Duhok University"
https://journal.uod.ac/index.php/uodjournal/article/view/2322/1237,200,1,text/html,"View of GENETIC VARIANCE, HERITABILITY AND CORRELATION IN SOME TRAITS OF BREAD WHEAT (TRITICUM AESTIVUM L.) UNDER DIFFERENT NITROGEN LEVELS"
https://journal.uod.ac/index.php/uodjournal/article/view/2323,200,1,text/html,"KEEPING QUALITY OF POMEGRANATE FRUIT (CV. MAHDAWI) BY PACKING, WRAPPING WITH ALOE VERA AND PUTRESCINE DURING COLD STORAGE
							| Journal of Duhok University"
https://journal.uod.ac/index.php/uodjournal/article/view/2323/1238,200,1,text/html,"View of KEEPING QUALITY OF POMEGRANATE FRUIT (CV. MAHDAWI) BY PACKING, WRAPPING WITH ALOE VERA AND PUTRESCINE DURING COLD STORAGE"
https://journal.uod.ac/index.php/uodjournal/article/view/2324,200,1,text/html,"أثر التنويـع الاقتصادي على الإستدامـة الماليـة في دول مَجلس التعاون الخليج العربي للمدة ( 2004 - 2020)
							| Journal of Duhok University"
https://journal.uod.ac/index.php/uodjournal/article/view/2324/1239,200,1,text/html,View of أثر التنويـع الاقتصادي على الإستدامـة الماليـة في دول مَجلس التعاون الخليج العربي للمدة ( 2004 - 2020)
https://journal.uod.ac/index.php/uodjournal/article/view/2325,200,1,text/html,"الإخراج المسرحي : مفهومه وعناصره وأساليبه(دراسة تحليلية)
							| Journal of Duhok University"
https://journal.uod.ac/index.php/uodjournal/article/view/2325/1241,200,1,text/html,View of الإخراج المسرحي : مفهومه وعناصره وأساليبه(دراسة تحليلية)
https://journal.uod.ac/index.php/uodjournal/article/view/2326,200,1,text/html,"USING PREDICTIVE JUSTICE ALGORITHMS FOR ISSUING COURT  JUDGMENTS WITH EFFICIENT PREDICTION “Development of Legal-Tech Prospects in the Judiciary System in Iraq and Kurdistan Region”
							| Journal of Duhok University"
https://journal.uod.ac/index.php/uodjournal/article/view/2326/1242,200,1,text/html,View of USING PREDICTIVE JUSTICE ALGORITHMS FOR ISSUING COURT  JUDGMENTS WITH EFFICIENT PREDICTION “Development of Legal-Tech Prospects in the Judiciary System in Iraq and Kurdistan Region”
https://journal.uod.ac/index.php/uodjournal/article/view/2327,200,1,text/html,"حدة وتوزيع الانتباه وعلاقتهما بدقة أداء الضربة الارضية الامامية والخلفية لدى لاعبات نادي دهوك للمتقدمات
							| Journal of Duhok University"
https://journal.uod.ac/index.php/uodjournal/article/view/2327/1263,200,1,text/html,View of حدة وتوزيع الانتباه وعلاقتهما بدقة أداء الضربة الارضية الامامية والخلفية لدى لاعبات نادي دهوك للمتقدمات
https://journal.uod.ac/index.php/uodjournal/article/view/2331,200,1,text/html,"A STUDY OF THE INTERPRETER-RELATED FACTORS AFFECTING CONSECUTIVE INTERPRETERS’ PERFORMANCE:  A THEORETICAL ACCOUNT
							| Journal of Duhok University"
https://journal.uod.ac/index.php/uodjournal/article/view/2331/1244,200,1,text/html,View of A STUDY OF THE INTERPRETER-RELATED FACTORS AFFECTING CONSECUTIVE INTERPRETERS’ PERFORMANCE:  A THEORETICAL ACCOUNT
https://journal.uod.ac/index.php/uodjournal/article/view/2332,200,1,text/html,"رۆلێ ویلایەتێن ئێكگرتی یێن ئەمریكا - بەریتانیا - فەرنسا ژ پەیداكرنا دەڤەرا ئارام  بۆ كوردستانێ‌ - عێراق
							| Journal of Duhok University"
https://journal.uod.ac/index.php/uodjournal/article/view/2332/1245,200,1,text/html,View of رۆلێ ویلایەتێن ئێكگرتی یێن ئەمریكا - بەریتانیا - فەرنسا ژ پەیداكرنا دەڤەرا ئارام  بۆ كوردستانێ‌ - عێراق
https://journal.uod.ac/index.php/uodjournal/article/view/2333,200,1,text/html,"ره‌نگڤه‌دانا كه‌سایه‌تی و سیاسه‌تا میر به‌درخان د ڕۆژنامه‌ڤانییا بریتانیدا 1821-1847
							| Journal of Duhok University"
https://journal.uod.ac/index.php/uodjournal/article/view/2333/1246,200,1,text/html,View of ره‌نگڤه‌دانا كه‌سایه‌تی و سیاسه‌تا میر به‌درخان د ڕۆژنامه‌ڤانییا بریتانیدا 1821-1847
https://journal.uod.ac/index.php/uodjournal/article/view/2334,200,1,text/html,"A COMPARATIVE STUDY AMONG ELT AND ELL STUDENTS’ RECEPTIVE SKILLS AT UNIVERSITY LEVEL
							| Journal of Duhok University"
https://journal.uod.ac/index.php/uodjournal/article/view/2334/1247,200,1,text/html,View of A COMPARATIVE STUDY AMONG ELT AND ELL STUDENTS’ RECEPTIVE SKILLS AT UNIVERSITY LEVEL
https://journal.uod.ac/index.php/uodjournal/article/view/2335,200,1,text/html,"فاعلية المنهج التعليمي باستخدام بعض وسائل التعليمية المساعدة  في تعلم ارسال الامامي والخلفي دوران جانبي بتنس الطاولة للمبتدئات بأعمار(12-14)سنة
							| Journal of Duhok University"
https://journal.uod.ac/index.php/uodjournal/article/view/2335/1249,200,1,text/html,View of فاعلية المنهج التعليمي باستخدام بعض وسائل التعليمية المساعدة  في تعلم ارسال الامامي والخلفي دوران جانبي بتنس الطاولة للمبتدئات بأعمار(12-14)سنة
https://journal.uod.ac/index.php/uodjournal/article/view/2336,200,1,text/html,"تحديد الخصائص المورفومترية والهيدرولوجية للأحواض النهرية وأثرها على استقرار الموانئ المتوسطية بطنجة (المغرب)
							| Journal of Duhok University"
https://journal.uod.ac/index.php/uodjournal/article/view/2336/1250,200,1,text/html,View of تحديد الخصائص المورفومترية والهيدرولوجية للأحواض النهرية وأثرها على استقرار الموانئ المتوسطية بطنجة (المغرب)
https://journal.uod.ac/index.php/uodjournal/article/view/2340,200,1,text/html,"DETOUR POLYNOMIALS OF COG-COMPLETE BIPARTITE GRAPH
							| Journal of Duhok University"
https://journal.uod.ac/index.php/uodjournal/article/view/2340/1251,200,1,text/html,View of DETOUR POLYNOMIALS OF COG-COMPLETE BIPARTITE GRAPH
https://journal.uod.ac/index.php/uodjournal/article/view/2341,200,1,text/html,"EXTRACTIVE CLOUD POINT SPECTROPHOTOMETRIC DETERMINATION OF MESALAZINE USING BRILLIANT GREEN DYE
							| Journal of Duhok University"
https://journal.uod.ac/index.php/uodjournal/article/view/2341/1252,200,1,text/html,View of EXTRACTIVE CLOUD POINT SPECTROPHOTOMETRIC DETERMINATION OF MESALAZINE USING BRILLIANT GREEN DYE
https://journal.uod.ac/index.php/uodjournal/article/view/2342,200,1,text/html,"RHEOLOGICAL CHARACTERIZATION OF RECLAIMED ASPHALT BINDER BLENDED WITH THE NEAT AND SBS-PMA BINDERS
							| Journal of Duhok University"
https://journal.uod.ac/index.php/uodjournal/article/view/2342/1253,200,1,text/html,View of RHEOLOGICAL CHARACTERIZATION OF RECLAIMED ASPHALT BINDER BLENDED WITH THE NEAT AND SBS-PMA BINDERS
https://journal.uod.ac/index.php/uodjournal/article/view/2343,200,1,text/html,"TYPES  OF  REFRACTIVE  ERRORS  IN  POPULATIONS  AGED  20-40  YEARS  ATTENDED  DUHOK EYE HOSPITAL
							| Journal of Duhok University"
https://journal.uod.ac/index.php/uodjournal/article/view/2343/1254,200,1,text/html,View of TYPES  OF  REFRACTIVE  ERRORS  IN  POPULATIONS  AGED  20-40  YEARS  ATTENDED  DUHOK EYE HOSPITAL
https://journal.uod.ac/index.php/uodjournal/article/view/2344,200,1,text/html,"MARGINAL ADAPTATION OF SELF ADHESIVE (SUREFIL ONE) AND CONVENTIONAL BULKFILL COMPOSITES: AN-IN VITRO STUDY
							| Journal of Duhok University"
https://journal.uod.ac/index.php/uodjournal/article/view/2344/1255,200,1,text/html,View of MARGINAL ADAPTATION OF SELF ADHESIVE (SUREFIL ONE) AND CONVENTIONAL BULKFILL COMPOSITES: AN-IN VITRO STUDY
https://journal.uod.ac/index.php/uodjournal/article/view/2345,200,1,text/html,"CLEANING EFFICACY OF DIFFERENT FINAL IRRIGATION ACTIVATION TECHNIQUES
							| Journal of Duhok University"
https://journal.uod.ac/index.php/uodjournal/article/view/2345/1257,200,1,text/html,View of CLEANING EFFICACY OF DIFFERENT FINAL IRRIGATION ACTIVATION TECHNIQUES
https://journal.uod.ac/index.php/uodjournal/article/view/2346,200,1,text/html,"EFFICIENCY OF RECIPROCATING FILES IN REMOVAL OF GUTTACORE AND SINGLE-CONE FROM CURVED ROOT CANALS:  A MICRO-CT ANALYSIS
							| Journal of Duhok University"
https://journal.uod.ac/index.php/uodjournal/article/view/2346/1258,200,1,text/html,View of EFFICIENCY OF RECIPROCATING FILES IN REMOVAL OF GUTTACORE AND SINGLE-CONE FROM CURVED ROOT CANALS:  A MICRO-CT ANALYSIS
https://journal.uod.ac/index.php/uodjournal/article/view/2347,200,1,text/html,"PATTERNS OF URINARY BIOMARKERS AND BLOOD IMMUNOLOGICAL MARKERS OF PATIENTS WITH  URINARY TRACT INFECTIONS
							| Journal of Duhok University"
https://journal.uod.ac/index.php/uodjournal/article/view/2347/1259,200,1,text/html,View of PATTERNS OF URINARY BIOMARKERS AND BLOOD IMMUNOLOGICAL MARKERS OF PATIENTS WITH  URINARY TRACT INFECTIONS
https://journal.uod.ac/index.php/uodjournal/article/view/2350,200,1,text/html,"PREPARATION OF SILVER NANO-PARTICLES IN BENZENE SOLVENT BY LASER ABLATION METHOD
							| Journal of Duhok University"
https://journal.uod.ac/index.php/uodjournal/article/view/2350/1260,200,1,text/html,View of PREPARATION OF SILVER NANO-PARTICLES IN BENZENE SOLVENT BY LASER ABLATION METHOD
https://journal.uod.ac/index.php/uodjournal/article/view/2354,200,1,text/html,"FIRST RECORD OF DACTYLONECTRIA ALCACERENSIS THAT CAUSE GRAPEVINE BLACK FOOT DISEASE IN IRAQ
							| Journal of Duhok University"
https://journal.uod.ac/index.php/uodjournal/article/view/2354/1264,200,1,text/html,View of FIRST RECORD OF DACTYLONECTRIA ALCACERENSIS THAT CAUSE GRAPEVINE BLACK FOOT DISEASE IN IRAQ
https://journal.uod.ac/index.php/uodjournal/article/view/2355,200,1,text/html,"CALLUS INITIATION AND PLANT ORGAN REGENERATION OF ARBUTUS ANDRACHNE L. FROM LEAVES AND NODES GROWN FROM IN VITRO SEED CULTURE
							| Journal of Duhok University"
https://journal.uod.ac/index.php/uodjournal/article/view/2355/1265,200,1,text/html,View of CALLUS INITIATION AND PLANT ORGAN REGENERATION OF ARBUTUS ANDRACHNE L. FROM LEAVES AND NODES GROWN FROM IN VITRO SEED CULTURE
https://journal.uod.ac/index.php/uodjournal/article/view/2356,200,1,text/html,"IDENTIFICATION AND PHYLOGENY ANALYSIS OF TWO NEW Fusarium SPECIES CAUSING DRY ROT ON POTATO TUBERS IN IRAQ
							| Journal of Duhok University"
https://journal.uod.ac/index.php/uodjournal/article/view/2356/1266,200,1,text/html,View of IDENTIFICATION AND PHYLOGENY ANALYSIS OF TWO NEW Fusarium SPECIES CAUSING DRY ROT ON POTATO TUBERS IN IRAQ
https://journal.uod.ac/index.php/uodjournal/article/view/2365,200,1,text/html,"MECHANICAL AND DURABILITY PROPERTIES OF WARM ASPHALT MIXTURE INVOLVING SYNTHETIC ZEOLITE
							| Journal of Duhok University"
https://journal.uod.ac/index.php/uodjournal/article/view/2365/1267,200,1,text/html,View of MECHANICAL AND DURABILITY PROPERTIES OF WARM ASPHALT MIXTURE INVOLVING SYNTHETIC ZEOLITE
https://journal.uod.ac/index.php/uodjournal/article/view/2366,200,1,text/html,"INTEGRATION OF VISUAL LEARNING WITH THE TRADITIONAL TEACHING FOR PRIMARY SCHOOL STUDENTS EARLY STAGES
							| Journal of Duhok University"
https://journal.uod.ac/index.php/uodjournal/article/view/2366/1268,200,1,text/html,View of INTEGRATION OF VISUAL LEARNING WITH THE TRADITIONAL TEACHING FOR PRIMARY SCHOOL STUDENTS EARLY STAGES
https://journal.uod.ac/index.php/uodjournal/article/view/2367,200,1,text/html,"LIFESTYLE CHANGES AFTER BREAST CANCER SURGERY
							| Journal of Duhok University"
https://journal.uod.ac/index.php/uodjournal/article/view/2367/1269,200,1,text/html,View of LIFESTYLE CHANGES AFTER BREAST CANCER SURGERY
https://journal.uod.ac/index.php/uodjournal/article/view/2368,200,1,text/html,"THE BACKGROUND DNA DAMAGE LEVEL IN PERIPHERAL BLOOD CELLS IN HALABJAS' SURVIVORS-KRG-IRAQ 
							| Journal of Duhok University"
https://journal.uod.ac/index.php/uodjournal/article/view/2368/1270,200,1,text/html,View of THE BACKGROUND DNA DAMAGE LEVEL IN PERIPHERAL BLOOD CELLS IN HALABJAS' SURVIVORS-KRG-IRAQ
https://journal.uod.ac/index.php/uodjournal/article/view/2369,200,1,text/html,"DEVELOPMENT METHOD FOR THE DETERMINATION OF Cr, Cd AND Pb IN EDIBLE SUNFLOWER OIL USING EMULSION EXTRACTION-FAAS
							| Journal of Duhok University"
https://journal.uod.ac/index.php/uodjournal/article/view/2369/1271,200,1,text/html,"View of DEVELOPMENT METHOD FOR THE DETERMINATION OF Cr, Cd AND Pb IN EDIBLE SUNFLOWER OIL USING EMULSION EXTRACTION-FAAS"
https://journal.uod.ac/index.php/uodjournal/article/view/2370,200,1,text/html,"A COMPARISON BETWEEN POSTOPERATIVE TROPONIN ELEVATION IN AN OFF-PUMP VERSUS CONVENTIONAL CORONARY ARTERY BYPASS GRAFT IN PREDICTING THE SHORT-TERM OUTCOME 
							| Journal of Duhok University"
https://journal.uod.ac/index.php/uodjournal/article/view/2370/1561,200,1,text/html,View of A COMPARISON BETWEEN POSTOPERATIVE TROPONIN ELEVATION IN AN OFF-PUMP VERSUS CONVENTIONAL CORONARY ARTERY BYPASS GRAFT IN PREDICTING THE SHORT-TERM OUTCOME
https://journal.uod.ac/index.php/uodjournal/article/view/2374,200,1,text/html,"LEVEL OF D-DIMER AND C- REACTIVE PROTEIN  AMONG COVID-19 PATIENTS IN RELATION TO DIFFERENT AGES AND GENDERS
							| Journal of Duhok University"
https://journal.uod.ac/index.php/uodjournal/article/view/2374/1273,200,1,text/html,View of LEVEL OF D-DIMER AND C- REACTIVE PROTEIN  AMONG COVID-19 PATIENTS IN RELATION TO DIFFERENT AGES AND GENDERS
https://journal.uod.ac/index.php/uodjournal/article/view/2375,200,1,text/html,"PREVALENCE OF DENTAL ANOMALIES IN NON-SYNDROMIC  CLEFT LIP AND PALATE PATIENTS IN ERBIL CITY (AN ORTHOPANTOMOGRAMIC STUDY)
							| Journal of Duhok University"
https://journal.uod.ac/index.php/uodjournal/article/view/2375/1275,200,1,text/html,View of PREVALENCE OF DENTAL ANOMALIES IN NON-SYNDROMIC  CLEFT LIP AND PALATE PATIENTS IN ERBIL CITY (AN ORTHOPANTOMOGRAMIC STUDY)
https://journal.uod.ac/index.php/uodjournal/article/view/2386,200,1,text/html,"RETREATABILITY OF BIOCERAMIC SEALERS UESD WITH SINGLE CONE OBTURATION: SEM ASSESSMENT
							| Journal of Duhok University"
https://journal.uod.ac/index.php/uodjournal/article/view/2386/1276,200,1,text/html,View of RETREATABILITY OF BIOCERAMIC SEALERS UESD WITH SINGLE CONE OBTURATION: SEM ASSESSMENT
https://journal.uod.ac/index.php/uodjournal/article/view/2387,200,1,text/html,"ISOLATION AND ANTIBIOTIC SUSCEPTIBILITY TEST OF PSEUDOMONAS MEMBERS IN THE PUS / WOUNDS INFECTIONS BY UTILIZING VITEK2 SYSTEM IN DUHOK CITY
							| Journal of Duhok University"
https://journal.uod.ac/index.php/uodjournal/article/view/2387/1277,200,1,text/html,View of ISOLATION AND ANTIBIOTIC SUSCEPTIBILITY TEST OF PSEUDOMONAS MEMBERS IN THE PUS / WOUNDS INFECTIONS BY UTILIZING VITEK2 SYSTEM IN DUHOK CITY
https://journal.uod.ac/index.php/uodjournal/article/view/2388,200,1,text/html,"ETHEREUM BLOCKCHAIN TECHNOLOGY FOR INTERNET  OF THINGS AUTHENTICATION
							| Journal of Duhok University"
https://journal.uod.ac/index.php/uodjournal/article/view/2388/1278,200,1,text/html,View of ETHEREUM BLOCKCHAIN TECHNOLOGY FOR INTERNET  OF THINGS AUTHENTICATION
https://journal.uod.ac/index.php/uodjournal/article/view/2389,200,1,text/html,"ON TOPOLOGICALLY ζ-TRANSITIVE MAPS
							| Journal of Duhok University"
https://journal.uod.ac/index.php/uodjournal/article/view/2389/1294,200,1,text/html,View of ON TOPOLOGICALLY ζ-TRANSITIVE MAPS
https://journal.uod.ac/index.php/uodjournal/article/view/2390,200,1,text/html,"PREVALENCE OF ENTAMOEBA HISTOLYTICA AND GIARDIA LAMBLIA IN CHILDREN IN DUHOK PROVINCE, KURDISTAN REGION, IRAQ
							| Journal of Duhok University"
https://journal.uod.ac/index.php/uodjournal/article/view/2390/1280,200,1,text/html,"View of PREVALENCE OF ENTAMOEBA HISTOLYTICA AND GIARDIA LAMBLIA IN CHILDREN IN DUHOK PROVINCE, KURDISTAN REGION, IRAQ"
https://journal.uod.ac/index.php/uodjournal/article/view/2391,200,1,text/html,"EVALUATING THE INFLUENCE OF CURCUNIN ON BONE RESPONSE DURING TEETH DISPLACEMENT: AN EXPERMENTAL IN VIVO STUDY
							| Journal of Duhok University"
https://journal.uod.ac/index.php/uodjournal/article/view/2391/1281,200,1,text/html,View of EVALUATING THE INFLUENCE OF CURCUNIN ON BONE RESPONSE DURING TEETH DISPLACEMENT: AN EXPERMENTAL IN VIVO STUDY
https://journal.uod.ac/index.php/uodjournal/article/view/2392,200,1,text/html,"A LEARNER PERFORMANCE-BASED BEHAVIOR ALGORITHM FOR SOLVING TRAVELLING SALESMAN PROBLEM
							| Journal of Duhok University"
https://journal.uod.ac/index.php/uodjournal/article/view/2392/1282,200,1,text/html,View of A LEARNER PERFORMANCE-BASED BEHAVIOR ALGORITHM FOR SOLVING TRAVELLING SALESMAN PROBLEM
https://journal.uod.ac/index.php/uodjournal/article/view/2393,200,1,text/html,"FORECASTING OF AVERAGE MONTHLY FLOW FOR TWO STATIONS AT KHABOUR RIVER USING ARIMA AND ANN MODELS
							| Journal of Duhok University"
https://journal.uod.ac/index.php/uodjournal/article/view/2393/1283,200,1,text/html,View of FORECASTING OF AVERAGE MONTHLY FLOW FOR TWO STATIONS AT KHABOUR RIVER USING ARIMA AND ANN MODELS
https://journal.uod.ac/index.php/uodjournal/article/view/2394,200,1,text/html,"EFFECT OF FOLIAR APPLICATION OF LICORICE ROOT EXTRACT AND POTASSIUM AND THEIR INTERACTION ON VEGETATIVE GRWOTH AND YIELD OF CAULIFLOWER (BRASSICA OLERACEA L.VAR.BOTRYTIS). HYBRID
							| Journal of Duhok University"
https://journal.uod.ac/index.php/uodjournal/article/view/2394/1284,200,1,text/html,View of EFFECT OF FOLIAR APPLICATION OF LICORICE ROOT EXTRACT AND POTASSIUM AND THEIR INTERACTION ON VEGETATIVE GRWOTH AND YIELD OF CAULIFLOWER (BRASSICA OLERACEA L.VAR.BOTRYTIS). HYBRID
https://journal.uod.ac/index.php/uodjournal/article/view/2395,200,1,text/html,"GROWTH RESPONSE OF PLATYCLADUS ORIENTALIS (L.) FRANCO SEEDLING TO FOLIAR APPLICATION OF GA3 AND CHELATED  NANO N.P.K FERTILIZER
							| Journal of Duhok University"
https://journal.uod.ac/index.php/uodjournal/article/view/2395/1285,200,1,text/html,View of GROWTH RESPONSE OF PLATYCLADUS ORIENTALIS (L.) FRANCO SEEDLING TO FOLIAR APPLICATION OF GA3 AND CHELATED  NANO N.P.K FERTILIZER
https://journal.uod.ac/index.php/uodjournal/article/view/2396,200,1,text/html,"EFFECT OF FOLIAR APPLICATION OF MAXI-GROW AND POTASSIUM ON GROWTH, YIELD AND NUTRIENT CONTENT OF LETTUCE (LACTUCA SATIVA L.)  UNDER PLASTIC HOUSE CONDITION
							| Journal of Duhok University"
https://journal.uod.ac/index.php/uodjournal/article/view/2396/1286,200,1,text/html,"View of EFFECT OF FOLIAR APPLICATION OF MAXI-GROW AND POTASSIUM ON GROWTH, YIELD AND NUTRIENT CONTENT OF LETTUCE (LACTUCA SATIVA L.)  UNDER PLASTIC HOUSE CONDITION"
https://journal.uod.ac/index.php/uodjournal/article/view/2397,200,1,text/html,"HEIGHT MEASUREMENTS OF PINUS BRUTIA TEN. FROM UAV- 1"" CMOS DIGITAL CAMERA POINT CLOUDS IN GEVERKE - DUHOK GOVERNORATE, KURDISTAN REGION OF IRAQ
							| Journal of Duhok University"
https://journal.uod.ac/index.php/uodjournal/article/view/2397/1287,200,1,text/html,"View of HEIGHT MEASUREMENTS OF PINUS BRUTIA TEN. FROM UAV- 1"" CMOS DIGITAL CAMERA POINT CLOUDS IN GEVERKE - DUHOK GOVERNORATE, KURDISTAN REGION OF IRAQ"
https://journal.uod.ac/index.php/uodjournal/article/view/2398,200,1,text/html,"EFFECT OF FOLIAR SPRAYOF GIBBERELLINS, KELATEX (Ca), AND AMINOPLASMAL ON VEGETATIVE GRWOTH AND LEAF NUTRIENT OF POMEGRANATE TREES (Punica granatum L.) CV. MAHDAWI
							| Journal of Duhok University"
https://journal.uod.ac/index.php/uodjournal/article/view/2398/1288,200,1,text/html,"View of EFFECT OF FOLIAR SPRAYOF GIBBERELLINS, KELATEX (Ca), AND AMINOPLASMAL ON VEGETATIVE GRWOTH AND LEAF NUTRIENT OF POMEGRANATE TREES (Punica granatum L.) CV. MAHDAWI"
https://journal.uod.ac/index.php/uodjournal/article/view/2399,200,1,text/html,"RESPONSE YIELD OF  TWO PROMISING CHICKPEA GENOTYPES TO DIFFERENT PHOSPHORUS LEVELS
							| Journal of Duhok University"
https://journal.uod.ac/index.php/uodjournal/article/view/2399/1289,200,1,text/html,View of RESPONSE YIELD OF  TWO PROMISING CHICKPEA GENOTYPES TO DIFFERENT PHOSPHORUS LEVELS
https://journal.uod.ac/index.php/uodjournal/article/view/24,200,1,text/html,"REAL-TIME POWER MEASUREMENTS IN SMART BUILDING MONITORING SYSTEM
							| Journal of Duhok University"
https://journal.uod.ac/index.php/uodjournal/article/view/24/14,200,1,text/html,View of REAL-TIME POWER MEASUREMENTS IN SMART BUILDING MONITORING SYSTEM
https://journal.uod.ac/index.php/uodjournal/article/view/2401,200,1,text/html,"EVALUATION OF PHYSICOCHEMICAL CHARACTERISTICS AND DETECTION OF MOST TYPE ADULTERANT OF UHT MILK SOLDS  IN THE MARKETS OF ERBIL CITY
							| Journal of Duhok University"
https://journal.uod.ac/index.php/uodjournal/article/view/2401/1495,200,1,text/html,View of EVALUATION OF PHYSICOCHEMICAL CHARACTERISTICS AND DETECTION OF MOST TYPE ADULTERANT OF UHT MILK SOLDS  IN THE MARKETS OF ERBIL CITY
https://journal.uod.ac/index.php/uodjournal/article/view/2402,200,1,text/html,"DETECTION OF THEILERIA SPECIES AMONG IMPORTED  AND LOCAL BREED FEEDLOT BULLS IN DUHOK  GOVERNORATE–KURDISTAN REGION /IRAQ
							| Journal of Duhok University"
https://journal.uod.ac/index.php/uodjournal/article/view/2402/1291,200,1,text/html,View of DETECTION OF THEILERIA SPECIES AMONG IMPORTED  AND LOCAL BREED FEEDLOT BULLS IN DUHOK  GOVERNORATE–KURDISTAN REGION /IRAQ
https://journal.uod.ac/index.php/uodjournal/article/view/2403,200,1,text/html,"ESTIMATION YIELD AND YIELD COMPONENTS OF PROMISING CHICKPEA GENOTYPES UNDER DIFFERENT LEVELS OF  CHALLENGE HERBICIDE
							| Journal of Duhok University"
https://journal.uod.ac/index.php/uodjournal/article/view/2403/1292,200,1,text/html,View of ESTIMATION YIELD AND YIELD COMPONENTS OF PROMISING CHICKPEA GENOTYPES UNDER DIFFERENT LEVELS OF  CHALLENGE HERBICIDE
https://journal.uod.ac/index.php/uodjournal/article/view/2404,200,1,text/html,"EFFECT OF SUPPLEMENTAL FEEDING ON THE WEIGHT OF  SILK GLANDS AND LARVAL DEVELOPMENT OF  MULBERRY SILKWORM (Bombyx mori)
							| Journal of Duhok University"
https://journal.uod.ac/index.php/uodjournal/article/view/2404/1293,200,1,text/html,View of EFFECT OF SUPPLEMENTAL FEEDING ON THE WEIGHT OF  SILK GLANDS AND LARVAL DEVELOPMENT OF  MULBERRY SILKWORM (Bombyx mori)
https://journal.uod.ac/index.php/uodjournal/article/view/2410,200,1,text/html,"SYNTHESIS, STRUCTURAL AND THEORETICAL INVESTIGATION  OF SOME NEW SCHIFF BASES AND 1,3,4-OXADIAZOLE  COMPOUNDS DERIVED FROM LAURIC ACID
							| Journal of Duhok University"
https://journal.uod.ac/index.php/uodjournal/article/view/2410/1384,200,1,text/html,"View of SYNTHESIS, STRUCTURAL AND THEORETICAL INVESTIGATION  OF SOME NEW SCHIFF BASES AND 1,3,4-OXADIAZOLE  COMPOUNDS DERIVED FROM LAURIC ACID"
https://journal.uod.ac/index.php/uodjournal/article/view/2411,200,1,text/html,"EFFECT OF OSTEONTM II COLLAGEN IN THE TREATMENT OF CHRONIC PERIODONTITIS PATIENTS: A CLINICAL AND RADIOGRAPHICAL STUDY
							| Journal of Duhok University"
https://journal.uod.ac/index.php/uodjournal/article/view/2411/1296,200,1,text/html,View of EFFECT OF OSTEONTM II COLLAGEN IN THE TREATMENT OF CHRONIC PERIODONTITIS PATIENTS: A CLINICAL AND RADIOGRAPHICAL STUDY
https://journal.uod.ac/index.php/uodjournal/article/view/2412,200,1,text/html,"ASSEMBLING OF EROSION TEST APPARATUS AND THE INFLUENCE OF IMPACT ANGLE ON SLURRY EROSION RATE
							| Journal of Duhok University"
https://journal.uod.ac/index.php/uodjournal/article/view/2412/1297,200,1,text/html,View of ASSEMBLING OF EROSION TEST APPARATUS AND THE INFLUENCE OF IMPACT ANGLE ON SLURRY EROSION RATE
https://journal.uod.ac/index.php/uodjournal/article/view/2417,200,1,text/html,"دلالة العنوان في نثر مصطفى صادق الرافعي (العناوين الدينيّة والوجدانيّة أنموذجاً)
							| Journal of Duhok University"
https://journal.uod.ac/index.php/uodjournal/article/view/2417/1298,200,1,text/html,View of دلالة العنوان في نثر مصطفى صادق الرافعي (العناوين الدينيّة والوجدانيّة أنموذجاً)
https://journal.uod.ac/index.php/uodjournal/article/view/2418,200,1,text/html,"سیاسه‌تا توركیا به‌رامبه‌ر كه‌ركوكێ 2003 – 2005
							| Journal of Duhok University"
https://journal.uod.ac/index.php/uodjournal/article/view/2418/1324,200,1,text/html,View of سیاسه‌تا توركیا به‌رامبه‌ر كه‌ركوكێ 2003 – 2005
https://journal.uod.ac/index.php/uodjournal/article/view/2419,200,1,text/html,"كاریگه‌رییا ڕۆلێن واتایى ل سه‌ر واتابوون و ڕێزمانیبوونا ڕسته‌یا زمانێ كوردى (گوڤه‌را به‌هدینى) وه‌كو نموونه‌
							| Journal of Duhok University"
https://journal.uod.ac/index.php/uodjournal/article/view/2419/1336,200,1,text/html,View of كاریگه‌رییا ڕۆلێن واتایى ل سه‌ر واتابوون و ڕێزمانیبوونا ڕسته‌یا زمانێ كوردى (گوڤه‌را به‌هدینى) وه‌كو نموونه‌
https://journal.uod.ac/index.php/uodjournal/article/view/2420,200,1,text/html,"الاتجاهات المكانية لحجم السكان ونموهم في محافظة دهوك 2010 – 2020 
							| Journal of Duhok University"
https://journal.uod.ac/index.php/uodjournal/article/view/2420/1303,200,1,text/html,View of الاتجاهات المكانية لحجم السكان ونموهم في محافظة دهوك 2010 – 2020
https://journal.uod.ac/index.php/uodjournal/article/view/2421,200,1,text/html,"أبعاد التسويق الرقمي ودورها في ترسيخ صورة العلامة التجارية:  دراسة استطلاعية لاراء عينة من العاملين في عدد من شركات بيع السيارات في مركز مدينة دهوك
							| Journal of Duhok University"
https://journal.uod.ac/index.php/uodjournal/article/view/2421/1304,200,1,text/html,View of أبعاد التسويق الرقمي ودورها في ترسيخ صورة العلامة التجارية:  دراسة استطلاعية لاراء عينة من العاملين في عدد من شركات بيع السيارات في مركز مدينة دهوك
https://journal.uod.ac/index.php/uodjournal/article/view/2422,200,1,text/html,"اختبارات الضغط وسيناريوهات الصدمات: مدخل لبناء أنموذج لتأثير العوامل المالية في التنبؤ بالمخاطر المصرفية دراسة مقارنة لعينة من المصارف التجارية في العراق، قطر، الولايات المتحدة الأمريكية للفترة 2011 – 2021
							| Journal of Duhok University"
https://journal.uod.ac/index.php/uodjournal/article/view/2422/1305,200,1,text/html,View of اختبارات الضغط وسيناريوهات الصدمات: مدخل لبناء أنموذج لتأثير العوامل المالية في التنبؤ بالمخاطر المصرفية دراسة مقارنة لعينة من المصارف التجارية في العراق، قطر، الولايات المتحدة الأمريكية للفترة 2011 – 2021
https://journal.uod.ac/index.php/uodjournal/article/view/2435,200,1,text/html,"دور الجاهزية الاستراتيجية في تحقيق أبعاد التصنيع المستدام دراسة تحليلية لاراء عينة من العاملين في معامل الحديد والصلب في اقليم كوردستان /العراق
							| Journal of Duhok University"
https://journal.uod.ac/index.php/uodjournal/article/view/2435/1306,200,1,text/html,View of دور الجاهزية الاستراتيجية في تحقيق أبعاد التصنيع المستدام دراسة تحليلية لاراء عينة من العاملين في معامل الحديد والصلب في اقليم كوردستان /العراق
https://journal.uod.ac/index.php/uodjournal/article/view/2436,200,1,text/html,"قياس وتحليل عدم التماثل في استهلاك الطاقة المتجددة والنمو الاقتصادي في العراق للمدة(1990-2020)
							| Journal of Duhok University"
https://journal.uod.ac/index.php/uodjournal/article/view/2436/1307,200,1,text/html,View of قياس وتحليل عدم التماثل في استهلاك الطاقة المتجددة والنمو الاقتصادي في العراق للمدة(1990-2020)
https://journal.uod.ac/index.php/uodjournal/article/view/2437,200,1,text/html,"EFFECT OF SOWING DATE, BIO AND NANO FERTILIZERS ON VEGETATIVE GROWTH AND NUTRIENT CONTENTS OF CAULIFLOWER (BRASSICA OLERACEA VAR. BOTRYTIS L.) UNDER PLASTIC HOUSE CONDITIONS
							| Journal of Duhok University"
https://journal.uod.ac/index.php/uodjournal/article/view/2437/1308,200,1,text/html,"View of EFFECT OF SOWING DATE, BIO AND NANO FERTILIZERS ON VEGETATIVE GROWTH AND NUTRIENT CONTENTS OF CAULIFLOWER (BRASSICA OLERACEA VAR. BOTRYTIS L.) UNDER PLASTIC HOUSE CONDITIONS"
https://journal.uod.ac/index.php/uodjournal/article/view/2438,200,1,text/html,"مدى استجابة تدفقات الاستثمار الاجنبي المباشر لعدد من ادوات السياسة المالية -دراسة تطبيقية لعينة من الدول النامية للمدة (1990-2019)
							| Journal of Duhok University"
https://journal.uod.ac/index.php/uodjournal/article/view/2438/1309,200,1,text/html,View of مدى استجابة تدفقات الاستثمار الاجنبي المباشر لعدد من ادوات السياسة المالية -دراسة تطبيقية لعينة من الدول النامية للمدة (1990-2019)
https://journal.uod.ac/index.php/uodjournal/article/view/2449,200,1,text/html,"گیره‌كێن فره‌پارچه‌ییێن دارژتنێ د پۆله‌فۆڕمێن ڤه‌كریدا
							| Journal of Duhok University"
https://journal.uod.ac/index.php/uodjournal/article/view/2449/1311,200,1,text/html,View of گیره‌كێن فره‌پارچه‌ییێن دارژتنێ د پۆله‌فۆڕمێن ڤه‌كریدا
https://journal.uod.ac/index.php/uodjournal/article/view/2450,200,1,text/html,"خۆبەرزەكرنا تاكەكەسی د ئەدەبێ دیاسپۆرایێ كوردیدا رۆمانا (خەجا بەرلینی) یا حەسەن ئیبراھیم و (پێلێن بێریكرنێ) یا مستەفا ئایدوگان وەك نموونە
							| Journal of Duhok University"
https://journal.uod.ac/index.php/uodjournal/article/view/2450/1312,200,1,text/html,View of خۆبەرزەكرنا تاكەكەسی د ئەدەبێ دیاسپۆرایێ كوردیدا رۆمانا (خەجا بەرلینی) یا حەسەن ئیبراھیم و (پێلێن بێریكرنێ) یا مستەفا ئایدوگان وەك نموونە
https://journal.uod.ac/index.php/uodjournal/article/view/2451,200,1,text/html,"أثر استراتيجيات التنويع أو التركيز الائتمان في مخاطر الائتمان دراسة تحليلية لعينة من المصارف الخاصة المدرجة في سوق العراق للأوراق المالية للفترة 2011 - 2020
							| Journal of Duhok University"
https://journal.uod.ac/index.php/uodjournal/article/view/2451/1313,200,1,text/html,View of أثر استراتيجيات التنويع أو التركيز الائتمان في مخاطر الائتمان دراسة تحليلية لعينة من المصارف الخاصة المدرجة في سوق العراق للأوراق المالية للفترة 2011 - 2020
https://journal.uod.ac/index.php/uodjournal/article/view/2453,200,1,text/html,"NURSES, KNOWLEDGE AND PRACTICE TOWARDS PRESSURE ULCER PREVENTION IN GOVERNMENTAL HOSPITALS IN AKRE DISTRICT, KURDISTAN REGION OF IRAQ
							| Journal of Duhok University"
https://journal.uod.ac/index.php/uodjournal/article/view/2453/1314,200,1,text/html,"View of NURSES, KNOWLEDGE AND PRACTICE TOWARDS PRESSURE ULCER PREVENTION IN GOVERNMENTAL HOSPITALS IN AKRE DISTRICT, KURDISTAN REGION OF IRAQ"
https://journal.uod.ac/index.php/uodjournal/article/view/2455,200,1,text/html,"ROUTING MISBEHAVIOR IN MOBILE AD HOC NETWORKS
							| Journal of Duhok University"
https://journal.uod.ac/index.php/uodjournal/article/view/2455/1315,200,1,text/html,View of ROUTING MISBEHAVIOR IN MOBILE AD HOC NETWORKS
https://journal.uod.ac/index.php/uodjournal/article/view/2456,200,1,text/html,"DETECTION AND ANTIBIOTIC SUSCEPTIBILITY TEST  OF ENTEROCOCCUS SPP. FROM DIFFERENT CLINICAL  SAMPLES IN DUHOK CITY/ IRAQ
							| Journal of Duhok University"
https://journal.uod.ac/index.php/uodjournal/article/view/2456/1316,200,1,text/html,View of DETECTION AND ANTIBIOTIC SUSCEPTIBILITY TEST  OF ENTEROCOCCUS SPP. FROM DIFFERENT CLINICAL  SAMPLES IN DUHOK CITY/ IRAQ
https://journal.uod.ac/index.php/uodjournal/article/view/246,200,1,text/html,"SOME RESULTS ON THE EXISTENCE OF RESIDUAL MEASURES
							| Journal of Duhok University"
https://journal.uod.ac/index.php/uodjournal/article/view/246/171,200,1,text/html,View of SOME RESULTS ON THE EXISTENCE OF RESIDUAL MEASURES
https://journal.uod.ac/index.php/uodjournal/article/view/2467,200,1,text/html,"روشن بدرخان دراسة في حياتها ودورها الثقافي 1909 -1992
							| Journal of Duhok University"
https://journal.uod.ac/index.php/uodjournal/article/view/2467/1372,200,1,text/html,View of روشن بدرخان دراسة في حياتها ودورها الثقافي 1909 -1992
https://journal.uod.ac/index.php/uodjournal/article/view/2468,200,1,text/html,"IMMORTALITY AS A SOCIOCULTURAL CONTRIBUTION: MILAN KUNDERA’S NOVEL AND RUSSIAN PHILOSOPHICAL THOUGHT
							| Journal of Duhok University"
https://journal.uod.ac/index.php/uodjournal/article/view/2468/1319,200,1,text/html,View of IMMORTALITY AS A SOCIOCULTURAL CONTRIBUTION: MILAN KUNDERA’S NOVEL AND RUSSIAN PHILOSOPHICAL THOUGHT
https://journal.uod.ac/index.php/uodjournal/article/view/2469,200,1,text/html,"AT THE HEART OF CULTURE: A PSYCHO-CULTURAL INTERPRETATION OF RAP POETRY
							| Journal of Duhok University"
https://journal.uod.ac/index.php/uodjournal/article/view/2469/1320,200,1,text/html,View of AT THE HEART OF CULTURE: A PSYCHO-CULTURAL INTERPRETATION OF RAP POETRY
https://journal.uod.ac/index.php/uodjournal/article/view/2470,200,1,text/html,"INVESTIGATING STUDENTS’ ATTITUDES TOWARDS THE EFFECT OF IMPLEMENTING THE READER- RESPONSE APPROACH IN LITERATURE CLASSES ON DEVELOPING THEIR CRITICAL THINKING
							| Journal of Duhok University"
https://journal.uod.ac/index.php/uodjournal/article/view/2470/1321,200,1,text/html,View of INVESTIGATING STUDENTS’ ATTITUDES TOWARDS THE EFFECT OF IMPLEMENTING THE READER- RESPONSE APPROACH IN LITERATURE CLASSES ON DEVELOPING THEIR CRITICAL THINKING
https://journal.uod.ac/index.php/uodjournal/article/view/2471,200,1,text/html,"أثر إدارة خبرة الزبون في الرشاقة التسويقية  دراسة استطلاعية لآراء عينة من القيادات الإدارية في عدد من المستشفيات الخاصة في إقليم كوردستان العراق 
							| Journal of Duhok University"
https://journal.uod.ac/index.php/uodjournal/article/view/2471/1322,200,1,text/html,View of أثر إدارة خبرة الزبون في الرشاقة التسويقية  دراسة استطلاعية لآراء عينة من القيادات الإدارية في عدد من المستشفيات الخاصة في إقليم كوردستان العراق
https://journal.uod.ac/index.php/uodjournal/article/view/2472,200,1,text/html,"مدى تبني أبعاد التسويق الترابطي ودورها في زيادة الحصة السوقية دراسة تطبيقية لأراء عينة من العاملين في متجر فاملي مول في محافظة دهوك
							| Journal of Duhok University"
https://journal.uod.ac/index.php/uodjournal/article/view/2472/1323,200,1,text/html,View of مدى تبني أبعاد التسويق الترابطي ودورها في زيادة الحصة السوقية دراسة تطبيقية لأراء عينة من العاملين في متجر فاملي مول في محافظة دهوك
https://journal.uod.ac/index.php/uodjournal/article/view/2474,200,1,text/html,"THE ROLE OF YOUTH IN PEACEBUILDING IN DOHUK
							| Journal of Duhok University"
https://journal.uod.ac/index.php/uodjournal/article/view/2474/1325,200,1,text/html,View of THE ROLE OF YOUTH IN PEACEBUILDING IN DOHUK
https://journal.uod.ac/index.php/uodjournal/article/view/2475,200,1,text/html,"INVESTIGATING KURDISH EFL STUDENT TEACHERS’  CLASSROOM TEACHING EXPERIENCES AND PROBLEMS  DURING TEACHING PRACTICE
							| Journal of Duhok University"
https://journal.uod.ac/index.php/uodjournal/article/view/2475/1326,200,1,text/html,View of INVESTIGATING KURDISH EFL STUDENT TEACHERS’  CLASSROOM TEACHING EXPERIENCES AND PROBLEMS  DURING TEACHING PRACTICE
https://journal.uod.ac/index.php/uodjournal/article/view/2476,200,1,text/html,"THE ROLE OF AUDIT FEES IN IMPROVING FINANCIAL PERFORMANCE:  A CASE STUDY OF EIGHT SELECTED COMMERCIAL BANKS OF IRAQI STOCK EXCHANGE OVER THE PERIOD (2006 – 2020)
							| Journal of Duhok University"
https://journal.uod.ac/index.php/uodjournal/article/view/2476/1327,200,1,text/html,View of THE ROLE OF AUDIT FEES IN IMPROVING FINANCIAL PERFORMANCE:  A CASE STUDY OF EIGHT SELECTED COMMERCIAL BANKS OF IRAQI STOCK EXCHANGE OVER THE PERIOD (2006 – 2020)
https://journal.uod.ac/index.php/uodjournal/article/view/2477,200,1,text/html,"سیمایێن ژیاننامێ د رۆمانێن ((شووپێن رۆندكان و سۆتنگەه))دا
							| Journal of Duhok University"
https://journal.uod.ac/index.php/uodjournal/article/view/2477/1329,200,1,text/html,View of سیمایێن ژیاننامێ د رۆمانێن ((شووپێن رۆندكان و سۆتنگەه))دا
https://journal.uod.ac/index.php/uodjournal/article/view/2478,200,1,text/html,"IMAGE-BASED CLASSIFICATION OF AIR POLLUTION USING DIFFERENT PRETRAINED CNN MODELS AND A SMALL DATASET
							| Journal of Duhok University"
https://journal.uod.ac/index.php/uodjournal/article/view/2478/1331,200,1,text/html,View of IMAGE-BASED CLASSIFICATION OF AIR POLLUTION USING DIFFERENT PRETRAINED CNN MODELS AND A SMALL DATASET
https://journal.uod.ac/index.php/uodjournal/article/view/2481,200,1,text/html,"INVESTIGATING KURDISH LEARNERS’ SILENCE IN EFL CLASSROOMS AT UNIVERSITY LEVEL
							| Journal of Duhok University"
https://journal.uod.ac/index.php/uodjournal/article/view/2481/1341,200,1,text/html,View of INVESTIGATING KURDISH LEARNERS’ SILENCE IN EFL CLASSROOMS AT UNIVERSITY LEVEL
https://journal.uod.ac/index.php/uodjournal/article/view/2482,200,1,text/html,"STRATEGIES IN ENGLISH-INTO-KURDISH AND ARABIC TRANSLATION ADOPTED BY UNIVERSITY STUDENTS AND THEIR IMPACT ON  THE TRANSLATION QUALITY
							| Journal of Duhok University"
https://journal.uod.ac/index.php/uodjournal/article/view/2482/1333,200,1,text/html,View of STRATEGIES IN ENGLISH-INTO-KURDISH AND ARABIC TRANSLATION ADOPTED BY UNIVERSITY STUDENTS AND THEIR IMPACT ON  THE TRANSLATION QUALITY
https://journal.uod.ac/index.php/uodjournal/article/view/2483,200,1,text/html,"ئۆگزیمۆڕۆن د دیوانا (ده‌رگه‌هێ مژێ) یا نڤیسه‌ر (خالد سلێڤانه‌ی)دا
							| Journal of Duhok University"
https://journal.uod.ac/index.php/uodjournal/article/view/2483/1334,200,1,text/html,View of ئۆگزیمۆڕۆن د دیوانا (ده‌رگه‌هێ مژێ) یا نڤیسه‌ر (خالد سلێڤانه‌ی)دا
https://journal.uod.ac/index.php/uodjournal/article/view/2484,200,1,text/html,"تێکەلبوونا ژانرێ شیعرى د چیرۆکێن گوڤارا ""پەیڤ""دا (1993-2003) 
							| Journal of Duhok University"
https://journal.uod.ac/index.php/uodjournal/article/view/2484/1335,200,1,text/html,"View of تێکەلبوونا ژانرێ شیعرى د چیرۆکێن گوڤارا ""پەیڤ""دا (1993-2003)"
https://journal.uod.ac/index.php/uodjournal/article/view/2485,200,1,text/html,"أثر ألأندماج المصرفي في الهيكل التمويلي دراسة حالة مصرف الدولي ألإسلامي
							| Journal of Duhok University"
https://journal.uod.ac/index.php/uodjournal/article/view/2485/1337,200,1,text/html,View of أثر ألأندماج المصرفي في الهيكل التمويلي دراسة حالة مصرف الدولي ألإسلامي
https://journal.uod.ac/index.php/uodjournal/article/view/2486,200,1,text/html,"فاعلية استراتيجيات تريز في تنمية الـتفكــير الإبـداعي لــــدى طـــلبة الـصف العاشر  فــــي مادة الــلــغة الــعربـية لــلــناطقين بغيرها
							| Journal of Duhok University"
https://journal.uod.ac/index.php/uodjournal/article/view/2486/1338,200,1,text/html,View of فاعلية استراتيجيات تريز في تنمية الـتفكــير الإبـداعي لــــدى طـــلبة الـصف العاشر  فــــي مادة الــلــغة الــعربـية لــلــناطقين بغيرها
https://journal.uod.ac/index.php/uodjournal/article/view/2487,200,1,text/html,"INVESTIGATING THE IMPLEMENTATION OF STUDENT-CENTERED APPROACH IN EFL SPEAKING CLASSROOM
							| Journal of Duhok University"
https://journal.uod.ac/index.php/uodjournal/article/view/2487/1339,200,1,text/html,View of INVESTIGATING THE IMPLEMENTATION OF STUDENT-CENTERED APPROACH IN EFL SPEAKING CLASSROOM
https://journal.uod.ac/index.php/uodjournal/article/view/2488,200,1,text/html,"EFFECT OF INITIAL /S/ ON THE VOICE ONSET TIME (VOT) OF FOLLOWING STOPS IN BAHDINI KURDISH
							| Journal of Duhok University"
https://journal.uod.ac/index.php/uodjournal/article/view/2488/1340,200,1,text/html,View of EFFECT OF INITIAL /S/ ON THE VOICE ONSET TIME (VOT) OF FOLLOWING STOPS IN BAHDINI KURDISH
https://journal.uod.ac/index.php/uodjournal/article/view/2496,200,1,text/html,"في حوض وادي بريشو باستخدام نظم المعلومات الجغرافية RUSLE نمذجة تعرية التربة بطريقة 
							| Journal of Duhok University"
https://journal.uod.ac/index.php/uodjournal/article/view/2496/1342,200,1,text/html,View of في حوض وادي بريشو باستخدام نظم المعلومات الجغرافية RUSLE نمذجة تعرية التربة بطريقة
https://journal.uod.ac/index.php/uodjournal/article/view/2497,200,1,text/html,"ژ دادوەرێن هەرێما جەزیرێ‌ ل چەرخێ‌ شەشێ‌ كوچی/ دووازدێ‌ زایینی
							| Journal of Duhok University"
https://journal.uod.ac/index.php/uodjournal/article/view/2497/1344,200,1,text/html,View of ژ دادوەرێن هەرێما جەزیرێ‌ ل چەرخێ‌ شەشێ‌ كوچی/ دووازدێ‌ زایینی
https://journal.uod.ac/index.php/uodjournal/article/view/2498,200,1,text/html,"رۆژنامه‌گه‌رییا كوردى ب زمانێ فارسى ل رۆژهه‌لاتێ  كوردستانێ 1906- 1945
							| Journal of Duhok University"
https://journal.uod.ac/index.php/uodjournal/article/view/2498/1345,200,1,text/html,View of رۆژنامه‌گه‌رییا كوردى ب زمانێ فارسى ل رۆژهه‌لاتێ  كوردستانێ 1906- 1945
https://journal.uod.ac/index.php/uodjournal/article/view/2499,200,1,text/html,"حجاجية التشبيه في قصص النساء في القرآن الكريم
							| Journal of Duhok University"
https://journal.uod.ac/index.php/uodjournal/article/view/2499/1346,200,1,text/html,View of حجاجية التشبيه في قصص النساء في القرآن الكريم
https://journal.uod.ac/index.php/uodjournal/article/view/25,200,1,text/html,"SIMPLE AND ROBUST EYE MOVEMENTS DETECTION METHOD
							| Journal of Duhok University"
https://journal.uod.ac/index.php/uodjournal/article/view/25/15,200,1,text/html,View of SIMPLE AND ROBUST EYE MOVEMENTS DETECTION METHOD
https://journal.uod.ac/index.php/uodjournal/article/view/2500,200,1,text/html,"ئه‌كته‌ر و پێروفورمانسا نواندنێ دنمایشا شانۆێدا
							| Journal of Duhok University"
https://journal.uod.ac/index.php/uodjournal/article/view/2500/1347,200,1,text/html,View of ئه‌كته‌ر و پێروفورمانسا نواندنێ دنمایشا شانۆێدا
https://journal.uod.ac/index.php/uodjournal/article/view/2502,200,1,text/html,"دور مرتكزات إدارة الجودة الشاملة للبيئة في تحقيق متطلبات المواطنة البيئية 
							| Journal of Duhok University"
https://journal.uod.ac/index.php/uodjournal/article/view/2502/1348,200,1,text/html,View of دور مرتكزات إدارة الجودة الشاملة للبيئة في تحقيق متطلبات المواطنة البيئية
https://journal.uod.ac/index.php/uodjournal/article/view/2503,200,1,text/html,"الوضع القانوني للوحدات المكونة للدولة الفدرالية في النظام القانوني العراقي
							| Journal of Duhok University"
https://journal.uod.ac/index.php/uodjournal/article/view/2503/1358,200,1,text/html,View of الوضع القانوني للوحدات المكونة للدولة الفدرالية في النظام القانوني العراقي
https://journal.uod.ac/index.php/uodjournal/article/view/2504,200,1,text/html,"أثر الانفاق العسكري على الدين العام كمؤشرللاستدامة المالية في العراق للمدة (2004 -2020)
							| Journal of Duhok University"
https://journal.uod.ac/index.php/uodjournal/article/view/2504/1350,200,1,text/html,View of أثر الانفاق العسكري على الدين العام كمؤشرللاستدامة المالية في العراق للمدة (2004 -2020)
https://journal.uod.ac/index.php/uodjournal/article/view/2505,200,1,text/html,"هه‌لویستێ جه‌لاده‌ت به‌درخانـى ژ بزاڤا كه‌مــــــالى  1919 - 1923
							| Journal of Duhok University"
https://journal.uod.ac/index.php/uodjournal/article/view/2505/1351,200,1,text/html,View of هه‌لویستێ جه‌لاده‌ت به‌درخانـى ژ بزاڤا كه‌مــــــالى  1919 - 1923
https://journal.uod.ac/index.php/uodjournal/article/view/2506,200,1,text/html,"نماذج للأنواع الصحفية في وسائل الإعلام
							| Journal of Duhok University"
https://journal.uod.ac/index.php/uodjournal/article/view/2506/1352,200,1,text/html,View of نماذج للأنواع الصحفية في وسائل الإعلام
https://journal.uod.ac/index.php/uodjournal/article/view/2507,200,1,text/html,"الموقف البريطاني من الازمة العراقية-الكويتية  25 حزيران 1961-10 تشرين الأول  1961
							| Journal of Duhok University"
https://journal.uod.ac/index.php/uodjournal/article/view/2507/1353,200,1,text/html,View of الموقف البريطاني من الازمة العراقية-الكويتية  25 حزيران 1961-10 تشرين الأول  1961
https://journal.uod.ac/index.php/uodjournal/article/view/2508,200,1,text/html,"أثر هيكل الملكية في تحديد كفاءة القدرات المالية دراسة على عينة من المصارف التجارية المسجلة في سوق العراق للاوراق المالية للمدة (2014-2019)
							| Journal of Duhok University"
https://journal.uod.ac/index.php/uodjournal/article/view/2508/1354,200,1,text/html,View of أثر هيكل الملكية في تحديد كفاءة القدرات المالية دراسة على عينة من المصارف التجارية المسجلة في سوق العراق للاوراق المالية للمدة (2014-2019)
https://journal.uod.ac/index.php/uodjournal/article/view/2509,200,1,text/html,"بارودۆخێ رامیاری ل وه‌ڵاتێ جه‌زیرێ د ناڤه‌ڕاستا چه‌رخێ (7 ك / 13 ز) دا
							| Journal of Duhok University"
https://journal.uod.ac/index.php/uodjournal/article/view/2509/1355,200,1,text/html,View of بارودۆخێ رامیاری ل وه‌ڵاتێ جه‌زیرێ د ناڤه‌ڕاستا چه‌رخێ (7 ك / 13 ز) دا
https://journal.uod.ac/index.php/uodjournal/article/view/251,200,1,text/html,"OVERCOMING SEED DORMANCY OF Robinia  pseudoacacia L. AND  Ceratonia siliqua L. SPECIES USING DIFFERENT PRETREATMENTS IN MALTA FOREST NURSERY – DUHOK
							| Journal of Duhok University"
https://journal.uod.ac/index.php/uodjournal/article/view/251/172,200,1,text/html,View of OVERCOMING SEED DORMANCY OF Robinia  pseudoacacia L. AND  Ceratonia siliqua L. SPECIES USING DIFFERENT PRETREATMENTS IN MALTA FOREST NURSERY – DUHOK
https://journal.uod.ac/index.php/uodjournal/article/view/2510,200,1,text/html,"دەلالەتا دوماهییێ د ڕۆمانا مژاباد یا ژان دوستیدا 
							| Journal of Duhok University"
https://journal.uod.ac/index.php/uodjournal/article/view/2510/1356,200,1,text/html,View of دەلالەتا دوماهییێ د ڕۆمانا مژاباد یا ژان دوستیدا
https://journal.uod.ac/index.php/uodjournal/article/view/2511,200,1,text/html,"دور المعمارية الاستراتيجية في تحقيق التميز الاستراتيجي دراسة استطلاعية لآراء القيادات الإدارية في عدد من وزارات حكومة إقليم كوردستان/ العراق
							| Journal of Duhok University"
https://journal.uod.ac/index.php/uodjournal/article/view/2511/1357,200,1,text/html,View of دور المعمارية الاستراتيجية في تحقيق التميز الاستراتيجي دراسة استطلاعية لآراء القيادات الإدارية في عدد من وزارات حكومة إقليم كوردستان/ العراق
https://journal.uod.ac/index.php/uodjournal/article/view/2512,200,1,text/html,"KURDISH EFL UNIVERSITY TEACHERS AND STUDENTS’  ATTITUDES TOWARD THE USE OF AUTHENTIC MATERIALS  IN SPEAKING CLASSES
							| Journal of Duhok University"
https://journal.uod.ac/index.php/uodjournal/article/view/2512/1359,200,1,text/html,View of KURDISH EFL UNIVERSITY TEACHERS AND STUDENTS’  ATTITUDES TOWARD THE USE OF AUTHENTIC MATERIALS  IN SPEAKING CLASSES
https://journal.uod.ac/index.php/uodjournal/article/view/2513,200,1,text/html,"AN INVESTIGATION INTO THE AVAILABLE PEDAGOGICAL PRACTICES IN EFL CLASSROOMS AT THE UNIVERSITY LEVEL IN KURDISTAN: STUDENTS’ PERSPECTIVES
							| Journal of Duhok University"
https://journal.uod.ac/index.php/uodjournal/article/view/2513/1360,200,1,text/html,View of AN INVESTIGATION INTO THE AVAILABLE PEDAGOGICAL PRACTICES IN EFL CLASSROOMS AT THE UNIVERSITY LEVEL IN KURDISTAN: STUDENTS’ PERSPECTIVES
https://journal.uod.ac/index.php/uodjournal/article/view/2514,200,1,text/html,"تصميم مصفوفة تدريسية وفقاً لبعدي القوة الرياضية وأثرها في تنمية عمق المعرفة  لدى طالبات الصف الحادي عشر- العلمي
							| Journal of Duhok University"
https://journal.uod.ac/index.php/uodjournal/article/view/2514/1361,200,1,text/html,View of تصميم مصفوفة تدريسية وفقاً لبعدي القوة الرياضية وأثرها في تنمية عمق المعرفة  لدى طالبات الصف الحادي عشر- العلمي
https://journal.uod.ac/index.php/uodjournal/article/view/2515,200,1,text/html,"REPRODUCTIVE AND URINARY SYSTEM’S COMPLICATIONS AFTER CESAREAN SECTION VERSUS VAGINAL DELIVERY:  A COMPARATIVE STUDY IN DUHOK CITY /IRAQ
							| Journal of Duhok University"
https://journal.uod.ac/index.php/uodjournal/article/view/2515/1362,200,1,text/html,View of REPRODUCTIVE AND URINARY SYSTEM’S COMPLICATIONS AFTER CESAREAN SECTION VERSUS VAGINAL DELIVERY:  A COMPARATIVE STUDY IN DUHOK CITY /IRAQ
https://journal.uod.ac/index.php/uodjournal/article/view/2516,200,1,text/html,"HORMONE DISORDERS AND ITS CORRELATION WITH LIPID  PROFILE AND OXIDATIVE STRESS BIOMARKERS  IN METABOLIC SYNDROME PATIENTS
							| Journal of Duhok University"
https://journal.uod.ac/index.php/uodjournal/article/view/2516/1363,200,1,text/html,View of HORMONE DISORDERS AND ITS CORRELATION WITH LIPID  PROFILE AND OXIDATIVE STRESS BIOMARKERS  IN METABOLIC SYNDROME PATIENTS
https://journal.uod.ac/index.php/uodjournal/article/view/2517,200,1,text/html,"ASSESSING RESPIRATORY FUNCTION IN COVID 19 PATIENTS USING PULMONARY FUNCTION TESTS: IMPLICATIONS FOR LENGTH OF HOSPITAL STAY AND DISEASE SEVERITY
							| Journal of Duhok University"
https://journal.uod.ac/index.php/uodjournal/article/view/2517/1364,200,1,text/html,View of ASSESSING RESPIRATORY FUNCTION IN COVID 19 PATIENTS USING PULMONARY FUNCTION TESTS: IMPLICATIONS FOR LENGTH OF HOSPITAL STAY AND DISEASE SEVERITY
https://journal.uod.ac/index.php/uodjournal/article/view/2518,200,1,text/html,"INCIDENCE RATE OF SOME FOOD BORNE PATHOGENS BACTERIA  FROM RED MEAT AND CHICKEN MEAT IN DUHOK PREVALENCE
							| Journal of Duhok University"
https://journal.uod.ac/index.php/uodjournal/article/view/2518/1365,200,1,text/html,View of INCIDENCE RATE OF SOME FOOD BORNE PATHOGENS BACTERIA  FROM RED MEAT AND CHICKEN MEAT IN DUHOK PREVALENCE
https://journal.uod.ac/index.php/uodjournal/article/view/2519,200,1,text/html,"RESPONSE OF DIFFERENT POTATO (SOLANUM TUBEROSUM L.) CULTIVARS TO VARIOUS CONCENTRATIONS OF BA (BENZYLADENINE) AND KINETIN UNDER  IN VITRO CONDITIONS
							| Journal of Duhok University"
https://journal.uod.ac/index.php/uodjournal/article/view/2519/1366,200,1,text/html,View of RESPONSE OF DIFFERENT POTATO (SOLANUM TUBEROSUM L.) CULTIVARS TO VARIOUS CONCENTRATIONS OF BA (BENZYLADENINE) AND KINETIN UNDER  IN VITRO CONDITIONS
https://journal.uod.ac/index.php/uodjournal/article/view/252,200,1,text/html,"EFFECT OF HUMIC ACID AND SEAWEEDS EXTRACTS ON GROWTH, YIELD AND NUTRIENT CONTENT OF GARLIC (Allium sativum L.)
							| Journal of Duhok University"
https://journal.uod.ac/index.php/uodjournal/article/view/252/173,200,1,text/html,"View of EFFECT OF HUMIC ACID AND SEAWEEDS EXTRACTS ON GROWTH, YIELD AND NUTRIENT CONTENT OF GARLIC (Allium sativum L.)"
https://journal.uod.ac/index.php/uodjournal/article/view/2520,200,1,text/html,"EFFECT OF THE IRRIGATION AND FERTILIZATION IN THE GROWTH PERFORMANCE OF TURF GRASS SEEDS MIXTURE IN SPRING SEASON 
							| Journal of Duhok University"
https://journal.uod.ac/index.php/uodjournal/article/view/2520/1367,200,1,text/html,View of EFFECT OF THE IRRIGATION AND FERTILIZATION IN THE GROWTH PERFORMANCE OF TURF GRASS SEEDS MIXTURE IN SPRING SEASON
https://journal.uod.ac/index.php/uodjournal/article/view/2521,200,1,text/html,"INFLUENCE OF IRRIGATION WATER TYPE, DAP AND MAX-GRO ON VEGETATIVE GROWTH AND LEAF NUTRIENT CONTENT OF PLUM TREES (PRUNUS SPP.) CV. SAMARRA
							| Journal of Duhok University"
https://journal.uod.ac/index.php/uodjournal/article/view/2521/1368,200,1,text/html,"View of INFLUENCE OF IRRIGATION WATER TYPE, DAP AND MAX-GRO ON VEGETATIVE GROWTH AND LEAF NUTRIENT CONTENT OF PLUM TREES (PRUNUS SPP.) CV. SAMARRA"
https://journal.uod.ac/index.php/uodjournal/article/view/2522,200,1,text/html,"PROPERTIES OF EUCALYPTUS CAMALDULENSIS DEHNH AND MELIA AZEDARACH L. BRANCHES AND THEIR POTENTIAL FOR UTILIZATION IN WOODY BIOMASS
							| Journal of Duhok University"
https://journal.uod.ac/index.php/uodjournal/article/view/2522/1369,200,1,text/html,View of PROPERTIES OF EUCALYPTUS CAMALDULENSIS DEHNH AND MELIA AZEDARACH L. BRANCHES AND THEIR POTENTIAL FOR UTILIZATION IN WOODY BIOMASS
https://journal.uod.ac/index.php/uodjournal/article/view/2523,200,1,text/html,"EFFECT OF DIFFERENT COLCHICINE CONCENTRATIONS ON CHROMOSOME POLYPLOIDY BEHAVIOR OF GALL OAK (QUERCUS INFECTORIA OLIV.) BY USING MOLECULAR BIOLOGY
							| Journal of Duhok University"
https://journal.uod.ac/index.php/uodjournal/article/view/2523/1370,200,1,text/html,View of EFFECT OF DIFFERENT COLCHICINE CONCENTRATIONS ON CHROMOSOME POLYPLOIDY BEHAVIOR OF GALL OAK (QUERCUS INFECTORIA OLIV.) BY USING MOLECULAR BIOLOGY
https://journal.uod.ac/index.php/uodjournal/article/view/253,200,1,text/html,"ESTIMATION  SOME GENETIC PARAMETERS, COMBINING ABILITY AND HETEROSIS IN PEA (Pisum sativum) USING HALF DIALLEL CROSS
							| Journal of Duhok University"
https://journal.uod.ac/index.php/uodjournal/article/view/253/174,200,1,text/html,"View of ESTIMATION  SOME GENETIC PARAMETERS, COMBINING ABILITY AND HETEROSIS IN PEA (Pisum sativum) USING HALF DIALLEL CROSS"
https://journal.uod.ac/index.php/uodjournal/article/view/2537,200,1,text/html,"IMPACT OF ORGANIC FERTILIZER AND  PRUNING ON GROWTH AND YIELD OF SWEET PEPPER (Capsicum annum L.) UNDER  PLASTIC HOUSE CONDITION
							| Journal of Duhok University"
https://journal.uod.ac/index.php/uodjournal/article/view/2537/1373,200,1,text/html,View of IMPACT OF ORGANIC FERTILIZER AND  PRUNING ON GROWTH AND YIELD OF SWEET PEPPER (Capsicum annum L.) UNDER  PLASTIC HOUSE CONDITION
https://journal.uod.ac/index.php/uodjournal/article/view/2538,200,1,text/html,"INTERPLAY OF MAST CELLS, HPV, AND TUMOR INFILTRATING LYMPHOCYTES IN ORAL SQUAMOUS CELL CARCINOMA
							| Journal of Duhok University"
https://journal.uod.ac/index.php/uodjournal/article/view/2538/1374,200,1,text/html,"View of  INTERPLAY OF MAST CELLS, HPV, AND TUMOR INFILTRATING LYMPHOCYTES IN ORAL SQUAMOUS CELL CARCINOMA"
https://journal.uod.ac/index.php/uodjournal/article/view/2539,200,1,text/html,"EQUIVALENCE IN ENGLISH-BAHDINI KURDISH TRANSLATION OF  CULTURAL ITEMS IN CHILDREN’S FICTION: A CASE STUDY ON LEWIS CAROLL’S ALICE IN WONDERLAND
							| Journal of Duhok University"
https://journal.uod.ac/index.php/uodjournal/article/view/2539/1375,200,1,text/html,View of EQUIVALENCE IN ENGLISH-BAHDINI KURDISH TRANSLATION OF  CULTURAL ITEMS IN CHILDREN’S FICTION: A CASE STUDY ON LEWIS CAROLL’S ALICE IN WONDERLAND
https://journal.uod.ac/index.php/uodjournal/article/view/254,200,1,text/html,"ANTIMICROBIAL ACTIVITY OF CHINABERRY Melia Azedarach EXTRACT AGAINST Pseudomonas syringae PV. syringae IN VITRO
							| Journal of Duhok University"
https://journal.uod.ac/index.php/uodjournal/article/view/254/175,200,1,text/html,View of ANTIMICROBIAL ACTIVITY OF CHINABERRY Melia Azedarach EXTRACT AGAINST Pseudomonas syringae PV. syringae IN VITRO
https://journal.uod.ac/index.php/uodjournal/article/view/2540,200,1,text/html,"BIAS IN TRANSLATING POLITICAL DISCOURSE
							| Journal of Duhok University"
https://journal.uod.ac/index.php/uodjournal/article/view/2540/1376,200,1,text/html,View of BIAS IN TRANSLATING POLITICAL DISCOURSE
https://journal.uod.ac/index.php/uodjournal/article/view/2541,200,1,text/html,"لومەكرن د گوتنێن مەزناندا 
							| Journal of Duhok University"
https://journal.uod.ac/index.php/uodjournal/article/view/2541/1377,200,1,text/html,View of لومەكرن د گوتنێن مەزناندا
https://journal.uod.ac/index.php/uodjournal/article/view/255,200,1,text/html,"EFFECT OF DIFFERENT CONCENTRATION OF HUMIC ACID ON VEGETATIVE  GROWTH  AND GREEN PODS ON TWO CULTIVARS OF PEAS( Pisum sativum L.)
							| Journal of Duhok University"
https://journal.uod.ac/index.php/uodjournal/article/view/255/176,200,1,text/html,View of EFFECT OF DIFFERENT CONCENTRATION OF HUMIC ACID ON VEGETATIVE  GROWTH  AND GREEN PODS ON TWO CULTIVARS OF PEAS( Pisum sativum L.)
https://journal.uod.ac/index.php/uodjournal/article/view/2551,200,1,text/html,"جیهانگەرایی رۆشنبیری وسرینەوەی كلتووری تاكەكەسی لە شیعری هاوچەرخی كوردیدا  (دەڤەری بادینان 2010-2020)بەنموونەی شیعری –محسن قوچان و شكری شەهباز
							| Journal of Duhok University"
https://journal.uod.ac/index.php/uodjournal/article/view/2551/1379,200,1,text/html,View of جیهانگەرایی رۆشنبیری وسرینەوەی كلتووری تاكەكەسی لە شیعری هاوچەرخی كوردیدا  (دەڤەری بادینان 2010-2020)بەنموونەی شیعری –محسن قوچان و شكری شەهباز
https://journal.uod.ac/index.php/uodjournal/article/view/2552,200,1,text/html,"التباين المكاني للعيون المائية في ناحية دينارته و مجالات استشمارها
							| Journal of Duhok University"
https://journal.uod.ac/index.php/uodjournal/article/view/2552/1380,200,1,text/html,View of التباين المكاني للعيون المائية في ناحية دينارته و مجالات استشمارها
https://journal.uod.ac/index.php/uodjournal/article/view/2557,200,1,text/html,"المناخ الإداري السائد لدى مدراء مراكز الشباب والرياضة في محافظة دهوك من وجهة نظر منتسبي
							| Journal of Duhok University"
https://journal.uod.ac/index.php/uodjournal/article/view/2557/1381,200,1,text/html,View of المناخ الإداري السائد لدى مدراء مراكز الشباب والرياضة في محافظة دهوك من وجهة نظر منتسبي
https://journal.uod.ac/index.php/uodjournal/article/view/256,200,1,text/html,"INFLUENCE OF COMBINE APPLICATION OF TOPIC, GRANSTAR HERBICIDES AND PHOSPHOR LEVELS ON WEEDS  AND BREAD WHEAT YIELD AND ITS COMPONENTS
							| Journal of Duhok University"
https://journal.uod.ac/index.php/uodjournal/article/view/256/177,200,1,text/html,"View of INFLUENCE OF COMBINE APPLICATION OF TOPIC, GRANSTAR HERBICIDES AND PHOSPHOR LEVELS ON WEEDS  AND BREAD WHEAT YIELD AND ITS COMPONENTS"
https://journal.uod.ac/index.php/uodjournal/article/view/257,200,1,text/html,"SAPROPHYTIC COMPETITION OF SOIL MICROFLORA AND Rhizoctonia Solani IN THE ROTATING AMENDED COMPOSTS PLANTED BY TOMATO
							| Journal of Duhok University"
https://journal.uod.ac/index.php/uodjournal/article/view/257/178,200,1,text/html,View of SAPROPHYTIC COMPETITION OF SOIL MICROFLORA AND Rhizoctonia Solani IN THE ROTATING AMENDED COMPOSTS PLANTED BY TOMATO
https://journal.uod.ac/index.php/uodjournal/article/view/2578,200,1,text/html,"ديارترين جوگرافیناس و گه‌ریده‌یێن روژئاڤایا‌ ئیسلامێ ل چه‌رخێ (‌5 ـ 8 مش / 11ـ 14 ز)
							| Journal of Duhok University"
https://journal.uod.ac/index.php/uodjournal/article/view/2578/1382,200,1,text/html,View of ديارترين جوگرافیناس و گه‌ریده‌یێن روژئاڤایا‌ ئیسلامێ ل چه‌رخێ (‌5 ـ 8 مش / 11ـ 14 ز)
https://journal.uod.ac/index.php/uodjournal/article/view/258,200,1,text/html,"INFLUENCE OF SEEDS SOAKING PERIODS WITH DIFFERENT CONCENTRATIONS OF HUMIC ACID IN IMPROVEMENT  THE GERMINATION AND GROWTH OF BITTER  ORANGE SEEDS (Citrus  aurantium)
							| Journal of Duhok University"
https://journal.uod.ac/index.php/uodjournal/article/view/258/179,200,1,text/html,View of INFLUENCE OF SEEDS SOAKING PERIODS WITH DIFFERENT CONCENTRATIONS OF HUMIC ACID IN IMPROVEMENT  THE GERMINATION AND GROWTH OF BITTER  ORANGE SEEDS (Citrus  aurantium)
https://journal.uod.ac/index.php/uodjournal/article/view/2588,200,1,text/html,"الاضطهاد الديني في فترة عودة الملكية إلى إنكلترا 1660-1688
							| Journal of Duhok University"
https://journal.uod.ac/index.php/uodjournal/article/view/2588/1383,200,1,text/html,View of الاضطهاد الديني في فترة عودة الملكية إلى إنكلترا 1660-1688
https://journal.uod.ac/index.php/uodjournal/article/view/26,200,1,text/html,"REAL TIME VLSI IWT DENOSING ARCHITECTURE
							| Journal of Duhok University"
https://journal.uod.ac/index.php/uodjournal/article/view/26/16,200,1,text/html,View of REAL TIME VLSI IWT DENOSING ARCHITECTURE
https://journal.uod.ac/index.php/uodjournal/article/view/260,200,1,text/html,"GENETIC EVALUATION OF THREE QUAIL LINES BY FULL DIALLEL CROSS DESIGN I-GROWTH TRAITS
							| Journal of Duhok University"
https://journal.uod.ac/index.php/uodjournal/article/view/260/180,200,1,text/html,View of GENETIC EVALUATION OF THREE QUAIL LINES BY FULL DIALLEL CROSS DESIGN I-GROWTH TRAITS
https://journal.uod.ac/index.php/uodjournal/article/view/2603,200,1,text/html,"THE RELATIONSHIPS AMONG PHENOTYPIC BODY INDICES OF  LOCAL GOAT
							| Journal of Duhok University"
https://journal.uod.ac/index.php/uodjournal/article/view/2603/1385,200,1,text/html,View of THE RELATIONSHIPS AMONG PHENOTYPIC BODY INDICES OF  LOCAL GOAT
https://journal.uod.ac/index.php/uodjournal/article/view/2623,200,1,text/html,"مدى انطباق جرائم الاتجار بالبشر على زواج القاصرات
							| Journal of Duhok University"
https://journal.uod.ac/index.php/uodjournal/article/view/2623/1386,200,1,text/html,View of مدى انطباق جرائم الاتجار بالبشر على زواج القاصرات
https://journal.uod.ac/index.php/uodjournal/article/view/2624,200,1,text/html,"_الحماية الإجرائية للمرأة  بين القانون اللبناني ومشروع القانون العراقي _دراسة مقارنة
							| Journal of Duhok University"
https://journal.uod.ac/index.php/uodjournal/article/view/2624/1387,200,1,text/html,View of _الحماية الإجرائية للمرأة  بين القانون اللبناني ومشروع القانون العراقي _دراسة مقارنة
https://journal.uod.ac/index.php/uodjournal/article/view/2625,200,1,text/html,"تمكين المراة في الشريعة وقانون الاحوال الشخصية العراقي  
							| Journal of Duhok University"
https://journal.uod.ac/index.php/uodjournal/article/view/2625/1388,200,1,text/html,View of تمكين المراة في الشريعة وقانون الاحوال الشخصية العراقي
https://journal.uod.ac/index.php/uodjournal/article/view/2626,200,1,text/html,"جريمةُ العنفِ المعنويِّ ضدَّ المرأةِ في التشريع العراقي
							| Journal of Duhok University"
https://journal.uod.ac/index.php/uodjournal/article/view/2626/1389,200,1,text/html,View of جريمةُ العنفِ المعنويِّ ضدَّ المرأةِ في التشريع العراقي
https://journal.uod.ac/index.php/uodjournal/article/view/2627,200,1,text/html,"الحماية الجنائية للمرأة من ظاهرة الابتزاز الالكتروني
							| Journal of Duhok University"
https://journal.uod.ac/index.php/uodjournal/article/view/2627/1390,200,1,text/html,View of الحماية الجنائية للمرأة من ظاهرة الابتزاز الالكتروني
https://journal.uod.ac/index.php/uodjournal/article/view/2628,200,1,text/html,"إسهام منظمة الامم المتحدة في إقرار الجندر و تحقيق عدالة النوع
							| Journal of Duhok University"
https://journal.uod.ac/index.php/uodjournal/article/view/2628/1391,200,1,text/html,View of إسهام منظمة الامم المتحدة في إقرار الجندر و تحقيق عدالة النوع
https://journal.uod.ac/index.php/uodjournal/article/view/2629,200,1,text/html,"وسائل حماية الأسرة من الابتزاز الالكتروني
							| Journal of Duhok University"
https://journal.uod.ac/index.php/uodjournal/article/view/2629/1392,200,1,text/html,View of وسائل حماية الأسرة من الابتزاز الالكتروني
https://journal.uod.ac/index.php/uodjournal/article/view/2633,200,1,text/html,"الآليات الدولية لدعم المساواة بين الجنسين ودورها في تعزيز التنمية المستدامة 
							| Journal of Duhok University"
https://journal.uod.ac/index.php/uodjournal/article/view/2633/1393,200,1,text/html,View of الآليات الدولية لدعم المساواة بين الجنسين ودورها في تعزيز التنمية المستدامة
https://journal.uod.ac/index.php/uodjournal/article/view/2634,200,1,text/html,"أهمية دور المرأة في تولي الوظيفة العامة
							| Journal of Duhok University"
https://journal.uod.ac/index.php/uodjournal/article/view/2634/1394,200,1,text/html,View of أهمية دور المرأة في تولي الوظيفة العامة
https://journal.uod.ac/index.php/uodjournal/article/view/2635,200,1,text/html,"دَوْر القانون اَلدوْلِي اَلْعام فِي حِماية المرأة
							| Journal of Duhok University"
https://journal.uod.ac/index.php/uodjournal/article/view/2635/1395,200,1,text/html,View of دَوْر القانون اَلدوْلِي اَلْعام فِي حِماية المرأة
https://journal.uod.ac/index.php/uodjournal/article/view/2637,200,1,text/html,"الحماية الجزائية للمرأة في التشريع الفلسطيني والعراقي ""دراسة تحليلية مقارنة""
							| Journal of Duhok University"
https://journal.uod.ac/index.php/uodjournal/article/view/2637/1396,200,1,text/html,"View of الحماية الجزائية للمرأة في التشريع الفلسطيني والعراقي ""دراسة تحليلية مقارنة"""
https://journal.uod.ac/index.php/uodjournal/article/view/2638,200,1,text/html,"الحماية القانونية للمرأة في إطار القانون العراقي والقوانين الدولية
							| Journal of Duhok University"
https://journal.uod.ac/index.php/uodjournal/article/view/2638/1397,200,1,text/html,View of الحماية القانونية للمرأة في إطار القانون العراقي والقوانين الدولية
https://journal.uod.ac/index.php/uodjournal/article/view/2645,200,1,text/html,"الحماية القانونية لتسنم المرأة المناصب الإدارية
							| Journal of Duhok University"
https://journal.uod.ac/index.php/uodjournal/article/view/2645/1398,200,1,text/html,View of الحماية القانونية لتسنم المرأة المناصب الإدارية
https://journal.uod.ac/index.php/uodjournal/article/view/2646,200,1,text/html,"حقوق المرأة العاملة في قانون العمل العراقي دراسة مقارنة بالتشريع الأردني
							| Journal of Duhok University"
https://journal.uod.ac/index.php/uodjournal/article/view/2646/1400,200,1,text/html,View of حقوق المرأة العاملة في قانون العمل العراقي دراسة مقارنة بالتشريع الأردني
https://journal.uod.ac/index.php/uodjournal/article/view/2648,200,1,text/html,"عدم فاعلية القواعد الخاصة المنظمة لحقوق المرأة العاملة (قانون العمل العراقي رقم 37 لسنة 2015 النافذ - انموذجاً)
							| Journal of Duhok University"
https://journal.uod.ac/index.php/uodjournal/article/view/2648/1401,200,1,text/html,View of عدم فاعلية القواعد الخاصة المنظمة لحقوق المرأة العاملة (قانون العمل العراقي رقم 37 لسنة 2015 النافذ - انموذجاً)
https://journal.uod.ac/index.php/uodjournal/article/view/2650,200,1,text/html,"حماية حقوق المرأة وتمكينها بين القوانين الدولية والمحلية
							| Journal of Duhok University"
https://journal.uod.ac/index.php/uodjournal/article/view/2650/1402,200,1,text/html,View of حماية حقوق المرأة وتمكينها بين القوانين الدولية والمحلية
https://journal.uod.ac/index.php/uodjournal/article/view/2652,200,1,text/html,"السياسة الشرعية في قانون الأحوال الشخصية رقم (۱۸۸) لسنة ١٩٥٩ وتعديلاته المحور السادس: قانون الأحوال الشخصية رقم (۱۸۸) لسنة ١٩٥٩
							| Journal of Duhok University"
https://journal.uod.ac/index.php/uodjournal/article/view/2652/1403,200,1,text/html,View of السياسة الشرعية في قانون الأحوال الشخصية رقم (۱۸۸) لسنة ١٩٥٩ وتعديلاته المحور السادس: قانون الأحوال الشخصية رقم (۱۸۸) لسنة ١٩٥٩
https://journal.uod.ac/index.php/uodjournal/article/view/2653,200,1,text/html,"النظام القانوني لحضانة الطفل دراسة على ضوء قواعد تناع القوانين (دراسة مقارنة)
							| Journal of Duhok University"
https://journal.uod.ac/index.php/uodjournal/article/view/2653/1404,200,1,text/html,View of النظام القانوني لحضانة الطفل دراسة على ضوء قواعد تناع القوانين (دراسة مقارنة)
https://journal.uod.ac/index.php/uodjournal/article/view/2654,200,1,text/html,"تعويض المرأة جراء العمليات  الإرهابية – دراسة تحليلية في القانون العراقي-
							| Journal of Duhok University"
https://journal.uod.ac/index.php/uodjournal/article/view/2654/1405,200,1,text/html,View of تعويض المرأة جراء العمليات  الإرهابية – دراسة تحليلية في القانون العراقي-
https://journal.uod.ac/index.php/uodjournal/article/view/2655,200,1,text/html,"تمكين الام العراقية في منح جنسيتها لاولادها
							| Journal of Duhok University"
https://journal.uod.ac/index.php/uodjournal/article/view/2655/1406,200,1,text/html,View of تمكين الام العراقية في منح جنسيتها لاولادها
https://journal.uod.ac/index.php/uodjournal/article/view/2656,200,1,text/html,"حدود طاعة الزوجة لزوجها بين الشريعة والقانون
							| Journal of Duhok University"
https://journal.uod.ac/index.php/uodjournal/article/view/2656/1407,200,1,text/html,View of حدود طاعة الزوجة لزوجها بين الشريعة والقانون
https://journal.uod.ac/index.php/uodjournal/article/view/2657,200,1,text/html,"رؤية قانونية لمكافحة العنف والتميز ضد المرأة
							| Journal of Duhok University"
https://journal.uod.ac/index.php/uodjournal/article/view/2657/1411,200,1,text/html,View of رؤية قانونية لمكافحة العنف والتميز ضد المرأة
https://journal.uod.ac/index.php/uodjournal/article/view/2658,200,1,text/html,"التمكين الاقتصادي للمراة  في ضوء احكام قانون الشركات العراقي ومبادئ الحوكمة
							| Journal of Duhok University"
https://journal.uod.ac/index.php/uodjournal/article/view/2658/1412,200,1,text/html,View of التمكين الاقتصادي للمراة  في ضوء احكام قانون الشركات العراقي ومبادئ الحوكمة
https://journal.uod.ac/index.php/uodjournal/article/view/2659,200,1,text/html,"الحماية القانونية الخاصة بالمرأة في الإجراءات الجزائية 
							| Journal of Duhok University"
https://journal.uod.ac/index.php/uodjournal/article/view/2659/1413,200,1,text/html,View of الحماية القانونية الخاصة بالمرأة في الإجراءات الجزائية
https://journal.uod.ac/index.php/uodjournal/article/view/2660,200,1,text/html,"ACOMPARATIVE STUDY OF SOME VARIABLES SELECTION  METHODS IN HIGH DIMENSIONAL MULTIPLE LINER  REGRESSION VIA SIMULATION  
							| Journal of Duhok University"
https://journal.uod.ac/index.php/uodjournal/article/view/2660/1414,200,1,text/html,View of ACOMPARATIVE STUDY OF SOME VARIABLES SELECTION  METHODS IN HIGH DIMENSIONAL MULTIPLE LINER  REGRESSION VIA SIMULATION
https://journal.uod.ac/index.php/uodjournal/article/view/2661,200,1,text/html,"-أساس تجريم قتل المرأة بزعم الشرف – دراسة مقارنة
							| Journal of Duhok University"
https://journal.uod.ac/index.php/uodjournal/article/view/2661/1415,200,1,text/html,View of -أساس تجريم قتل المرأة بزعم الشرف – دراسة مقارنة
https://journal.uod.ac/index.php/uodjournal/article/view/2662,200,1,text/html,"تمكين المرأة المعاقة او ذات الاحتياج الخاص في التشريع الجزائي العراقي
							| Journal of Duhok University"
https://journal.uod.ac/index.php/uodjournal/article/view/2662/1416,200,1,text/html,View of تمكين المرأة المعاقة او ذات الاحتياج الخاص في التشريع الجزائي العراقي
https://journal.uod.ac/index.php/uodjournal/article/view/2663,200,1,text/html,"محددات تمكين المرأة في العراق: قراءة في التحديات والمرتكزات
							| Journal of Duhok University"
https://journal.uod.ac/index.php/uodjournal/article/view/2663/1417,200,1,text/html,View of محددات تمكين المرأة في العراق: قراءة في التحديات والمرتكزات
https://journal.uod.ac/index.php/uodjournal/article/view/2664,200,1,text/html,"دور المؤسسات التشريعية في حماية حقوق وتمكين المرأة
							| Journal of Duhok University"
https://journal.uod.ac/index.php/uodjournal/article/view/2664/1418,200,1,text/html,View of دور المؤسسات التشريعية في حماية حقوق وتمكين المرأة
https://journal.uod.ac/index.php/uodjournal/article/view/2665,200,1,text/html,"احترام المرأة ضمن الأحكام القانونية ذات الصلة بالحقوق والحريات
							| Journal of Duhok University"
https://journal.uod.ac/index.php/uodjournal/article/view/2665/1419,200,1,text/html,View of احترام المرأة ضمن الأحكام القانونية ذات الصلة بالحقوق والحريات
https://journal.uod.ac/index.php/uodjournal/article/view/2666,200,1,text/html,"الضمانات الدستورية والقانونية لحماية المرأة  من العنف الاسري في الدستور العراقي
							| Journal of Duhok University"
https://journal.uod.ac/index.php/uodjournal/article/view/2666/1420,200,1,text/html,View of الضمانات الدستورية والقانونية لحماية المرأة  من العنف الاسري في الدستور العراقي
https://journal.uod.ac/index.php/uodjournal/article/view/2667,200,1,text/html,"المرأة العراقية والمشاركة السياسية بعد عام 2003 الفرص والتحديات
							| Journal of Duhok University"
https://journal.uod.ac/index.php/uodjournal/article/view/2667/1421,200,1,text/html,View of المرأة العراقية والمشاركة السياسية بعد عام 2003 الفرص والتحديات
https://journal.uod.ac/index.php/uodjournal/article/view/2668,200,1,text/html,"حقوق المرأة في ظل المواثيق الدولية والدساتير الوطنية
							| Journal of Duhok University"
https://journal.uod.ac/index.php/uodjournal/article/view/2668/1422,200,1,text/html,View of حقوق المرأة في ظل المواثيق الدولية والدساتير الوطنية
https://journal.uod.ac/index.php/uodjournal/article/view/2669,200,1,text/html,"حقوق المرأة في القانون الدستوري والاداري
							| Journal of Duhok University"
https://journal.uod.ac/index.php/uodjournal/article/view/2669/1423,200,1,text/html,View of حقوق المرأة في القانون الدستوري والاداري
https://journal.uod.ac/index.php/uodjournal/article/view/2670,200,1,text/html,"دور القوانين في حماية المرأة وتمكينها في المجتمع بين النظرية والتطبيق
							| Journal of Duhok University"
https://journal.uod.ac/index.php/uodjournal/article/view/2670/1424,200,1,text/html,View of دور القوانين في حماية المرأة وتمكينها في المجتمع بين النظرية والتطبيق
https://journal.uod.ac/index.php/uodjournal/article/view/2671,200,1,text/html,"المرأة العراقية المقاولة و دورها في تحقيق التنمية المستدامة و أهم الجهات الكفيلة بدعمها
							| Journal of Duhok University"
https://journal.uod.ac/index.php/uodjournal/article/view/2671/1425,200,1,text/html,View of المرأة العراقية المقاولة و دورها في تحقيق التنمية المستدامة و أهم الجهات الكفيلة بدعمها
https://journal.uod.ac/index.php/uodjournal/article/view/2672,200,1,text/html,"المرأة الضحيـة في المجــال الجنـائي (دراسة مقارنة)
							| Journal of Duhok University"
https://journal.uod.ac/index.php/uodjournal/article/view/2672/1426,200,1,text/html,View of المرأة الضحيـة في المجــال الجنـائي (دراسة مقارنة)
https://journal.uod.ac/index.php/uodjournal/article/view/2673,200,1,text/html,"قراءات في القانون المدني العراقي لحماية و تمكين المرأة
							| Journal of Duhok University"
https://journal.uod.ac/index.php/uodjournal/article/view/2673/1427,200,1,text/html,View of قراءات في القانون المدني العراقي لحماية و تمكين المرأة
https://journal.uod.ac/index.php/uodjournal/article/view/2674,200,1,text/html,"حق الزوجة بالتعويض عن العنف الأسري 
							| Journal of Duhok University"
https://journal.uod.ac/index.php/uodjournal/article/view/2674/1428,200,1,text/html,View of حق الزوجة بالتعويض عن العنف الأسري
https://journal.uod.ac/index.php/uodjournal/article/view/2675,200,1,text/html,"الحماية الدستورية لحقوق المرأة في ضوء دستور جمهورية العراق لعام 2005
							| Journal of Duhok University"
https://journal.uod.ac/index.php/uodjournal/article/view/2675/1429,200,1,text/html,View of الحماية الدستورية لحقوق المرأة في ضوء دستور جمهورية العراق لعام 2005
https://journal.uod.ac/index.php/uodjournal/article/view/2676,200,1,text/html,"الضبط الاداري الخاص لحماية المرأة من مظاهر العنف الاسري
							| Journal of Duhok University"
https://journal.uod.ac/index.php/uodjournal/article/view/2676/1430,200,1,text/html,View of الضبط الاداري الخاص لحماية المرأة من مظاهر العنف الاسري
https://journal.uod.ac/index.php/uodjournal/article/view/2679,200,1,text/html,"النظرية النسوية في العلاقات الدولية
							| Journal of Duhok University"
https://journal.uod.ac/index.php/uodjournal/article/view/2679/1432,200,1,text/html,View of النظرية النسوية في العلاقات الدولية
https://journal.uod.ac/index.php/uodjournal/article/view/2680,200,1,text/html,"الحماية المدنيّة للمرأة من عيوب الإرادة في عقد الزواج-دراسة تحليلية
							| Journal of Duhok University"
https://journal.uod.ac/index.php/uodjournal/article/view/2680/1433,200,1,text/html,View of الحماية المدنيّة للمرأة من عيوب الإرادة في عقد الزواج-دراسة تحليلية
https://journal.uod.ac/index.php/uodjournal/article/view/2681,200,1,text/html,"المرأة والمشاركة الانتخابية "" قراءة في التمكين السياسي للمرأة ""
							| Journal of Duhok University"
https://journal.uod.ac/index.php/uodjournal/article/view/2681/1434,200,1,text/html,"View of المرأة والمشاركة الانتخابية "" قراءة في التمكين السياسي للمرأة """
https://journal.uod.ac/index.php/uodjournal/article/view/2683,200,1,text/html,"مساهمة القضاء الدستوري في تمكين المرأة
							| Journal of Duhok University"
https://journal.uod.ac/index.php/uodjournal/article/view/2683/1435,200,1,text/html,View of مساهمة القضاء الدستوري في تمكين المرأة
https://journal.uod.ac/index.php/uodjournal/article/view/2684,200,1,text/html,"الحماية القانونية لحق الخصوصية للمرأة
							| Journal of Duhok University"
https://journal.uod.ac/index.php/uodjournal/article/view/2684/1436,200,1,text/html,View of الحماية القانونية لحق الخصوصية للمرأة
https://journal.uod.ac/index.php/uodjournal/article/view/2685,200,1,text/html,"تمكين الموظفة من حقوقها وواجباتها في التشريع العراقي 
							| Journal of Duhok University"
https://journal.uod.ac/index.php/uodjournal/article/view/2685/1437,200,1,text/html,View of تمكين الموظفة من حقوقها وواجباتها في التشريع العراقي
https://journal.uod.ac/index.php/uodjournal/article/view/2687,200,1,text/html,"دور تمكين المرأة في التنمية المستدامة
							| Journal of Duhok University"
https://journal.uod.ac/index.php/uodjournal/article/view/2687/1438,200,1,text/html,View of دور تمكين المرأة في التنمية المستدامة
https://journal.uod.ac/index.php/uodjournal/article/view/2688,200,1,text/html,"مبدأ التمييز الايجابي للمرأة العاملة قراءة وفق المنظور الاسلامي والقانون الوضعي
							| Journal of Duhok University"
https://journal.uod.ac/index.php/uodjournal/article/view/2688/1493,200,1,text/html,View of مبدأ التمييز الايجابي للمرأة العاملة قراءة وفق المنظور الاسلامي والقانون الوضعي
https://journal.uod.ac/index.php/uodjournal/article/view/2689,200,1,text/html,"حق المرأة في المواريث ودوره في حماية المرأة وآثاره عرفاً وقانوناً
							| Journal of Duhok University"
https://journal.uod.ac/index.php/uodjournal/article/view/2689/1439,200,1,text/html,View of حق المرأة في المواريث ودوره في حماية المرأة وآثاره عرفاً وقانوناً
https://journal.uod.ac/index.php/uodjournal/article/view/2690,200,1,text/html,"القوامة الزوجية وأثرها في استقرار العائلة  دراسة فقهية 
							| Journal of Duhok University"
https://journal.uod.ac/index.php/uodjournal/article/view/2690/1440,200,1,text/html,View of القوامة الزوجية وأثرها في استقرار العائلة  دراسة فقهية
https://journal.uod.ac/index.php/uodjournal/article/view/2692,200,1,text/html,"دور الشريعة الاسلامية في حماية المرأة وتمكينها
							| Journal of Duhok University"
https://journal.uod.ac/index.php/uodjournal/article/view/2692/1441,200,1,text/html,View of دور الشريعة الاسلامية في حماية المرأة وتمكينها
https://journal.uod.ac/index.php/uodjournal/article/view/2694,200,1,text/html,"دفاع الشريعة السمحاء عن حقوق النساء
							| Journal of Duhok University"
https://journal.uod.ac/index.php/uodjournal/article/view/2694/1442,200,1,text/html,View of دفاع الشريعة السمحاء عن حقوق النساء
https://journal.uod.ac/index.php/uodjournal/article/view/2695,200,1,text/html,"الاحكام الفقهية للحفاظ على كرامة المرأة وجرائم داعش عليها
							| Journal of Duhok University"
https://journal.uod.ac/index.php/uodjournal/article/view/2695/1444,200,1,text/html,View of الاحكام الفقهية للحفاظ على كرامة المرأة وجرائم داعش عليها
https://journal.uod.ac/index.php/uodjournal/article/view/2696,200,1,text/html,"دور الشريعة الأسلامية في حماية المرأة وتمكينها
							| Journal of Duhok University"
https://journal.uod.ac/index.php/uodjournal/article/view/2696/1443,200,1,text/html,View of دور الشريعة الأسلامية في حماية المرأة وتمكينها
https://journal.uod.ac/index.php/uodjournal/article/view/2697,200,1,text/html,"حقوق المرأة في الفكر الاسلامي ضَوء على رؤية الامام علي (علية السلام)  
							| Journal of Duhok University"
https://journal.uod.ac/index.php/uodjournal/article/view/2697/1445,200,1,text/html,View of حقوق المرأة في الفكر الاسلامي ضَوء على رؤية الامام علي (علية السلام)
https://journal.uod.ac/index.php/uodjournal/article/view/2698,200,1,text/html,"المفاهيم الشرعيه والضوابط الفقهيه ودورها في حمايه حقوق المرأه دراسه مقارنه
							| Journal of Duhok University"
https://journal.uod.ac/index.php/uodjournal/article/view/2698/1446,200,1,text/html,View of المفاهيم الشرعيه والضوابط الفقهيه ودورها في حمايه حقوق المرأه دراسه مقارنه
https://journal.uod.ac/index.php/uodjournal/article/view/2699,200,1,text/html,"المرأة في الشريعة الإسلامية – الحقوق والواجبات
							| Journal of Duhok University"
https://journal.uod.ac/index.php/uodjournal/article/view/2699/1447,200,1,text/html,View of المرأة في الشريعة الإسلامية – الحقوق والواجبات
https://journal.uod.ac/index.php/uodjournal/article/view/2700,200,1,text/html,"المنظور الإسلامي لتمكين المرأة في أداء حقوقها وواجباتها ومساواتها مع الرجل
							| Journal of Duhok University"
https://journal.uod.ac/index.php/uodjournal/article/view/2700/1448,200,1,text/html,View of المنظور الإسلامي لتمكين المرأة في أداء حقوقها وواجباتها ومساواتها مع الرجل
https://journal.uod.ac/index.php/uodjournal/article/view/2701,200,1,text/html,"حماية وتمكين المرأة في الشريعة الاسلامية
							| Journal of Duhok University"
https://journal.uod.ac/index.php/uodjournal/article/view/2701/1449,200,1,text/html,View of حماية وتمكين المرأة في الشريعة الاسلامية
https://journal.uod.ac/index.php/uodjournal/article/view/2702,200,1,text/html,"جوانب إضرار المرأة في الفقه الإسلامي  وعلاجها دراسة فقهية ، شخصية ، نفسية ، إجتماعية
							| Journal of Duhok University"
https://journal.uod.ac/index.php/uodjournal/article/view/2702/1450,200,1,text/html,View of جوانب إضرار المرأة في الفقه الإسلامي  وعلاجها دراسة فقهية ، شخصية ، نفسية ، إجتماعية
https://journal.uod.ac/index.php/uodjournal/article/view/2703,200,1,text/html,"حماية حقوق المرأة في الاسلام
							| Journal of Duhok University"
https://journal.uod.ac/index.php/uodjournal/article/view/2703/1451,200,1,text/html,View of حماية حقوق المرأة في الاسلام
https://journal.uod.ac/index.php/uodjournal/article/view/2704,200,1,text/html,"أثر الدين الإسلامي والأدب العربي في تمكين المرأة وحفظ كرامتها
							| Journal of Duhok University"
https://journal.uod.ac/index.php/uodjournal/article/view/2704/1452,200,1,text/html,View of أثر الدين الإسلامي والأدب العربي في تمكين المرأة وحفظ كرامتها
https://journal.uod.ac/index.php/uodjournal/article/view/2705,200,1,text/html,"نماذج من التمكين السياسي للمرأة في عصر الرسالة
							| Journal of Duhok University"
https://journal.uod.ac/index.php/uodjournal/article/view/2705/1453,200,1,text/html,View of نماذج من التمكين السياسي للمرأة في عصر الرسالة
https://journal.uod.ac/index.php/uodjournal/article/view/2706,200,1,text/html,"مكانة المرأة المسلمة ودورها الاجتماعي والسياسي والثقافي (دراسة تاريخية)
							| Journal of Duhok University"
https://journal.uod.ac/index.php/uodjournal/article/view/2706/1454,200,1,text/html,View of مكانة المرأة المسلمة ودورها الاجتماعي والسياسي والثقافي (دراسة تاريخية)
https://journal.uod.ac/index.php/uodjournal/article/view/2707,200,1,text/html,"مكانة ودور المرأة في المجتمع قبل الإسلام وبعده 
							| Journal of Duhok University"
https://journal.uod.ac/index.php/uodjournal/article/view/2707/1456,200,1,text/html,View of مكانة ودور المرأة في المجتمع قبل الإسلام وبعده
https://journal.uod.ac/index.php/uodjournal/article/view/2708,200,1,text/html,"الحتميات التاريخية وأثرها الرجعي على القانون ""الكفاءة في الزواج انموذجاً ""
							| Journal of Duhok University"
https://journal.uod.ac/index.php/uodjournal/article/view/2708/1457,200,1,text/html,"View of الحتميات التاريخية وأثرها الرجعي على القانون ""الكفاءة في الزواج انموذجاً """
https://journal.uod.ac/index.php/uodjournal/article/view/2709,200,1,text/html,"گه‌شه‌كرنا ڕولێ زانستی یێ ژنا كورد د مێژوویێ دا ژنێن مالباتا ئه‌یوبی د سه‌دێ (6 –  7ك/12 – 13ز)  وه‌ك نموونه‌
							| Journal of Duhok University"
https://journal.uod.ac/index.php/uodjournal/article/view/2709/1458,200,1,text/html,View of گه‌شه‌كرنا ڕولێ زانستی یێ ژنا كورد د مێژوویێ دا ژنێن مالباتا ئه‌یوبی د سه‌دێ (6 –  7ك/12 – 13ز)  وه‌ك نموونه‌
https://journal.uod.ac/index.php/uodjournal/article/view/271,200,1,text/html,"STABILITY ANALYSIS OF STRIP FOOTING ON REINFORCED SAND SLOPES
							| Journal of Duhok University"
https://journal.uod.ac/index.php/uodjournal/article/view/271/181,200,1,text/html,View of STABILITY ANALYSIS OF STRIP FOOTING ON REINFORCED SAND SLOPES
https://journal.uod.ac/index.php/uodjournal/article/view/2710,200,1,text/html,"حقوق المرأة الإقتصادية والمالية في عصر الرسالة والراشدين دراسة تاريخية تحليلية     
							| Journal of Duhok University"
https://journal.uod.ac/index.php/uodjournal/article/view/2710/1459,200,1,text/html,View of حقوق المرأة الإقتصادية والمالية في عصر الرسالة والراشدين دراسة تاريخية تحليلية
https://journal.uod.ac/index.php/uodjournal/article/view/2711,200,1,text/html,"مكانة المرأة المسلمة في المصادر التاريخية – كتب التراجم انموذجاً
							| Journal of Duhok University"
https://journal.uod.ac/index.php/uodjournal/article/view/2711/1460,200,1,text/html,View of مكانة المرأة المسلمة في المصادر التاريخية – كتب التراجم انموذجاً
https://journal.uod.ac/index.php/uodjournal/article/view/2712,200,1,text/html,"المرأة السورية وحق التصويت في الانتخابات العامة 1949-1950
							| Journal of Duhok University"
https://journal.uod.ac/index.php/uodjournal/article/view/2712/1461,200,1,text/html,View of المرأة السورية وحق التصويت في الانتخابات العامة 1949-1950
https://journal.uod.ac/index.php/uodjournal/article/view/2713,200,1,text/html,"المرأة في الفكر العربي التقدمي الحديث دراسة لموضوع المرأة في فكر قاسم امين
							| Journal of Duhok University"
https://journal.uod.ac/index.php/uodjournal/article/view/2713/1462,200,1,text/html,View of المرأة في الفكر العربي التقدمي الحديث دراسة لموضوع المرأة في فكر قاسم امين
https://journal.uod.ac/index.php/uodjournal/article/view/2714,200,1,text/html,"المرأة الروسية في العهد القيصري 1700-1905
							| Journal of Duhok University"
https://journal.uod.ac/index.php/uodjournal/article/view/2714/1463,200,1,text/html,View of المرأة الروسية في العهد القيصري 1700-1905
https://journal.uod.ac/index.php/uodjournal/article/view/2715,200,1,text/html,"واقع المرأة الإيرانية بين حقبتين دراسة تحليلية مقارنة لواقع المرأة الإيرانية قبل الثورة الإسلامية وبعدها
							| Journal of Duhok University"
https://journal.uod.ac/index.php/uodjournal/article/view/2715/1464,200,1,text/html,View of واقع المرأة الإيرانية بين حقبتين دراسة تحليلية مقارنة لواقع المرأة الإيرانية قبل الثورة الإسلامية وبعدها
https://journal.uod.ac/index.php/uodjournal/article/view/2716,200,1,text/html,"""عتق الإماء وتمكينهُنَّ عندَ أئمةِ أهل البيت""(عليهم السلام)
							| Journal of Duhok University"
https://journal.uod.ac/index.php/uodjournal/article/view/2716/1465,200,1,text/html,"View of ""عتق الإماء وتمكينهُنَّ عندَ أئمةِ أهل البيت""(عليهم السلام)"
https://journal.uod.ac/index.php/uodjournal/article/view/2717,200,1,text/html,"المرأة في المجتمع العباسي بين المكانة الاجتماعية والمكانة الحقيقية ( دلالتها في شعر المتنبي)
							| Journal of Duhok University"
https://journal.uod.ac/index.php/uodjournal/article/view/2717/1466,200,1,text/html,View of المرأة في المجتمع العباسي بين المكانة الاجتماعية والمكانة الحقيقية ( دلالتها في شعر المتنبي)
https://journal.uod.ac/index.php/uodjournal/article/view/2718,200,1,text/html,"تمكين المرأة بين عجلة المجتمع والأقلام الروائية(دراسة في روايات ما بعد الحداثة العراقية)
							| Journal of Duhok University"
https://journal.uod.ac/index.php/uodjournal/article/view/2718/1467,200,1,text/html,View of تمكين المرأة بين عجلة المجتمع والأقلام الروائية(دراسة في روايات ما بعد الحداثة العراقية)
https://journal.uod.ac/index.php/uodjournal/article/view/2719,200,1,text/html,"التعالق اللسانيّ القانونيّ وأثره في حماية المرأة من العنف دراسة في ضوء اللسانيات الجنائية
							| Journal of Duhok University"
https://journal.uod.ac/index.php/uodjournal/article/view/2719/1468,200,1,text/html,View of التعالق اللسانيّ القانونيّ وأثره في حماية المرأة من العنف دراسة في ضوء اللسانيات الجنائية
https://journal.uod.ac/index.php/uodjournal/article/view/272,200,1,text/html,"DESIGNING SOFTWARE AND EQUIPMENT FOR STANDARD BIPOLAR LEADS TO MEASURE FULL REAL ECG SIGNALS USING BIOPAC SYSTEM
							| Journal of Duhok University"
https://journal.uod.ac/index.php/uodjournal/article/view/272/182,200,1,text/html,View of DESIGNING SOFTWARE AND EQUIPMENT FOR STANDARD BIPOLAR LEADS TO MEASURE FULL REAL ECG SIGNALS USING BIOPAC SYSTEM
https://journal.uod.ac/index.php/uodjournal/article/view/2720,200,1,text/html,"المرأة في أعمال الكاتبة وداد سكاكيني
							| Journal of Duhok University"
https://journal.uod.ac/index.php/uodjournal/article/view/2720/1469,200,1,text/html,View of المرأة في أعمال الكاتبة وداد سكاكيني
https://journal.uod.ac/index.php/uodjournal/article/view/2721,200,1,text/html,"جماليات الاستجابة في القصص القرآني – الشخصية النسائية ""أم موسى ,ومريم عليهما السلام"" انموذجا
							| Journal of Duhok University"
https://journal.uod.ac/index.php/uodjournal/article/view/2721/1470,200,1,text/html,"View of جماليات الاستجابة في القصص القرآني – الشخصية النسائية ""أم موسى ,ومريم عليهما السلام"" انموذجا"
https://journal.uod.ac/index.php/uodjournal/article/view/2722,200,1,text/html,"الخطاب الاستشرافيّ عند السيدة زينب بنت علي بن ابي طالب ( عليهم السلام )
							| Journal of Duhok University"
https://journal.uod.ac/index.php/uodjournal/article/view/2722/1471,200,1,text/html,View of الخطاب الاستشرافيّ عند السيدة زينب بنت علي بن ابي طالب ( عليهم السلام )
https://journal.uod.ac/index.php/uodjournal/article/view/2726,200,1,text/html,"تحديات الكتابة الإبداعية عند المرأة كتاب نساء في الأدب أنموذجاً
							| Journal of Duhok University"
https://journal.uod.ac/index.php/uodjournal/article/view/2726/1472,200,1,text/html,View of تحديات الكتابة الإبداعية عند المرأة كتاب نساء في الأدب أنموذجاً
https://journal.uod.ac/index.php/uodjournal/article/view/2728,200,1,text/html,"الممانعة النسوية وإزاحة الدوغمائيات الأبوية _دراسة في رواية (أنا أحيا ) ليلى بعلبكي
							| Journal of Duhok University"
https://journal.uod.ac/index.php/uodjournal/article/view/2728/1473,200,1,text/html,View of الممانعة النسوية وإزاحة الدوغمائيات الأبوية _دراسة في رواية (أنا أحيا ) ليلى بعلبكي
https://journal.uod.ac/index.php/uodjournal/article/view/2729,200,1,text/html,"مشاركة المرأة في مفاوضات السلام: المعوقات والحلول 
							| Journal of Duhok University"
https://journal.uod.ac/index.php/uodjournal/article/view/2729/1474,200,1,text/html,View of مشاركة المرأة في مفاوضات السلام: المعوقات والحلول
https://journal.uod.ac/index.php/uodjournal/article/view/273,200,1,text/html,"EXTENDED SPECTRUM OF B- LACTAMASE STATUS IN ESCHERICHIA COLI ISOLATED FROM URINARY TRACT INFECTIONS IN DUHOK CITY- IRAQ
							| Journal of Duhok University"
https://journal.uod.ac/index.php/uodjournal/article/view/273/183,200,1,text/html,View of EXTENDED SPECTRUM OF B- LACTAMASE STATUS IN ESCHERICHIA COLI ISOLATED FROM URINARY TRACT INFECTIONS IN DUHOK CITY- IRAQ
https://journal.uod.ac/index.php/uodjournal/article/view/2730,200,1,text/html,"تمكين النساء وبناء السلام في المجتمع العراقي  دراسة سوسيلو جية
							| Journal of Duhok University"
https://journal.uod.ac/index.php/uodjournal/article/view/2730/1475,200,1,text/html,View of تمكين النساء وبناء السلام في المجتمع العراقي  دراسة سوسيلو جية
https://journal.uod.ac/index.php/uodjournal/article/view/2731,200,1,text/html,"القوى العاملة الأنثوية في العراق ودورها في التنمية 
							| Journal of Duhok University"
https://journal.uod.ac/index.php/uodjournal/article/view/2731/1476,200,1,text/html,View of القوى العاملة الأنثوية في العراق ودورها في التنمية
https://journal.uod.ac/index.php/uodjournal/article/view/2732,200,1,text/html,"دور المرأة في ترسيخ مفاهيم السلام الأسري
							| Journal of Duhok University"
https://journal.uod.ac/index.php/uodjournal/article/view/2732/1477,200,1,text/html,View of دور المرأة في ترسيخ مفاهيم السلام الأسري
https://journal.uod.ac/index.php/uodjournal/article/view/2733,200,1,text/html,"البيئة الاجتماعية للعلاقات الزوجية نموذج هيستون للزواج كإطار لأدبيات الزواج في القرن الواحد والعشرين
							| Journal of Duhok University"
https://journal.uod.ac/index.php/uodjournal/article/view/2733/1478,200,1,text/html,View of البيئة الاجتماعية للعلاقات الزوجية نموذج هيستون للزواج كإطار لأدبيات الزواج في القرن الواحد والعشرين
https://journal.uod.ac/index.php/uodjournal/article/view/2734,200,1,text/html,"تمكين المرآه في المجتمع واهم المعوقات
							| Journal of Duhok University"
https://journal.uod.ac/index.php/uodjournal/article/view/2734/1479,200,1,text/html,View of تمكين المرآه في المجتمع واهم المعوقات
https://journal.uod.ac/index.php/uodjournal/article/view/2735,200,1,text/html,"دور المؤسسات التعليمية في تمكين المرأة في المجتمع العراقي  (دراسة ميدانية في جامعة واسط)
							| Journal of Duhok University"
https://journal.uod.ac/index.php/uodjournal/article/view/2735/1480,200,1,text/html,View of دور المؤسسات التعليمية في تمكين المرأة في المجتمع العراقي  (دراسة ميدانية في جامعة واسط)
https://journal.uod.ac/index.php/uodjournal/article/view/2737,200,1,text/html,"مسارات العدالة الانتقالية وفق منظور النوع الاجتماعي
							| Journal of Duhok University"
https://journal.uod.ac/index.php/uodjournal/article/view/2737/1481,200,1,text/html,View of مسارات العدالة الانتقالية وفق منظور النوع الاجتماعي
https://journal.uod.ac/index.php/uodjournal/article/view/2738,200,1,text/html,"التباين المكاني للقوى العاملة الانثوية في قضاء الزبير لعام 2021
							| Journal of Duhok University"
https://journal.uod.ac/index.php/uodjournal/article/view/2738/1482,200,1,text/html,View of التباين المكاني للقوى العاملة الانثوية في قضاء الزبير لعام 2021
https://journal.uod.ac/index.php/uodjournal/article/view/2739,200,1,text/html,"تدقيق تقارير الاستدامة ودورها في دعم وتمكين المرأة
							| Journal of Duhok University"
https://journal.uod.ac/index.php/uodjournal/article/view/2739/1483,200,1,text/html,View of تدقيق تقارير الاستدامة ودورها في دعم وتمكين المرأة
https://journal.uod.ac/index.php/uodjournal/article/view/2741,200,1,text/html,"أثبات الهوية النسوية وسط الهيمنة الذكورية قراءة في كتاب الجنس الآخر لسيمون دي بوفوار
							| Journal of Duhok University"
https://journal.uod.ac/index.php/uodjournal/article/view/2741/1484,200,1,text/html,View of أثبات الهوية النسوية وسط الهيمنة الذكورية قراءة في كتاب الجنس الآخر لسيمون دي بوفوار
https://journal.uod.ac/index.php/uodjournal/article/view/2742,200,1,text/html,"الكراهية للقيادة الناجحة الذكية للمرأة في الجانب المؤسساتي من قبل الرجل المحور النفسي – الاجتماعي
							| Journal of Duhok University"
https://journal.uod.ac/index.php/uodjournal/article/view/2742/1485,200,1,text/html,View of الكراهية للقيادة الناجحة الذكية للمرأة في الجانب المؤسساتي من قبل الرجل المحور النفسي – الاجتماعي
https://journal.uod.ac/index.php/uodjournal/article/view/2743,200,1,text/html,"سبل تمكين المرأة على العطاء العلمي والمعرفي
							| Journal of Duhok University"
https://journal.uod.ac/index.php/uodjournal/article/view/2743/1486,200,1,text/html,View of سبل تمكين المرأة على العطاء العلمي والمعرفي
https://journal.uod.ac/index.php/uodjournal/article/view/2744,200,1,text/html,"المشاكل الاجتماعية التي واجهت التعليم النسوي في العراق
							| Journal of Duhok University"
https://journal.uod.ac/index.php/uodjournal/article/view/2744/1487,200,1,text/html,View of المشاكل الاجتماعية التي واجهت التعليم النسوي في العراق
https://journal.uod.ac/index.php/uodjournal/article/view/2745,200,1,text/html,"زواج الظل في دول الخليج العربي
							| Journal of Duhok University"
https://journal.uod.ac/index.php/uodjournal/article/view/2745/1488,200,1,text/html,View of زواج الظل في دول الخليج العربي
https://journal.uod.ac/index.php/uodjournal/article/view/2747,200,1,text/html,"دور الفضائيات العراقية في تسويق موضوعات حماية وتمكين المرأة
							| Journal of Duhok University"
https://journal.uod.ac/index.php/uodjournal/article/view/2747/1489,200,1,text/html,View of دور الفضائيات العراقية في تسويق موضوعات حماية وتمكين المرأة
https://journal.uod.ac/index.php/uodjournal/article/view/2748,200,1,text/html,"وسائل الأقناع في الإعلانات الإلكترونية ودورها في تعزيز القدرة الشرائية للمرأة             ( دراسة ميدانية على طالبات كلية الإمام الكاظم (ع) ( اقسام واسط ) 
							| Journal of Duhok University"
https://journal.uod.ac/index.php/uodjournal/article/view/2748/1490,200,1,text/html,View of وسائل الأقناع في الإعلانات الإلكترونية ودورها في تعزيز القدرة الشرائية للمرأة             ( دراسة ميدانية على طالبات كلية الإمام الكاظم (ع) ( اقسام واسط )
https://journal.uod.ac/index.php/uodjournal/article/view/2749,200,1,text/html,"سلطة المرأة في المسرح العراقي 
							| Journal of Duhok University"
https://journal.uod.ac/index.php/uodjournal/article/view/2749/1491,200,1,text/html,View of سلطة المرأة في المسرح العراقي
https://journal.uod.ac/index.php/uodjournal/article/view/2750,200,1,text/html,"تمكين المرأة ....الفرص والتحديات
							| Journal of Duhok University"
https://journal.uod.ac/index.php/uodjournal/article/view/2750/1492,200,1,text/html,View of تمكين المرأة ....الفرص والتحديات
https://journal.uod.ac/index.php/uodjournal/article/view/276,200,1,text/html,"THE PREDICTION OF SOLAR RADIATION USING FUZZY LOGIC:  A CASE STUDY
							| Journal of Duhok University"
https://journal.uod.ac/index.php/uodjournal/article/view/276/185,200,1,text/html,View of THE PREDICTION OF SOLAR RADIATION USING FUZZY LOGIC:  A CASE STUDY
https://journal.uod.ac/index.php/uodjournal/article/view/277,200,1,text/html,"HYDRAULIC CHARACTERISTICS OF FLOW OVER AND UNDER SEMI-CYLINDRICAL STRUCTURE
							| Journal of Duhok University"
https://journal.uod.ac/index.php/uodjournal/article/view/277/186,200,1,text/html,View of HYDRAULIC CHARACTERISTICS OF FLOW OVER AND UNDER SEMI-CYLINDRICAL STRUCTURE
https://journal.uod.ac/index.php/uodjournal/article/view/278,200,1,text/html,"CHEMICAL CONSTITUENTS AND ANTIBACTERIAL ACTIVITY OF Prosopisfarcta (Fabacea) FRUIT  FROM IRAQ-KURDISTAN REGION
							| Journal of Duhok University"
https://journal.uod.ac/index.php/uodjournal/article/view/278/187,200,1,text/html,View of CHEMICAL CONSTITUENTS AND ANTIBACTERIAL ACTIVITY OF Prosopisfarcta (Fabacea) FRUIT  FROM IRAQ-KURDISTAN REGION
https://journal.uod.ac/index.php/uodjournal/article/view/279,200,1,text/html,"PREVALENCE OF INTESTINAL PARASITES AMONG PATIENTS ATTENDED AZADI TEACHING HOSPITAL  IN DUHOK CITY-KURDISTAN REGION / IRAQ
							| Journal of Duhok University"
https://journal.uod.ac/index.php/uodjournal/article/view/279/188,200,1,text/html,View of PREVALENCE OF INTESTINAL PARASITES AMONG PATIENTS ATTENDED AZADI TEACHING HOSPITAL  IN DUHOK CITY-KURDISTAN REGION / IRAQ
https://journal.uod.ac/index.php/uodjournal/article/view/2791,200,1,text/html,"THE EFFECT OF STUDENT-CENTRED APPROACH VS.   TEACHER CENTERED TEACHING ON KURDISH EFL UNIVERSITY  LEARNERS’ PERFORMANCE IN ENGLISH GRAMMAR
							| Journal of Duhok University"
https://journal.uod.ac/index.php/uodjournal/article/view/2791/1496,200,1,text/html,View of THE EFFECT OF STUDENT-CENTRED APPROACH VS.   TEACHER CENTERED TEACHING ON KURDISH EFL UNIVERSITY  LEARNERS’ PERFORMANCE IN ENGLISH GRAMMAR
https://journal.uod.ac/index.php/uodjournal/article/view/2792,200,1,text/html,"AFFECT OF SEVERE CHILDHOOD MALTREATMENT ON  ANGER CONTROL (SOBER AND USE OF ALCOHOL)  AND AGGRESSIVE BEHAVIOR
							| Journal of Duhok University"
https://journal.uod.ac/index.php/uodjournal/article/view/2792/1497,200,1,text/html,View of AFFECT OF SEVERE CHILDHOOD MALTREATMENT ON  ANGER CONTROL (SOBER AND USE OF ALCOHOL)  AND AGGRESSIVE BEHAVIOR
https://journal.uod.ac/index.php/uodjournal/article/view/2793,200,1,text/html,"HEDGING DEVICES IN ENGLISH AND BEHDINI-KURDISH: A CONTRASTIVE STUDY
							| Journal of Duhok University"
https://journal.uod.ac/index.php/uodjournal/article/view/2793/1498,200,1,text/html,View of HEDGING DEVICES IN ENGLISH AND BEHDINI-KURDISH: A CONTRASTIVE STUDY
https://journal.uod.ac/index.php/uodjournal/article/view/2795,200,1,text/html,"POLYPHONY IN SABRI SILEVANI’S THE DOOR TO THE WORLD
							| Journal of Duhok University"
https://journal.uod.ac/index.php/uodjournal/article/view/2795/1499,200,1,text/html,View of POLYPHONY IN SABRI SILEVANI’S THE DOOR TO THE WORLD
https://journal.uod.ac/index.php/uodjournal/article/view/2796,200,1,text/html,"وفجوة المعلومات في تنمية مهارات التواصل الاجتماعي لدى طلبة الصف الثانية في قسم التاريخ كلية التربية الاساسية(tbl)فاعلية استراتيجيتي التعلم المتمركز على المهمة
							| Journal of Duhok University"
https://journal.uod.ac/index.php/uodjournal/article/view/2796/1500,200,1,text/html,View of  وفجوة المعلومات في تنمية مهارات التواصل الاجتماعي لدى طلبة الصف الثانية في قسم التاريخ كلية التربية الاساسية(tbl)فاعلية استراتيجيتي التعلم المتمركز على المهمة
https://journal.uod.ac/index.php/uodjournal/article/view/2797,200,1,text/html,"پەیوەندییا دناڤبەرا دەستپێک و دوماهییا تێكستێ ڕۆمانێدا (ڕۆمانا مژاباد یا ژان دوستی وەك نموونە)
							| Journal of Duhok University"
https://journal.uod.ac/index.php/uodjournal/article/view/2797/1501,200,1,text/html,View of پەیوەندییا دناڤبەرا دەستپێک و دوماهییا تێكستێ ڕۆمانێدا (ڕۆمانا مژاباد یا ژان دوستی وەك نموونە)
https://journal.uod.ac/index.php/uodjournal/article/view/2798,200,1,text/html,"POST-EDITING OF MACHINE TRANSLATION OF AN ENGLISH-INTO- ARABIC TEXT BY TRANSLATION STUDENTS
							| Journal of Duhok University"
https://journal.uod.ac/index.php/uodjournal/article/view/2798/1502,200,1,text/html,View of POST-EDITING OF MACHINE TRANSLATION OF AN ENGLISH-INTO- ARABIC TEXT BY TRANSLATION STUDENTS
https://journal.uod.ac/index.php/uodjournal/article/view/2799,200,1,text/html,"THE PROTOTYPE APPROACH TO TEACHING THE NEGATIVE PREFIXES DE- AND UN- TO KURDISH EFL STUDENTS
							| Journal of Duhok University"
https://journal.uod.ac/index.php/uodjournal/article/view/2799/1503,200,1,text/html,View of THE PROTOTYPE APPROACH TO TEACHING THE NEGATIVE PREFIXES DE- AND UN- TO KURDISH EFL STUDENTS
https://journal.uod.ac/index.php/uodjournal/article/view/2799/1504,403,1,text/html,
https://journal.uod.ac/index.php/uodjournal/article/view/28,200,1,text/html,"A FAST METHOD FOR OPTIMIZING THE K-CLUSTERING BI-CLIQUE COMPLETION PROBLEM IN TELECOMMUNICATION
							| Journal of Duhok University"
https://journal.uod.ac/index.php/uodjournal/article/view/28/17,200,1,text/html,View of A FAST METHOD FOR OPTIMIZING THE K-CLUSTERING BI-CLIQUE COMPLETION PROBLEM IN TELECOMMUNICATION
https://journal.uod.ac/index.php/uodjournal/article/view/2800,200,1,text/html,"TEACHING SPEAKING USING GAMES FOR PRIMARY PUBLIC AND PRIVATE SCHOOL PUPILS IN DUHOK
							| Journal of Duhok University"
https://journal.uod.ac/index.php/uodjournal/article/view/2800/1505,200,1,text/html,View of TEACHING SPEAKING USING GAMES FOR PRIMARY PUBLIC AND PRIVATE SCHOOL PUPILS IN DUHOK
https://journal.uod.ac/index.php/uodjournal/article/view/2805,200,1,text/html,"POLITENESS IN TEACHER- STUDENT INTERACTIONS: APOLOGY ACTION BASED-CASES
							| Journal of Duhok University"
https://journal.uod.ac/index.php/uodjournal/article/view/2805/1506,200,1,text/html,View of POLITENESS IN TEACHER- STUDENT INTERACTIONS: APOLOGY ACTION BASED-CASES
https://journal.uod.ac/index.php/uodjournal/article/view/2806,200,1,text/html,"بین تغیر الموقف وتقدیر الموضع: هل رجع 'کنت' عن أفکاره حول الإیمان؟
							| Journal of Duhok University"
https://journal.uod.ac/index.php/uodjournal/article/view/2806/1507,200,1,text/html,View of بین تغیر الموقف وتقدیر الموضع: هل رجع 'کنت' عن أفکاره حول الإیمان؟
https://journal.uod.ac/index.php/uodjournal/article/view/2807,200,1,text/html,"في حوض هولير (EPM) التحليل الجغرافي للتباين المكاني والزماني للتعرية المائية حسب نموذج
							| Journal of Duhok University"
https://journal.uod.ac/index.php/uodjournal/article/view/2807/1559,200,1,text/html,View of في حوض هولير (EPM) التحليل الجغرافي للتباين المكاني والزماني للتعرية المائية حسب نموذج
https://journal.uod.ac/index.php/uodjournal/article/view/2809,200,1,text/html,"اثر أنظمة عمل الأداء العالي في ابداع الموارد البشرية:  دراسة استطلاعية لآراء عينة من القيادات الأكاديمية في عدد من الجامعات الحكومية في إقليم كردستان العراق
							| Journal of Duhok University"
https://journal.uod.ac/index.php/uodjournal/article/view/2809/1509,200,1,text/html,View of اثر أنظمة عمل الأداء العالي في ابداع الموارد البشرية:  دراسة استطلاعية لآراء عينة من القيادات الأكاديمية في عدد من الجامعات الحكومية في إقليم كردستان العراق
https://journal.uod.ac/index.php/uodjournal/article/view/281,200,1,text/html,"COMMENTS ON THE APPROXIMATE ELASTIC ANALYSIS OF CONTINUOUS NONPRESTRESSED REINFORCED CONCRETE  BEAMS AND PORTAL FRAMES
							| Journal of Duhok University"
https://journal.uod.ac/index.php/uodjournal/article/view/281/189,200,1,text/html,View of COMMENTS ON THE APPROXIMATE ELASTIC ANALYSIS OF CONTINUOUS NONPRESTRESSED REINFORCED CONCRETE  BEAMS AND PORTAL FRAMES
https://journal.uod.ac/index.php/uodjournal/article/view/2810,200,1,text/html,"دور التعليم الريادي في تعزيز الجاهزية الريادية دراسة استطلاعية لآراء عينة من طلاب وخريجي جامعات محافظة دهوك
							| Journal of Duhok University"
https://journal.uod.ac/index.php/uodjournal/article/view/2810/1510,200,1,text/html,View of دور التعليم الريادي في تعزيز الجاهزية الريادية دراسة استطلاعية لآراء عينة من طلاب وخريجي جامعات محافظة دهوك
https://journal.uod.ac/index.php/uodjournal/article/view/2811,200,1,text/html,"بزاڤا ئێزدین شێری (1854-1855) د رۆژنامه‌ڤانییا بریتانی دا
							| Journal of Duhok University"
https://journal.uod.ac/index.php/uodjournal/article/view/2811/1511,200,1,text/html,View of بزاڤا ئێزدین شێری (1854-1855) د رۆژنامه‌ڤانییا بریتانی دا
https://journal.uod.ac/index.php/uodjournal/article/view/2812,200,1,text/html,"شكداریكرنا زانایێن هەرێما جەزیرێ‌ د ئەركێن كارگێری دا ل چەرخێ‌ شەشێ‌ كوچی/دووازدێ‌ زایینی
							| Journal of Duhok University"
https://journal.uod.ac/index.php/uodjournal/article/view/2812/1512,200,1,text/html,View of شكداریكرنا زانایێن هەرێما جەزیرێ‌ د ئەركێن كارگێری دا ل چەرخێ‌ شەشێ‌ كوچی/دووازدێ‌ زایینی
https://journal.uod.ac/index.php/uodjournal/article/view/2813,200,1,text/html,"كەلتوورێ‌ مادی د شعرا (عارف حیتوی) یدا
							| Journal of Duhok University"
https://journal.uod.ac/index.php/uodjournal/article/view/2813/1513,200,1,text/html,View of كەلتوورێ‌ مادی د شعرا (عارف حیتوی) یدا
https://journal.uod.ac/index.php/uodjournal/article/view/2814,200,1,text/html,"هه‌لویستێ حكومه تا ئیرانێ ژ دامه‌زراندنا حكومه‌تا هه‌رێما كوردستانێ(1992)
							| Journal of Duhok University"
https://journal.uod.ac/index.php/uodjournal/article/view/2814/1514,200,1,text/html,View of هه‌لویستێ حكومه تا ئیرانێ ژ دامه‌زراندنا حكومه‌تا هه‌رێما كوردستانێ(1992)
https://journal.uod.ac/index.php/uodjournal/article/view/2817,200,1,text/html,"COPYRIGHT PROTECTION SYSTEM BASED WATERMARKING
							| Journal of Duhok University"
https://journal.uod.ac/index.php/uodjournal/article/view/2817/1528,200,1,text/html,View of COPYRIGHT PROTECTION SYSTEM BASED WATERMARKING
https://journal.uod.ac/index.php/uodjournal/article/view/2818,200,1,text/html,"IDENTIFYING THE BEST-FIT PROBABILITY DISTRIBUTION MODEL  TO PREDICT THE ANNUAL MAXIMUM DAILY RAINFALL  IN DUHOK CITY, IRAQ
							| Journal of Duhok University"
https://journal.uod.ac/index.php/uodjournal/article/view/2818/1516,200,1,text/html,"View of IDENTIFYING THE BEST-FIT PROBABILITY DISTRIBUTION MODEL  TO PREDICT THE ANNUAL MAXIMUM DAILY RAINFALL  IN DUHOK CITY, IRAQ"
https://journal.uod.ac/index.php/uodjournal/article/view/2819,200,1,text/html,"PHOTOCATALYTIC DEGRADATION OF EOSIN Yellowish DYE IN AQUEOUS SOLUTION USING TITANIUM DIOXIDE AS CATALYST: IMPACT OF VARIOUS PARAMETERS AND KINETIC STUDY 
							| Journal of Duhok University"
https://journal.uod.ac/index.php/uodjournal/article/view/2819/1517,200,1,text/html,View of PHOTOCATALYTIC DEGRADATION OF EOSIN Yellowish DYE IN AQUEOUS SOLUTION USING TITANIUM DIOXIDE AS CATALYST: IMPACT OF VARIOUS PARAMETERS AND KINETIC STUDY
https://journal.uod.ac/index.php/uodjournal/article/view/282,200,1,text/html,"Development of highly specific and sensitive PNA-clamp PCR assay for the detection of common mutations (BRAF V600E and NRAS) in CRC using FFPE tissue sample
							| Journal of Duhok University"
https://journal.uod.ac/index.php/uodjournal/article/view/282/190,200,1,text/html,View of Development of highly specific and sensitive PNA-clamp PCR assay for the detection of common mutations (BRAF V600E and NRAS) in CRC using FFPE tissue sample
https://journal.uod.ac/index.php/uodjournal/article/view/2820,200,1,text/html,"THE EFFECT OF POST-PROCESSING VISUALIZATION ON THE IMAGE QUALITY OF   A PANORAMIC DENTAL DIGITAL SYSTEM
							| Journal of Duhok University"
https://journal.uod.ac/index.php/uodjournal/article/view/2820/1518,200,1,text/html,View of THE EFFECT OF POST-PROCESSING VISUALIZATION ON THE IMAGE QUALITY OF   A PANORAMIC DENTAL DIGITAL SYSTEM
https://journal.uod.ac/index.php/uodjournal/article/view/2821,200,1,text/html,"A STUDY OF ANTIPHOSPHOLIPID ANTIBODIES IN WOMEN WITH HISTORY OF MISCARRIAGES AT ZAKHO DISTRICTS,  KURDISTAN REGION, IRAQ
							| Journal of Duhok University"
https://journal.uod.ac/index.php/uodjournal/article/view/2821/1519,200,1,text/html,"View of A STUDY OF ANTIPHOSPHOLIPID ANTIBODIES IN WOMEN WITH HISTORY OF MISCARRIAGES AT ZAKHO DISTRICTS,  KURDISTAN REGION, IRAQ"
https://journal.uod.ac/index.php/uodjournal/article/view/2822,200,1,text/html,"USING MULTINOMIAL LOGISTIC REGRESSION TO IDENTIFY FACTORS AFFECTING PLATELET
							| Journal of Duhok University"
https://journal.uod.ac/index.php/uodjournal/article/view/2822/1520,200,1,text/html,View of USING MULTINOMIAL LOGISTIC REGRESSION TO IDENTIFY FACTORS AFFECTING PLATELET
https://journal.uod.ac/index.php/uodjournal/article/view/2823,200,1,text/html,"THE IMPACT OF NATURAL PRODUCTS EXTRACTS ON ORTHODONTIC TEETH MOVEMENT: AN EXPERIMENTAL IN VIVO STUDY
							| Journal of Duhok University"
https://journal.uod.ac/index.php/uodjournal/article/view/2823/1521,200,1,text/html,View of THE IMPACT OF NATURAL PRODUCTS EXTRACTS ON ORTHODONTIC TEETH MOVEMENT: AN EXPERIMENTAL IN VIVO STUDY
https://journal.uod.ac/index.php/uodjournal/article/view/2825,200,1,text/html,"ALGAE AS BIOINDICATORS FOR ASSESSMENT AND MONITORING  THE WATER QUALITY WITH SPECIAL REFERENCE TO DUHOK’S DRINKING WATER PLANT
							| Journal of Duhok University"
https://journal.uod.ac/index.php/uodjournal/article/view/2825/1522,200,1,text/html,View of ALGAE AS BIOINDICATORS FOR ASSESSMENT AND MONITORING  THE WATER QUALITY WITH SPECIAL REFERENCE TO DUHOK’S DRINKING WATER PLANT
https://journal.uod.ac/index.php/uodjournal/article/view/2826,200,1,text/html,"SYNTHESIZED, CHARACTERIZATION, AND INVESTIGATED ANTIOXIDANT PROPERTIES OF NOVEL HYDRAZON  COMPLEXES OF MANGANES(II), COBALT(II), NICKEL(II),  COPPER(II), AND ZINC(II)
							| Journal of Duhok University"
https://journal.uod.ac/index.php/uodjournal/article/view/2826/1523,200,1,text/html,"View of SYNTHESIZED, CHARACTERIZATION, AND INVESTIGATED ANTIOXIDANT PROPERTIES OF NOVEL HYDRAZON  COMPLEXES OF MANGANES(II), COBALT(II), NICKEL(II),  COPPER(II), AND ZINC(II)"
https://journal.uod.ac/index.php/uodjournal/article/view/2827,200,1,text/html,"OCCUPATIONAL RISK ASSESSMENTS OF HEMATOLOGICAL  PARAMETERS ALTERATIONS OF KAR OIL REFINERY WORKERS  IN ERBIL PROVINCE, KURDISTAN REGION, IRAQ 
							| Journal of Duhok University"
https://journal.uod.ac/index.php/uodjournal/article/view/2827/1524,200,1,text/html,"View of OCCUPATIONAL RISK ASSESSMENTS OF HEMATOLOGICAL  PARAMETERS ALTERATIONS OF KAR OIL REFINERY WORKERS  IN ERBIL PROVINCE, KURDISTAN REGION, IRAQ"
https://journal.uod.ac/index.php/uodjournal/article/view/2828,200,1,text/html,"PROCESSING AND IMPROVEMENT OF 2D SEISMIC DATA BY USING PRE-STACK AND POST-STACK TIME MIGRATION,  KURDISTAN REGION, IRAQ
							| Journal of Duhok University"
https://journal.uod.ac/index.php/uodjournal/article/view/2828/1525,200,1,text/html,"View of  PROCESSING AND IMPROVEMENT OF 2D SEISMIC DATA BY USING PRE-STACK AND POST-STACK TIME MIGRATION,  KURDISTAN REGION, IRAQ"
https://journal.uod.ac/index.php/uodjournal/article/view/283,200,1,text/html,"INVESTIGATING THE CAUSES OF TRAFFIC ACCIDENTS FOR DUHOK – ZAKHO INTERNATIONAL ROAD
							| Journal of Duhok University"
https://journal.uod.ac/index.php/uodjournal/article/view/283/191,200,1,text/html,View of INVESTIGATING THE CAUSES OF TRAFFIC ACCIDENTS FOR DUHOK – ZAKHO INTERNATIONAL ROAD
https://journal.uod.ac/index.php/uodjournal/article/view/2830,200,1,text/html,"قِراءةٌ بَلاغيّة في آيات ( كُنْ فَيَكُوْنُ )
							| Journal of Duhok University"
https://journal.uod.ac/index.php/uodjournal/article/view/2830/1526,200,1,text/html,View of قِراءةٌ بَلاغيّة في آيات ( كُنْ فَيَكُوْنُ )
https://journal.uod.ac/index.php/uodjournal/article/view/2833,200,1,text/html,"التطور التاريخي لمراكز البحوث والدراسات في الولايات المتحدة الأمريكية  
							| Journal of Duhok University"
https://journal.uod.ac/index.php/uodjournal/article/view/2833/1527,200,1,text/html,View of التطور التاريخي لمراكز البحوث والدراسات في الولايات المتحدة الأمريكية
https://journal.uod.ac/index.php/uodjournal/article/view/2835,200,1,text/html,"HYDROLOGICAL EVALUATION IN DOHUK-SEMEL AREA
							| Journal of Duhok University"
https://journal.uod.ac/index.php/uodjournal/article/view/2835/1529,200,1,text/html,View of HYDROLOGICAL EVALUATION IN DOHUK-SEMEL AREA
https://journal.uod.ac/index.php/uodjournal/article/view/2836,200,1,text/html,"EFFECT OF CULTIVARIS, BUDDING DATES, KINETIN, AND THEIR INTERACTION ON THE BUDDING AND VEGETATIVE GROWTH CHARACTERISTICS OF PISTACHIO TRANSPLANTS “Pistacia vera L.”
							| Journal of Duhok University"
https://journal.uod.ac/index.php/uodjournal/article/view/2836/1530,200,1,text/html,"View of EFFECT OF CULTIVARIS, BUDDING DATES, KINETIN, AND THEIR INTERACTION ON THE BUDDING AND VEGETATIVE GROWTH CHARACTERISTICS OF PISTACHIO TRANSPLANTS “Pistacia vera L.”"
https://journal.uod.ac/index.php/uodjournal/article/view/2837,200,1,text/html,"EXISTENCE, MOLECULAR  DIAGNOSIS AND  GENETIC  VARIATION OF DIFFERENT  ISOLATES OF ROOT – KNOT  NEMATODES Meloidogyne spp. PARASITIZING CUCUMBER PLANTS
							| Journal of Duhok University"
https://journal.uod.ac/index.php/uodjournal/article/view/2837/1531,200,1,text/html,"View of EXISTENCE, MOLECULAR  DIAGNOSIS AND  GENETIC  VARIATION OF DIFFERENT  ISOLATES OF ROOT – KNOT  NEMATODES Meloidogyne spp. PARASITIZING CUCUMBER PLANTS"
https://journal.uod.ac/index.php/uodjournal/article/view/2838,200,1,text/html,"EFFECT OF ALGAE SEAWEED, URTICA DIOICA AND ZINC SULFATE ON SOME YIELD QUALITY AND CHEMICAL PARAMETERS OF BROCCOLI (BRASSICA OLERACEA VAR. Italica) PLANT
							| Journal of Duhok University"
https://journal.uod.ac/index.php/uodjournal/article/view/2838/1532,200,1,text/html,"View of EFFECT OF ALGAE SEAWEED, URTICA DIOICA AND ZINC SULFATE ON SOME YIELD QUALITY AND CHEMICAL PARAMETERS OF BROCCOLI (BRASSICA OLERACEA VAR. Italica) PLANT"
https://journal.uod.ac/index.php/uodjournal/article/view/284,200,1,text/html,"TRAINING  PROGRAM  ROLE  IN  IMPROVING  NURSES’ KNOWLEDGE AND SKILLS OF URETHRAL CATHETERAZATION AT MATERNITY HOSPITAL IN DUHOK CITY
							| Journal of Duhok University"
https://journal.uod.ac/index.php/uodjournal/article/view/284/192,200,1,text/html,View of TRAINING  PROGRAM  ROLE  IN  IMPROVING  NURSES’ KNOWLEDGE AND SKILLS OF URETHRAL CATHETERAZATION AT MATERNITY HOSPITAL IN DUHOK CITY
https://journal.uod.ac/index.php/uodjournal/article/view/2849,200,1,text/html,"دور تطبيقات الهواتف الذكية في نشر قضایا التوعية الدينية لدى الشباب في محافظة السليمانية دراسة مسحیة
							| Journal of Duhok University"
https://journal.uod.ac/index.php/uodjournal/article/view/2849/1533,200,1,text/html,View of دور تطبيقات الهواتف الذكية في نشر قضایا التوعية الدينية لدى الشباب في محافظة السليمانية دراسة مسحیة
https://journal.uod.ac/index.php/uodjournal/article/view/285,200,1,text/html,"EFFECT THE SHAPE OF GRAVEL ON IMPROVING CBR AND COMPACTION BEHAVIOUR OF CLAYEY SOIL
							| Journal of Duhok University"
https://journal.uod.ac/index.php/uodjournal/article/view/285/193,200,1,text/html,View of EFFECT THE SHAPE OF GRAVEL ON IMPROVING CBR AND COMPACTION BEHAVIOUR OF CLAYEY SOIL
https://journal.uod.ac/index.php/uodjournal/article/view/2850,200,1,text/html,"أثر معايير الائتمان المصرفي في الحد من تعثر القروض المصرفية  دراسة استطلاعية في عدد من المصارف الخاصة في مدينة دهوك
							| Journal of Duhok University"
https://journal.uod.ac/index.php/uodjournal/article/view/2850/1555,200,1,text/html,View of أثر معايير الائتمان المصرفي في الحد من تعثر القروض المصرفية  دراسة استطلاعية في عدد من المصارف الخاصة في مدينة دهوك
https://journal.uod.ac/index.php/uodjournal/article/view/2852,200,1,text/html,"SINGLE CELL PROTEIN PRODUCTION BY ISOLATED AND IDENTIFIED BACTERIA USING CRUDE OIL AS A CARBON SOURCE
							| Journal of Duhok University"
https://journal.uod.ac/index.php/uodjournal/article/view/2852/1535,200,1,text/html,View of SINGLE CELL PROTEIN PRODUCTION BY ISOLATED AND IDENTIFIED BACTERIA USING CRUDE OIL AS A CARBON SOURCE
https://journal.uod.ac/index.php/uodjournal/article/view/2853,200,1,text/html,"APPLICATION OF DIGITAL IMAGE CORRELATION METHOD IN MATERIALS - TESTING AND MEASUREMENTS: A REVIEW
							| Journal of Duhok University"
https://journal.uod.ac/index.php/uodjournal/article/view/2853/1536,200,1,text/html,View of APPLICATION OF DIGITAL IMAGE CORRELATION METHOD IN MATERIALS - TESTING AND MEASUREMENTS: A REVIEW
https://journal.uod.ac/index.php/uodjournal/article/view/2854,200,1,text/html,"EFFECT OF VITAMIN D3 AND K2 AS ADJUNCT TO  PERIODONTAL THERAPY
							| Journal of Duhok University"
https://journal.uod.ac/index.php/uodjournal/article/view/2854/1537,200,1,text/html,View of EFFECT OF VITAMIN D3 AND K2 AS ADJUNCT TO  PERIODONTAL THERAPY
https://journal.uod.ac/index.php/uodjournal/article/view/2855,200,1,text/html,"NEUROSTEROID, NATURAL AND ANABOLIC STEROIDS: PHYSIOLOGICAL, IMMUNOLOGICAL AND HISTOPATHOLOGICAL STUDY ON HYPERLIPIDAEMIC ALBINO RATS 
							| Journal of Duhok University"
https://journal.uod.ac/index.php/uodjournal/article/view/2855/1538,200,1,text/html,"View of NEUROSTEROID, NATURAL AND ANABOLIC STEROIDS: PHYSIOLOGICAL, IMMUNOLOGICAL AND HISTOPATHOLOGICAL STUDY ON HYPERLIPIDAEMIC ALBINO RATS"
https://journal.uod.ac/index.php/uodjournal/article/view/2856,200,1,text/html,"PREVALENCE OF VANCOMYCIN RESISTANT STAPHYLOCOCCUS AUREUS ISOLATED FROM DAIRY PRODUCTS IN  KURDISTAN REGION-IRAQ
							| Journal of Duhok University"
https://journal.uod.ac/index.php/uodjournal/article/view/2856/1539,200,1,text/html,View of PREVALENCE OF VANCOMYCIN RESISTANT STAPHYLOCOCCUS AUREUS ISOLATED FROM DAIRY PRODUCTS IN  KURDISTAN REGION-IRAQ
https://journal.uod.ac/index.php/uodjournal/article/view/2857,200,1,text/html,"IMAGING EVALUATION OF THE IMPACTED TEETH BY USING AN ORTHOPANTOMOGRAPHY IN KURDISTAN REGION –IRAQ
							| Journal of Duhok University"
https://journal.uod.ac/index.php/uodjournal/article/view/2857/1540,200,1,text/html,View of IMAGING EVALUATION OF THE IMPACTED TEETH BY USING AN ORTHOPANTOMOGRAPHY IN KURDISTAN REGION –IRAQ
https://journal.uod.ac/index.php/uodjournal/article/view/2858,200,1,text/html,"WATER BATH SONICATOR AS AN ECO-FRIENDLY TECHNIQUE FOR SYNTHESIS OF NEW DIHYDRAZIDE HYDRAZONE DERIVATIVES
							| Journal of Duhok University"
https://journal.uod.ac/index.php/uodjournal/article/view/2858/1541,200,1,text/html,View of WATER BATH SONICATOR AS AN ECO-FRIENDLY TECHNIQUE FOR SYNTHESIS OF NEW DIHYDRAZIDE HYDRAZONE DERIVATIVES
https://journal.uod.ac/index.php/uodjournal/article/view/2866,200,1,text/html,"نیچەکەی دولۆز: دۆزینەوەی مانا بۆ فەلسەفە لە ڕیگای نیچەوە
							| Journal of Duhok University"
https://journal.uod.ac/index.php/uodjournal/article/view/2866/1542,200,1,text/html,View of نیچەکەی دولۆز: دۆزینەوەی مانا بۆ فەلسەفە لە ڕیگای نیچەوە
https://journal.uod.ac/index.php/uodjournal/article/view/2868,200,1,text/html,"تقييم سهولة الوصول الى الخدمات العامة في مدينة دهوك دراسة ميدانية في التخطيط الحضري
							| Journal of Duhok University"
https://journal.uod.ac/index.php/uodjournal/article/view/2868/1543,200,1,text/html,View of تقييم سهولة الوصول الى الخدمات العامة في مدينة دهوك دراسة ميدانية في التخطيط الحضري
https://journal.uod.ac/index.php/uodjournal/article/view/2879,200,1,text/html,"CLINICAL EFFECT OF DIODE LASER THERAPY AND CHLORHEXIDINE GEL 0.2% AS ADJUNCTS TO NON-SURGICAL PERIODONTAL THERAPY IN CASES OF CHRONIC PERIODONTITIS
							| Journal of Duhok University"
https://journal.uod.ac/index.php/uodjournal/article/view/2879/1544,200,1,text/html,View of CLINICAL EFFECT OF DIODE LASER THERAPY AND CHLORHEXIDINE GEL 0.2% AS ADJUNCTS TO NON-SURGICAL PERIODONTAL THERAPY IN CASES OF CHRONIC PERIODONTITIS
https://journal.uod.ac/index.php/uodjournal/article/view/2880,200,1,text/html,"PHYTOSYNTHESIS OF CADMIUM OXIDES NANOPARTICLES BY CRUDE EXTRACT OF URTICA DIOICA
							| Journal of Duhok University"
https://journal.uod.ac/index.php/uodjournal/article/view/2880/1545,200,1,text/html,View of PHYTOSYNTHESIS OF CADMIUM OXIDES NANOPARTICLES BY CRUDE EXTRACT OF URTICA DIOICA
https://journal.uod.ac/index.php/uodjournal/article/view/2881,200,1,text/html,"PREVALENCE OF GIARDIA LAMBLIA IN DIARRHEA IN SOME HEALTH CENTERS IN DUHOK CITY, IRAQ
							| Journal of Duhok University"
https://journal.uod.ac/index.php/uodjournal/article/view/2881/1546,200,1,text/html,"View of PREVALENCE OF GIARDIA LAMBLIA IN DIARRHEA IN SOME HEALTH CENTERS IN DUHOK CITY, IRAQ"
https://journal.uod.ac/index.php/uodjournal/article/view/2882,200,1,text/html,"CLINICAL AND ANTI-INFLAMMATORY EFFECTS of THYMUS EXTRACT MOUTHWASH in PATIENTS WITH GINGIVITIS
							| Journal of Duhok University"
https://journal.uod.ac/index.php/uodjournal/article/view/2882/1547,200,1,text/html,View of CLINICAL AND ANTI-INFLAMMATORY EFFECTS of THYMUS EXTRACT MOUTHWASH in PATIENTS WITH GINGIVITIS
https://journal.uod.ac/index.php/uodjournal/article/view/2883,200,1,text/html,"ENHANCING BONE HEALING WITH AUTOGENOUS PRP AND HYALURONIC ACID: AN EXPERIMENTAL STUDY
							| Journal of Duhok University"
https://journal.uod.ac/index.php/uodjournal/article/view/2883/1548,200,1,text/html,View of ENHANCING BONE HEALING WITH AUTOGENOUS PRP AND HYALURONIC ACID: AN EXPERIMENTAL STUDY
https://journal.uod.ac/index.php/uodjournal/article/view/2884,200,1,text/html,"دور ادارة المواهب في تحقيق التميز المنظمي  دراسة استطلاعية لاراء عينة من الكوادر العلمية والادارية في جامعة دهوك التقنية
							| Journal of Duhok University"
https://journal.uod.ac/index.php/uodjournal/article/view/2884/1549,200,1,text/html,View of دور ادارة المواهب في تحقيق التميز المنظمي  دراسة استطلاعية لاراء عينة من الكوادر العلمية والادارية في جامعة دهوك التقنية
https://journal.uod.ac/index.php/uodjournal/article/view/2885,200,1,text/html,"POLITENESS IN TEACHER- STUDENT INTERACTIONS: APOLOGY ACTION BASED-CASES
							| Journal of Duhok University"
https://journal.uod.ac/index.php/uodjournal/article/view/2885/1550,200,1,text/html,View of POLITENESS IN TEACHER- STUDENT INTERACTIONS: APOLOGY ACTION BASED-CASES
https://journal.uod.ac/index.php/uodjournal/article/view/2886,200,1,text/html,"EVALUATING THE EFFECTIVENESS OF EFL COURSEBOOKS AT KURDISTAN UNIVERSITIES
							| Journal of Duhok University"
https://journal.uod.ac/index.php/uodjournal/article/view/2886/1551,200,1,text/html,View of EVALUATING THE EFFECTIVENESS OF EFL COURSEBOOKS AT KURDISTAN UNIVERSITIES
https://journal.uod.ac/index.php/uodjournal/article/view/2887,200,1,text/html,"THE MORPHOSYNTAX OF TENSE IN NORTHERN KURDISH
							| Journal of Duhok University"
https://journal.uod.ac/index.php/uodjournal/article/view/2887/1552,200,1,text/html,View of THE MORPHOSYNTAX OF TENSE IN NORTHERN KURDISH
https://journal.uod.ac/index.php/uodjournal/article/view/2889,200,1,text/html,"أثر بعض عوامل البيئة الداخلية في القيمة السوقية  دراسة تطبيقية على مصرف بغداد التجاري للفترة 2011 – 2021 
							| Journal of Duhok University"
https://journal.uod.ac/index.php/uodjournal/article/view/2889/1553,200,1,text/html,View of أثر بعض عوامل البيئة الداخلية في القيمة السوقية  دراسة تطبيقية على مصرف بغداد التجاري للفترة 2011 – 2021
https://journal.uod.ac/index.php/uodjournal/article/view/2890,200,1,text/html,"الأفعال الكلامية في رواية (ممرّ آمن) لجان دوست 
							| Journal of Duhok University"
https://journal.uod.ac/index.php/uodjournal/article/view/2890/1556,200,1,text/html,View of الأفعال الكلامية في رواية (ممرّ آمن) لجان دوست
https://journal.uod.ac/index.php/uodjournal/article/view/2891,200,1,text/html,"A COMPARATIVE STUDY OF DIABETES DETECTION USING THE PIMA INDIAN DIABETES DATABASE
							| Journal of Duhok University"
https://journal.uod.ac/index.php/uodjournal/article/view/2891/1557,200,1,text/html,View of A COMPARATIVE STUDY OF DIABETES DETECTION USING THE PIMA INDIAN DIABETES DATABASE
https://journal.uod.ac/index.php/uodjournal/article/view/2892,200,1,text/html,"DIFFERENCES IN IFN-GAMMA AND SARS-COV-2 SPECIFIC IgG LEVEL IN mRNA BNT162B2 (PFIZER-BIONTECH) VACCINATED NAIVE AND COVID-19 RECOVERED INDIVIDUALS FROM ZAKHO DISTRICT, DUHOK, IRAQ
							| Journal of Duhok University"
https://journal.uod.ac/index.php/uodjournal/article/view/2892/1558,200,1,text/html,"View of DIFFERENCES IN IFN-GAMMA AND SARS-COV-2 SPECIFIC IgG LEVEL IN mRNA BNT162B2 (PFIZER-BIONTECH) VACCINATED NAIVE AND COVID-19 RECOVERED INDIVIDUALS FROM ZAKHO DISTRICT, DUHOK, IRAQ"
https://journal.uod.ac/index.php/uodjournal/article/view/2897,200,1,text/html,"INVESTIGATING THE EFFECT OF SPEAKER-RELATED FACTORS ON CONSECUTIVE INTERPRETERS’ PERFORMANCE
							| Journal of Duhok University"
https://journal.uod.ac/index.php/uodjournal/article/view/2897/1560,200,1,text/html,View of INVESTIGATING THE EFFECT OF SPEAKER-RELATED FACTORS ON CONSECUTIVE INTERPRETERS’ PERFORMANCE
https://journal.uod.ac/index.php/uodjournal/article/view/29,200,1,text/html,"ASSESSMENT OF GREY WATER DISPOSAL AND DIFFERENT TREATMENT OPTIONS FOR DOMIZ CAMP IN DUHOK CITY
							| Journal of Duhok University"
https://journal.uod.ac/index.php/uodjournal/article/view/29/18,200,1,text/html,View of ASSESSMENT OF GREY WATER DISPOSAL AND DIFFERENT TREATMENT OPTIONS FOR DOMIZ CAMP IN DUHOK CITY
https://journal.uod.ac/index.php/uodjournal/article/view/290,200,1,text/html,"The Unaspirated Sound [k] in Kurmanji Kurdish and the Velarized Sound [ɫ] in Sorani Kurdish
							| Journal of Duhok University"
https://journal.uod.ac/index.php/uodjournal/article/view/290/238,200,1,text/html,View of The Unaspirated Sound [k] in Kurmanji Kurdish and the Velarized Sound [ɫ] in Sorani Kurdish
https://journal.uod.ac/index.php/uodjournal/article/view/2907,200,1,text/html,"التحليل المكاني للمدارس الأهلية في مدينة دهوك للعام الدراسي (2021-2022)
							| Journal of Duhok University"
https://journal.uod.ac/index.php/uodjournal/article/view/2907/1562,200,1,text/html,View of التحليل المكاني للمدارس الأهلية في مدينة دهوك للعام الدراسي (2021-2022)
https://journal.uod.ac/index.php/uodjournal/article/view/2908,200,1,text/html,"RESPONSE OF SINGLE NODE EXPLANTS OF FIGS (FICUS CARRICA L.) SHINGALI CV. TO DIFFERENT PLANT GROWTH REGULATORS AND CULTURE MEDIA
							| Journal of Duhok University"
https://journal.uod.ac/index.php/uodjournal/article/view/2908/1563,200,1,text/html,View of RESPONSE OF SINGLE NODE EXPLANTS OF FIGS (FICUS CARRICA L.) SHINGALI CV. TO DIFFERENT PLANT GROWTH REGULATORS AND CULTURE MEDIA
https://journal.uod.ac/index.php/uodjournal/article/view/2909,200,1,text/html,"PREVALENCE OF TOOTH INVOLVED (PERIO-ENDO) LESION AMONG DUHOK POPULATION: ACROSS SECTIONAL STUDY
							| Journal of Duhok University"
https://journal.uod.ac/index.php/uodjournal/article/view/2909/1564,200,1,text/html,View of PREVALENCE OF TOOTH INVOLVED (PERIO-ENDO) LESION AMONG DUHOK POPULATION: ACROSS SECTIONAL STUDY
https://journal.uod.ac/index.php/uodjournal/article/view/291,200,1,text/html,"The Strategy of Translating Idioms between Kurdish and Persian/Farsi
							| Journal of Duhok University"
https://journal.uod.ac/index.php/uodjournal/article/view/291/280,200,1,text/html,View of The Strategy of Translating Idioms between Kurdish and Persian/Farsi
https://journal.uod.ac/index.php/uodjournal/article/view/2910,200,1,text/html,"DETECTION OF CAUSATIVE AGENTS OF SEXUALLY TRANSMITTED DISEASES IN SYMPTOMATIC INFERTILE WOMEN USING REAL  TIME PCR TECHNIQUE
							| Journal of Duhok University"
https://journal.uod.ac/index.php/uodjournal/article/view/2910/1565,200,1,text/html,View of DETECTION OF CAUSATIVE AGENTS OF SEXUALLY TRANSMITTED DISEASES IN SYMPTOMATIC INFERTILE WOMEN USING REAL  TIME PCR TECHNIQUE
https://journal.uod.ac/index.php/uodjournal/article/view/2911,200,1,text/html,"EFFECT OF PLATELET RICH FIBRIN AND INJECTABLE PLATELET RICH FIBRIN ON BONE HEALING (COMPARATIVE STUDY ON SHEEP)
							| Journal of Duhok University"
https://journal.uod.ac/index.php/uodjournal/article/view/2911/1566,200,1,text/html,View of EFFECT OF PLATELET RICH FIBRIN AND INJECTABLE PLATELET RICH FIBRIN ON BONE HEALING (COMPARATIVE STUDY ON SHEEP)
https://journal.uod.ac/index.php/uodjournal/article/view/2912,200,1,text/html,"MOLECULAR ANALYSIS AND PHYLOGENIC TREE OF SARCOCYSTIS SPECIES ISOLATED FROM SHEEP IN ERBIL PROVINCE-  KURDISTAN REGION/ IRAQ
							| Journal of Duhok University"
https://journal.uod.ac/index.php/uodjournal/article/view/2912/1567,200,1,text/html,View of MOLECULAR ANALYSIS AND PHYLOGENIC TREE OF SARCOCYSTIS SPECIES ISOLATED FROM SHEEP IN ERBIL PROVINCE-  KURDISTAN REGION/ IRAQ
https://journal.uod.ac/index.php/uodjournal/article/view/2913,200,1,text/html,"PLATELET RICH FIBRIN EFFECT VERSUS HYALURONIC ACID EFFECT ON CRITICAL BONE DEFECT HEALING,( AN EXPERIMENTAL STUDY ON SHEEP.)
							| Journal of Duhok University"
https://journal.uod.ac/index.php/uodjournal/article/view/2913/1568,200,1,text/html,"View of PLATELET RICH FIBRIN EFFECT VERSUS HYALURONIC ACID EFFECT ON CRITICAL BONE DEFECT HEALING,( AN EXPERIMENTAL STUDY ON SHEEP.)"
https://journal.uod.ac/index.php/uodjournal/article/view/2914,200,1,text/html,"علاقة تطبيق نظام البصمة الإلكترونية بالأداء الوظيفي العالي دراسة استطلاعية لإراء عينة من موظفي جامعة دهوك التقنية
							| Journal of Duhok University"
https://journal.uod.ac/index.php/uodjournal/article/view/2914/1570,200,1,text/html,View of علاقة تطبيق نظام البصمة الإلكترونية بالأداء الوظيفي العالي دراسة استطلاعية لإراء عينة من موظفي جامعة دهوك التقنية
https://journal.uod.ac/index.php/uodjournal/article/view/2917,200,1,text/html,"THE IMPORTANCE OF HUMAN RESOURCE (HR) TRAINING IN MEDICAL FACULTIES AT DUHOK UNIVERSITY:  AN ADMINISTRATIVE STAFF PERSPECTIVE
							| Journal of Duhok University"
https://journal.uod.ac/index.php/uodjournal/article/view/2917/1571,200,1,text/html,View of THE IMPORTANCE OF HUMAN RESOURCE (HR) TRAINING IN MEDICAL FACULTIES AT DUHOK UNIVERSITY:  AN ADMINISTRATIVE STAFF PERSPECTIVE
https://journal.uod.ac/index.php/uodjournal/article/view/2918,200,1,text/html,"مجالات الذكاء التنافسي ودورها في تطبيق استراتيجيات نظام الايصاء الواسع دراسة استطلاعية لآراء عينة من العاملين في فروع متاجر بلان بازار التسويقية في محافظة دهوك / اقليم كوردستان العراق
							| Journal of Duhok University"
https://journal.uod.ac/index.php/uodjournal/article/view/2918/1572,200,1,text/html,View of  مجالات الذكاء التنافسي ودورها في تطبيق استراتيجيات نظام الايصاء الواسع دراسة استطلاعية لآراء عينة من العاملين في فروع متاجر بلان بازار التسويقية في محافظة دهوك / اقليم كوردستان العراق
https://journal.uod.ac/index.php/uodjournal/article/view/292,200,1,text/html,"Painting as a Literary Form in Naxén Derizí Novel: A Harmony between Textuality and Embodying Art in Literature
							| Journal of Duhok University"
https://journal.uod.ac/index.php/uodjournal/article/view/292/242,200,1,text/html,View of Painting as a Literary Form in Naxén Derizí Novel: A Harmony between Textuality and Embodying Art in Literature
https://journal.uod.ac/index.php/uodjournal/article/view/2923,200,1,text/html,"EVALUATING PAVEMENT SURFACE CONDITION FOR URBAN NETWORK USING MICRO PAVER AND ArcGIS SOFTWARE
							| Journal of Duhok University"
https://journal.uod.ac/index.php/uodjournal/article/view/2923/1573,200,1,text/html,View of EVALUATING PAVEMENT SURFACE CONDITION FOR URBAN NETWORK USING MICRO PAVER AND ArcGIS SOFTWARE
https://journal.uod.ac/index.php/uodjournal/article/view/2924,200,1,text/html,"اثر تغير سعر الصرف على كفاءة اداء سوق العراق للاوراق المالية للمدة (2005 - 2021)
							| Journal of Duhok University"
https://journal.uod.ac/index.php/uodjournal/article/view/2924/1574,200,1,text/html,View of اثر تغير سعر الصرف على كفاءة اداء سوق العراق للاوراق المالية للمدة (2005 - 2021)
https://journal.uod.ac/index.php/uodjournal/article/view/2925,200,1,text/html,"دور استراتيجية التسعير على اساس السوق باعتماد تقنيات ادارة التكلفة الاستراتيجية في تحقيق الميزة التنافسية  (دراسة تطبيقية في معمل ماف لإنتاج الانابيب المعدنية والمقاطع، في اقليم كوردستان–دهوك/ المنطقة الصناعية في كواشي)
							| Journal of Duhok University"
https://journal.uod.ac/index.php/uodjournal/article/view/2925/1575,200,1,text/html,View of دور استراتيجية التسعير على اساس السوق باعتماد تقنيات ادارة التكلفة الاستراتيجية في تحقيق الميزة التنافسية  (دراسة تطبيقية في معمل ماف لإنتاج الانابيب المعدنية والمقاطع، في اقليم كوردستان–دهوك/ المنطقة الصناعية في كواشي)
https://journal.uod.ac/index.php/uodjournal/article/view/2926,200,1,text/html,"A MICROSTRUCTURE ANALYSIS OF HAIDAR AL-ABADI’S DISCOURSE ON THE KURDISTAN REFERENDUM 
							| Journal of Duhok University"
https://journal.uod.ac/index.php/uodjournal/article/view/2926/1576,200,1,text/html,View of A MICROSTRUCTURE ANALYSIS OF HAIDAR AL-ABADI’S DISCOURSE ON THE KURDISTAN REFERENDUM
https://journal.uod.ac/index.php/uodjournal/article/view/2927,200,1,text/html,"THE ANTHROPOGENIC AND CLIMATE APOCALYPSE IN MICHAEL CRICHTON’S STATE OF FEAR: AN ECOCRITICAL STUDY
							| Journal of Duhok University"
https://journal.uod.ac/index.php/uodjournal/article/view/2927/1577,200,1,text/html,View of THE ANTHROPOGENIC AND CLIMATE APOCALYPSE IN MICHAEL CRICHTON’S STATE OF FEAR: AN ECOCRITICAL STUDY
https://journal.uod.ac/index.php/uodjournal/article/view/2928,200,1,text/html,"A CORPUS-BASED CONTRASTIVE ANALYSIS OF CERTAINTY AND DOUBT ADVERBIALS IN ACADEMIC DISCOURSE BY NATIVE ENGLISH AUTHORS AND NON-NATIVE KURDISH AUTHORS 
							| Journal of Duhok University"
https://journal.uod.ac/index.php/uodjournal/article/view/2928/1578,200,1,text/html,View of A CORPUS-BASED CONTRASTIVE ANALYSIS OF CERTAINTY AND DOUBT ADVERBIALS IN ACADEMIC DISCOURSE BY NATIVE ENGLISH AUTHORS AND NON-NATIVE KURDISH AUTHORS
https://journal.uod.ac/index.php/uodjournal/article/view/293,200,1,text/html,"The Impact of Social Media upon the Kurdish Language
							| Journal of Duhok University"
https://journal.uod.ac/index.php/uodjournal/article/view/293/243,200,1,text/html,View of The Impact of Social Media upon the Kurdish Language
https://journal.uod.ac/index.php/uodjournal/article/view/2937,200,1,text/html,"الهوية التنظيمية وأثرها في معالجة الإخفاق التنظيمي:  دراسة أستطلاعية لآراء عينة من القيادات الاكاديمية في عدد من الجامعات الخاصة في أقليم كوردستان العراق
							| Journal of Duhok University"
https://journal.uod.ac/index.php/uodjournal/article/view/2937/1579,200,1,text/html,View of الهوية التنظيمية وأثرها في معالجة الإخفاق التنظيمي:  دراسة أستطلاعية لآراء عينة من القيادات الاكاديمية في عدد من الجامعات الخاصة في أقليم كوردستان العراق
https://journal.uod.ac/index.php/uodjournal/article/view/2938,200,1,text/html,"الاستلزام الحواري في رواية (أغنيات الطريق إلى حلبجة) للروائي :عبدالكريم يحيى الزيباري
							| Journal of Duhok University"
https://journal.uod.ac/index.php/uodjournal/article/view/2938/1580,200,1,text/html,View of الاستلزام الحواري في رواية (أغنيات الطريق إلى حلبجة) للروائي :عبدالكريم يحيى الزيباري
https://journal.uod.ac/index.php/uodjournal/article/view/294,200,1,text/html,"SOME ASPECTS OF COMPOUND WORDS IN KURDISH ACCORDING TO TRANSFORMATIONAL RULES: CENTRAL KIRMANJI AS A SAMPLE
							| Journal of Duhok University"
https://journal.uod.ac/index.php/uodjournal/article/view/294/244,200,1,text/html,View of SOME ASPECTS OF COMPOUND WORDS IN KURDISH ACCORDING TO TRANSFORMATIONAL RULES: CENTRAL KIRMANJI AS A SAMPLE
https://journal.uod.ac/index.php/uodjournal/article/view/2942,200,1,text/html,"ڕاپەڕینا باژێرێن فینیقی و قوبرس ل دژی دەولەتا هەخامەنشییان  ( 351 - 345 ب.ز)
							| Journal of Duhok University"
https://journal.uod.ac/index.php/uodjournal/article/view/2942/1582,200,1,text/html,View of ڕاپەڕینا باژێرێن فینیقی و قوبرس ل دژی دەولەتا هەخامەنشییان  ( 351 - 345 ب.ز)
https://journal.uod.ac/index.php/uodjournal/article/view/2943,200,1,text/html,"تحليل جغرافي للحوادث المرورية في محافظة دهوك
							| Journal of Duhok University"
https://journal.uod.ac/index.php/uodjournal/article/view/2943/1583,200,1,text/html,View of تحليل جغرافي للحوادث المرورية في محافظة دهوك
https://journal.uod.ac/index.php/uodjournal/article/view/2944,200,1,text/html,"کاریگەرییا بکارئینانا ستراتیژییا پۆلا بەروڤاژی لسەر وەرگرتنا تێگەهێن ڕێزمانا کوردی  لدەڤ قوتابییێن پۆلا حەفتێ بنەڕەت
							| Journal of Duhok University"
https://journal.uod.ac/index.php/uodjournal/article/view/2944/1584,200,1,text/html,View of کاریگەرییا بکارئینانا ستراتیژییا پۆلا بەروڤاژی لسەر وەرگرتنا تێگەهێن ڕێزمانا کوردی  لدەڤ قوتابییێن پۆلا حەفتێ بنەڕەت
https://journal.uod.ac/index.php/uodjournal/article/view/295,200,1,text/html,"The Phenomenon of Borrowing Foreign Words in Kurdish Novels; Deravé Teng, Waré Rondika and Mirové Beleç as Samples
							| Journal of Duhok University"
https://journal.uod.ac/index.php/uodjournal/article/view/295/245,200,1,text/html,"View of The Phenomenon of Borrowing Foreign Words in Kurdish Novels; Deravé Teng, Waré Rondika and Mirové Beleç as Samples"
https://journal.uod.ac/index.php/uodjournal/article/view/296,200,1,text/html,"The Tactics and Utilization of Questioning in Kurdish Language: a Pragmatic Study
							| Journal of Duhok University"
https://journal.uod.ac/index.php/uodjournal/article/view/296/246,200,1,text/html,View of The Tactics and Utilization of Questioning in Kurdish Language: a Pragmatic Study
https://journal.uod.ac/index.php/uodjournal/article/view/2964,200,1,text/html,"دراسة تحليلية اقتصادية للازمة العالمية الناتجة من جائحة (Covid-19)-الاثار والمعالجات
							| Journal of Duhok University"
https://journal.uod.ac/index.php/uodjournal/article/view/2964/1585,200,1,text/html,View of دراسة تحليلية اقتصادية للازمة العالمية الناتجة من جائحة (Covid-19)-الاثار والمعالجات
https://journal.uod.ac/index.php/uodjournal/article/view/2967,200,1,text/html,"هەولێن پارتى ديموكراتى كوردستان و ئێكەتى نيشتمانى كوردستان ژبوَ راوەستاندنا شەرێ ناڤخوَيى  (ا ى گولانا 1994 ـ 21ى كانوونا ئێكێ 1994)
							| Journal of Duhok University"
https://journal.uod.ac/index.php/uodjournal/article/view/2967/1588,403,1,text/html,
https://journal.uod.ac/index.php/uodjournal/article/view/2967/1589,200,1,text/html,View of هەولێن پارتى ديموكراتى كوردستان و ئێكەتى نيشتمانى كوردستان ژبوَ راوەستاندنا شەرێ ناڤخوَيى  (ا ى گولانا 1994 ـ 21ى كانوونا ئێكێ 1994)
https://journal.uod.ac/index.php/uodjournal/article/view/2968,200,1,text/html,"التزامات طرفي عقد بيع بناء قيد الإنشاء  دراسة تحليلية مقارنة
							| Journal of Duhok University"
https://journal.uod.ac/index.php/uodjournal/article/view/2968/1590,200,1,text/html,View of التزامات طرفي عقد بيع بناء قيد الإنشاء  دراسة تحليلية مقارنة
https://journal.uod.ac/index.php/uodjournal/article/view/297,200,1,text/html,"The function of dramatic dialogue in stereoscopic the content of Kurdish “Hayranok
							| Journal of Duhok University"
https://journal.uod.ac/index.php/uodjournal/article/view/297/247,200,1,text/html,View of The function of dramatic dialogue in stereoscopic the content of Kurdish “Hayranok
https://journal.uod.ac/index.php/uodjournal/article/view/2973,200,1,text/html,"SEROPREVALENCE OF ANTI-TOXOPLASMA ANTIBODIES AMONG COUPLE REFFERED TO A PRE-MARRIAGE SCREENING CENTER IN DUHOK PROVINCE, IRAQ 
							| Journal of Duhok University"
https://journal.uod.ac/index.php/uodjournal/article/view/2973/1593,200,1,text/html,"View of SEROPREVALENCE OF ANTI-TOXOPLASMA ANTIBODIES AMONG COUPLE REFFERED TO A PRE-MARRIAGE SCREENING CENTER IN DUHOK PROVINCE, IRAQ"
https://journal.uod.ac/index.php/uodjournal/article/view/2975,200,1,text/html,"FOREST POST FIRE IMPACT ON EARTHWORM BIOMASS AND ABUNDANCE IN ZAWITA (DUHOK PROVINCE) FORESTS  KURDISTAN REGION 
							| Journal of Duhok University"
https://journal.uod.ac/index.php/uodjournal/article/view/2975/1597,200,1,text/html,View of FOREST POST FIRE IMPACT ON EARTHWORM BIOMASS AND ABUNDANCE IN ZAWITA (DUHOK PROVINCE) FORESTS  KURDISTAN REGION
https://journal.uod.ac/index.php/uodjournal/article/view/2976,200,1,text/html,"دور الدين في التوسع الإستيطاني عند البدو (الأعراب – الأتراك) نموذجاً
							| Journal of Duhok University"
https://journal.uod.ac/index.php/uodjournal/article/view/2976/1598,200,1,text/html,View of دور الدين في التوسع الإستيطاني عند البدو (الأعراب – الأتراك) نموذجاً
https://journal.uod.ac/index.php/uodjournal/article/view/2979,200,1,text/html,"مبدأ مسؤولية الحماية في إطار القانون الدولي  دراسة تحليلية
							| Journal of Duhok University"
https://journal.uod.ac/index.php/uodjournal/article/view/2979/1600,200,1,text/html,View of مبدأ مسؤولية الحماية في إطار القانون الدولي  دراسة تحليلية
https://journal.uod.ac/index.php/uodjournal/article/view/2980,200,1,text/html,"A DEEP LEARNING MODEL WITH A NEW LOSS FUNCTION  FOR AGE ESTIMATION  
							| Journal of Duhok University"
https://journal.uod.ac/index.php/uodjournal/article/view/2980/1813,200,1,text/html,View of A DEEP LEARNING MODEL WITH A NEW LOSS FUNCTION  FOR AGE ESTIMATION
https://journal.uod.ac/index.php/uodjournal/article/view/2981,200,1,text/html,"COMPARISON OF HEALTHCARE AND COMMUNITY ASSOCIATED METHCILLIN RESISTANT STAPHYLOCOCCUS AUREUS USING PHENOTYPIC AND MOLECULAR ASSAYS IN HOSPITALS OF DUHOK PROVINCE, IRAQ
							| Journal of Duhok University"
https://journal.uod.ac/index.php/uodjournal/article/view/2981/1732,200,1,text/html,"View of COMPARISON OF HEALTHCARE AND COMMUNITY ASSOCIATED METHCILLIN RESISTANT STAPHYLOCOCCUS AUREUS USING PHENOTYPIC AND MOLECULAR ASSAYS IN HOSPITALS OF DUHOK PROVINCE, IRAQ"
https://journal.uod.ac/index.php/uodjournal/article/view/2982,200,1,text/html,"نشاط الانصار ""البيشمه ركه"" الشيوعيين"" الثقافي والاجتماعي والاقتصادي 1979-1991 في كوردستان العراق
							| Journal of Duhok University"
https://journal.uod.ac/index.php/uodjournal/article/view/2982/1603,200,1,text/html,"View of نشاط الانصار ""البيشمه ركه"" الشيوعيين"" الثقافي والاجتماعي والاقتصادي 1979-1991 في كوردستان العراق"
https://journal.uod.ac/index.php/uodjournal/article/view/2985,200,1,text/html,"استخدام تقنية Blockchain في تعزيز جودة المعلومات المحاسبية (دراسة استطلاعية لعينة من الأكاديميين والمهنيين في الجامعات الحكومية) 
							| Journal of Duhok University"
https://journal.uod.ac/index.php/uodjournal/article/view/2985/1604,200,1,text/html,View of استخدام تقنية Blockchain في تعزيز جودة المعلومات المحاسبية (دراسة استطلاعية لعينة من الأكاديميين والمهنيين في الجامعات الحكومية)
https://journal.uod.ac/index.php/uodjournal/article/view/2986,200,1,text/html,"القيادة التحويلية ودورها في تحقيق مرونة الموارد البشرية دراسه استطلاعية لاراء عينة من الموظفين في عدد من المصارف التجارية في محافظة دهوك
							| Journal of Duhok University"
https://journal.uod.ac/index.php/uodjournal/article/view/2986/1605,200,1,text/html,View of القيادة التحويلية ودورها في تحقيق مرونة الموارد البشرية دراسه استطلاعية لاراء عينة من الموظفين في عدد من المصارف التجارية في محافظة دهوك
https://journal.uod.ac/index.php/uodjournal/article/view/2989,200,1,text/html,"PRACTICALITY OF THE UTILIZATION OF THE PORTFOLIO TRANSLATION TEACHING
							| Journal of Duhok University"
https://journal.uod.ac/index.php/uodjournal/article/view/2989/1610,200,1,text/html,View of PRACTICALITY OF THE UTILIZATION OF THE PORTFOLIO TRANSLATION TEACHING
https://journal.uod.ac/index.php/uodjournal/article/view/299,200,1,text/html,"The Reflection of Humanism in Ezidy Religion Literature; Verses (Qawl) as Samples
							| Journal of Duhok University"
https://journal.uod.ac/index.php/uodjournal/article/view/299/248,200,1,text/html,View of The Reflection of Humanism in Ezidy Religion Literature; Verses (Qawl) as Samples
https://journal.uod.ac/index.php/uodjournal/article/view/2994,200,1,text/html,"قياس الكفاءة النسبية لكليات جامعة دهوك الحكومية باستخدام اسلوب تحليل مغلف البيانات (Data Envelopment Analysis) للفترة 2017- 2019
							| Journal of Duhok University"
https://journal.uod.ac/index.php/uodjournal/article/view/2994/1611,200,1,text/html,View of قياس الكفاءة النسبية لكليات جامعة دهوك الحكومية باستخدام اسلوب تحليل مغلف البيانات (Data Envelopment Analysis) للفترة 2017- 2019
https://journal.uod.ac/index.php/uodjournal/article/view/2995,200,1,text/html,"الصادرات المصنعة و أثرها على النمو الاقتصادي:  دراسة تطبيقية على بلدان مختارة للمدة (1999-2019)
							| Journal of Duhok University"
https://journal.uod.ac/index.php/uodjournal/article/view/2995/1612,200,1,text/html,View of الصادرات المصنعة و أثرها على النمو الاقتصادي:  دراسة تطبيقية على بلدان مختارة للمدة (1999-2019)
https://journal.uod.ac/index.php/uodjournal/article/view/2996,200,1,text/html,"فاعلية استخدام  انموذجي التحليل البنائي   (Appleton) و(Woods) في  تنمية مهارات الحس العددي لمادة الرياضيات  لدى طلبة الصف السابع الاساسي
							| Journal of Duhok University"
https://journal.uod.ac/index.php/uodjournal/article/view/2996/1613,200,1,text/html,View of فاعلية استخدام  انموذجي التحليل البنائي   (Appleton) و(Woods) في  تنمية مهارات الحس العددي لمادة الرياضيات  لدى طلبة الصف السابع الاساسي
https://journal.uod.ac/index.php/uodjournal/article/view/2997,200,1,text/html,"خواندنا تێکستا ( هزرێن ب وێر و نەوێر ) یاهۆزانڤان (شەمال ئاكرەی) ل دویڤ بنەمایێ  (ئەزموونا بەرێ) ل دەڤ (یاوس)ی
							| Journal of Duhok University"
https://journal.uod.ac/index.php/uodjournal/article/view/2997/1614,200,1,text/html,View of خواندنا تێکستا ( هزرێن ب وێر و نەوێر ) یاهۆزانڤان (شەمال ئاكرەی) ل دویڤ بنەمایێ  (ئەزموونا بەرێ) ل دەڤ (یاوس)ی
https://journal.uod.ac/index.php/uodjournal/article/view/2998,200,1,text/html,"تطورات القضية الصحراوية بين عامي (1963-1970)
							| Journal of Duhok University"
https://journal.uod.ac/index.php/uodjournal/article/view/2998/1615,200,1,text/html,View of تطورات القضية الصحراوية بين عامي (1963-1970)
https://journal.uod.ac/index.php/uodjournal/article/view/30,200,1,text/html,"KINETIC PARAMETERS OF PHENOL BIODEGRADATION WITH DIFFERENT MICROORGANISMS: A REVIEW
							| Journal of Duhok University"
https://journal.uod.ac/index.php/uodjournal/article/view/30/19,200,1,text/html,View of KINETIC PARAMETERS OF PHENOL BIODEGRADATION WITH DIFFERENT MICROORGANISMS: A REVIEW
https://journal.uod.ac/index.php/uodjournal/article/view/300,200,1,text/html,"The Effect of Constructivist Learning Model for Teaching Biology in Developing the Scientific Thinking of Year Four Female Students
							| Journal of Duhok University"
https://journal.uod.ac/index.php/uodjournal/article/view/300/249,200,1,text/html,View of The Effect of Constructivist Learning Model for Teaching Biology in Developing the Scientific Thinking of Year Four Female Students
https://journal.uod.ac/index.php/uodjournal/article/view/3000,200,1,text/html,"سةقامطيرييا سياسى و رؤلىَ دةستهةلاتا تةشريعى د بةرقراركرنا وىَ دا
							| Journal of Duhok University"
https://journal.uod.ac/index.php/uodjournal/article/view/3000/1616,200,1,text/html,View of سةقامطيرييا سياسى و رؤلىَ دةستهةلاتا تةشريعى د بةرقراركرنا وىَ دا
https://journal.uod.ac/index.php/uodjournal/article/view/3001,200,1,text/html,"""THE IMPACT OF FOREIGN TRADE ON THE NUMEROUS OF ECONOMIC SECTORS IN IRAQ FOR THE PERIOD (2003–2021)""
							| Journal of Duhok University"
https://journal.uod.ac/index.php/uodjournal/article/view/3001/1617,200,1,text/html,"View of ""THE IMPACT OF FOREIGN TRADE ON THE NUMEROUS OF ECONOMIC SECTORS IN IRAQ FOR THE PERIOD (2003–2021)"""
https://journal.uod.ac/index.php/uodjournal/article/view/3002,200,1,text/html,"التقديم والتأخير في ديوان الشعر العربي لأدونيس -نماذج مختارة-
							| Journal of Duhok University"
https://journal.uod.ac/index.php/uodjournal/article/view/3002/1618,200,1,text/html,View of التقديم والتأخير في ديوان الشعر العربي لأدونيس -نماذج مختارة-
https://journal.uod.ac/index.php/uodjournal/article/view/3003,200,1,text/html,"چاوانییا مفاوەرگرتنێ ژ نۆستالژیایێ بۆ وەرارا تەکنیکا مۆنۆلۆگێ د ڕۆمانێدا –  ڕۆمانا ''ستۆکهۆلمێ تە چ دیت بێژە'' یا (باڤێ نازێ) وەك نموونە –
							| Journal of Duhok University"
https://journal.uod.ac/index.php/uodjournal/article/view/3003/1619,200,1,text/html,View of چاوانییا مفاوەرگرتنێ ژ نۆستالژیایێ بۆ وەرارا تەکنیکا مۆنۆلۆگێ د ڕۆمانێدا –  ڕۆمانا ''ستۆکهۆلمێ تە چ دیت بێژە'' یا (باڤێ نازێ) وەك نموونە –
https://journal.uod.ac/index.php/uodjournal/article/view/3004,200,1,text/html,"الموقف العام للمسلمين من التوغل المغولي في العالم الإسلامي وسقوط بغداد (616 – 656هـ/1219-1258م) 
							| Journal of Duhok University"
https://journal.uod.ac/index.php/uodjournal/article/view/3004/1620,200,1,text/html,View of الموقف العام للمسلمين من التوغل المغولي في العالم الإسلامي وسقوط بغداد (616 – 656هـ/1219-1258م)
https://journal.uod.ac/index.php/uodjournal/article/view/3005,200,1,text/html,"العنف الزواجي وعلاقته باساليب مواجهة أحداث الحياة لدى الموظفات في جامعة دهوك
							| Journal of Duhok University"
https://journal.uod.ac/index.php/uodjournal/article/view/3005/1621,200,1,text/html,View of العنف الزواجي وعلاقته باساليب مواجهة أحداث الحياة لدى الموظفات في جامعة دهوك
https://journal.uod.ac/index.php/uodjournal/article/view/3007,200,1,text/html,"تقييم أداء المحفظة المثلى غير المحوطة والمحوطة بالإستراتيجيات المتوازنة لعقود الخيارات المالية دراسة تطبيقية للسوق المالي السعودي للمدة 2010– 2020
							| Journal of Duhok University"
https://journal.uod.ac/index.php/uodjournal/article/view/3007/1622,200,1,text/html,View of تقييم أداء المحفظة المثلى غير المحوطة والمحوطة بالإستراتيجيات المتوازنة لعقود الخيارات المالية دراسة تطبيقية للسوق المالي السعودي للمدة 2010– 2020
https://journal.uod.ac/index.php/uodjournal/article/view/3008,200,1,text/html,"هەولێن ئەمریکا بۆ ناڤبژیوانیکرنێ دناڤبەرا (پ.د.ک) و (ی.ن.ک) دماوێ شەرێ نافخۆیی دا ل هەرێما کوردستانێ-عیراق 1994-1998
							| Journal of Duhok University"
https://journal.uod.ac/index.php/uodjournal/article/view/3008/1623,200,1,text/html,View of هەولێن ئەمریکا بۆ ناڤبژیوانیکرنێ دناڤبەرا (پ.د.ک) و (ی.ن.ک) دماوێ شەرێ نافخۆیی دا ل هەرێما کوردستانێ-عیراق 1994-1998
https://journal.uod.ac/index.php/uodjournal/article/view/3009,200,1,text/html,"شێوە و پێکهاتەیێن هایبێردزێشنا زمانی د تێکستێ ئەدەبیدا  -   ڕومانا ""ژانێن سیناهیێ"" - وەکو نموونە
							| Journal of Duhok University"
https://journal.uod.ac/index.php/uodjournal/article/view/3009/1624,200,1,text/html,"View of شێوە و پێکهاتەیێن هایبێردزێشنا زمانی د تێکستێ ئەدەبیدا  -   ڕومانا ""ژانێن سیناهیێ"" - وەکو نموونە"
https://journal.uod.ac/index.php/uodjournal/article/view/3010,200,1,text/html,"دور الاستراتيجيات البسيطة واستراتيجيات التذبذب لعقود الخيارات المالية في تحويط المحفظة الاستثمارية المثلى
							| Journal of Duhok University"
https://journal.uod.ac/index.php/uodjournal/article/view/3010/1625,200,1,text/html,View of دور الاستراتيجيات البسيطة واستراتيجيات التذبذب لعقود الخيارات المالية في تحويط المحفظة الاستثمارية المثلى
https://journal.uod.ac/index.php/uodjournal/article/view/3015,200,1,text/html,"موقف الدولة الفاطمية من الصليبين دراسة في كتاب ""النجوم الزاهرة لملوك مصر والقاهرة""  للمؤرخ ابن تغري بردي(ت874ه/1469م)
							| Journal of Duhok University"
https://journal.uod.ac/index.php/uodjournal/article/view/3015/1636,200,1,text/html,"View of موقف الدولة الفاطمية من الصليبين دراسة في كتاب ""النجوم الزاهرة لملوك مصر والقاهرة""  للمؤرخ ابن تغري بردي(ت874ه/1469م)"
https://journal.uod.ac/index.php/uodjournal/article/view/3016,200,1,text/html,"سیمایێن کورتە چیرۆکا ژنێ ل دەڤەرا بەهدینان ل بەر روناهیا فیمینیزمێ
							| Journal of Duhok University"
https://journal.uod.ac/index.php/uodjournal/article/view/3016/1637,200,1,text/html,View of سیمایێن کورتە چیرۆکا ژنێ ل دەڤەرا بەهدینان ل بەر روناهیا فیمینیزمێ
https://journal.uod.ac/index.php/uodjournal/article/view/3017,200,1,text/html,"هەلویستێ بریتانیا ژ شەرێ ئیران و عێراقێ ((1988-1980
							| Journal of Duhok University"
https://journal.uod.ac/index.php/uodjournal/article/view/3017/1630,200,1,text/html,View of هەلویستێ بریتانیا ژ شەرێ ئیران و عێراقێ ((1988-1980
https://journal.uod.ac/index.php/uodjournal/article/view/3018,200,1,text/html,"التكيف الأكاديمي لدى التلاميذ الموهوبين في إقليم كوردستان العراق 
							| Journal of Duhok University"
https://journal.uod.ac/index.php/uodjournal/article/view/3018/1631,200,1,text/html,View of التكيف الأكاديمي لدى التلاميذ الموهوبين في إقليم كوردستان العراق
https://journal.uod.ac/index.php/uodjournal/article/view/3019,200,1,text/html,"كەسایەتی د رۆمانا (شەڤێن پراگ) یا (حەسەن ئیبراهیم)ی ل دویڤ تیورا دەروونشیكاریا  (ئێریك فرۆم)ی
							| Journal of Duhok University"
https://journal.uod.ac/index.php/uodjournal/article/view/3019/1632,200,1,text/html,View of كەسایەتی د رۆمانا (شەڤێن پراگ) یا (حەسەن ئیبراهیم)ی ل دویڤ تیورا دەروونشیكاریا  (ئێریك فرۆم)ی
https://journal.uod.ac/index.php/uodjournal/article/view/3020,200,1,text/html,"المحدثون والرواة الكُرد الشيعة إلامامية خلال القرون 2-5ه/8-11م
							| Journal of Duhok University"
https://journal.uod.ac/index.php/uodjournal/article/view/3020/1633,200,1,text/html,View of المحدثون والرواة الكُرد الشيعة إلامامية خلال القرون 2-5ه/8-11م
https://journal.uod.ac/index.php/uodjournal/article/view/3021,200,1,text/html,"INFLUENCE OF SUPPLEMENTATION OF DIETARY WITH VARYING LEVELS OF  L-CARNITINE ON LAYING PERFORMANCE AND EGG QUALITY PARAMETERS IN DIFFERENT LINES OF KURDISH QUAILS
							| Journal of Duhok University"
https://journal.uod.ac/index.php/uodjournal/article/view/3021/1638,200,1,text/html,View of INFLUENCE OF SUPPLEMENTATION OF DIETARY WITH VARYING LEVELS OF  L-CARNITINE ON LAYING PERFORMANCE AND EGG QUALITY PARAMETERS IN DIFFERENT LINES OF KURDISH QUAILS
https://journal.uod.ac/index.php/uodjournal/article/view/3022,200,1,text/html,"ESTABLISHING SOLAR GREENHOUSE KILN DRYING SCHEDULES FOR TWO THICKNESSES OF EUCALYPTUS CAMALDULENSIS DEHN. LUMBER IN THE GOVERNORATE OF DOHUK, IRAQ
							| Journal of Duhok University"
https://journal.uod.ac/index.php/uodjournal/article/view/3022/1651,200,1,text/html,"View of ESTABLISHING SOLAR GREENHOUSE KILN DRYING SCHEDULES FOR TWO THICKNESSES OF EUCALYPTUS CAMALDULENSIS DEHN. LUMBER IN THE GOVERNORATE OF DOHUK, IRAQ"
https://journal.uod.ac/index.php/uodjournal/article/view/303,200,1,text/html,"Literary Plagiarism and Copyright Protection: A Study in Academic Ethics and Copyright Law
							| Journal of Duhok University"
https://journal.uod.ac/index.php/uodjournal/article/view/303/253,200,1,text/html,View of Literary Plagiarism and Copyright Protection: A Study in Academic Ethics and Copyright Law
https://journal.uod.ac/index.php/uodjournal/article/view/3031,200,1,text/html,"DETECTION OF COMMON BACTERIAL AND VIRAL PATHOGENS CAUSING COMMUNITY ACQUIRED PNEUMONIA USING RT-PCR  AND ITS CORRELATION WITH SOME CLINICAL AND  DEMOGRAPHIC PARAMETERS
							| Journal of Duhok University"
https://journal.uod.ac/index.php/uodjournal/article/view/3031/1643,200,1,text/html,View of DETECTION OF COMMON BACTERIAL AND VIRAL PATHOGENS CAUSING COMMUNITY ACQUIRED PNEUMONIA USING RT-PCR  AND ITS CORRELATION WITH SOME CLINICAL AND  DEMOGRAPHIC PARAMETERS
https://journal.uod.ac/index.php/uodjournal/article/view/3034,200,1,text/html,"الصـورة الإستعارية في شعر (( حسن طه السنجاري ))
							| Journal of Duhok University"
https://journal.uod.ac/index.php/uodjournal/article/view/3034/1645,200,1,text/html,View of الصـورة الإستعارية في شعر (( حسن طه السنجاري ))
https://journal.uod.ac/index.php/uodjournal/article/view/3035,200,1,text/html,"أثر هيكل الملكية وخصائص أعضاء مجلس الادارة في جودة الأرباح دراسة تحليلية لعينة من الشركات الصناعية المدرجة في سوق العراق للأوراق المالية للمدة 2018 - 2021
							| Journal of Duhok University"
https://journal.uod.ac/index.php/uodjournal/article/view/3035/1646,200,1,text/html,View of أثر هيكل الملكية وخصائص أعضاء مجلس الادارة في جودة الأرباح دراسة تحليلية لعينة من الشركات الصناعية المدرجة في سوق العراق للأوراق المالية للمدة 2018 - 2021
https://journal.uod.ac/index.php/uodjournal/article/view/3036,200,1,text/html,"دور القيادة الريادية في مواجهة الازمات التسويقية دراسة استطلاعية من وجهة نظر الإداريين في عدد من شركات الاتصالات في محافظة دهوك
							| Journal of Duhok University"
https://journal.uod.ac/index.php/uodjournal/article/view/3036/1647,200,1,text/html,View of دور القيادة الريادية في مواجهة الازمات التسويقية دراسة استطلاعية من وجهة نظر الإداريين في عدد من شركات الاتصالات في محافظة دهوك
https://journal.uod.ac/index.php/uodjournal/article/view/3037,200,1,text/html,"أزدواجية العلاقة بين المرأة والشعر والشعراء في التاريخ الإسلامي (41 – 232هـ/660 – 846م) دراسة تاريخية تحليلة
							| Journal of Duhok University"
https://journal.uod.ac/index.php/uodjournal/article/view/3037/1648,200,1,text/html,View of أزدواجية العلاقة بين المرأة والشعر والشعراء في التاريخ الإسلامي (41 – 232هـ/660 – 846م) دراسة تاريخية تحليلة
https://journal.uod.ac/index.php/uodjournal/article/view/3039,200,1,text/html,"ڕۆلێ مەسیحییان یێ شارستانی ل ژێر سیبەرا دەولەتا ئێلخانی (٦٥٦-٧٣٦ك/١٢٥٨-١٣٣٥ز) ڤەکۆلینا موستەل ژ دکتورناما (مەسیحی ل ژێر سیبەرا دەولەتا ئێخانی ٦٥٦-٧٣٦ك/١٢٥٨-١٣٣٥ز) خواندنەکا مێژوویی - شرۆڤەکاری
							| Journal of Duhok University"
https://journal.uod.ac/index.php/uodjournal/article/view/3039/1650,200,1,text/html,View of ڕۆلێ مەسیحییان یێ شارستانی ل ژێر سیبەرا دەولەتا ئێلخانی (٦٥٦-٧٣٦ك/١٢٥٨-١٣٣٥ز) ڤەکۆلینا موستەل ژ دکتورناما (مەسیحی ل ژێر سیبەرا دەولەتا ئێخانی ٦٥٦-٧٣٦ك/١٢٥٨-١٣٣٥ز) خواندنەکا مێژوویی - شرۆڤەکاری
https://journal.uod.ac/index.php/uodjournal/article/view/304,200,1,text/html,"The Mountain Region during the Period of Rule of Pahalawani Mamāleek 1199-1218
							| Journal of Duhok University"
https://journal.uod.ac/index.php/uodjournal/article/view/304/251,200,1,text/html,View of The Mountain Region during the Period of Rule of Pahalawani Mamāleek 1199-1218
https://journal.uod.ac/index.php/uodjournal/article/view/305,200,1,text/html,"Teaching Performance of Physical Education Teachers in Primary Schools from the Perspective of the Theory of Interest
							| Journal of Duhok University"
https://journal.uod.ac/index.php/uodjournal/article/view/305/254,200,1,text/html,View of Teaching Performance of Physical Education Teachers in Primary Schools from the Perspective of the Theory of Interest
https://journal.uod.ac/index.php/uodjournal/article/view/306,200,1,text/html,"Hollywood Films are a Dramatic Embodiment of the Long-Term US Foreign Policy Plan: An Analytical Study of Films Preceded the Real Events
							| Journal of Duhok University"
https://journal.uod.ac/index.php/uodjournal/article/view/306/255,200,1,text/html,View of Hollywood Films are a Dramatic Embodiment of the Long-Term US Foreign Policy Plan: An Analytical Study of Films Preceded the Real Events
https://journal.uod.ac/index.php/uodjournal/article/view/307,200,1,text/html,"Exports of the Kurds during the Abbasid Period (961-1055)
							| Journal of Duhok University"
https://journal.uod.ac/index.php/uodjournal/article/view/307/256,200,1,text/html,View of Exports of the Kurds during the Abbasid Period (961-1055)
https://journal.uod.ac/index.php/uodjournal/article/view/308,200,1,text/html,"The Reported Speech Act in Maccan Surah
							| Journal of Duhok University"
https://journal.uod.ac/index.php/uodjournal/article/view/308/257,200,1,text/html,View of The Reported Speech Act in Maccan Surah
https://journal.uod.ac/index.php/uodjournal/article/view/31,200,1,text/html,"PERFORMANCE EVALUATION OF DOHUK WATER TREATMENT PLANT
							| Journal of Duhok University"
https://journal.uod.ac/index.php/uodjournal/article/view/31/20,200,1,text/html,View of PERFORMANCE EVALUATION OF DOHUK WATER TREATMENT PLANT
https://journal.uod.ac/index.php/uodjournal/article/view/311,200,1,text/html,"FIRST RECORD OF BACTERIAL GALL OF CHINABERRY CAUSED BY Pseudomonas meliae IN DUHOK, KURDISTAN REGION, IRAQ
							| Journal of Duhok University"
https://journal.uod.ac/index.php/uodjournal/article/view/311/194,200,1,text/html,"View of FIRST RECORD OF BACTERIAL GALL OF CHINABERRY CAUSED BY Pseudomonas meliae IN DUHOK, KURDISTAN REGION, IRAQ"
https://journal.uod.ac/index.php/uodjournal/article/view/3111,200,1,text/html,"THE NEXUS OF LANGUAGE AND VALUES: A STUDY OF THE INTEGRATION OF MORAL EDUCATION IN EFL TEXTBOOKS FOR BASIC SCHOOL CURRICULUM IN KURDISTAN
							| Journal of Duhok University"
https://journal.uod.ac/index.php/uodjournal/article/view/3111/1729,200,1,text/html,View of THE NEXUS OF LANGUAGE AND VALUES: A STUDY OF THE INTEGRATION OF MORAL EDUCATION IN EFL TEXTBOOKS FOR BASIC SCHOOL CURRICULUM IN KURDISTAN
https://journal.uod.ac/index.php/uodjournal/article/view/3112,200,1,text/html,"هه‌لویستێ په‌رله‌مانێ مسرێ ژ په‌یوه‌ندیێن مسرى – به‌ریتانى  (1924-1936 خواندنه‌كا مێژوویى)
							| Journal of Duhok University"
https://journal.uod.ac/index.php/uodjournal/article/view/3112/1733,200,1,text/html,View of هه‌لویستێ په‌رله‌مانێ مسرێ ژ په‌یوه‌ندیێن مسرى – به‌ریتانى  (1924-1936 خواندنه‌كا مێژوویى)
https://journal.uod.ac/index.php/uodjournal/article/view/3113,200,1,text/html,"A CRITICAL DISCOURSE ANALYSIS OF THE KURDISH QUESTION WITH FOCUS ON THE DENIAL STRATEGIES
							| Journal of Duhok University"
https://journal.uod.ac/index.php/uodjournal/article/view/3113/1734,200,1,text/html,View of A CRITICAL DISCOURSE ANALYSIS OF THE KURDISH QUESTION WITH FOCUS ON THE DENIAL STRATEGIES
https://journal.uod.ac/index.php/uodjournal/article/view/3114,200,1,text/html,"BLOCKCHAIN; POSSIBLE APPLICATION IN BANKING SECTOR A SYSTEMATIC REVIEW OF OPPORTUNITIES AND CHALLENGES 
							| Journal of Duhok University"
https://journal.uod.ac/index.php/uodjournal/article/view/3114/1735,200,1,text/html,View of BLOCKCHAIN; POSSIBLE APPLICATION IN BANKING SECTOR A SYSTEMATIC REVIEW OF OPPORTUNITIES AND CHALLENGES
https://journal.uod.ac/index.php/uodjournal/article/view/3115,200,1,text/html,"APPLYING BAKER’S REFRAMING STRATEGIES TO TEXTS TRANSLATED FROM ENGLISH INTO BAHDINI KURDISH
							| Journal of Duhok University"
https://journal.uod.ac/index.php/uodjournal/article/view/3115/1737,200,1,text/html,View of APPLYING BAKER’S REFRAMING STRATEGIES TO TEXTS TRANSLATED FROM ENGLISH INTO BAHDINI KURDISH
https://journal.uod.ac/index.php/uodjournal/article/view/3117,200,1,text/html,"""محددات أتعاب التدقيق: دراسة تطبيقية للمصارف المدرجة في سوق العراق للأوراق المالية""
							| Journal of Duhok University"
https://journal.uod.ac/index.php/uodjournal/article/view/3117/1739,200,1,text/html,"View of ""محددات أتعاب التدقيق: دراسة تطبيقية للمصارف المدرجة في سوق العراق للأوراق المالية"""
https://journal.uod.ac/index.php/uodjournal/article/view/3118,200,1,text/html,"THE GENETIC DIVERSITY AND ANCESTRY OF A SMALL  SAMPLE FROM GREATER KURDISTAN: INSIGHTS  FROM DNA SEQUENCING RESULTS
							| Journal of Duhok University"
https://journal.uod.ac/index.php/uodjournal/article/view/3118/1740,200,1,text/html,View of THE GENETIC DIVERSITY AND ANCESTRY OF A SMALL  SAMPLE FROM GREATER KURDISTAN: INSIGHTS  FROM DNA SEQUENCING RESULTS
https://journal.uod.ac/index.php/uodjournal/article/view/312,200,1,text/html,"ASSESSMENT OF AQUACROP MODEL IN PREDICTION MAIZE HYBIRDS YILD BY SIMULATION PRODUCTION UNDER DEFICIT IRRIGATION
							| Journal of Duhok University"
https://journal.uod.ac/index.php/uodjournal/article/view/312/195,200,1,text/html,View of ASSESSMENT OF AQUACROP MODEL IN PREDICTION MAIZE HYBIRDS YILD BY SIMULATION PRODUCTION UNDER DEFICIT IRRIGATION
https://journal.uod.ac/index.php/uodjournal/article/view/3121,200,1,text/html,"دور تخطيط الموارد البشرية في تطبيق إدارة الموارد البشرية الخضراء دراسة لآراء عينة من القيادات الإدارية في عدد من مدراس محافظة دهوك 
							| Journal of Duhok University"
https://journal.uod.ac/index.php/uodjournal/article/view/3121/1743,200,1,text/html,View of دور تخطيط الموارد البشرية في تطبيق إدارة الموارد البشرية الخضراء دراسة لآراء عينة من القيادات الإدارية في عدد من مدراس محافظة دهوك
https://journal.uod.ac/index.php/uodjournal/article/view/3122,200,1,text/html,"هه‌لویستێ هنده‌ك وه‌لاتێن ئه‌وروپى ژپه‌نابه‌رێن كورد ل ئیرانێ 1974- 1977
							| Journal of Duhok University"
https://journal.uod.ac/index.php/uodjournal/article/view/3122/1744,200,1,text/html,View of هه‌لویستێ هنده‌ك وه‌لاتێن ئه‌وروپى ژپه‌نابه‌رێن كورد ل ئیرانێ 1974- 1977
https://journal.uod.ac/index.php/uodjournal/article/view/3123,200,1,text/html,"ئه‌گه‌رێن بەرپابوونا شۆڕه‌شا ئه‌یلوولێ ب دیتنا حكوومه‌تا عێراقێ ل سه‌رده‌مێ عه‌بدولكه‌ریم قاسمی 1961- 1963 دڕۆژنامه‌گه‌رییا عێڕاقێدا
							| Journal of Duhok University"
https://journal.uod.ac/index.php/uodjournal/article/view/3123/1747,200,1,text/html,View of ئه‌گه‌رێن بەرپابوونا شۆڕه‌شا ئه‌یلوولێ ب دیتنا حكوومه‌تا عێراقێ ل سه‌رده‌مێ عه‌بدولكه‌ریم قاسمی 1961- 1963 دڕۆژنامه‌گه‌رییا عێڕاقێدا
https://journal.uod.ac/index.php/uodjournal/article/view/3124,200,1,text/html,"کورد و وەرگرتنا پوستێ ویلایەتا قاهیرە ل سەردەمێ مەمالیکان (648-923ک/1250-1517ز)
							| Journal of Duhok University"
https://journal.uod.ac/index.php/uodjournal/article/view/3124/1748,200,1,text/html,View of کورد و وەرگرتنا پوستێ ویلایەتا قاهیرە ل سەردەمێ مەمالیکان (648-923ک/1250-1517ز)
https://journal.uod.ac/index.php/uodjournal/article/view/3125,200,1,text/html,"رولێ زانایێن کورد ل حەرەمێن پیروز د پەرتوکا (الضوء اللامع لأهل القرن التاسع) یا السخاوي  (م: 902مش/1497ز)دا
							| Journal of Duhok University"
https://journal.uod.ac/index.php/uodjournal/article/view/3125/1749,200,1,text/html,View of رولێ زانایێن کورد ل حەرەمێن پیروز د پەرتوکا (الضوء اللامع لأهل القرن التاسع) یا السخاوي  (م: 902مش/1497ز)دا
https://journal.uod.ac/index.php/uodjournal/article/view/3126,200,1,text/html,"ANEMIA IN PRESCHOOL CHILDREN AND ITS ASSOCIATION  WITH NUTRITIONAL STATUS AND OTHER FACTORS IN DUHOK PROVINCE, IRAQ
							| Journal of Duhok University"
https://journal.uod.ac/index.php/uodjournal/article/view/3126/1753,200,1,text/html,"View of ANEMIA IN PRESCHOOL CHILDREN AND ITS ASSOCIATION  WITH NUTRITIONAL STATUS AND OTHER FACTORS IN DUHOK PROVINCE, IRAQ"
https://journal.uod.ac/index.php/uodjournal/article/view/3127,200,1,text/html,"PROTECTIVE EFFECTS OF CRUDE FLAVONOIDS AND ALKALOIDS EXTRACTS OF MATRICARIA CHAMOMILLA L. IN CHICKS AGAINST PENTYLENETETRAZOLE-INDUCED CONVULSIONS
							| Journal of Duhok University"
https://journal.uod.ac/index.php/uodjournal/article/view/3127/1752,200,1,text/html,View of PROTECTIVE EFFECTS OF CRUDE FLAVONOIDS AND ALKALOIDS EXTRACTS OF MATRICARIA CHAMOMILLA L. IN CHICKS AGAINST PENTYLENETETRAZOLE-INDUCED CONVULSIONS
https://journal.uod.ac/index.php/uodjournal/article/view/313,200,1,text/html,"CROP WATER PRODUCTIVITY AND IRRIGATIONCROP WATER PRODUCTIVITY AS  INFLUNCEDBYMAIZE(Zea mays  L.) GENOTYPES AND IRRIGATION QUALITY USING AQUACROP MODEL
							| Journal of Duhok University"
https://journal.uod.ac/index.php/uodjournal/article/view/313/196,200,1,text/html,View of CROP WATER PRODUCTIVITY AND IRRIGATIONCROP WATER PRODUCTIVITY AS  INFLUNCEDBYMAIZE(Zea mays  L.) GENOTYPES AND IRRIGATION QUALITY USING AQUACROP MODEL
https://journal.uod.ac/index.php/uodjournal/article/view/3134,200,1,text/html,"NORA'S DEVELOPMENTAL TRAJECTORY AS A LABYRINTH  OF REALITY: A FEMINIST READING OF MATT HAIG'S  THE MIDNIGHT LIBRARY
							| Journal of Duhok University"
https://journal.uod.ac/index.php/uodjournal/article/view/3134/1754,200,1,text/html,View of NORA'S DEVELOPMENTAL TRAJECTORY AS A LABYRINTH  OF REALITY: A FEMINIST READING OF MATT HAIG'S  THE MIDNIGHT LIBRARY
https://journal.uod.ac/index.php/uodjournal/article/view/3136,200,1,text/html,"ستراتيذييةتيَن رِيَزطرتنىَ ل دةظ  قوتابيييَن زانكؤيا زاخؤ ل دويظ موديَلا (براون و ليظنسن)ى
							| Journal of Duhok University"
https://journal.uod.ac/index.php/uodjournal/article/view/3136/1755,200,1,text/html,View of ستراتيذييةتيَن رِيَزطرتنىَ ل دةظ  قوتابيييَن زانكؤيا زاخؤ ل دويظ موديَلا (براون و ليظنسن)ى
https://journal.uod.ac/index.php/uodjournal/article/view/3137,200,1,text/html,"زاڵبوونا نڤشى لسه‌ر پێكهێنه‌رێن گرێیا ناڤییا ساده‌یا مه‌زنكرى دگۆڤه‌را هه‌ورامیدا
							| Journal of Duhok University"
https://journal.uod.ac/index.php/uodjournal/article/view/3137/1756,200,1,text/html,View of زاڵبوونا نڤشى لسه‌ر پێكهێنه‌رێن گرێیا ناڤییا ساده‌یا مه‌زنكرى دگۆڤه‌را هه‌ورامیدا
https://journal.uod.ac/index.php/uodjournal/article/view/3140,200,1,text/html,"ڕه‌نگڤه‌دانا فۆلكلۆرى د ڕۆمانا (هیلێن سۆر) یا هزرڤانيدا وه‌كو نموونه‌
							| Journal of Duhok University"
https://journal.uod.ac/index.php/uodjournal/article/view/3140/1757,200,1,text/html,View of ڕه‌نگڤه‌دانا فۆلكلۆرى د ڕۆمانا (هیلێن سۆر) یا هزرڤانيدا وه‌كو نموونه‌
https://journal.uod.ac/index.php/uodjournal/article/view/3141,200,1,text/html,"المعتقدات المعرفية لدى تدريسي مادة التاريخ في جامعات اقليم كوردستان – العراق 
							| Journal of Duhok University"
https://journal.uod.ac/index.php/uodjournal/article/view/3141/1758,200,1,text/html,View of المعتقدات المعرفية لدى تدريسي مادة التاريخ في جامعات اقليم كوردستان – العراق
https://journal.uod.ac/index.php/uodjournal/article/view/3144,200,1,text/html,"EFFECTS OF A NEW RECORDED VARIETY OF SUMAC (RHUS CORIARIA VAR. ZEBARIA) AS DIETARY SUPPLEMENTATION ON GROWTH PERFORMANCE, CARCASS COMPOSITION AND BLOOD PARAMETERS OF COMMON CARP (CYPRINUS CARPIO L.) JUVENILES
							| Journal of Duhok University"
https://journal.uod.ac/index.php/uodjournal/article/view/3144/1759,200,1,text/html,"View of EFFECTS OF A NEW RECORDED VARIETY OF SUMAC (RHUS CORIARIA VAR. ZEBARIA) AS DIETARY SUPPLEMENTATION ON GROWTH PERFORMANCE, CARCASS COMPOSITION AND BLOOD PARAMETERS OF COMMON CARP (CYPRINUS CARPIO L.) JUVENILES"
https://journal.uod.ac/index.php/uodjournal/article/view/3146,200,1,text/html,"LANDSCAPING IN SULAYMANIYAH CITY'S LUXURIOUS HOTELS BASED ON GUESTS' NEEDS AND ENVIRONMENTAL CONDITIONS
							| Journal of Duhok University"
https://journal.uod.ac/index.php/uodjournal/article/view/3146/1760,200,1,text/html,View of LANDSCAPING IN SULAYMANIYAH CITY'S LUXURIOUS HOTELS BASED ON GUESTS' NEEDS AND ENVIRONMENTAL CONDITIONS
https://journal.uod.ac/index.php/uodjournal/article/view/315,200,1,text/html,"HERITABILITY AND EVALUATION FOR SOME GENETIC PARAMETERS IN SINGLE CROSS HYBRIDS OF MAIZE (Zea Mays) TRAITS
							| Journal of Duhok University"
https://journal.uod.ac/index.php/uodjournal/article/view/315/197,200,1,text/html,View of HERITABILITY AND EVALUATION FOR SOME GENETIC PARAMETERS IN SINGLE CROSS HYBRIDS OF MAIZE (Zea Mays) TRAITS
https://journal.uod.ac/index.php/uodjournal/article/view/3153,200,1,text/html,"THE EFFECT OF THE DISJUNCTION FEATURES ON ACADEMIC PRODUCT  (DEPT. OF ARCHITECTURE, UOD AS A CASE STUDY)
							| Journal of Duhok University"
https://journal.uod.ac/index.php/uodjournal/article/view/3153/1763,200,1,text/html,"View of THE EFFECT OF THE DISJUNCTION FEATURES ON ACADEMIC PRODUCT  (DEPT. OF ARCHITECTURE, UOD AS A CASE STUDY)"
https://journal.uod.ac/index.php/uodjournal/article/view/3154,200,1,text/html,"FACILITATE THE PROCESS OF A HOLONIC MANUFACTURING SYSTEM BASED ON THE WHALE OPTIMIZATION ALGORITHM WITH RANDOM FOREST
							| Journal of Duhok University"
https://journal.uod.ac/index.php/uodjournal/article/view/3154/1764,200,1,text/html,View of FACILITATE THE PROCESS OF A HOLONIC MANUFACTURING SYSTEM BASED ON THE WHALE OPTIMIZATION ALGORITHM WITH RANDOM FOREST
https://journal.uod.ac/index.php/uodjournal/article/view/316,200,1,text/html,"THE USE OF MOSQUITO NET FOR REPAIRING ABDOMINAL HERNIAS  IN ANGORA GOATS
							| Journal of Duhok University"
https://journal.uod.ac/index.php/uodjournal/article/view/316/198,200,1,text/html,View of THE USE OF MOSQUITO NET FOR REPAIRING ABDOMINAL HERNIAS  IN ANGORA GOATS
https://journal.uod.ac/index.php/uodjournal/article/view/3161,200,1,text/html,"TREND ANALYSIS, MODELING AND INTERPOLATION OF REFERENCE EVAPOTRANSPIRATION TIME SERIES IN THE SEMI ARID REGION OF DUHOK GOVERNORATE
							| Journal of Duhok University"
https://journal.uod.ac/index.php/uodjournal/article/view/3161/1765,200,1,text/html,"View of TREND ANALYSIS, MODELING AND INTERPOLATION OF REFERENCE EVAPOTRANSPIRATION TIME SERIES IN THE SEMI ARID REGION OF DUHOK GOVERNORATE"
https://journal.uod.ac/index.php/uodjournal/article/view/3162,200,1,text/html,"LOCALIZATION OF MENTAL FORAMEN IN KURDISH PEOPLE IN DUHOK CITY BY CONE-BEAM COMPUTED TOMOGRAPHY
							| Journal of Duhok University"
https://journal.uod.ac/index.php/uodjournal/article/view/3162/1794,200,1,text/html,View of LOCALIZATION OF MENTAL FORAMEN IN KURDISH PEOPLE IN DUHOK CITY BY CONE-BEAM COMPUTED TOMOGRAPHY
https://journal.uod.ac/index.php/uodjournal/article/view/3163,200,1,text/html,"THE ELECTRONIC STRUCTURE, STABILITY, THERMODYNAMICS AND VIBRATIONAL STUDY OF CIS ALKENYL SUBSTITUTED CHALCONES BY DENSITY FUNCTIONAL THEORY CALCULATIONS
							| Journal of Duhok University"
https://journal.uod.ac/index.php/uodjournal/article/view/3163/1793,200,1,text/html,"View of THE ELECTRONIC STRUCTURE, STABILITY, THERMODYNAMICS AND VIBRATIONAL STUDY OF CIS ALKENYL SUBSTITUTED CHALCONES BY DENSITY FUNCTIONAL THEORY CALCULATIONS"
https://journal.uod.ac/index.php/uodjournal/article/view/3164,200,1,text/html,"A REVIEW ARTICLE ON MECHANICAL PROPERTIES OF POROUS ASPHALT MIXTURE
							| Journal of Duhok University"
https://journal.uod.ac/index.php/uodjournal/article/view/3164/1792,200,1,text/html,View of A REVIEW ARTICLE ON MECHANICAL PROPERTIES OF POROUS ASPHALT MIXTURE
https://journal.uod.ac/index.php/uodjournal/article/view/3165,200,1,text/html,"رِيَككةفتنا واشنتن و ب دووماهى ئينانا شةرىَ نافخوَيى دناظبةرا ثارتى ديموكراتى كوردستان  و ئيَكةتى نيشتمانى كوردستان دا
							| Journal of Duhok University"
https://journal.uod.ac/index.php/uodjournal/article/view/3165/1796,200,1,text/html,View of رِيَككةفتنا واشنتن و ب دووماهى ئينانا شةرىَ نافخوَيى دناظبةرا ثارتى ديموكراتى كوردستان  و ئيَكةتى نيشتمانى كوردستان دا
https://journal.uod.ac/index.php/uodjournal/article/view/3168,200,1,text/html,"ISOLATION AND IDENTIFICATION OF Pseudomonas aeruginosa IN COSMETICS AND PERSONAL CARE PRODUCTS IN IRAQ
							| Journal of Duhok University"
https://journal.uod.ac/index.php/uodjournal/article/view/3168/1791,200,1,text/html,View of ISOLATION AND IDENTIFICATION OF Pseudomonas aeruginosa IN COSMETICS AND PERSONAL CARE PRODUCTS IN IRAQ
https://journal.uod.ac/index.php/uodjournal/article/view/317,200,1,text/html,"TESTING THE PERFORMANCE OF AQUACROP MODEL FOR SUNFLOWER PRODUCTION IN THE MIDDLE OF IRAQ
							| Journal of Duhok University"
https://journal.uod.ac/index.php/uodjournal/article/view/317/199,200,1,text/html,View of TESTING THE PERFORMANCE OF AQUACROP MODEL FOR SUNFLOWER PRODUCTION IN THE MIDDLE OF IRAQ
https://journal.uod.ac/index.php/uodjournal/article/view/3172,200,1,text/html,"الشاهد النحوي واختلاف النحاة حول إعرابه – نماذج مختارة من آيات القرآن الكريم
							| Journal of Duhok University"
https://journal.uod.ac/index.php/uodjournal/article/view/3172/1797,200,1,text/html,View of الشاهد النحوي واختلاف النحاة حول إعرابه – نماذج مختارة من آيات القرآن الكريم
https://journal.uod.ac/index.php/uodjournal/article/view/3173,200,1,text/html,"THE IMPACT OF COGNITIVE STYLES ON ACADEMIC SUCCESS: AN ANALYSIS OF KURDISH EFL LEARNERS’ ACADEMIC ACHIEVEMENT
							| Journal of Duhok University"
https://journal.uod.ac/index.php/uodjournal/article/view/3173/1772,200,1,text/html,View of THE IMPACT OF COGNITIVE STYLES ON ACADEMIC SUCCESS: AN ANALYSIS OF KURDISH EFL LEARNERS’ ACADEMIC ACHIEVEMENT
https://journal.uod.ac/index.php/uodjournal/article/view/3175,200,1,text/html,"AN ANALYSIS OF THE COMMON PAST TENSE ERRORS COMMITTED IN WRITING BY KURDISH LEARNERS OF EFL
							| Journal of Duhok University"
https://journal.uod.ac/index.php/uodjournal/article/view/3175/1798,200,1,text/html,View of AN ANALYSIS OF THE COMMON PAST TENSE ERRORS COMMITTED IN WRITING BY KURDISH LEARNERS OF EFL
https://journal.uod.ac/index.php/uodjournal/article/view/3178,200,1,text/html,"EFFECT OF ROCK FRAGMENTS ON ENGINEERING AND PHYSICAL BEHAVIORS OF CLAY SOILS
							| Journal of Duhok University"
https://journal.uod.ac/index.php/uodjournal/article/view/3178/1787,200,1,text/html,View of EFFECT OF ROCK FRAGMENTS ON ENGINEERING AND PHYSICAL BEHAVIORS OF CLAY SOILS
https://journal.uod.ac/index.php/uodjournal/article/view/3179,200,1,text/html,"إشكالية سحب القرارات الإدارية الفردية في إقليم كوردستان /العراق
							| Journal of Duhok University"
https://journal.uod.ac/index.php/uodjournal/article/view/3179/1799,200,1,text/html,View of إشكالية سحب القرارات الإدارية الفردية في إقليم كوردستان /العراق
https://journal.uod.ac/index.php/uodjournal/article/view/318,200,1,text/html,"EFFECT OF FOLIAR APPLICATION OF HUMIC ACID AND BENZYLADENINE ON GROWTH AND FLOWERING OF POT MARIGOLD (Calendula officinalis L.)
							| Journal of Duhok University"
https://journal.uod.ac/index.php/uodjournal/article/view/318/200,200,1,text/html,View of EFFECT OF FOLIAR APPLICATION OF HUMIC ACID AND BENZYLADENINE ON GROWTH AND FLOWERING OF POT MARIGOLD (Calendula officinalis L.)
https://journal.uod.ac/index.php/uodjournal/article/view/3181,200,1,text/html,"THE EFFECT OF JOLLY PHONICS SONGS ON THE SPEAKING SKILL OF PRIMARY SCHOOL STUDENTS IN DUHOK
							| Journal of Duhok University"
https://journal.uod.ac/index.php/uodjournal/article/view/3181/1800,200,1,text/html,View of THE EFFECT OF JOLLY PHONICS SONGS ON THE SPEAKING SKILL OF PRIMARY SCHOOL STUDENTS IN DUHOK
https://journal.uod.ac/index.php/uodjournal/article/view/3183,200,1,text/html,"التحصينات الطبيعية و المصطنعة لمدن ديار بكر خلال العصر الوسيط ميافارقين وآمد وحصن كيفا نموذجا
							| Journal of Duhok University"
https://journal.uod.ac/index.php/uodjournal/article/view/3183/1801,200,1,text/html,View of التحصينات الطبيعية و المصطنعة لمدن ديار بكر خلال العصر الوسيط ميافارقين وآمد وحصن كيفا نموذجا
https://journal.uod.ac/index.php/uodjournal/article/view/3187,200,1,text/html,"BACTERIAL ETIOLOGY AND THEIR ANTIBIOGRAMS IN COMMUNITY ACQUIRED URINARY TRACT INFECTIONS WITH SPECIAL CONSIDERATION ON STERILE PYURIA
							| Journal of Duhok University"
https://journal.uod.ac/index.php/uodjournal/article/view/3187/1790,200,1,text/html,View of BACTERIAL ETIOLOGY AND THEIR ANTIBIOGRAMS IN COMMUNITY ACQUIRED URINARY TRACT INFECTIONS WITH SPECIAL CONSIDERATION ON STERILE PYURIA
https://journal.uod.ac/index.php/uodjournal/article/view/3188,200,1,text/html,"SERUM LIPIDS ABNORMALITIES AMONG ADULT PATIENTS WITH CHRONIC PERIODONTITIS: A CASE-CONTROL STUDY
							| Journal of Duhok University"
https://journal.uod.ac/index.php/uodjournal/article/view/3188/1789,200,1,text/html,View of SERUM LIPIDS ABNORMALITIES AMONG ADULT PATIENTS WITH CHRONIC PERIODONTITIS: A CASE-CONTROL STUDY
https://journal.uod.ac/index.php/uodjournal/article/view/3189,200,1,text/html,"PREVALENCE OF TROPICAL THEILERIOSIS IN CATTLE THROUGH BLOOD SMEAR EXAMINATION IN SUMEL DISTRICT, DUHOK PROVINCE
							| Journal of Duhok University"
https://journal.uod.ac/index.php/uodjournal/article/view/3189/1788,200,1,text/html,"View of PREVALENCE OF TROPICAL THEILERIOSIS IN CATTLE THROUGH BLOOD SMEAR EXAMINATION IN SUMEL DISTRICT, DUHOK PROVINCE"
https://journal.uod.ac/index.php/uodjournal/article/view/319,200,1,text/html,"EFFECT OF IMPLANT DIFFERENT LEVELS OF ZERANOL  ON GROWTH PERFORMANCE, CARCASS TRAIT  AND BODY COMPOSITION OF AWASSI LAMBS
							| Journal of Duhok University"
https://journal.uod.ac/index.php/uodjournal/article/view/319/202,200,1,text/html,"View of EFFECT OF IMPLANT DIFFERENT LEVELS OF ZERANOL  ON GROWTH PERFORMANCE, CARCASS TRAIT  AND BODY COMPOSITION OF AWASSI LAMBS"
https://journal.uod.ac/index.php/uodjournal/article/view/3190,200,1,text/html,"قضاء دهوك في الوثائق الملكية العراقية في ثلاثينيات القرن العشرين  (دراسة في أوضاعها الإدارية والخدمية)
							| Journal of Duhok University"
https://journal.uod.ac/index.php/uodjournal/article/view/3190/1802,200,1,text/html,View of قضاء دهوك في الوثائق الملكية العراقية في ثلاثينيات القرن العشرين  (دراسة في أوضاعها الإدارية والخدمية)
https://journal.uod.ac/index.php/uodjournal/article/view/3195,200,1,text/html,"الصراع بين الاخلاق والسياسة في فلسفة نيتشه
							| Journal of Duhok University"
https://journal.uod.ac/index.php/uodjournal/article/view/3195/1795,200,1,text/html,View of الصراع بين الاخلاق والسياسة في فلسفة نيتشه
https://journal.uod.ac/index.php/uodjournal/article/view/3196,200,1,text/html,"GIBBERELLIC ACID (GA3 AND NPK NANO-FERTILIZERS CAN ENHANCE THE GROWTH AND DEVELOPMENT OF BUXUS SEMPERVIRENS ‘SUFFRUTICOSA’ PLANT
							| Journal of Duhok University"
https://journal.uod.ac/index.php/uodjournal/article/view/3196/1803,200,1,text/html,View of GIBBERELLIC ACID (GA3 AND NPK NANO-FERTILIZERS CAN ENHANCE THE GROWTH AND DEVELOPMENT OF BUXUS SEMPERVIRENS ‘SUFFRUTICOSA’ PLANT
https://journal.uod.ac/index.php/uodjournal/article/view/3197,200,1,text/html,"جهة (تحت) في القرآن الكريم  -دراسة موضوعية-
							| Journal of Duhok University"
https://journal.uod.ac/index.php/uodjournal/article/view/3197/1804,200,1,text/html,View of جهة (تحت) في القرآن الكريم  -دراسة موضوعية-
https://journal.uod.ac/index.php/uodjournal/article/view/3199,200,1,text/html,"التقييم النوعي لمياه الآبار في قضاء بردرش ومجالات استثمارها
							| Journal of Duhok University"
https://journal.uod.ac/index.php/uodjournal/article/view/3199/1805,200,1,text/html,View of التقييم النوعي لمياه الآبار في قضاء بردرش ومجالات استثمارها
https://journal.uod.ac/index.php/uodjournal/article/view/32,200,1,text/html,"HEAVY METALS CONTAMINATION OF SHALLOW GROUND WATER IN DIRECT CONTACT WITH FAILED SEPTIC TANKS
							| Journal of Duhok University"
https://journal.uod.ac/index.php/uodjournal/article/view/32/21,200,1,text/html,View of HEAVY METALS CONTAMINATION OF SHALLOW GROUND WATER IN DIRECT CONTACT WITH FAILED SEPTIC TANKS
https://journal.uod.ac/index.php/uodjournal/article/view/320,200,1,text/html,"EFFECTS OF FOLIAR APPLICATION OF (NH4)2SO4 AND ALGA21ST ON VEGETATIVE GROWTH AND CHLOROPHYLL CONTENT OF TWOCULTIVARS SWEET CHERRY (PrunusaviumL.) TRANSPLANTS
							| Journal of Duhok University"
https://journal.uod.ac/index.php/uodjournal/article/view/320/201,200,1,text/html,View of EFFECTS OF FOLIAR APPLICATION OF (NH4)2SO4 AND ALGA21ST ON VEGETATIVE GROWTH AND CHLOROPHYLL CONTENT OF TWOCULTIVARS SWEET CHERRY (PrunusaviumL.) TRANSPLANTS
https://journal.uod.ac/index.php/uodjournal/article/view/3202,200,1,text/html,"رەوشا سیاسی و لەشكری ل دەڤەرا ئامێدیێ(1) (1975 - 1979)
							| Journal of Duhok University"
https://journal.uod.ac/index.php/uodjournal/article/view/3202/1806,200,1,text/html,View of رەوشا سیاسی و لەشكری ل دەڤەرا ئامێدیێ(1) (1975 - 1979)
https://journal.uod.ac/index.php/uodjournal/article/view/3204,200,1,text/html,"أثر راس المال البشري والمادي في النمو الاقتصادي في (الدول المتوسطة الدخل) للمدة 1990-2020 
							| Journal of Duhok University"
https://journal.uod.ac/index.php/uodjournal/article/view/3204/1807,200,1,text/html,View of أثر راس المال البشري والمادي في النمو الاقتصادي في (الدول المتوسطة الدخل) للمدة 1990-2020
https://journal.uod.ac/index.php/uodjournal/article/view/3205,200,1,text/html,"هاتنا فۆڕم و کارێن ڕێژەیی د ڕستا کارێ مەرجداڕومانا (مرۆڤێ بەلەچەک) وەکو نموونە
							| Journal of Duhok University"
https://journal.uod.ac/index.php/uodjournal/article/view/3205/1808,200,1,text/html,View of هاتنا فۆڕم و کارێن ڕێژەیی د ڕستا کارێ مەرجداڕومانا (مرۆڤێ بەلەچەک) وەکو نموونە
https://journal.uod.ac/index.php/uodjournal/article/view/3207,200,1,text/html,"المحدثين الكُرد في بلاد الشام خلال القرن (7هـ/ 13م)  دراسة تاريخية تحليلية
							| Journal of Duhok University"
https://journal.uod.ac/index.php/uodjournal/article/view/3207/1810,200,1,text/html,View of  المحدثين الكُرد في بلاد الشام خلال القرن (7هـ/ 13م)  دراسة تاريخية تحليلية
https://journal.uod.ac/index.php/uodjournal/article/view/3208,200,1,text/html,"البنية الصوتية في عناوين الشاعر( محمود حسن إسماعيل) 
							| Journal of Duhok University"
https://journal.uod.ac/index.php/uodjournal/article/view/3208/1811,200,1,text/html,View of البنية الصوتية في عناوين الشاعر( محمود حسن إسماعيل)
https://journal.uod.ac/index.php/uodjournal/article/view/3209,200,1,text/html,"ڕەهەندە هزریەکان لە پێکهاتەی هونەری پەیکەرسازی سۆمەریدا (توێژينەوەيەكى شيكارى هونەريە)
							| Journal of Duhok University"
https://journal.uod.ac/index.php/uodjournal/article/view/3209/1812,200,1,text/html,View of ڕەهەندە هزریەکان لە پێکهاتەی هونەری پەیکەرسازی سۆمەریدا (توێژينەوەيەكى شيكارى هونەريە)
https://journal.uod.ac/index.php/uodjournal/article/view/3214,200,1,text/html,"EFFECT OF SHADING AND NANO NPK FERTILIZERS ON THE GROWTH OF RUSCUS ACCULATUS PLANT
							| Journal of Duhok University"
https://journal.uod.ac/index.php/uodjournal/article/view/3214/1814,200,1,text/html,View of EFFECT OF SHADING AND NANO NPK FERTILIZERS ON THE GROWTH OF RUSCUS ACCULATUS PLANT
https://journal.uod.ac/index.php/uodjournal/article/view/3216,200,1,text/html,"الأساس القانوني لإعادة التفاوض في العقود المدنية (دراسة تحليلية مقارنة)
							| Journal of Duhok University"
https://journal.uod.ac/index.php/uodjournal/article/view/3216/1816,200,1,text/html,View of الأساس القانوني لإعادة التفاوض في العقود المدنية (دراسة تحليلية مقارنة)
https://journal.uod.ac/index.php/uodjournal/article/view/3219,200,1,text/html,"الدرس الدلالي للجذر(ق.د.ر) في القرآن الكريم
							| Journal of Duhok University"
https://journal.uod.ac/index.php/uodjournal/article/view/3219/1817,200,1,text/html,View of الدرس الدلالي للجذر(ق.د.ر) في القرآن الكريم
https://journal.uod.ac/index.php/uodjournal/article/view/322,200,1,text/html,"EFFECT OF BREAD YEAST ANDHUMICACID ON GROWTH AND YIELD TRAITS ON BROAD BEAN (Vicia Faba L.)
							| Journal of Duhok University"
https://journal.uod.ac/index.php/uodjournal/article/view/322/203,200,1,text/html,View of EFFECT OF BREAD YEAST ANDHUMICACID ON GROWTH AND YIELD TRAITS ON BROAD BEAN (Vicia Faba L.)
https://journal.uod.ac/index.php/uodjournal/article/view/3220,200,1,text/html,"دراسة استطلاعية لمدى استخدام الخدمات المصرفية الإلكترونية (الصراف الآلـي وبطاقات الائتمان) في عينة من المصارف الخاصة بمدينة دهوك: تحليل الاتجاهات الحالية والتحديات والفرص""
							| Journal of Duhok University"
https://journal.uod.ac/index.php/uodjournal/article/view/3220/1818,200,1,text/html,"View of دراسة استطلاعية لمدى استخدام الخدمات المصرفية الإلكترونية (الصراف الآلـي وبطاقات الائتمان) في عينة من المصارف الخاصة بمدينة دهوك: تحليل الاتجاهات الحالية والتحديات والفرص"""
https://journal.uod.ac/index.php/uodjournal/article/view/3221,200,1,text/html,"دور صيانة الموارد البشرية في تحقيق ادارة التميز  دراسة ميدانية لآراء عينه من التدريسيين في جامعة نوروز 
							| Journal of Duhok University"
https://journal.uod.ac/index.php/uodjournal/article/view/3221/1819,200,1,text/html,View of دور صيانة الموارد البشرية في تحقيق ادارة التميز  دراسة ميدانية لآراء عينه من التدريسيين في جامعة نوروز
https://journal.uod.ac/index.php/uodjournal/article/view/3231,200,1,text/html,"PREVALENCE OF CHLAMYDOPHILA ABORTUS IN ABORTED SMALL RUMINANTS IN SLEMANI AND DUHOK GOVERNORATES
							| Journal of Duhok University"
https://journal.uod.ac/index.php/uodjournal/article/view/3231/1820,200,1,text/html,View of PREVALENCE OF CHLAMYDOPHILA ABORTUS IN ABORTED SMALL RUMINANTS IN SLEMANI AND DUHOK GOVERNORATES
https://journal.uod.ac/index.php/uodjournal/article/view/3234,200,1,text/html,"تعزيز الإلزام في التشريعين الوضعي والسماوي  ( دراسة تحليلية مقارنة )
							| Journal of Duhok University"
https://journal.uod.ac/index.php/uodjournal/article/view/3234/1821,200,1,text/html,View of تعزيز الإلزام في التشريعين الوضعي والسماوي  ( دراسة تحليلية مقارنة )
https://journal.uod.ac/index.php/uodjournal/article/view/3239,200,1,text/html,"RADIOGRAPHICAL EVALUATION OF ROOT CANAL MORPHOLOGY OF THE MAXILLARY AND MANDIBULAR PREMOLAR TEETH BY USING CONE-BEAM COMPUTED TOMOGRAPHY IN KURDISTAN REGION, IRAQ
							| Journal of Duhok University"
https://journal.uod.ac/index.php/uodjournal/article/view/3239/1823,200,1,text/html,"View of RADIOGRAPHICAL EVALUATION OF ROOT CANAL MORPHOLOGY OF THE MAXILLARY AND MANDIBULAR PREMOLAR TEETH BY USING CONE-BEAM COMPUTED TOMOGRAPHY IN KURDISTAN REGION, IRAQ"
https://journal.uod.ac/index.php/uodjournal/article/view/324,200,1,text/html,"EFFECTS OF FOLIAR SPRAY OF AMINOPLASMAL, NUTRIENTS AND THEIR INTERACTIONS ON VEGETATIVE GROWTH OF PISTACHIO TREES (Pistacia vera L. cv.  HALABY)
							| Journal of Duhok University"
https://journal.uod.ac/index.php/uodjournal/article/view/324/205,200,1,text/html,"View of EFFECTS OF FOLIAR SPRAY OF AMINOPLASMAL, NUTRIENTS AND THEIR INTERACTIONS ON VEGETATIVE GROWTH OF PISTACHIO TREES (Pistacia vera L. cv.  HALABY)"
https://journal.uod.ac/index.php/uodjournal/article/view/3240,200,1,text/html,"COMPUTED TOMOGRAPHY FOR FORAMEN OVALE EVALUATION
							| Journal of Duhok University"
https://journal.uod.ac/index.php/uodjournal/article/view/3240/1824,200,1,text/html,View of    COMPUTED TOMOGRAPHY FOR FORAMEN OVALE EVALUATION
https://journal.uod.ac/index.php/uodjournal/article/view/3247,200,1,text/html,"تحليل أثر العوامل المالية في التثقيف المالي  دراسة إستطلاعية لآراء عينة من اللاجئين والنازحين في مخيمات محافظة دهوك 
							| Journal of Duhok University"
https://journal.uod.ac/index.php/uodjournal/article/view/3247/1825,200,1,text/html,View of تحليل أثر العوامل المالية في التثقيف المالي  دراسة إستطلاعية لآراء عينة من اللاجئين والنازحين في مخيمات محافظة دهوك
https://journal.uod.ac/index.php/uodjournal/article/view/3248,200,1,text/html,"السياسة الروسية تجاه الازمة السوريا بعد 2011
							| Journal of Duhok University"
https://journal.uod.ac/index.php/uodjournal/article/view/3248/1826,200,1,text/html,View of السياسة الروسية تجاه الازمة السوريا بعد 2011
https://journal.uod.ac/index.php/uodjournal/article/view/3251,200,1,text/html,"قياس إتجاهات معلمي مرحلة التعليم الأساسي نحو تلاميذ ذوي صعوبات التعلم وعلاقته ببعض المتغيرات في مركز محافظة دهوك  (بناء و تطبيق)
							| Journal of Duhok University"
https://journal.uod.ac/index.php/uodjournal/article/view/3251/1827,200,1,text/html,View of قياس إتجاهات معلمي مرحلة التعليم الأساسي نحو تلاميذ ذوي صعوبات التعلم وعلاقته ببعض المتغيرات في مركز محافظة دهوك  (بناء و تطبيق)
https://journal.uod.ac/index.php/uodjournal/article/view/326,200,1,text/html,"DETERMINING OF HEAVY METALS CONTENT IN THREE LEAFY VEGETABLES TREATED WITH COMPOST PRODUCED BY QUASHIE MUNICIPAL SOLID WASTE PLANT
							| Journal of Duhok University"
https://journal.uod.ac/index.php/uodjournal/article/view/326/204,200,1,text/html,View of DETERMINING OF HEAVY METALS CONTENT IN THREE LEAFY VEGETABLES TREATED WITH COMPOST PRODUCED BY QUASHIE MUNICIPAL SOLID WASTE PLANT
https://journal.uod.ac/index.php/uodjournal/article/view/327,200,1,text/html,"EFFECT OF APICAL REMOVAL OF BRANCHES AND BRANCHES NUMBER ON GROWTH AND YIELD OF TWO (Capsicum annuum L.) CULTIVARS
							| Journal of Duhok University"
https://journal.uod.ac/index.php/uodjournal/article/view/327/209,200,1,text/html,View of EFFECT OF APICAL REMOVAL OF BRANCHES AND BRANCHES NUMBER ON GROWTH AND YIELD OF TWO (Capsicum annuum L.) CULTIVARS
https://journal.uod.ac/index.php/uodjournal/article/view/3279,200,1,text/html,"THE EFFECT OF POST-TENSIONED FLAT PLATES ON SEISMIC BEHAVIOR OF CONCRETE STRUCTURES
							| Journal of Duhok University"
https://journal.uod.ac/index.php/uodjournal/article/view/3279/1834,200,1,text/html,View of THE EFFECT OF POST-TENSIONED FLAT PLATES ON SEISMIC BEHAVIOR OF CONCRETE STRUCTURES
https://journal.uod.ac/index.php/uodjournal/article/view/328,200,1,text/html,"INFLUENCE OF ORGANIC MANURES AND GIRDLING DATES ON HEAY METAL ACCUMULATIONS OF APPLE FRUIT AFTER TWO SEASONS OF APPLICATION
							| Journal of Duhok University"
https://journal.uod.ac/index.php/uodjournal/article/view/328/206,200,1,text/html,View of INFLUENCE OF ORGANIC MANURES AND GIRDLING DATES ON HEAY METAL ACCUMULATIONS OF APPLE FRUIT AFTER TWO SEASONS OF APPLICATION
https://journal.uod.ac/index.php/uodjournal/article/view/3280,200,1,text/html,"EVOLUTION OF AL-QUSAYR WATER PURIFICATION PLANT WHEN USING DIFFERENT CHEMICAL WORK SYSTEMS
							| Journal of Duhok University"
https://journal.uod.ac/index.php/uodjournal/article/view/3280/1840,200,1,text/html,View of EVOLUTION OF AL-QUSAYR WATER PURIFICATION PLANT WHEN USING DIFFERENT CHEMICAL WORK SYSTEMS
https://journal.uod.ac/index.php/uodjournal/article/view/3281,200,1,text/html,"FINDING AND DESIGNING DAMS USING GIS AND MULTICRITERIA DECISION MAKING
							| Journal of Duhok University"
https://journal.uod.ac/index.php/uodjournal/article/view/3281/1835,200,1,text/html,View of FINDING AND DESIGNING DAMS USING GIS AND MULTICRITERIA DECISION MAKING
https://journal.uod.ac/index.php/uodjournal/article/view/3282,200,1,text/html,"FIN SANDY CONCRETE REINFORCED WITH MACRO POLYPROPYLENE FIBER FOR RURAL AND DESERT HOUSING
							| Journal of Duhok University"
https://journal.uod.ac/index.php/uodjournal/article/view/3282/1841,200,1,text/html,View of FIN SANDY CONCRETE REINFORCED WITH MACRO POLYPROPYLENE FIBER FOR RURAL AND DESERT HOUSING
https://journal.uod.ac/index.php/uodjournal/article/view/3283,200,1,text/html,"STUDYING STEEL-RECYCLED AGGREGATE CONCRETE BOND–SLIP BEHAVIOR USING DIGITAL IMAGE CORRELATION 
							| Journal of Duhok University"
https://journal.uod.ac/index.php/uodjournal/article/view/3283/1836,200,1,text/html,View of STUDYING STEEL-RECYCLED AGGREGATE CONCRETE BOND–SLIP BEHAVIOR USING DIGITAL IMAGE CORRELATION
https://journal.uod.ac/index.php/uodjournal/article/view/3284,200,1,text/html,"EVALUATING PERFORMANCE IN RESIDENTIAL COMPLEX PROJECT
							| Journal of Duhok University"
https://journal.uod.ac/index.php/uodjournal/article/view/3284/1842,200,1,text/html,View of EVALUATING PERFORMANCE IN RESIDENTIAL COMPLEX PROJECT
https://journal.uod.ac/index.php/uodjournal/article/view/3285,200,1,text/html,"AN ANALYTICAL STUDY OF THE DYNAMIC RESPONSES OF RC ELEVATED WATER TANKS IN SYRIA UNDER THE EFFECT OF THE FEBRUARY 2023 EARTHQUAKE
							| Journal of Duhok University"
https://journal.uod.ac/index.php/uodjournal/article/view/3285/1847,200,1,text/html,View of AN ANALYTICAL STUDY OF THE DYNAMIC RESPONSES OF RC ELEVATED WATER TANKS IN SYRIA UNDER THE EFFECT OF THE FEBRUARY 2023 EARTHQUAKE
https://journal.uod.ac/index.php/uodjournal/article/view/3286,200,1,text/html,"A CRITICAL REVIEW OF THE EFFECT OF INTERNAL CURING ON THE PROPERTIES OF ULTRAHIGH PERFORMANCE FIBER REINFORCED CONCRETE
							| Journal of Duhok University"
https://journal.uod.ac/index.php/uodjournal/article/view/3286/1846,200,1,text/html,View of A CRITICAL REVIEW OF THE EFFECT OF INTERNAL CURING ON THE PROPERTIES OF ULTRAHIGH PERFORMANCE FIBER REINFORCED CONCRETE
https://journal.uod.ac/index.php/uodjournal/article/view/3287,200,1,text/html,"COMPARISON BETWEEN LUMP SUM AND UNIT PRICE CONTRACTS IN CONSTRUCTION OF RESIDENTIAL PROJECTS IN KURDISTAN REGION OF IRAQ - CASE STUDY 
							| Journal of Duhok University"
https://journal.uod.ac/index.php/uodjournal/article/view/3287/1849,200,1,text/html,View of COMPARISON BETWEEN LUMP SUM AND UNIT PRICE CONTRACTS IN CONSTRUCTION OF RESIDENTIAL PROJECTS IN KURDISTAN REGION OF IRAQ - CASE STUDY
https://journal.uod.ac/index.php/uodjournal/article/view/3288,200,1,text/html,"BIM TECHNOLOGY STRATEGIES IN DESIGNING  SUSTAINABLE CITIES 
							| Journal of Duhok University"
https://journal.uod.ac/index.php/uodjournal/article/view/3288/1848,200,1,text/html,View of BIM TECHNOLOGY STRATEGIES IN DESIGNING  SUSTAINABLE CITIES
https://journal.uod.ac/index.php/uodjournal/article/view/3289,200,1,text/html,"THE WATER SAVING, INCREASING WATER USE EFFICIENCY AND WATER PRODUCTIVITY OF MELON BY WATER RETENTION TECHNIQUE 
							| Journal of Duhok University"
https://journal.uod.ac/index.php/uodjournal/article/view/3289/1850,200,1,text/html,"View of THE WATER SAVING, INCREASING WATER USE EFFICIENCY AND WATER PRODUCTIVITY OF MELON BY WATER RETENTION TECHNIQUE"
https://journal.uod.ac/index.php/uodjournal/article/view/329,200,1,text/html,"IMPACTS OF ELEVATED OZONE CONCENTRATION ON SOME PHYSIOLOGICAL AND MORPHOLOGICAL CHARACTERISTICS  OF TWO WHEAT PLANT VARIETIES
							| Journal of Duhok University"
https://journal.uod.ac/index.php/uodjournal/article/view/329/211,200,1,text/html,View of IMPACTS OF ELEVATED OZONE CONCENTRATION ON SOME PHYSIOLOGICAL AND MORPHOLOGICAL CHARACTERISTICS  OF TWO WHEAT PLANT VARIETIES
https://journal.uod.ac/index.php/uodjournal/article/view/3290,200,1,text/html,"POPULATION GROWTH IN ERBIL GOVERNORATE AND WATER CONSUMPTION. A CASE STUDY
							| Journal of Duhok University"
https://journal.uod.ac/index.php/uodjournal/article/view/3290/1851,200,1,text/html,View of POPULATION GROWTH IN ERBIL GOVERNORATE AND WATER CONSUMPTION. A CASE STUDY
https://journal.uod.ac/index.php/uodjournal/article/view/3291,200,1,text/html,"GEOLOGICAL AND GEOTECHNICAL INVESTIGATIONS OF GALI ZAKHO TUNNEL, DUHOK, KURDISTAN REGION – IRAQ
							| Journal of Duhok University"
https://journal.uod.ac/index.php/uodjournal/article/view/3291/1838,200,1,text/html,"View of GEOLOGICAL AND GEOTECHNICAL INVESTIGATIONS OF GALI ZAKHO TUNNEL, DUHOK, KURDISTAN REGION – IRAQ"
https://journal.uod.ac/index.php/uodjournal/article/view/3292,200,1,text/html,"STRENGTH CHARACTERISTICS OF GEOPOLYMER CONCRETE INCORPORATING POLYPROPYLENE FIBRE UNDER FIRE CONDITION
							| Journal of Duhok University"
https://journal.uod.ac/index.php/uodjournal/article/view/3292/1852,200,1,text/html,View of STRENGTH CHARACTERISTICS OF GEOPOLYMER CONCRETE INCORPORATING POLYPROPYLENE FIBRE UNDER FIRE CONDITION
https://journal.uod.ac/index.php/uodjournal/article/view/3293,200,1,text/html,"ENERGY-EFFICIENT BUILDING USING MANTOSIVA MATERIAL
							| Journal of Duhok University"
https://journal.uod.ac/index.php/uodjournal/article/view/3293/1853,200,1,text/html,View of ENERGY-EFFICIENT BUILDING USING MANTOSIVA MATERIAL
https://journal.uod.ac/index.php/uodjournal/article/view/3294,200,1,text/html,"CRACKS IN CONCRETE STRUCTURES CAUSES AND TREATMENTS: A REVIEW
							| Journal of Duhok University"
https://journal.uod.ac/index.php/uodjournal/article/view/3294/1854,200,1,text/html,View of CRACKS IN CONCRETE STRUCTURES CAUSES AND TREATMENTS: A REVIEW
https://journal.uod.ac/index.php/uodjournal/article/view/3295,200,1,text/html,"PREDICTION OF BOD INDEX IN WASTEWATER TREATMENT PLANT USING GENETIC ALGORITHMS AND NEURAL NETWORKS
							| Journal of Duhok University"
https://journal.uod.ac/index.php/uodjournal/article/view/3295/1855,200,1,text/html,View of PREDICTION OF BOD INDEX IN WASTEWATER TREATMENT PLANT USING GENETIC ALGORITHMS AND NEURAL NETWORKS
https://journal.uod.ac/index.php/uodjournal/article/view/3296,200,1,text/html,"DIFFERENT MINERAL ADMIXTURES IN ROLLER COMPACTED CONCRETE
							| Journal of Duhok University"
https://journal.uod.ac/index.php/uodjournal/article/view/3296/1856,200,1,text/html,View of DIFFERENT MINERAL ADMIXTURES IN ROLLER COMPACTED CONCRETE
https://journal.uod.ac/index.php/uodjournal/article/view/3297,200,1,text/html,"UTILIZING GLASS POWDER AND LIMESTONE DUST AS AN ALTERNATIVE TO PORTLAND CEMENT FOR STABILIZATION OF CLAYEY SOILS
							| Journal of Duhok University"
https://journal.uod.ac/index.php/uodjournal/article/view/3297/1857,200,1,text/html,View of UTILIZING GLASS POWDER AND LIMESTONE DUST AS AN ALTERNATIVE TO PORTLAND CEMENT FOR STABILIZATION OF CLAYEY SOILS
https://journal.uod.ac/index.php/uodjournal/article/view/3298,200,1,text/html,"A DATA-DRIVEN APPROACH TO SUPPLIER SELECTION IN INDUSTRIAL CONSTRUCTION PROJECTS
							| Journal of Duhok University"
https://journal.uod.ac/index.php/uodjournal/article/view/3298/1858,200,1,text/html,View of A DATA-DRIVEN APPROACH TO SUPPLIER SELECTION IN INDUSTRIAL CONSTRUCTION PROJECTS
https://journal.uod.ac/index.php/uodjournal/article/view/3299,200,1,text/html,"EFFECT OF POPULATION GROWTH ON THE WATER DUTY OF THE IRRIGATED LANDS WITHIN A PART OF THE CENTRAL DISTRICT OF KERBALA CITY: ALIHNEIDIYAH RIVER AS STUDY CASE
							| Journal of Duhok University"
https://journal.uod.ac/index.php/uodjournal/article/view/3299/1859,200,1,text/html,View of EFFECT OF POPULATION GROWTH ON THE WATER DUTY OF THE IRRIGATED LANDS WITHIN A PART OF THE CENTRAL DISTRICT OF KERBALA CITY: ALIHNEIDIYAH RIVER AS STUDY CASE
https://journal.uod.ac/index.php/uodjournal/article/view/33,200,1,text/html,"ASSESSMENT OF SELECTED PHYSICO-CHEMICAL PARAMETERS OF GROUND WATER IN DIRECT CONTACT WITH SEPTIC TANKS: EXPERIMENTAL MODELING
							| Journal of Duhok University"
https://journal.uod.ac/index.php/uodjournal/article/view/33/22,200,1,text/html,View of ASSESSMENT OF SELECTED PHYSICO-CHEMICAL PARAMETERS OF GROUND WATER IN DIRECT CONTACT WITH SEPTIC TANKS: EXPERIMENTAL MODELING
https://journal.uod.ac/index.php/uodjournal/article/view/330,200,1,text/html,"PLANNING STUDY FOR THE REALITY OF SCHOOL GARDENS DESIGN IN DUHOK CITY  (HIGH SCHOOLS AS A CASE STUDY)
							| Journal of Duhok University"
https://journal.uod.ac/index.php/uodjournal/article/view/330/208,200,1,text/html,View of PLANNING STUDY FOR THE REALITY OF SCHOOL GARDENS DESIGN IN DUHOK CITY  (HIGH SCHOOLS AS A CASE STUDY)
https://journal.uod.ac/index.php/uodjournal/article/view/3300,200,1,text/html,"INVESTIGATIONS OF BURIED STRUCTURE ENHANCED BY GEOSYNTHETIC PRODUCTS: A REVIEW
							| Journal of Duhok University"
https://journal.uod.ac/index.php/uodjournal/article/view/3300/1860,200,1,text/html,View of INVESTIGATIONS OF BURIED STRUCTURE ENHANCED BY GEOSYNTHETIC PRODUCTS: A REVIEW
https://journal.uod.ac/index.php/uodjournal/article/view/3302,200,1,text/html,"ASSESSMENT SOME OF THE GEOTECHNICAL PROPERTIES OF MUNICIPAL SOLID WASTE AT SORAN WASTE DUMPING SITE, KURDISTAN REGION OF IRAQ
							| Journal of Duhok University"
https://journal.uod.ac/index.php/uodjournal/article/view/3302/1861,200,1,text/html,"View of ASSESSMENT SOME OF THE GEOTECHNICAL PROPERTIES OF MUNICIPAL SOLID WASTE AT SORAN WASTE DUMPING SITE, KURDISTAN REGION OF IRAQ"
https://journal.uod.ac/index.php/uodjournal/article/view/3303,200,1,text/html,"GREEN CONCRETE ROAD DESIGN USING  FURNACE SLAG AND FLY ASH
							| Journal of Duhok University"
https://journal.uod.ac/index.php/uodjournal/article/view/3303/1862,200,1,text/html,View of GREEN CONCRETE ROAD DESIGN USING  FURNACE SLAG AND FLY ASH
https://journal.uod.ac/index.php/uodjournal/article/view/3305,200,1,text/html,"SOME OF RECOMMENDATIONS AND LEARNED LESSONS FROM BUILDINGS’ PERFORMANCE DURING THE RECENT TURKEY-SYRIA EARTHQUAKE
							| Journal of Duhok University"
https://journal.uod.ac/index.php/uodjournal/article/view/3305/1863,200,1,text/html,View of SOME OF RECOMMENDATIONS AND LEARNED LESSONS FROM BUILDINGS’ PERFORMANCE DURING THE RECENT TURKEY-SYRIA EARTHQUAKE
https://journal.uod.ac/index.php/uodjournal/article/view/3306,200,1,text/html,"PERFORMANCE OF SUSTAINABLE CONCRETE CONSTRUCTED WITH LOCALLY AVAILABLE AGGREGATES
							| Journal of Duhok University"
https://journal.uod.ac/index.php/uodjournal/article/view/3306/1864,200,1,text/html,View of PERFORMANCE OF SUSTAINABLE CONCRETE CONSTRUCTED WITH LOCALLY AVAILABLE AGGREGATES
https://journal.uod.ac/index.php/uodjournal/article/view/3307,200,1,text/html,"NAVIGATING THE FUTURE: UNDERSTANDING THE ESSENTIAL COMPONENTS FOR SUCCESSFUL SMART PARKING SOLUTIONS 
							| Journal of Duhok University"
https://journal.uod.ac/index.php/uodjournal/article/view/3307/1865,200,1,text/html,View of NAVIGATING THE FUTURE: UNDERSTANDING THE ESSENTIAL COMPONENTS FOR SUCCESSFUL SMART PARKING SOLUTIONS
https://journal.uod.ac/index.php/uodjournal/article/view/3308,200,1,text/html,"DAILY AND ANNUAL DAILY TREND ANALYSIS FOR GREATER ZAB RIVER FLOW AT DERALOK STATION
							| Journal of Duhok University"
https://journal.uod.ac/index.php/uodjournal/article/view/3308/1866,200,1,text/html,View of DAILY AND ANNUAL DAILY TREND ANALYSIS FOR GREATER ZAB RIVER FLOW AT DERALOK STATION
https://journal.uod.ac/index.php/uodjournal/article/view/3309,200,1,text/html,"STUDY THE EFFECT OF LONGITUDINAL TAPERED FINS AND PINNED FINS IN A VERTICAL DUCT ON COOLING SURFACE TEMPERATURE
							| Journal of Duhok University"
https://journal.uod.ac/index.php/uodjournal/article/view/3309/1867,200,1,text/html,View of STUDY THE EFFECT OF LONGITUDINAL TAPERED FINS AND PINNED FINS IN A VERTICAL DUCT ON COOLING SURFACE TEMPERATURE
https://journal.uod.ac/index.php/uodjournal/article/view/3310,200,1,text/html,"THE ROLE OF NOSTALGIA IN MEMORIAL ARCHITECTURE FORMATION Barzani National Memorial in Kurdistan Region as a case study
							| Journal of Duhok University"
https://journal.uod.ac/index.php/uodjournal/article/view/3310/1868,200,1,text/html,View of THE ROLE OF NOSTALGIA IN MEMORIAL ARCHITECTURE FORMATION Barzani National Memorial in Kurdistan Region as a case study
https://journal.uod.ac/index.php/uodjournal/article/view/3312,200,1,text/html,"THE POTENTIAL ROLE OF HOUSING UNIT DIVERSITY IN GATED COMMUNITIES IN SOCIAL COHESION
							| Journal of Duhok University"
https://journal.uod.ac/index.php/uodjournal/article/view/3312/1869,200,1,text/html,View of THE POTENTIAL ROLE OF HOUSING UNIT DIVERSITY IN GATED COMMUNITIES IN SOCIAL COHESION
https://journal.uod.ac/index.php/uodjournal/article/view/3313,200,1,text/html,"THE SPATIAL CONFIGURATION OF TRADITIONAL URBAN CORE OF ZAKHO CITY
							| Journal of Duhok University"
https://journal.uod.ac/index.php/uodjournal/article/view/3313/1870,200,1,text/html,View of THE SPATIAL CONFIGURATION OF TRADITIONAL URBAN CORE OF ZAKHO CITY
https://journal.uod.ac/index.php/uodjournal/article/view/3314,200,1,text/html,"THE ROLE OF RULES OF COMPOSITION IN ENHANCING ARCHITECTURAL VISUAL LITERACY (RATE OF ARCHITECTURAL VISUAL LITERACY IN ERBIL)
							| Journal of Duhok University"
https://journal.uod.ac/index.php/uodjournal/article/view/3314/1871,200,1,text/html,View of THE ROLE OF RULES OF COMPOSITION IN ENHANCING ARCHITECTURAL VISUAL LITERACY (RATE OF ARCHITECTURAL VISUAL LITERACY IN ERBIL)
https://journal.uod.ac/index.php/uodjournal/article/view/3315,200,1,text/html,"A DECISION SUPPORT SYSTEM BASED ON OPTIMIZATION METHODS FOR OPTIMIZING DUHOK UNIVERSITY TRAFFIC PROBLEM
							| Journal of Duhok University"
https://journal.uod.ac/index.php/uodjournal/article/view/3315/1872,200,1,text/html,View of A DECISION SUPPORT SYSTEM BASED ON OPTIMIZATION METHODS FOR OPTIMIZING DUHOK UNIVERSITY TRAFFIC PROBLEM
https://journal.uod.ac/index.php/uodjournal/article/view/3316,200,1,text/html,"COMPARATIVE ANALYSIS OF ENCAPSULATION IN JAVA AND PYTHON: SYNTAX AND IMPLEMENTATION DIFFERENCES
							| Journal of Duhok University"
https://journal.uod.ac/index.php/uodjournal/article/view/3316/1873,200,1,text/html,View of COMPARATIVE ANALYSIS OF ENCAPSULATION IN JAVA AND PYTHON: SYNTAX AND IMPLEMENTATION DIFFERENCES
https://journal.uod.ac/index.php/uodjournal/article/view/3319,200,1,text/html,"HYBRID METAHEURISTIC ALGORITHMS MPPT UNDER PARTIAL SHADING CONDITION
							| Journal of Duhok University"
https://journal.uod.ac/index.php/uodjournal/article/view/3319/1874,200,1,text/html,View of HYBRID METAHEURISTIC ALGORITHMS MPPT UNDER PARTIAL SHADING CONDITION
https://journal.uod.ac/index.php/uodjournal/article/view/332,200,1,text/html,"PHYSICOCHEMICAL QUALITY EVALUATION OF SOME BRANDS OF BOTTLED WATER IN KURDISTAN REGION, IRAQ: COMPARISON OF ANALYTICAL RESULTS WITH LABELS AND STANDARDS
							| Journal of Duhok University"
https://journal.uod.ac/index.php/uodjournal/article/view/332/283,200,1,text/html,"View of PHYSICOCHEMICAL QUALITY EVALUATION OF SOME BRANDS OF BOTTLED WATER IN KURDISTAN REGION, IRAQ: COMPARISON OF ANALYTICAL RESULTS WITH LABELS AND STANDARDS"
https://journal.uod.ac/index.php/uodjournal/article/view/3320,200,1,text/html,"HIGH PERFORMANCE OF CODING AND DECODING PROCESS FOR DATA COMPRESSION USING VARIABLE IN LENGTH CODING
							| Journal of Duhok University"
https://journal.uod.ac/index.php/uodjournal/article/view/3320/1875,200,1,text/html,View of HIGH PERFORMANCE OF CODING AND DECODING PROCESS FOR DATA COMPRESSION USING VARIABLE IN LENGTH CODING
https://journal.uod.ac/index.php/uodjournal/article/view/3321,200,1,text/html,"EFFECTIVE DELEGATION AND LEADERSHIP IN SOFTWARE MANAGEMENT
							| Journal of Duhok University"
https://journal.uod.ac/index.php/uodjournal/article/view/3321/1876,200,1,text/html,View of EFFECTIVE DELEGATION AND LEADERSHIP IN SOFTWARE MANAGEMENT
https://journal.uod.ac/index.php/uodjournal/article/view/3322,200,1,text/html,"SINGLE-THREADING BASED DISTRIBUTED-MULTIPROCESSOR-MACHINES AFFECTING BY DISTRIBUTED-PARALLEL-COMPUTING TECHNOLOGY
							| Journal of Duhok University"
https://journal.uod.ac/index.php/uodjournal/article/view/3322/1877,200,1,text/html,View of SINGLE-THREADING BASED DISTRIBUTED-MULTIPROCESSOR-MACHINES AFFECTING BY DISTRIBUTED-PARALLEL-COMPUTING TECHNOLOGY
https://journal.uod.ac/index.php/uodjournal/article/view/3323,200,1,text/html,"AN EFFICIENT DYNAMIC RESOURCE SHARING FOR A MULTI-VENDOR WIRELESS NETWORK VIRTUALIZATION
							| Journal of Duhok University"
https://journal.uod.ac/index.php/uodjournal/article/view/3323/1878,200,1,text/html,View of AN EFFICIENT DYNAMIC RESOURCE SHARING FOR A MULTI-VENDOR WIRELESS NETWORK VIRTUALIZATION
https://journal.uod.ac/index.php/uodjournal/article/view/3324,200,1,text/html,"DESIGN AND ANALYASIS A BROADBAND PRINTED-DIPOLE ANTENNA FOR 4G/5G MOBILE SMARTPHONE
							| Journal of Duhok University"
https://journal.uod.ac/index.php/uodjournal/article/view/3324/1879,200,1,text/html,View of DESIGN AND ANALYASIS A BROADBAND PRINTED-DIPOLE ANTENNA FOR 4G/5G MOBILE SMARTPHONE
https://journal.uod.ac/index.php/uodjournal/article/view/3325,200,1,text/html,"ECG SIGNAL DENOISING USING DISCRETE WAVELET TRANSFORM 
							| Journal of Duhok University"
https://journal.uod.ac/index.php/uodjournal/article/view/3325/1880,200,1,text/html,View of ECG SIGNAL DENOISING USING DISCRETE WAVELET TRANSFORM
https://journal.uod.ac/index.php/uodjournal/article/view/3326,200,1,text/html,"A NOVEL NETWORK ANALYZING TOOL (NNAT) FOR COMPLEX NETWORK INFORMATION VISUALIZATION
							| Journal of Duhok University"
https://journal.uod.ac/index.php/uodjournal/article/view/3326/1881,200,1,text/html,View of A NOVEL NETWORK ANALYZING TOOL (NNAT) FOR COMPLEX NETWORK INFORMATION VISUALIZATION
https://journal.uod.ac/index.php/uodjournal/article/view/3327,200,1,text/html,"5G URBAN CELL PLANNING ESTIMATION AND BASE STATION THROUGHPUT DETERMINATION
							| Journal of Duhok University"
https://journal.uod.ac/index.php/uodjournal/article/view/3327/1882,200,1,text/html,View of 5G URBAN CELL PLANNING ESTIMATION AND BASE STATION THROUGHPUT DETERMINATION
https://journal.uod.ac/index.php/uodjournal/article/view/3328,200,1,text/html,"REINFORCEMENT LEARNING MODEL FOR FINDING OPTIMAL PATH
							| Journal of Duhok University"
https://journal.uod.ac/index.php/uodjournal/article/view/3328/1883,200,1,text/html,View of REINFORCEMENT LEARNING MODEL FOR FINDING OPTIMAL PATH
https://journal.uod.ac/index.php/uodjournal/article/view/3329,200,1,text/html,"DEEP LEARNING BASED CHANNEL ESTIMATION FOR 5G AND BEYOND 
							| Journal of Duhok University"
https://journal.uod.ac/index.php/uodjournal/article/view/3329/1884,200,1,text/html,View of DEEP LEARNING BASED CHANNEL ESTIMATION FOR 5G AND BEYOND
https://journal.uod.ac/index.php/uodjournal/article/view/333,200,1,text/html,"EFFECT OF CULTIVARS, PLANT SPACING AND AL-GAMIX ON GROWTH AND GREEN YIELD OF BROAD BEAN (Vicia faba L.)
							| Journal of Duhok University"
https://journal.uod.ac/index.php/uodjournal/article/view/333/212,200,1,text/html,"View of EFFECT OF CULTIVARS, PLANT SPACING AND AL-GAMIX ON GROWTH AND GREEN YIELD OF BROAD BEAN (Vicia faba L.)"
https://journal.uod.ac/index.php/uodjournal/article/view/3330,200,1,text/html,"A DESIGN MODEL AND COMPARISON OF FIXED AND TRACKING PHOTOVOLTAIC SYSTEMS FOR A SINGLE-FAMILY HOUSE IN ERBIL, IRAQ
							| Journal of Duhok University"
https://journal.uod.ac/index.php/uodjournal/article/view/3330/1885,200,1,text/html,"View of A DESIGN MODEL AND COMPARISON OF FIXED AND TRACKING PHOTOVOLTAIC SYSTEMS FOR A SINGLE-FAMILY HOUSE IN ERBIL, IRAQ"
https://journal.uod.ac/index.php/uodjournal/article/view/3331,200,1,text/html,"DESIGNING AN ENCRYPTION FUNCTION FOR CHAOTIC-BASED MODEL WITH BIFURCATION SHIFTING IN SECURITY COMMUNICATE
							| Journal of Duhok University"
https://journal.uod.ac/index.php/uodjournal/article/view/3331/1886,200,1,text/html,View of DESIGNING AN ENCRYPTION FUNCTION FOR CHAOTIC-BASED MODEL WITH BIFURCATION SHIFTING IN SECURITY COMMUNICATE
https://journal.uod.ac/index.php/uodjournal/article/view/3332,200,1,text/html,"FUTURE HUMAN ACTIVITY PREDICTION USING WAVELET AND LSTM
							| Journal of Duhok University"
https://journal.uod.ac/index.php/uodjournal/article/view/3332/1887,200,1,text/html,View of FUTURE HUMAN ACTIVITY PREDICTION USING WAVELET AND LSTM
https://journal.uod.ac/index.php/uodjournal/article/view/3333,200,1,text/html,"DESIGN AND IMPLEMENTATION OF AN RF BALANCED AMPLIFIER FOR WIRELESS COMMUNICATION SYSTEMS
							| Journal of Duhok University"
https://journal.uod.ac/index.php/uodjournal/article/view/3333/1888,200,1,text/html,View of DESIGN AND IMPLEMENTATION OF AN RF BALANCED AMPLIFIER FOR WIRELESS COMMUNICATION SYSTEMS
https://journal.uod.ac/index.php/uodjournal/article/view/3334,200,1,text/html,"SECURE IMAGE STEGANOGRAPHY USING GHM: HIDING TEXT IN PLAIN SIGHT
							| Journal of Duhok University"
https://journal.uod.ac/index.php/uodjournal/article/view/3334/1889,200,1,text/html,View of SECURE IMAGE STEGANOGRAPHY USING GHM: HIDING TEXT IN PLAIN SIGHT
https://journal.uod.ac/index.php/uodjournal/article/view/3335,200,1,text/html,"CHATBOT-BASED TOURIST GUIDE USING ARTIFICIAL INTELLIGENCE MARKUP LANGUAGE
							| Journal of Duhok University"
https://journal.uod.ac/index.php/uodjournal/article/view/3335/1890,200,1,text/html,View of CHATBOT-BASED TOURIST GUIDE USING ARTIFICIAL INTELLIGENCE MARKUP LANGUAGE
https://journal.uod.ac/index.php/uodjournal/article/view/3336,200,1,text/html,"A SECURE HEALTHCARE SYSTEM FOR IOT USING ARTIFICIAL INTELLIGENCE 
							| Journal of Duhok University"
https://journal.uod.ac/index.php/uodjournal/article/view/3336/1891,200,1,text/html,View of A SECURE HEALTHCARE SYSTEM FOR IOT USING ARTIFICIAL INTELLIGENCE
https://journal.uod.ac/index.php/uodjournal/article/view/3337,200,1,text/html,"PREDICTING LONG-TERM COVID-19 SYMPTOMS USING MACHINE LEARNING: A CASE STUDY IN KURDISTAN REGION OF IRAQ
							| Journal of Duhok University"
https://journal.uod.ac/index.php/uodjournal/article/view/3337/1892,200,1,text/html,View of PREDICTING LONG-TERM COVID-19 SYMPTOMS USING MACHINE LEARNING: A CASE STUDY IN KURDISTAN REGION OF IRAQ
https://journal.uod.ac/index.php/uodjournal/article/view/3338,200,1,text/html,"A COMPREHENSIVE STUDY ON AUTOMATED TESTING WITH THE SOFTWARE LIFECYCLE 
							| Journal of Duhok University"
https://journal.uod.ac/index.php/uodjournal/article/view/3338/1893,200,1,text/html,View of A COMPREHENSIVE STUDY ON AUTOMATED TESTING WITH THE SOFTWARE LIFECYCLE
https://journal.uod.ac/index.php/uodjournal/article/view/3339,200,1,text/html,"CAPACITY ENHANCEMENT OF RADIO OVER FIBER SYSTEM USING VARIOUS MODULATION TECHNIQUES
							| Journal of Duhok University"
https://journal.uod.ac/index.php/uodjournal/article/view/3339/1894,200,1,text/html,View of CAPACITY ENHANCEMENT OF RADIO OVER FIBER SYSTEM USING VARIOUS MODULATION TECHNIQUES
https://journal.uod.ac/index.php/uodjournal/article/view/334,200,1,text/html,"GENETIC EVALUATION OF THREE QUAIL LINES\ BY FULL DIALLEL CROSS DESIGN II- EGG PRODUCTION
							| Journal of Duhok University"
https://journal.uod.ac/index.php/uodjournal/article/view/334/215,200,1,text/html,View of GENETIC EVALUATION OF THREE QUAIL LINES\ BY FULL DIALLEL CROSS DESIGN II- EGG PRODUCTION
https://journal.uod.ac/index.php/uodjournal/article/view/3340,200,1,text/html,"PERFORMANCE ENHANCEMENT OF RADIO OVER FIBER SYSTEM FOR LONG DISTANCE COMMUNICATION 
							| Journal of Duhok University"
https://journal.uod.ac/index.php/uodjournal/article/view/3340/1895,200,1,text/html,View of PERFORMANCE ENHANCEMENT OF RADIO OVER FIBER SYSTEM FOR LONG DISTANCE COMMUNICATION
https://journal.uod.ac/index.php/uodjournal/article/view/3341,200,1,text/html,"BIODIESEL PRODUCTION FROM WASTE COOKING OIL AND ISOPROPANOL FLUID BY USING TRANSESTERIFICATION TECHNOLOGY AND OPTIMIZING THE PROCESS BY USING RESPONSE SURFACE METHOD (RSM)  
							| Journal of Duhok University"
https://journal.uod.ac/index.php/uodjournal/article/view/3341/1896,200,1,text/html,View of BIODIESEL PRODUCTION FROM WASTE COOKING OIL AND ISOPROPANOL FLUID BY USING TRANSESTERIFICATION TECHNOLOGY AND OPTIMIZING THE PROCESS BY USING RESPONSE SURFACE METHOD (RSM)
https://journal.uod.ac/index.php/uodjournal/article/view/3342,200,1,text/html,"ROLE OF HOT MACHINING TECHNIQUE ON MACHINABILITY ENHANCEMENT FOR HARDENED STEELS
							| Journal of Duhok University"
https://journal.uod.ac/index.php/uodjournal/article/view/3342/1897,200,1,text/html,View of ROLE OF HOT MACHINING TECHNIQUE ON MACHINABILITY ENHANCEMENT FOR HARDENED STEELS
https://journal.uod.ac/index.php/uodjournal/article/view/3343,200,1,text/html,"NUMERICAL OPTIMIZATION OF THE EFFECT OF THE ASPECT RATIO ON THE DYNAMIC PERFORMANCE OF PLATES
							| Journal of Duhok University"
https://journal.uod.ac/index.php/uodjournal/article/view/3343/1898,200,1,text/html,View of NUMERICAL OPTIMIZATION OF THE EFFECT OF THE ASPECT RATIO ON THE DYNAMIC PERFORMANCE OF PLATES
https://journal.uod.ac/index.php/uodjournal/article/view/3344,200,1,text/html,"IMPROVING THE MECHANICAL PROPERTIES OF CARBON-EPOXY AND GLASS-EPOXY COMPOSITES BY INCORPORATING SILICA NANOPARTICLES
							| Journal of Duhok University"
https://journal.uod.ac/index.php/uodjournal/article/view/3344/1899,200,1,text/html,View of IMPROVING THE MECHANICAL PROPERTIES OF CARBON-EPOXY AND GLASS-EPOXY COMPOSITES BY INCORPORATING SILICA NANOPARTICLES
https://journal.uod.ac/index.php/uodjournal/article/view/3345,200,1,text/html,"A STUDY OF THE EFFECT OF AMMONIA BLENDING ON BURNING VELOCITY OF LPG AT INITIAL PRESSURE WITH HIGH-SPEED CAMERA 
							| Journal of Duhok University"
https://journal.uod.ac/index.php/uodjournal/article/view/3345/1839,200,1,text/html,View of A STUDY OF THE EFFECT OF AMMONIA BLENDING ON BURNING VELOCITY OF LPG AT INITIAL PRESSURE WITH HIGH-SPEED CAMERA
https://journal.uod.ac/index.php/uodjournal/article/view/3346,200,1,text/html,"EFFECTS OF LAMINA ORIENTATION ON UNIAXIAL BUCKLING LOAD OF COMPOSITE PLATES
							| Journal of Duhok University"
https://journal.uod.ac/index.php/uodjournal/article/view/3346/1900,200,1,text/html,View of EFFECTS OF LAMINA ORIENTATION ON UNIAXIAL BUCKLING LOAD OF COMPOSITE PLATES
https://journal.uod.ac/index.php/uodjournal/article/view/3347,200,1,text/html,"INFLUENCE OF ADDING DIFFERENT PARTICLES FILLERS ON ELECTRICAL CONDUCTIVITY AND MECHANICAL PROPERTIES OF HIGH DENSITY POLYETHYLENE (HDPE) MATRIX COMPOSITES
							| Journal of Duhok University"
https://journal.uod.ac/index.php/uodjournal/article/view/3347/1901,200,1,text/html,View of INFLUENCE OF ADDING DIFFERENT PARTICLES FILLERS ON ELECTRICAL CONDUCTIVITY AND MECHANICAL PROPERTIES OF HIGH DENSITY POLYETHYLENE (HDPE) MATRIX COMPOSITES
https://journal.uod.ac/index.php/uodjournal/article/view/3348,200,1,text/html,"BIODIESEL PRODUCTION FROM WASTE COOKING OIL AND ISOPROPANOL FLUID BY USING TRANSESTERIFICATION TECHNOLOGY AND OPTIMIZING THE PROCESS BY USING RESPONSE SURFACE METHOD (RSM)
							| Journal of Duhok University"
https://journal.uod.ac/index.php/uodjournal/article/view/3348/1902,200,1,text/html,View of BIODIESEL PRODUCTION FROM WASTE COOKING OIL AND ISOPROPANOL FLUID BY USING TRANSESTERIFICATION TECHNOLOGY AND OPTIMIZING THE PROCESS BY USING RESPONSE SURFACE METHOD (RSM)
https://journal.uod.ac/index.php/uodjournal/article/view/3349,200,1,text/html,"AUTOMATED DETECTION OF LUNG DISEASES (COVID-19) BASED ON    X-RAY IMAGES USING A DEEP LEARNING APPROACH
							| Journal of Duhok University"
https://journal.uod.ac/index.php/uodjournal/article/view/3349/1905,200,1,text/html,View of AUTOMATED DETECTION OF LUNG DISEASES (COVID-19) BASED ON    X-RAY IMAGES USING A DEEP LEARNING APPROACH
https://journal.uod.ac/index.php/uodjournal/article/view/335,200,1,text/html,"PHYTOEXTRACTION OF LEAD FROM POLLUTED SOIL BY  Silybum marianum L.
							| Journal of Duhok University"
https://journal.uod.ac/index.php/uodjournal/article/view/335/214,200,1,text/html,View of PHYTOEXTRACTION OF LEAD FROM POLLUTED SOIL BY  Silybum marianum L.
https://journal.uod.ac/index.php/uodjournal/article/view/3350,200,1,text/html,"MOVING DIPOLE LOCALIZATION USING LINEAR LEAST SQUARE ESTIMATION: A REVIEW
							| Journal of Duhok University"
https://journal.uod.ac/index.php/uodjournal/article/view/3350/1904,200,1,text/html,View of MOVING DIPOLE LOCALIZATION USING LINEAR LEAST SQUARE ESTIMATION: A REVIEW
https://journal.uod.ac/index.php/uodjournal/article/view/3351,200,1,text/html,"NATURAL FREQUENCY OF RC WALLS WITH VARIOUS SIZES AND LOCATIONS OF OPENING
							| Journal of Duhok University"
https://journal.uod.ac/index.php/uodjournal/article/view/3351/1903,200,1,text/html,View of NATURAL FREQUENCY OF RC WALLS WITH VARIOUS SIZES AND LOCATIONS OF OPENING
https://journal.uod.ac/index.php/uodjournal/article/view/3358,200,1,text/html,"THE EFFECT OF FILLER TYPE AND CONTENT ON ASPHALT  MIXTURE PROPERTIES
							| Journal of Duhok University"
https://journal.uod.ac/index.php/uodjournal/article/view/3358/1910,200,1,text/html,View of THE EFFECT OF FILLER TYPE AND CONTENT ON ASPHALT  MIXTURE PROPERTIES
https://journal.uod.ac/index.php/uodjournal/article/view/336,200,1,text/html,"TOWARDS THE ESTABLISHMENT OF A SITE-SPECIES-SPECIFIC TABLE FOR CARBON SEQUESTRATION OF Morus nigra And Salix alba  IN DUHOK PROVINCE, KURDISTAN REGION
							| Journal of Duhok University"
https://journal.uod.ac/index.php/uodjournal/article/view/336/338,200,1,text/html,"View of TOWARDS THE ESTABLISHMENT OF A SITE-SPECIES-SPECIFIC TABLE FOR CARBON SEQUESTRATION OF Morus nigra And Salix alba  IN DUHOK PROVINCE, KURDISTAN REGION"
https://journal.uod.ac/index.php/uodjournal/article/view/3361,200,1,text/html,"العزلة الاجتماعية والنظريات المفسرة لها ( بحث اجتماعي نظري)
							| Journal of Duhok University"
https://journal.uod.ac/index.php/uodjournal/article/view/3361/1911,200,1,text/html,View of العزلة الاجتماعية والنظريات المفسرة لها ( بحث اجتماعي نظري)
https://journal.uod.ac/index.php/uodjournal/article/view/3362,200,1,text/html,"ASSESSING THE EFFECT OF URBAN GROWTH ON MOBILITY TRANSFORMATION–DUHOK AS A CASE STUDY
							| Journal of Duhok University"
https://journal.uod.ac/index.php/uodjournal/article/view/3362/1912,200,1,text/html,View of ASSESSING THE EFFECT OF URBAN GROWTH ON MOBILITY TRANSFORMATION–DUHOK AS A CASE STUDY
https://journal.uod.ac/index.php/uodjournal/article/view/3363,200,1,text/html,"A PARAMETRIC STUDY OF SLOPE STABILITY ANALYSIS IN COHESIVE SOILS USING A PROBABILISTIC METHOD
							| Journal of Duhok University"
https://journal.uod.ac/index.php/uodjournal/article/view/3363/1913,200,1,text/html,View of A PARAMETRIC STUDY OF SLOPE STABILITY ANALYSIS IN COHESIVE SOILS USING A PROBABILISTIC METHOD
https://journal.uod.ac/index.php/uodjournal/article/view/3365,200,1,text/html,"CHARACTERISTIC OF SPATIAL CONFIGURATION: ITS ROLE IN USER PERCEPTION IN CONTEMPORARY ARCHITECTURE (Duhok city architecture as a case study)
							| Journal of Duhok University"
https://journal.uod.ac/index.php/uodjournal/article/view/3365/1914,200,1,text/html,View of CHARACTERISTIC OF SPATIAL CONFIGURATION: ITS ROLE IN USER PERCEPTION IN CONTEMPORARY ARCHITECTURE (Duhok city architecture as a case study)
https://journal.uod.ac/index.php/uodjournal/article/view/3366,200,1,text/html,"TRAUMA CONCEPT APPLICATION IN ARCHITECTURE
							| Journal of Duhok University"
https://journal.uod.ac/index.php/uodjournal/article/view/3366/1915,200,1,text/html,View of TRAUMA CONCEPT APPLICATION IN ARCHITECTURE
https://journal.uod.ac/index.php/uodjournal/article/view/3391,200,1,text/html,"استراتيجيات إدارة المواهب ودورها في إبداع الموارد البشرية: دراسة استطلاعية لآراء عينة من القيادات الأكاديمية في عدد من الجامعات الحكومية في إقليم كوردستان العراق
							| Journal of Duhok University"
https://journal.uod.ac/index.php/uodjournal/article/view/3391/1918,200,1,text/html,View of استراتيجيات إدارة المواهب ودورها في إبداع الموارد البشرية: دراسة استطلاعية لآراء عينة من القيادات الأكاديمية في عدد من الجامعات الحكومية في إقليم كوردستان العراق
https://journal.uod.ac/index.php/uodjournal/article/view/3392,200,1,text/html,"رولىَ ذنا كورد ل ئيَزطىََ بةغدا 1989-1939
							| Journal of Duhok University"
https://journal.uod.ac/index.php/uodjournal/article/view/3392/1919,200,1,text/html,View of رولىَ ذنا كورد ل ئيَزطىََ بةغدا 1989-1939
https://journal.uod.ac/index.php/uodjournal/article/view/3394,200,1,text/html,"A FUZZY-SMC-PI LOAD FREQUENCY CONTROL FOR MODERN POWER SYSTEMS WITH RENEWABLE ENERGY SOURCES
							| Journal of Duhok University"
https://journal.uod.ac/index.php/uodjournal/article/view/3394/1920,200,1,text/html,View of A FUZZY-SMC-PI LOAD FREQUENCY CONTROL FOR MODERN POWER SYSTEMS WITH RENEWABLE ENERGY SOURCES
https://journal.uod.ac/index.php/uodjournal/article/view/3397,200,1,text/html,"التحليل المكاني للإشعاع الشمسي الكلي في محافظة دهوك لعام2015 ومدى إمكانية الاستفادة منها
							| Journal of Duhok University"
https://journal.uod.ac/index.php/uodjournal/article/view/3397/1921,200,1,text/html,View of التحليل المكاني للإشعاع الشمسي الكلي في محافظة دهوك لعام2015 ومدى إمكانية الاستفادة منها
https://journal.uod.ac/index.php/uodjournal/article/view/3399,200,1,text/html,"الصراعات الطائفية في سوريا والعراق للمدة 2011-2023
							| Journal of Duhok University"
https://journal.uod.ac/index.php/uodjournal/article/view/3399/1922,200,1,text/html,View of الصراعات الطائفية في سوريا والعراق للمدة 2011-2023
https://journal.uod.ac/index.php/uodjournal/article/view/34,200,1,text/html,"IMPROVEMENT THE COMPRESSIBILITY IN RESIDUAL SOILS BY USING STYRENE BUTADIENE RUBBER
							| Journal of Duhok University"
https://journal.uod.ac/index.php/uodjournal/article/view/34/23,200,1,text/html,View of IMPROVEMENT THE COMPRESSIBILITY IN RESIDUAL SOILS BY USING STYRENE BUTADIENE RUBBER
https://journal.uod.ac/index.php/uodjournal/article/view/3404,200,1,text/html,"مستوى الشعور بالانتماء الوطني والقومي للشباب الكوردي في إقليم كوردستان العراق وعلاقته ببعض المتغيرات "" الشباب في قضاء عقرة أنموذجا""
							| Journal of Duhok University"
https://journal.uod.ac/index.php/uodjournal/article/view/3404/1923,200,1,text/html,"View of مستوى الشعور بالانتماء الوطني والقومي للشباب الكوردي في إقليم كوردستان العراق وعلاقته ببعض المتغيرات "" الشباب في قضاء عقرة أنموذجا"""
https://journal.uod.ac/index.php/uodjournal/article/view/345,200,1,text/html,"APPLICATION OF POLLUTION INDICES FOR HEAVY METAL CONTAMINATION ASSESSMENT IN SURFACE WATER OF DUHOK DAM (KURDISTAN REGION, IRAQ)
							| Journal of Duhok University"
https://journal.uod.ac/index.php/uodjournal/article/view/345/284,200,1,text/html,"View of APPLICATION OF POLLUTION INDICES FOR HEAVY METAL CONTAMINATION ASSESSMENT IN SURFACE WATER OF DUHOK DAM (KURDISTAN REGION, IRAQ)"
https://journal.uod.ac/index.php/uodjournal/article/view/347,200,1,text/html,"ASSESSING VOLUME OF Quercus aegilops L.TREES IN DUHOK GOVERNORATE, KURDISTAN REGION OF IRAQ
							| Journal of Duhok University"
https://journal.uod.ac/index.php/uodjournal/article/view/347/751,200,1,text/html,"View of ASSESSING VOLUME OF Quercus aegilops L.TREES IN DUHOK GOVERNORATE, KURDISTAN REGION OF IRAQ"
https://journal.uod.ac/index.php/uodjournal/article/view/348,200,1,text/html,"GROWTH RESPONSE OF Eucalyptus Camaldulensis DHENH. AND Melia Azedarach L. SEEDLINGS TO PRIMARY TREATED WASTEWATER OF AVROCITY IN DUHOK GOVERNORATE
							| Journal of Duhok University"
https://journal.uod.ac/index.php/uodjournal/article/view/348/752,200,1,text/html,View of GROWTH RESPONSE OF Eucalyptus Camaldulensis DHENH. AND Melia Azedarach L. SEEDLINGS TO PRIMARY TREATED WASTEWATER OF AVROCITY IN DUHOK GOVERNORATE
https://journal.uod.ac/index.php/uodjournal/article/view/349,200,1,text/html,"HABITAT SUITABILITY ASSESSMENT OF EUROPEAN HARE (LEPUS EUROPAEUS PALLAS) IN MAJILMAKHTE IN DUHOK GOVERNORATE
							| Journal of Duhok University"
https://journal.uod.ac/index.php/uodjournal/article/view/349/753,200,1,text/html,View of HABITAT SUITABILITY ASSESSMENT OF EUROPEAN HARE (LEPUS EUROPAEUS PALLAS) IN MAJILMAKHTE IN DUHOK GOVERNORATE
https://journal.uod.ac/index.php/uodjournal/article/view/35,200,1,text/html,"ANALYTICAL AND NUMERICAL INVESTIGATIONS OF A LATERALLY LOADED SINGLE PILE EMBEDDED IN A COHESIVE SOIL
							| Journal of Duhok University"
https://journal.uod.ac/index.php/uodjournal/article/view/35/24,200,1,text/html,View of ANALYTICAL AND NUMERICAL INVESTIGATIONS OF A LATERALLY LOADED SINGLE PILE EMBEDDED IN A COHESIVE SOIL
https://journal.uod.ac/index.php/uodjournal/article/view/350,200,1,text/html,"PROPOLIS IMPACT ON THE HONEY BEE LIFE SPAN, VARROA MITE INFESTATION AND POPULATION GROWTH OF THE COLONY
							| Journal of Duhok University"
https://journal.uod.ac/index.php/uodjournal/article/view/350/754,200,1,text/html,"View of PROPOLIS IMPACT ON THE HONEY BEE LIFE SPAN, VARROA MITE INFESTATION AND POPULATION GROWTH OF THE COLONY"
https://journal.uod.ac/index.php/uodjournal/article/view/351,200,1,text/html,"IMPACT OF MULCHING AND SOIL AMENDMENTS ON SUPPRESS OF TOMATO FUSARIUM DAMPING OFF DURING THREE ROTATION
							| Journal of Duhok University"
https://journal.uod.ac/index.php/uodjournal/article/view/351/755,200,1,text/html,View of IMPACT OF MULCHING AND SOIL AMENDMENTS ON SUPPRESS OF TOMATO FUSARIUM DAMPING OFF DURING THREE ROTATION
https://journal.uod.ac/index.php/uodjournal/article/view/352,200,1,text/html,"BIOREMEDIATION OF HEAVILY CONTAMINATED SOIL IN WASHEINDUSTRIAL AREA USING BIO-COMPOSTING TECHNIQUE  WITH SHEEP AND CHICKEN MANURE IN KURDISTAN REGION, IRAQ
							| Journal of Duhok University"
https://journal.uod.ac/index.php/uodjournal/article/view/352/756,200,1,text/html,"View of BIOREMEDIATION OF HEAVILY CONTAMINATED SOIL IN WASHEINDUSTRIAL AREA USING BIO-COMPOSTING TECHNIQUE  WITH SHEEP AND CHICKEN MANURE IN KURDISTAN REGION, IRAQ"
https://journal.uod.ac/index.php/uodjournal/article/view/353,200,1,text/html,"ASSESSING THE HEAVY METALS BIOACCUMULATION OF Pinus brutia TEN. URBAN TREE IN DUHOK, KURDISTAN REGION OF IRAQ
							| Journal of Duhok University"
https://journal.uod.ac/index.php/uodjournal/article/view/353/757,200,1,text/html,"View of ASSESSING THE HEAVY METALS BIOACCUMULATION OF Pinus brutia TEN. URBAN TREE IN DUHOK, KURDISTAN REGION OF IRAQ"
https://journal.uod.ac/index.php/uodjournal/article/view/354,200,1,text/html,"EFFECT OF NPK AND SEA FORCE EXTRACT ON GROWTH CHARACTERS AND TOTAL FLAVONOID CONTENT OF Calendula officinalis
							| Journal of Duhok University"
https://journal.uod.ac/index.php/uodjournal/article/view/354/210,200,1,text/html,View of EFFECT OF NPK AND SEA FORCE EXTRACT ON GROWTH CHARACTERS AND TOTAL FLAVONOID CONTENT OF Calendula officinalis
https://journal.uod.ac/index.php/uodjournal/article/view/356,200,1,text/html,"The Impact of Financing Instruments in the Evolution of the Productive Structure of Total Public Expenditure in Jordan during 1980-2013
							| Journal of Duhok University"
https://journal.uod.ac/index.php/uodjournal/article/view/356/259,200,1,text/html,View of The Impact of Financing Instruments in the Evolution of the Productive Structure of Total Public Expenditure in Jordan during 1980-2013
https://journal.uod.ac/index.php/uodjournal/article/view/357,200,1,text/html,"The Consociation and Promoting Citizenship for Minorities in Iraq
							| Journal of Duhok University"
https://journal.uod.ac/index.php/uodjournal/article/view/357/260,200,1,text/html,View of The Consociation and Promoting Citizenship for Minorities in Iraq
https://journal.uod.ac/index.php/uodjournal/article/view/358,200,1,text/html,"Measuring the Impact of Exchange Rate Change on the Values of Financial Markets; Analyzing of Sample Indexes from the International Financial Markets
							| Journal of Duhok University"
https://journal.uod.ac/index.php/uodjournal/article/view/358/261,200,1,text/html,View of Measuring the Impact of Exchange Rate Change on the Values of Financial Markets; Analyzing of Sample Indexes from the International Financial Markets
https://journal.uod.ac/index.php/uodjournal/article/view/359,200,1,text/html,"Causes of Death in Duhok Governorate for the Years 2010, 2013 and 2016; Comparative Study in Population Geography
							| Journal of Duhok University"
https://journal.uod.ac/index.php/uodjournal/article/view/359/263,200,1,text/html,"View of Causes of Death in Duhok Governorate for the Years 2010, 2013 and 2016; Comparative Study in Population Geography"
https://journal.uod.ac/index.php/uodjournal/article/view/36,200,1,text/html,"ASSESSMENT OF DIFFERENT MANAGEMENT SCENARIOS TO CONTROL SEAWATER INTRUSION IN UNCONFINED COASTAL AQUIFERS
							| Journal of Duhok University"
https://journal.uod.ac/index.php/uodjournal/article/view/36/25,200,1,text/html,View of ASSESSMENT OF DIFFERENT MANAGEMENT SCENARIOS TO CONTROL SEAWATER INTRUSION IN UNCONFINED COASTAL AQUIFERS
https://journal.uod.ac/index.php/uodjournal/article/view/360,200,1,text/html,"The Role of Map of Beneficial Achievement for the Costumer in diagnosing the Market Boundaries of the Organizations: A questionnaire survey of a Number of Managers in Different Productive Organizations in Duhok Province
							| Journal of Duhok University"
https://journal.uod.ac/index.php/uodjournal/article/view/360/264,200,1,text/html,View of The Role of Map of Beneficial Achievement for the Costumer in diagnosing the Market Boundaries of the Organizations: A questionnaire survey of a Number of Managers in Different Productive Organizations in Duhok Province
https://journal.uod.ac/index.php/uodjournal/article/view/361,200,1,text/html,"The Political plurality: A Study of the Concept and Mechanisms
							| Journal of Duhok University"
https://journal.uod.ac/index.php/uodjournal/article/view/361/265,200,1,text/html,View of The Political plurality: A Study of the Concept and Mechanisms
https://journal.uod.ac/index.php/uodjournal/article/view/362,200,1,text/html,"Murder in Dohuk Governorate - A study in the geography of the population
							| Journal of Duhok University"
https://journal.uod.ac/index.php/uodjournal/article/view/362/266,200,1,text/html,View of Murder in Dohuk Governorate - A study in the geography of the population
https://journal.uod.ac/index.php/uodjournal/article/view/364,200,1,text/html,"The Attitude Measurement towards Coaching Profession and the Level of Ambition for the Varsity Players in Kurdistan Region Tournament
							| Journal of Duhok University"
https://journal.uod.ac/index.php/uodjournal/article/view/364/267,200,1,text/html,View of The Attitude Measurement towards Coaching Profession and the Level of Ambition for the Varsity Players in Kurdistan Region Tournament
https://journal.uod.ac/index.php/uodjournal/article/view/365,200,1,text/html,"Ahistorical Study of Kurdish Alliance under the Leadership of Bader Khan
							| Journal of Duhok University"
https://journal.uod.ac/index.php/uodjournal/article/view/365/268,200,1,text/html,View of Ahistorical Study of Kurdish Alliance under the Leadership of Bader Khan
https://journal.uod.ac/index.php/uodjournal/article/view/369,200,1,text/html,"The United States of America War of 1898 against Spain Empire
							| Journal of Duhok University"
https://journal.uod.ac/index.php/uodjournal/article/view/369/269,200,1,text/html,View of The United States of America War of 1898 against Spain Empire
https://journal.uod.ac/index.php/uodjournal/article/view/37,200,1,text/html,"EVALUATING THE SCALE FACTORS OF PEDO-TRANSFER MODELING THE SOIL WATER CHARACTERISTIC CURVE OF ZAKHO SOILS
							| Journal of Duhok University"
https://journal.uod.ac/index.php/uodjournal/article/view/37/26,200,1,text/html,View of EVALUATING THE SCALE FACTORS OF PEDO-TRANSFER MODELING THE SOIL WATER CHARACTERISTIC CURVE OF ZAKHO SOILS
https://journal.uod.ac/index.php/uodjournal/article/view/371,200,1,text/html,"Ratification of the Contract across the Carried Phone (Mobile) for the Financial Treatments in the Islamic Doctrine
							| Journal of Duhok University"
https://journal.uod.ac/index.php/uodjournal/article/view/371/270,200,1,text/html,View of Ratification of the Contract across the Carried Phone (Mobile) for the Financial Treatments in the Islamic Doctrine
https://journal.uod.ac/index.php/uodjournal/article/view/372,200,1,text/html,"The Effect of Using the Models Wheatley and Keller in the Achievement of Students of the Third Stage / Department of Social Sciences for the History of Modern Kurds Subject
							| Journal of Duhok University"
https://journal.uod.ac/index.php/uodjournal/article/view/372/271,200,1,text/html,View of The Effect of Using the Models Wheatley and Keller in the Achievement of Students of the Third Stage / Department of Social Sciences for the History of Modern Kurds Subject
https://journal.uod.ac/index.php/uodjournal/article/view/373,200,1,text/html,"English Civil Wars 1642-1649 ""A Study of Its Origins, events and the most Important Consequences""
							| Journal of Duhok University"
https://journal.uod.ac/index.php/uodjournal/article/view/373/272,200,1,text/html,"View of English Civil Wars 1642-1649 ""A Study of Its Origins, events and the most Important Consequences"""
https://journal.uod.ac/index.php/uodjournal/article/view/376,200,1,text/html,"The Effect of Using the Frayer Teaching Model in Acquiring Mathematical Concepts among the Seventh Grade Students
							| Journal of Duhok University"
https://journal.uod.ac/index.php/uodjournal/article/view/376/262,200,1,text/html,View of The Effect of Using the Frayer Teaching Model in Acquiring Mathematical Concepts among the Seventh Grade Students
https://journal.uod.ac/index.php/uodjournal/article/view/377,200,1,text/html,"The Role of Jawhar Nameq Salim in Preparation and Occurrence the Kurdish May Opposition 1975-1976
							| Journal of Duhok University"
https://journal.uod.ac/index.php/uodjournal/article/view/377/250,200,1,text/html,View of The Role of Jawhar Nameq Salim in Preparation and Occurrence the Kurdish May Opposition 1975-1976
https://journal.uod.ac/index.php/uodjournal/article/view/378,200,1,text/html,"US Political Options towards the Arabian Gulf after the British Withdrawal from It in 1968
							| Journal of Duhok University"
https://journal.uod.ac/index.php/uodjournal/article/view/378/258,200,1,text/html,View of US Political Options towards the Arabian Gulf after the British Withdrawal from It in 1968
https://journal.uod.ac/index.php/uodjournal/article/view/379,200,1,text/html,"RECLAIMING A SELF INTERTWINED IN THE EXIGENCIES OF AN UNWRITTEN HISTORY IN HINER SALEEM’S MY FATHER’S RIFLE
							| Journal of Duhok University"
https://journal.uod.ac/index.php/uodjournal/article/view/379/274,200,1,text/html,View of RECLAIMING A SELF INTERTWINED IN THE EXIGENCIES OF AN UNWRITTEN HISTORY IN HINER SALEEM’S MY FATHER’S RIFLE
https://journal.uod.ac/index.php/uodjournal/article/view/38,200,1,text/html,"THE EFFECT OF SOIL WATER RETENTION CURVE HYSTERESIS ON THE STRENGTH OF UNSATURATED SOILS
							| Journal of Duhok University"
https://journal.uod.ac/index.php/uodjournal/article/view/38/27,200,1,text/html,View of THE EFFECT OF SOIL WATER RETENTION CURVE HYSTERESIS ON THE STRENGTH OF UNSATURATED SOILS
https://journal.uod.ac/index.php/uodjournal/article/view/382,200,1,text/html,"RECRUITMENT TO ARMED GROUPS FROM DISPLACED COMMUNITIES IN NINEWA GOVERNORATE
							| Journal of Duhok University"
https://journal.uod.ac/index.php/uodjournal/article/view/382/275,200,1,text/html,View of RECRUITMENT TO ARMED GROUPS FROM DISPLACED COMMUNITIES IN NINEWA GOVERNORATE
https://journal.uod.ac/index.php/uodjournal/article/view/383,200,1,text/html,"THE TRANSLATION OF COLLOCATIONS IN AUTHENTIC HADITH FROM ARABIC INTO ENGLISH
							| Journal of Duhok University"
https://journal.uod.ac/index.php/uodjournal/article/view/383/276,200,1,text/html,View of THE TRANSLATION OF COLLOCATIONS IN AUTHENTIC HADITH FROM ARABIC INTO ENGLISH
https://journal.uod.ac/index.php/uodjournal/article/view/384,200,1,text/html,"FORMLAIC EXPRESSIONS IN NORTHERN KURMANJI: A PRAGMATIC ANALYSIS
							| Journal of Duhok University"
https://journal.uod.ac/index.php/uodjournal/article/view/384/277,200,1,text/html,View of FORMLAIC EXPRESSIONS IN NORTHERN KURMANJI: A PRAGMATIC ANALYSIS
https://journal.uod.ac/index.php/uodjournal/article/view/385,200,1,text/html,"THE CHALLENGES OF IMPLEMENTING PEACE EDUCATION PROGRAMS IN MIDDLE EAST  ARAB  STATES
							| Journal of Duhok University"
https://journal.uod.ac/index.php/uodjournal/article/view/385/279,200,1,text/html,View of THE CHALLENGES OF IMPLEMENTING PEACE EDUCATION PROGRAMS IN MIDDLE EAST  ARAB  STATES
https://journal.uod.ac/index.php/uodjournal/article/view/386,200,1,text/html,"THE EU NORMATIVE POLICY TOWARDS THIRD STATES:  TURKEY AS A CASE STUDY
							| Journal of Duhok University"
https://journal.uod.ac/index.php/uodjournal/article/view/386/278,200,1,text/html,View of THE EU NORMATIVE POLICY TOWARDS THIRD STATES:  TURKEY AS A CASE STUDY
https://journal.uod.ac/index.php/uodjournal/article/view/388,200,1,text/html,"NODAL MEANINGS IN (B) BASMALA (IN THE NAME OF ALLAH THE MERCIFUL)
							| Journal of Duhok University"
https://journal.uod.ac/index.php/uodjournal/article/view/388/273,200,1,text/html,View of NODAL MEANINGS IN (B) BASMALA (IN THE NAME OF ALLAH THE MERCIFUL)
https://journal.uod.ac/index.php/uodjournal/article/view/389,200,1,text/html,"Analysis by tree diagram in Northern Kurdish – Behdini Local Dialect
							| Journal of Duhok University"
https://journal.uod.ac/index.php/uodjournal/article/view/389/281,200,1,text/html,View of Analysis by tree diagram in Northern Kurdish – Behdini Local Dialect
https://journal.uod.ac/index.php/uodjournal/article/view/39,200,1,text/html,"INVESTIGATED CHARACTERISTICS OF WEAVING SECTIONS FROM FIELD DATA AND DEVELOPED SIMULATION MODEL
							| Journal of Duhok University"
https://journal.uod.ac/index.php/uodjournal/article/view/39/28,200,1,text/html,View of INVESTIGATED CHARACTERISTICS OF WEAVING SECTIONS FROM FIELD DATA AND DEVELOPED SIMULATION MODEL
https://journal.uod.ac/index.php/uodjournal/article/view/40,200,1,text/html,"PREDICTION MODELLING APPROACH FOR CRACK PROGRESSION OF HEAVY DUTY FLEXIBLE PAVEMENTS
							| Journal of Duhok University"
https://journal.uod.ac/index.php/uodjournal/article/view/40/29,200,1,text/html,View of PREDICTION MODELLING APPROACH FOR CRACK PROGRESSION OF HEAVY DUTY FLEXIBLE PAVEMENTS
https://journal.uod.ac/index.php/uodjournal/article/view/403,200,1,text/html,"THE DISTRIBUTION OF PATHOGENS, RISK FACTORS AND THEIR ANTIMICROBIAL SUSCEPTIBILITY PATTERNS AMONG POST-SURGICAL SITE INFECTION IN RIZGARI TEACHING HOSPITAL IN ERBIL/KURDISTAN REGION/IRAQ
							| Journal of Duhok University"
https://journal.uod.ac/index.php/uodjournal/article/view/403/285,200,1,text/html,"View of THE DISTRIBUTION OF PATHOGENS, RISK FACTORS AND THEIR ANTIMICROBIAL SUSCEPTIBILITY PATTERNS AMONG POST-SURGICAL SITE INFECTION IN RIZGARI TEACHING HOSPITAL IN ERBIL/KURDISTAN REGION/IRAQ"
https://journal.uod.ac/index.php/uodjournal/article/view/404,200,1,text/html,"STABILITY OF RICCATI STOCHASTIC DIFFERENTIAL EQUATION
							| Journal of Duhok University"
https://journal.uod.ac/index.php/uodjournal/article/view/404/286,200,1,text/html,View of STABILITY OF RICCATI STOCHASTIC DIFFERENTIAL EQUATION
https://journal.uod.ac/index.php/uodjournal/article/view/405,200,1,text/html,"IMPACT OF INTEGRAL DIMENSIONS ON HALTON AND SOBOL SEQUENCES PERFORMANCE
							| Journal of Duhok University"
https://journal.uod.ac/index.php/uodjournal/article/view/405/287,200,1,text/html,View of IMPACT OF INTEGRAL DIMENSIONS ON HALTON AND SOBOL SEQUENCES PERFORMANCE
https://journal.uod.ac/index.php/uodjournal/article/view/406,200,1,text/html,"ASYMPTOTIC STABILITY AND BOUNDEDNESS OF SOLUTION OF 3rd ORDER NONLINEAR DIFFERENTIAL EQUATION
							| Journal of Duhok University"
https://journal.uod.ac/index.php/uodjournal/article/view/406/288,200,1,text/html,View of ASYMPTOTIC STABILITY AND BOUNDEDNESS OF SOLUTION OF 3rd ORDER NONLINEAR DIFFERENTIAL EQUATION
https://journal.uod.ac/index.php/uodjournal/article/view/407,200,1,text/html,"USE OF EXPANDED POLYSTYRENE (EPS) BEADS  IN SILICA-FUME CONCRETE
							| Journal of Duhok University"
https://journal.uod.ac/index.php/uodjournal/article/view/407/289,200,1,text/html,View of USE OF EXPANDED POLYSTYRENE (EPS) BEADS  IN SILICA-FUME CONCRETE
https://journal.uod.ac/index.php/uodjournal/article/view/408,200,1,text/html,"STATUS OF TRACE ELEMENTS (IRON, ZINC AND COPPER) IN SERA OF PREGNANT WOMEN AT THIRD TRIMESTER
							| Journal of Duhok University"
https://journal.uod.ac/index.php/uodjournal/article/view/408/1123,200,1,text/html,"View of STATUS OF TRACE ELEMENTS (IRON, ZINC AND COPPER) IN SERA OF PREGNANT WOMEN AT THIRD TRIMESTER"
https://journal.uod.ac/index.php/uodjournal/article/view/409,200,1,text/html,"MODIFIED CONJUGATE GRADIENT METHOD FOR TRAINING NEURAL NETWORKS BASED ON LOGISTIC MAPPING
							| Journal of Duhok University"
https://journal.uod.ac/index.php/uodjournal/article/view/409/305,200,1,text/html,View of MODIFIED CONJUGATE GRADIENT METHOD FOR TRAINING NEURAL NETWORKS BASED ON LOGISTIC MAPPING
https://journal.uod.ac/index.php/uodjournal/article/view/41,200,1,text/html,"TRAFFIC ASSIGNMENT MODEL OF AL-AMARAH CITY
							| Journal of Duhok University"
https://journal.uod.ac/index.php/uodjournal/article/view/41/30,200,1,text/html,View of TRAFFIC ASSIGNMENT MODEL OF AL-AMARAH CITY
https://journal.uod.ac/index.php/uodjournal/article/view/410,200,1,text/html,"SEROPREVALENCE OF Coxiella Burnetii AMONG MEAT HANDLERS  IN DUHOK CITY, IRAQ.
							| Journal of Duhok University"
https://journal.uod.ac/index.php/uodjournal/article/view/410/292,200,1,text/html,"View of SEROPREVALENCE OF Coxiella Burnetii AMONG MEAT HANDLERS  IN DUHOK CITY, IRAQ."
https://journal.uod.ac/index.php/uodjournal/article/view/411,200,1,text/html,"EVALUATION OF THE EXISTING SIDEWALKS IN DUHOK CITY
							| Journal of Duhok University"
https://journal.uod.ac/index.php/uodjournal/article/view/411/293,200,1,text/html,View of EVALUATION OF THE EXISTING SIDEWALKS IN DUHOK CITY
https://journal.uod.ac/index.php/uodjournal/article/view/412,200,1,text/html,"THE KNOWLEDGE TOWARD OBESITY AND GESTATIONAL WEIGHT GAIN OF PREGNANT WOMEN IN DUHOK CITY
							| Journal of Duhok University"
https://journal.uod.ac/index.php/uodjournal/article/view/412/294,200,1,text/html,View of THE KNOWLEDGE TOWARD OBESITY AND GESTATIONAL WEIGHT GAIN OF PREGNANT WOMEN IN DUHOK CITY
https://journal.uod.ac/index.php/uodjournal/article/view/413,200,1,text/html,"BEST PRACTICES AND RECOMMENDATIONS FOR WRITING GOOD SOFTWARE
							| Journal of Duhok University"
https://journal.uod.ac/index.php/uodjournal/article/view/413/306,200,1,text/html,View of BEST PRACTICES AND RECOMMENDATIONS FOR WRITING GOOD SOFTWARE
https://journal.uod.ac/index.php/uodjournal/article/view/414,200,1,text/html,"DESIGN AND IMPLEMENTATION OF LOW COST DATA ACQUISITION SYSTEM FOR ECG SIGNAL AND EDR USING LABVIEW AND ARDUINO
							| Journal of Duhok University"
https://journal.uod.ac/index.php/uodjournal/article/view/414/296,200,1,text/html,View of DESIGN AND IMPLEMENTATION OF LOW COST DATA ACQUISITION SYSTEM FOR ECG SIGNAL AND EDR USING LABVIEW AND ARDUINO
https://journal.uod.ac/index.php/uodjournal/article/view/415,200,1,text/html,"ADAPTIVE NEURO-FUZZY INFERENCE SYSTEM FOR ESTIMATION OF WATER QUALITY INDEX IN DUHOK CAMPS
							| Journal of Duhok University"
https://journal.uod.ac/index.php/uodjournal/article/view/415/297,200,1,text/html,View of ADAPTIVE NEURO-FUZZY INFERENCE SYSTEM FOR ESTIMATION OF WATER QUALITY INDEX IN DUHOK CAMPS
https://journal.uod.ac/index.php/uodjournal/article/view/419,200,1,text/html,"EFFICIENT MECHANISM FOR SECURING SOFTWARE DEFINED NETWORK AGAINST ARP SPOOFING ATTACK
							| Journal of Duhok University"
https://journal.uod.ac/index.php/uodjournal/article/view/419/298,200,1,text/html,View of EFFICIENT MECHANISM FOR SECURING SOFTWARE DEFINED NETWORK AGAINST ARP SPOOFING ATTACK
https://journal.uod.ac/index.php/uodjournal/article/view/420,200,1,text/html,"OVEREXPRESSION OF HER2/NEU ONCOGEN, P53 AND ESTROGEN RECEPTOR IN ENDOMETRIAL HYPERPLASIA AND CARCINOMA
							| Journal of Duhok University"
https://journal.uod.ac/index.php/uodjournal/article/view/420/299,200,1,text/html,"View of OVEREXPRESSION OF HER2/NEU ONCOGEN, P53 AND ESTROGEN RECEPTOR IN ENDOMETRIAL HYPERPLASIA AND CARCINOMA"
https://journal.uod.ac/index.php/uodjournal/article/view/421,200,1,text/html,"MOLECULAR IDENTIFICATION OF Salmonella Enterica FROM PATIENTS WITH DIARRHEA IN DUHOK GOVERNORATE KURDISTAN REGION / IRAQ
							| Journal of Duhok University"
https://journal.uod.ac/index.php/uodjournal/article/view/421/303,200,1,text/html,View of MOLECULAR IDENTIFICATION OF Salmonella Enterica FROM PATIENTS WITH DIARRHEA IN DUHOK GOVERNORATE KURDISTAN REGION / IRAQ
https://journal.uod.ac/index.php/uodjournal/article/view/423,200,1,text/html,"THE POETIC IMAGE OF COLLECTION OF POEMS OF MOAYED TAYEB “BLING DAMMA BRSEDBEEN “
							| Journal of Duhok University"
https://journal.uod.ac/index.php/uodjournal/article/view/423/307,200,1,text/html,View of THE POETIC IMAGE OF COLLECTION OF POEMS OF MOAYED TAYEB “BLING DAMMA BRSEDBEEN “
https://journal.uod.ac/index.php/uodjournal/article/view/424,200,1,text/html,"ANALYZING SCIENTIFIC PRINCIPLES IN THE KURDISH  DICTIONARY: JUDY DICTIONARY AS A SAMPLE
							| Journal of Duhok University"
https://journal.uod.ac/index.php/uodjournal/article/view/424/330,200,1,text/html,View of ANALYZING SCIENTIFIC PRINCIPLES IN THE KURDISH  DICTIONARY: JUDY DICTIONARY AS A SAMPLE
https://journal.uod.ac/index.php/uodjournal/article/view/425,200,1,text/html,"HUMANITARIAN OF THINGS IN THE NOVEL OF ”ATRA” BY DEYAR EREDING
							| Journal of Duhok University"
https://journal.uod.ac/index.php/uodjournal/article/view/425/331,200,1,text/html,View of HUMANITARIAN OF THINGS IN THE NOVEL OF ”ATRA” BY DEYAR EREDING
https://journal.uod.ac/index.php/uodjournal/article/view/426,200,1,text/html,"The Role Of The Internal Poetic Rhythem Highlighting The Poetic Meaning Of The (Malaye Jazeeri) Poetry (Mn D dl Kovana Hazam) As Model
							| Journal of Duhok University"
https://journal.uod.ac/index.php/uodjournal/article/view/426/308,200,1,text/html,View of The Role Of The Internal Poetic Rhythem Highlighting The Poetic Meaning Of The (Malaye Jazeeri) Poetry (Mn D dl Kovana Hazam) As Model
https://journal.uod.ac/index.php/uodjournal/article/view/427,200,1,text/html,"SHOWING AND ANALYZING OF THE IMAGE SCHEMAS ( KURDISH READING AND GRAMMAR BOOK OF SIXTH GRADE  OF BASIC SCHOOL ) AS A SAMPLE
							| Journal of Duhok University"
https://journal.uod.ac/index.php/uodjournal/article/view/427/309,200,1,text/html,View of SHOWING AND ANALYZING OF THE IMAGE SCHEMAS ( KURDISH READING AND GRAMMAR BOOK OF SIXTH GRADE  OF BASIC SCHOOL ) AS A SAMPLE
https://journal.uod.ac/index.php/uodjournal/article/view/428,200,1,text/html,"REFLECTION OF THE MEANINGS OF THE WORDS (HALAL AND HARAM) IN THE KURDISH LANGUAGE
							| Journal of Duhok University"
https://journal.uod.ac/index.php/uodjournal/article/view/428/310,200,1,text/html,View of REFLECTION OF THE MEANINGS OF THE WORDS (HALAL AND HARAM) IN THE KURDISH LANGUAGE
https://journal.uod.ac/index.php/uodjournal/article/view/429,200,1,text/html,"The art of metaphore in the poems of baderkhan sindi’s divan (hozanet min) as a model
							| Journal of Duhok University"
https://journal.uod.ac/index.php/uodjournal/article/view/429/311,200,1,text/html,View of The art of metaphore in the poems of baderkhan sindi’s divan (hozanet min) as a model
https://journal.uod.ac/index.php/uodjournal/article/view/43,200,1,text/html,"THE USE OF ONLINE AND OFFLINE PROCESSING TOOLS TO IMPROVE THE PRECISION OF A GPS PASSIVE STATION
							| Journal of Duhok University"
https://journal.uod.ac/index.php/uodjournal/article/view/43/31,200,1,text/html,View of THE USE OF ONLINE AND OFFLINE PROCESSING TOOLS TO IMPROVE THE PRECISION OF A GPS PASSIVE STATION
https://journal.uod.ac/index.php/uodjournal/article/view/430,200,1,text/html,"Thanking Expressions in Kurdish Language
							| Journal of Duhok University"
https://journal.uod.ac/index.php/uodjournal/article/view/430/337,200,1,text/html,View of Thanking Expressions in Kurdish Language
https://journal.uod.ac/index.php/uodjournal/article/view/431,200,1,text/html,"SOME ASPECTS OF COLLOCATION IN KURDISH
							| Journal of Duhok University"
https://journal.uod.ac/index.php/uodjournal/article/view/431/312,200,1,text/html,View of SOME ASPECTS OF COLLOCATION IN KURDISH
https://journal.uod.ac/index.php/uodjournal/article/view/432,200,1,text/html,"The Role Of The Moral Dimensions Of The Financial Crisis In Strengthening Foreign Direct Investment In The Framework Of Investment Indicators Fulfillment
							| Journal of Duhok University"
https://journal.uod.ac/index.php/uodjournal/article/view/432/313,200,1,text/html,View of The Role Of The Moral Dimensions Of The Financial Crisis In Strengthening Foreign Direct Investment In The Framework Of Investment Indicators Fulfillment
https://journal.uod.ac/index.php/uodjournal/article/view/433,200,1,text/html,"THE ROLE OF AUTOCRATIC LEADERSHIP PATTERNS IN ENHANCING ORGANIZATIONAL SYMMETRY ""A EXPLORATORY STUDY OF THE VIEWS OF A SAMPLE OF MEMBERS MEMBERS OF  DIRECTORATE OF  EDUCATION ZAKHO
							| Journal of Duhok University"
https://journal.uod.ac/index.php/uodjournal/article/view/433/316,200,1,text/html,"View of THE ROLE OF AUTOCRATIC LEADERSHIP PATTERNS IN ENHANCING ORGANIZATIONAL SYMMETRY ""A EXPLORATORY STUDY OF THE VIEWS OF A SAMPLE OF MEMBERS MEMBERS OF  DIRECTORATE OF  EDUCATION ZAKHO"
https://journal.uod.ac/index.php/uodjournal/article/view/435,200,1,text/html,"SOCIAL SUPPORT AND RELATIONSHIP WITH THE SELF-CONFIDENCE OF WHEELCHAIR BASKETBALL PLAYERS HANDICAPS
							| Journal of Duhok University"
https://journal.uod.ac/index.php/uodjournal/article/view/435/317,200,1,text/html,View of SOCIAL SUPPORT AND RELATIONSHIP WITH THE SELF-CONFIDENCE OF WHEELCHAIR BASKETBALL PLAYERS HANDICAPS
https://journal.uod.ac/index.php/uodjournal/article/view/436,200,1,text/html,"THE EXTENT OF PUBLIC RELATIONS RELIANCE ON THE USE OF ONLINE NEWSPAPERS IN ELECTION CAMPAIGNS
							| Journal of Duhok University"
https://journal.uod.ac/index.php/uodjournal/article/view/436/319,200,1,text/html,View of THE EXTENT OF PUBLIC RELATIONS RELIANCE ON THE USE OF ONLINE NEWSPAPERS IN ELECTION CAMPAIGNS
https://journal.uod.ac/index.php/uodjournal/article/view/438,200,1,text/html,"SOCIAL LIFE OF RETIREES FIELD STUDY OF A SAMPLE OF RETIREES IN THE CITY OF ERBIL
							| Journal of Duhok University"
https://journal.uod.ac/index.php/uodjournal/article/view/438/320,200,1,text/html,View of SOCIAL LIFE OF RETIREES FIELD STUDY OF A SAMPLE OF RETIREES IN THE CITY OF ERBIL
https://journal.uod.ac/index.php/uodjournal/article/view/44,200,1,text/html,"ENHANCING STAND-ALONE GPS CODE POSITIONING USING STAND-ALONE DOUBLE DIFFERENCING CARRIER  PHASE RELATIVE POSITIONING
							| Journal of Duhok University"
https://journal.uod.ac/index.php/uodjournal/article/view/44/32,200,1,text/html,View of ENHANCING STAND-ALONE GPS CODE POSITIONING USING STAND-ALONE DOUBLE DIFFERENCING CARRIER  PHASE RELATIVE POSITIONING
https://journal.uod.ac/index.php/uodjournal/article/view/441,200,1,text/html,"RELATIVE CONTRIBUTION OF PHYSICAL PATTERNS TO THE LEVEL OF SKILL PERFORMANCE OF THE FOOTBALL BEGINNERS IN DOHUK GOVERNORATE
							| Journal of Duhok University"
https://journal.uod.ac/index.php/uodjournal/article/view/441/321,200,1,text/html,View of RELATIVE CONTRIBUTION OF PHYSICAL PATTERNS TO THE LEVEL OF SKILL PERFORMANCE OF THE FOOTBALL BEGINNERS IN DOHUK GOVERNORATE
https://journal.uod.ac/index.php/uodjournal/article/view/442,200,1,text/html,"THE INFLUENCE OF MARKETING AUDIT IN THE SUSTAINABLE  OF COSTUMER LOYALTY
							| Journal of Duhok University"
https://journal.uod.ac/index.php/uodjournal/article/view/442/322,200,1,text/html,View of THE INFLUENCE OF MARKETING AUDIT IN THE SUSTAINABLE  OF COSTUMER LOYALTY
https://journal.uod.ac/index.php/uodjournal/article/view/443,200,1,text/html,"The Legal System For The Sale Of Real Property By Public Auction (A Study Within The Realm Of The Law Of Real Property Registration  And The Law Of Executive)
							| Journal of Duhok University"
https://journal.uod.ac/index.php/uodjournal/article/view/443/336,200,1,text/html,View of The Legal System For The Sale Of Real Property By Public Auction (A Study Within The Realm Of The Law Of Real Property Registration  And The Law Of Executive)
https://journal.uod.ac/index.php/uodjournal/article/view/444,200,1,text/html,"MEASUREMENT AND ANALYSIS THE IMPACT OF PUBLIC EXPENDITURE ON THE KALDOR'S MAGIC SQUARE VARIABLES IN SAUDI ARABIA USING THE STATISTICAL TECHNIQUE OF AUTO-REGRESSIVE DISTRIBUTED LAG MODEL  (ARDL) FOR THE PERIOD 1991–2017
							| Journal of Duhok University"
https://journal.uod.ac/index.php/uodjournal/article/view/444/324,200,1,text/html,View of MEASUREMENT AND ANALYSIS THE IMPACT OF PUBLIC EXPENDITURE ON THE KALDOR'S MAGIC SQUARE VARIABLES IN SAUDI ARABIA USING THE STATISTICAL TECHNIQUE OF AUTO-REGRESSIVE DISTRIBUTED LAG MODEL  (ARDL) FOR THE PERIOD 1991–2017
https://journal.uod.ac/index.php/uodjournal/article/view/445,200,1,text/html,"THE CHARACTER BETWEEN READING TEXT AND VISUAL TEXT(2000-2017)
							| Journal of Duhok University"
https://journal.uod.ac/index.php/uodjournal/article/view/445/325,200,1,text/html,View of THE CHARACTER BETWEEN READING TEXT AND VISUAL TEXT(2000-2017)
https://journal.uod.ac/index.php/uodjournal/article/view/446,200,1,text/html,"EVALUATING THE TEACHING PERFORMANCE FOR THE STAFF MEMBERS IN PHYSICAL EDUCATION COLLEGE FROM THE PERSPECTIVE OF STUDENTS
							| Journal of Duhok University"
https://journal.uod.ac/index.php/uodjournal/article/view/446/326,200,1,text/html,View of EVALUATING THE TEACHING PERFORMANCE FOR THE STAFF MEMBERS IN PHYSICAL EDUCATION COLLEGE FROM THE PERSPECTIVE OF STUDENTS
https://journal.uod.ac/index.php/uodjournal/article/view/447,200,1,text/html,"THE COEFFICIENT OF PERFORMANCE OF THE FEMALE PLAYERS IN FUTSAL IN THE KURDISTAN REGION – IRAQ
							| Journal of Duhok University"
https://journal.uod.ac/index.php/uodjournal/article/view/447/327,200,1,text/html,View of THE COEFFICIENT OF PERFORMANCE OF THE FEMALE PLAYERS IN FUTSAL IN THE KURDISTAN REGION – IRAQ
https://journal.uod.ac/index.php/uodjournal/article/view/45,200,1,text/html,"SPEEDING UP SIFT, PCA-SIFT AND SURF USING IMAGE PYRAMID
							| Journal of Duhok University"
https://journal.uod.ac/index.php/uodjournal/article/view/45/33,200,1,text/html,"View of SPEEDING UP SIFT, PCA-SIFT AND SURF USING IMAGE PYRAMID"
https://journal.uod.ac/index.php/uodjournal/article/view/450,200,1,text/html,"IN THE NOVEL OF THE SKY IS EMPTY OVER OURSHALEEM BY SALEEM BARAKAT
							| Journal of Duhok University"
https://journal.uod.ac/index.php/uodjournal/article/view/450/328,200,1,text/html,View of IN THE NOVEL OF THE SKY IS EMPTY OVER OURSHALEEM BY SALEEM BARAKAT
https://journal.uod.ac/index.php/uodjournal/article/view/451,200,1,text/html,"EVALUATION OF THE SCIENTIFIC POTENTIAL OF TEACHERS OF MATHEMATICS ON THE IMPLEMENTATION OF MODERN TEACHING METHODS IN THE PREPARATORY STAGE FROM THE POINT OF VIEW OF THEIR STUDENTS
							| Journal of Duhok University"
https://journal.uod.ac/index.php/uodjournal/article/view/451/329,200,1,text/html,View of EVALUATION OF THE SCIENTIFIC POTENTIAL OF TEACHERS OF MATHEMATICS ON THE IMPLEMENTATION OF MODERN TEACHING METHODS IN THE PREPARATORY STAGE FROM THE POINT OF VIEW OF THEIR STUDENTS
https://journal.uod.ac/index.php/uodjournal/article/view/452,200,1,text/html,"INFORMATION TRANSPARENCY:A MANAGERIAL PRACTICE TO ENHANCE EMPLOYEE ENGAGEMENT (AN EXPLORATIVE STUDY AT SELECTED HOTELS / ERBIL CITY)
							| Journal of Duhok University"
https://journal.uod.ac/index.php/uodjournal/article/view/452/332,200,1,text/html,View of INFORMATION TRANSPARENCY:A MANAGERIAL PRACTICE TO ENHANCE EMPLOYEE ENGAGEMENT (AN EXPLORATIVE STUDY AT SELECTED HOTELS / ERBIL CITY)
https://journal.uod.ac/index.php/uodjournal/article/view/453,200,1,text/html,"DUHOK RIVER BASIN GEOMORPHOMETRIC AND ITS ROLE IN  SUSTAINABLE DEVELOPMENT
							| Journal of Duhok University"
https://journal.uod.ac/index.php/uodjournal/article/view/453/333,403,1,text/html,
https://journal.uod.ac/index.php/uodjournal/article/view/454,200,1,text/html,"URBAN EXPANSION OF ERBIL AND THE EFFECTS OF ENVIRONMENTAL DURING THE PERIOD  1947-2017 (A STUDY IN THE GEOGRAPHY OF CITIES)
							| Journal of Duhok University"
https://journal.uod.ac/index.php/uodjournal/article/view/454/334,200,1,text/html,View of URBAN EXPANSION OF ERBIL AND THE EFFECTS OF ENVIRONMENTAL DURING THE PERIOD  1947-2017 (A STUDY IN THE GEOGRAPHY OF CITIES)
https://journal.uod.ac/index.php/uodjournal/article/view/455,200,1,text/html,"BOUNDARY DEMARCATION FOR A NEW STATE IN INTERNATIONAL LAW
							| Journal of Duhok University"
https://journal.uod.ac/index.php/uodjournal/article/view/455/335,200,1,text/html,View of BOUNDARY DEMARCATION FOR A NEW STATE IN INTERNATIONAL LAW
https://journal.uod.ac/index.php/uodjournal/article/view/46,200,1,text/html,"CHARACTERIZATION ASSESSMENT OF RECYCLED EMULSION  COLD MIXTURES CONTAINING HIGH PERCENTAGES  OF RECLAIMED MATERIALS
							| Journal of Duhok University"
https://journal.uod.ac/index.php/uodjournal/article/view/46/34,200,1,text/html,View of CHARACTERIZATION ASSESSMENT OF RECYCLED EMULSION  COLD MIXTURES CONTAINING HIGH PERCENTAGES  OF RECLAIMED MATERIALS
https://journal.uod.ac/index.php/uodjournal/article/view/464,200,1,text/html,"ANALYSIS OF CANAL TRANSPORTATION, CENTERING ABILITY AND REMAINING DENTIN THICKNESS OF DIFFERENT SINGLE FILE ROTARY SYSTEMS IN PRIMARY TEETH; A CBCT ASSESSMENT
							| Journal of Duhok University"
https://journal.uod.ac/index.php/uodjournal/article/view/464/759,200,1,text/html,"View of ANALYSIS OF CANAL TRANSPORTATION, CENTERING ABILITY AND REMAINING DENTIN THICKNESS OF DIFFERENT SINGLE FILE ROTARY SYSTEMS IN PRIMARY TEETH; A CBCT ASSESSMENT"
https://journal.uod.ac/index.php/uodjournal/article/view/465,200,1,text/html,"EFFECTIVENESS OF ADVANCED AUTOLOGOUS PLATELET RICH FIBRIN IN THE TREATMENT OF CHRONIC PERIODONTITIS PATIENTS
							| Journal of Duhok University"
https://journal.uod.ac/index.php/uodjournal/article/view/465/341,200,1,text/html,View of EFFECTIVENESS OF ADVANCED AUTOLOGOUS PLATELET RICH FIBRIN IN THE TREATMENT OF CHRONIC PERIODONTITIS PATIENTS
https://journal.uod.ac/index.php/uodjournal/article/view/467,200,1,text/html,"COMPARTIVE  EVALUTION OF A NEW ENDODONTIC IRRIGATION SOLUTION  –APPLE VINEGAR, GINGER OIL AND SODIUM HYPOCHLORITE TO REMOVE THE SMERA LAYER BY SCANING ELECTRON MICROSCOPE STUDY
							| Journal of Duhok University"
https://journal.uod.ac/index.php/uodjournal/article/view/467/343,200,1,text/html,"View of COMPARTIVE  EVALUTION OF A NEW ENDODONTIC IRRIGATION SOLUTION  –APPLE VINEGAR, GINGER OIL AND SODIUM HYPOCHLORITE TO REMOVE THE SMERA LAYER BY SCANING ELECTRON MICROSCOPE STUDY"
https://journal.uod.ac/index.php/uodjournal/article/view/47,200,1,text/html,"A COMPARISON OF RTK-GPS VERTICAL COMPONENT WITH PRECISE DIGITAL LEVEL FOR ESTIMATING VOLUMES
							| Journal of Duhok University"
https://journal.uod.ac/index.php/uodjournal/article/view/47/35,200,1,text/html,View of A COMPARISON OF RTK-GPS VERTICAL COMPONENT WITH PRECISE DIGITAL LEVEL FOR ESTIMATING VOLUMES
https://journal.uod.ac/index.php/uodjournal/article/view/475,200,1,text/html,"THERMAL ALTERATION DURING ROTARY VERSUS RECIPROCATION ROOT CANAL PREPARATION
							| Journal of Duhok University"
https://journal.uod.ac/index.php/uodjournal/article/view/475/344,200,1,text/html,View of THERMAL ALTERATION DURING ROTARY VERSUS RECIPROCATION ROOT CANAL PREPARATION
https://journal.uod.ac/index.php/uodjournal/article/view/476,200,1,text/html,"EFFECTOFSIWAK EXTRACTSON THE  HARDNESSPROPERTY OF VINYL ADDITION CURED SILICONE MAXILLOFACIAL  PROSTHETIC MATERIAL
							| Journal of Duhok University"
https://journal.uod.ac/index.php/uodjournal/article/view/476/345,200,1,text/html,View of EFFECTOFSIWAK EXTRACTSON THE  HARDNESSPROPERTY OF VINYL ADDITION CURED SILICONE MAXILLOFACIAL  PROSTHETIC MATERIAL
https://journal.uod.ac/index.php/uodjournal/article/view/479,200,1,text/html,"RADIOGRAPHIC DETERMINATION OF MENTAL FORAMEN IN PATIENTS WITH DIFFERENT SKELETAL OCCLUSIONS IN DUHOK GOVERNORATE
							| Journal of Duhok University"
https://journal.uod.ac/index.php/uodjournal/article/view/479/912,200,1,text/html,View of RADIOGRAPHIC DETERMINATION OF MENTAL FORAMEN IN PATIENTS WITH DIFFERENT SKELETAL OCCLUSIONS IN DUHOK GOVERNORATE
https://journal.uod.ac/index.php/uodjournal/article/view/48,200,1,text/html,"EXERGETIC ANALYSIS OF A SOLAR PHOTOVOLTAIC TRACKING SYSTEM IN ERBIL, IRAQ
							| Journal of Duhok University"
https://journal.uod.ac/index.php/uodjournal/article/view/48/36,200,1,text/html,"View of EXERGETIC ANALYSIS OF A SOLAR PHOTOVOLTAIC TRACKING SYSTEM IN ERBIL, IRAQ"
https://journal.uod.ac/index.php/uodjournal/article/view/483,200,1,text/html,"CYCLIC FATIGUE RESISTANCE OF VARIOUS NICKEL-TITANIUM ROTARY ENDODONTIC INSTRUMENTS AT BODY TEMPERATURE: AN IN VITRO STUDY
							| Journal of Duhok University"
https://journal.uod.ac/index.php/uodjournal/article/view/483/913,200,1,text/html,View of CYCLIC FATIGUE RESISTANCE OF VARIOUS NICKEL-TITANIUM ROTARY ENDODONTIC INSTRUMENTS AT BODY TEMPERATURE: AN IN VITRO STUDY
https://journal.uod.ac/index.php/uodjournal/article/view/484,200,1,text/html,"EVALUATION OF THE EFFECT OF SOME DENTURE CLEANSERS ON THE HARDNESS OF TWO DENTURE BASE MATERIALS
							| Journal of Duhok University"
https://journal.uod.ac/index.php/uodjournal/article/view/484/342,200,1,text/html,View of EVALUATION OF THE EFFECT OF SOME DENTURE CLEANSERS ON THE HARDNESS OF TWO DENTURE BASE MATERIALS
https://journal.uod.ac/index.php/uodjournal/article/view/489,200,1,text/html,"SEROLOGICAL AND BIOLOGICAL DETECTION OF TOMATO MOSAIC VIRUS IN SOIL AND SEEDS OF TOMATO PLANTS IN DUHOK PROVINCE
							| Journal of Duhok University"
https://journal.uod.ac/index.php/uodjournal/article/view/489/464,200,1,text/html,View of SEROLOGICAL AND BIOLOGICAL DETECTION OF TOMATO MOSAIC VIRUS IN SOIL AND SEEDS OF TOMATO PLANTS IN DUHOK PROVINCE
https://journal.uod.ac/index.php/uodjournal/article/view/49,200,1,text/html,"NUMERICAL INVESTIGATION  OF HEAT TRANSFER AND FLOW CHARACTERISTICS  IN SHELL-AND U-TUBE  HEAT EXCHANGER WITH BAFFLES
							| Journal of Duhok University"
https://journal.uod.ac/index.php/uodjournal/article/view/49/37,200,1,text/html,View of NUMERICAL INVESTIGATION  OF HEAT TRANSFER AND FLOW CHARACTERISTICS  IN SHELL-AND U-TUBE  HEAT EXCHANGER WITH BAFFLES
https://journal.uod.ac/index.php/uodjournal/article/view/490,200,1,text/html,"EFFECT OF SOME EDAPHIC FACTORS AND THE DISTRIBUTION OF YELLOW-NECKED FIELD MOUSE (Apodemus  flavicollis  argyropuli)  IN FIELD CROP BIOTOPES
							| Journal of Duhok University"
https://journal.uod.ac/index.php/uodjournal/article/view/490/465,200,1,text/html,View of EFFECT OF SOME EDAPHIC FACTORS AND THE DISTRIBUTION OF YELLOW-NECKED FIELD MOUSE (Apodemus  flavicollis  argyropuli)  IN FIELD CROP BIOTOPES
https://journal.uod.ac/index.php/uodjournal/article/view/491,200,1,text/html,"DEVELOPMENT OF A COMBINED INSECT TRAP FOR WHITEFLY (Bemisia tabaci) AND TOMATO LEAF MINER (Tuta absoluta) MANAGEMENT
							| Journal of Duhok University"
https://journal.uod.ac/index.php/uodjournal/article/view/491/466,200,1,text/html,View of DEVELOPMENT OF A COMBINED INSECT TRAP FOR WHITEFLY (Bemisia tabaci) AND TOMATO LEAF MINER (Tuta absoluta) MANAGEMENT
https://journal.uod.ac/index.php/uodjournal/article/view/492,200,1,text/html,"ESTIMATION OF SOME GENETIC PARAMETERS AND HETEROSIS IN MAIZE BY USING HALF DIALLEL CROSS
							| Journal of Duhok University"
https://journal.uod.ac/index.php/uodjournal/article/view/492/467,200,1,text/html,View of ESTIMATION OF SOME GENETIC PARAMETERS AND HETEROSIS IN MAIZE BY USING HALF DIALLEL CROSS
https://journal.uod.ac/index.php/uodjournal/article/view/493,200,1,text/html,"EFFECT OF LICORICE ROOT EXTRACT AND HUMIC ACID ON YIELD CHARACTERS OF SUMMER SQUASH (Cucurbita pepoL.)
							| Journal of Duhok University"
https://journal.uod.ac/index.php/uodjournal/article/view/493/468,200,1,text/html,View of EFFECT OF LICORICE ROOT EXTRACT AND HUMIC ACID ON YIELD CHARACTERS OF SUMMER SQUASH (Cucurbita pepoL.)
https://journal.uod.ac/index.php/uodjournal/article/view/494,200,1,text/html,"DETERMINATION OF HEATING VALUE OF QUERCUS AEGILOPS AND POPULUS NIGRAGROWING IN KURDISTAN-IRAQ FOR AN EFFECTIVE WOODY BIOMASS UTILIZATION
							| Journal of Duhok University"
https://journal.uod.ac/index.php/uodjournal/article/view/494/474,200,1,text/html,View of DETERMINATION OF HEATING VALUE OF QUERCUS AEGILOPS AND POPULUS NIGRAGROWING IN KURDISTAN-IRAQ FOR AN EFFECTIVE WOODY BIOMASS UTILIZATION
https://journal.uod.ac/index.php/uodjournal/article/view/498,200,1,text/html,"GROWTH AND YIELD RESPONSE OF FLAX (LINUM USITATISSIMUM L.) TO DIFFERENT RATES OF CHARCOAL AND POTASSIUM FERTILIZER IN ERBIL, KURDISTAN REGION-IRAQ
							| Journal of Duhok University"
https://journal.uod.ac/index.php/uodjournal/article/view/498/470,200,1,text/html,"View of GROWTH AND YIELD RESPONSE OF FLAX (LINUM USITATISSIMUM L.) TO DIFFERENT RATES OF CHARCOAL AND POTASSIUM FERTILIZER IN ERBIL, KURDISTAN REGION-IRAQ"
https://journal.uod.ac/index.php/uodjournal/article/view/499,200,1,text/html,"LOCAL SHEEP SKELETON PREPARATION: DEVELOPMENT OF A NEW PRESERVATION TECHNIQUE
							| Journal of Duhok University"
https://journal.uod.ac/index.php/uodjournal/article/view/499/471,200,1,text/html,View of LOCAL SHEEP SKELETON PREPARATION: DEVELOPMENT OF A NEW PRESERVATION TECHNIQUE
https://journal.uod.ac/index.php/uodjournal/article/view/50,200,1,text/html,"EXPERIMENTAL STUDY WITH USING ANFIS TO EVALUATE THE PERFORMANCE OF A MODIFIED CLOSED WET COOLING TOWER
							| Journal of Duhok University"
https://journal.uod.ac/index.php/uodjournal/article/view/50/38,200,1,text/html,View of EXPERIMENTAL STUDY WITH USING ANFIS TO EVALUATE THE PERFORMANCE OF A MODIFIED CLOSED WET COOLING TOWER
https://journal.uod.ac/index.php/uodjournal/article/view/502,200,1,text/html,"ILLEGAL DRIVER BEHAVIOR AT SIGNALIZED INTERSECTIONS
							| Journal of Duhok University"
https://journal.uod.ac/index.php/uodjournal/article/view/502/364,403,1,text/html,
https://journal.uod.ac/index.php/uodjournal/article/view/502/365,200,1,text/html,View of ILLEGAL DRIVER BEHAVIOR AT SIGNALIZED INTERSECTIONS
https://journal.uod.ac/index.php/uodjournal/article/view/505,200,1,text/html,"CORPORATE GOVERNANCE AND THEIR IMPLICATIONS FOR TRADING VOLUME IRAQ STOCK EXCHANGE  CASE STUDYFOR THE DURATION OF 2010-2016
							| Journal of Duhok University"
https://journal.uod.ac/index.php/uodjournal/article/view/505/358,403,1,text/html,
https://journal.uod.ac/index.php/uodjournal/article/view/505/359,200,1,text/html,View of CORPORATE GOVERNANCE AND THEIR IMPLICATIONS FOR TRADING VOLUME IRAQ STOCK EXCHANGE  CASE STUDYFOR THE DURATION OF 2010-2016
https://journal.uod.ac/index.php/uodjournal/article/view/508,200,1,text/html,"تحليل دور أستراتيجية الرسملة وأثرها في تطويرالقدرة الأئتمانية دراسة عينة من المصارف العراقية الخاصة للمدة (2002-2015)
							| Journal of Duhok University"
https://journal.uod.ac/index.php/uodjournal/article/view/508/360,200,1,text/html,View of تحليل دور أستراتيجية الرسملة وأثرها في تطويرالقدرة الأئتمانية دراسة عينة من المصارف العراقية الخاصة للمدة (2002-2015)
https://journal.uod.ac/index.php/uodjournal/article/view/509,200,1,text/html,"توظيف السياق القرآني لتحديد دلالة المشترك اللفظي 
							| Journal of Duhok University"
https://journal.uod.ac/index.php/uodjournal/article/view/509/361,200,1,text/html,View of توظيف السياق القرآني لتحديد دلالة المشترك اللفظي
https://journal.uod.ac/index.php/uodjournal/article/view/51,200,1,text/html,"EXPERIMENTAL AND SMART (ANN) STUDY FOR TRANSIENT HEAT TRANSFER FROM A FLAT PLATE UNDER AIR IMPINGMENT
							| Journal of Duhok University"
https://journal.uod.ac/index.php/uodjournal/article/view/51/39,200,1,text/html,View of EXPERIMENTAL AND SMART (ANN) STUDY FOR TRANSIENT HEAT TRANSFER FROM A FLAT PLATE UNDER AIR IMPINGMENT
https://journal.uod.ac/index.php/uodjournal/article/view/510,200,1,text/html,"A COMPARATIVE STUDY OF SOME OF THE SPECIAL FITNESS AND SKILL 
							| Journal of Duhok University"
https://journal.uod.ac/index.php/uodjournal/article/view/510/362,200,1,text/html,View of A COMPARATIVE STUDY OF SOME OF THE SPECIAL FITNESS AND SKILL
https://journal.uod.ac/index.php/uodjournal/article/view/512,200,1,text/html,"AN EXPERIMENTAL INVESTIGATION OF GLAZED FLAT PLATE PV/T HYBRID SOLAR COLLECTOR SYSTEM IN DUHOK CITY
							| Journal of Duhok University"
https://journal.uod.ac/index.php/uodjournal/article/view/512/393,200,1,text/html,View of AN EXPERIMENTAL INVESTIGATION OF GLAZED FLAT PLATE PV/T HYBRID SOLAR COLLECTOR SYSTEM IN DUHOK CITY
https://journal.uod.ac/index.php/uodjournal/article/view/513,200,1,text/html,"ASSESSMENT OF NURSES’ KNOWLEDGE TOWARDS MANAGEMENT OF PATIENTS WITH BURN IN DUHOK CITY 
							| Journal of Duhok University"
https://journal.uod.ac/index.php/uodjournal/article/view/513/394,200,1,text/html,View of ASSESSMENT OF NURSES’ KNOWLEDGE TOWARDS MANAGEMENT OF PATIENTS WITH BURN IN DUHOK CITY
https://journal.uod.ac/index.php/uodjournal/article/view/514,200,1,text/html,"TREND ANALYSIS IN RELATIVE HUMIDITY OF DUHOK PROVINCE OF IRAQ
							| Journal of Duhok University"
https://journal.uod.ac/index.php/uodjournal/article/view/514/447,200,1,text/html,View of TREND ANALYSIS IN RELATIVE HUMIDITY OF DUHOK PROVINCE OF IRAQ
https://journal.uod.ac/index.php/uodjournal/article/view/52,200,1,text/html,"EFFECT OF HYDROGEN ADDITION ON FLAME PROPAGATION CHARACTERISTICS THROUGH TUBE OF METHANE-AIR  MIXTURES USING OPTICAL TECHNIQUE
							| Journal of Duhok University"
https://journal.uod.ac/index.php/uodjournal/article/view/52/40,200,1,text/html,View of EFFECT OF HYDROGEN ADDITION ON FLAME PROPAGATION CHARACTERISTICS THROUGH TUBE OF METHANE-AIR  MIXTURES USING OPTICAL TECHNIQUE
https://journal.uod.ac/index.php/uodjournal/article/view/53,200,1,text/html,"NON-LINEAR POST-BUCKLING LARGE DISPLACEMENT  ANALYSIS FOR PLANE STEEL NON-PRISMATIC MEMBERS  FRAMES WITH FLEXIBLE CONNECTIONS
							| Journal of Duhok University"
https://journal.uod.ac/index.php/uodjournal/article/view/53/41,200,1,text/html,View of NON-LINEAR POST-BUCKLING LARGE DISPLACEMENT  ANALYSIS FOR PLANE STEEL NON-PRISMATIC MEMBERS  FRAMES WITH FLEXIBLE CONNECTIONS
https://journal.uod.ac/index.php/uodjournal/article/view/539,200,1,text/html,"دراسة مقارنة لبعض عناصر اللياقة البدنية الخاصة والمهارات الأساسية بين خطوط اللعب المختلفة في كرة القدم
							| Journal of Duhok University"
https://journal.uod.ac/index.php/uodjournal/article/view/539/366,200,1,text/html,View of دراسة مقارنة لبعض عناصر اللياقة البدنية الخاصة والمهارات الأساسية بين خطوط اللعب المختلفة في كرة القدم
https://journal.uod.ac/index.php/uodjournal/article/view/54,200,1,text/html,"STRAIN EFFICIENCY OF CARBON FIBRE REINFORCED POLYMER-CONFINED RC COLUMNS
							| Journal of Duhok University"
https://journal.uod.ac/index.php/uodjournal/article/view/54/43,200,1,text/html,View of STRAIN EFFICIENCY OF CARBON FIBRE REINFORCED POLYMER-CONFINED RC COLUMNS
https://journal.uod.ac/index.php/uodjournal/article/view/543,200,1,text/html,"إشكالية إثبات القصد الجرمي
							| Journal of Duhok University"
https://journal.uod.ac/index.php/uodjournal/article/view/543/367,200,1,text/html,View of إشكالية إثبات القصد الجرمي
https://journal.uod.ac/index.php/uodjournal/article/view/544,200,1,text/html,"SEROPREVALENCE AND MOLECULAR DETECTION OF Toxoplasma gondii among WOMEN IN DUHOK PROVINCE/ IRAQ
							| Journal of Duhok University"
https://journal.uod.ac/index.php/uodjournal/article/view/544/368,200,1,text/html,View of SEROPREVALENCE AND MOLECULAR DETECTION OF Toxoplasma gondii among WOMEN IN DUHOK PROVINCE/ IRAQ
https://journal.uod.ac/index.php/uodjournal/article/view/545,200,1,text/html,"ASSESSMENT OF GROUNDWATER CONTAMINATION WITH HEAVY METALS IN RURAL AREA. CASE STUDY OF BAREBUHAR VILLAGE, DUHOK GOVERNORATE, KURDISTAN REGION OF IRAQ
							| Journal of Duhok University"
https://journal.uod.ac/index.php/uodjournal/article/view/545/458,200,1,text/html,"View of ASSESSMENT OF GROUNDWATER CONTAMINATION WITH HEAVY METALS IN RURAL AREA. CASE STUDY OF BAREBUHAR VILLAGE, DUHOK GOVERNORATE, KURDISTAN REGION OF IRAQ"
https://journal.uod.ac/index.php/uodjournal/article/view/548,200,1,text/html,"EFFECT OF  SEAWEED EXTRACT AND PLANT SPACING ON GROWTH       AND YIELD OF TWO EGGPLANT HYBRIDS (SOLANUM MELONGENA L.)
							| Journal of Duhok University"
https://journal.uod.ac/index.php/uodjournal/article/view/548/370,200,1,text/html,View of EFFECT OF  SEAWEED EXTRACT AND PLANT SPACING ON GROWTH       AND YIELD OF TWO EGGPLANT HYBRIDS (SOLANUM MELONGENA L.)
https://journal.uod.ac/index.php/uodjournal/article/view/55,200,1,text/html,"NUMERICAL ANALYSIS OF GLUED LAMINATED TIMBER WITH UNEQUAL LENGTHS COMPONENTS
							| Journal of Duhok University"
https://journal.uod.ac/index.php/uodjournal/article/view/55/44,200,1,text/html,View of NUMERICAL ANALYSIS OF GLUED LAMINATED TIMBER WITH UNEQUAL LENGTHS COMPONENTS
https://journal.uod.ac/index.php/uodjournal/article/view/551,200,1,text/html,"نُظُم الري في الإِمارات شبه المستقلة في الَمشرِقِ الإسلامي خلال القرنيين  الثالث والرابع للهجرة/ التاسع والعاشر للميلاد
							| Journal of Duhok University"
https://journal.uod.ac/index.php/uodjournal/article/view/551/372,200,1,text/html,View of نُظُم الري في الإِمارات شبه المستقلة في الَمشرِقِ الإسلامي خلال القرنيين  الثالث والرابع للهجرة/ التاسع والعاشر للميلاد
https://journal.uod.ac/index.php/uodjournal/article/view/552,200,1,text/html,"اثراستخدام انموذج فراير في تحصيل طلبة الصف الحادي عشر لمادة الجغرافية وتنمية استطلاعهم الجغرافي
							| Journal of Duhok University"
https://journal.uod.ac/index.php/uodjournal/article/view/552/373,200,1,text/html,View of اثراستخدام انموذج فراير في تحصيل طلبة الصف الحادي عشر لمادة الجغرافية وتنمية استطلاعهم الجغرافي
https://journal.uod.ac/index.php/uodjournal/article/view/553,200,1,text/html,"المحددات الادارية للتدقيق التسويقي ودورها في تعزيز الاداء التسويقي دراسة استطلاعية لاراء عينة من العاملين في معامل  انتاج المياه المعدنية في محافظة دهوك
							| Journal of Duhok University"
https://journal.uod.ac/index.php/uodjournal/article/view/553/374,200,1,text/html,View of  المحددات الادارية للتدقيق التسويقي ودورها في تعزيز الاداء التسويقي دراسة استطلاعية لاراء عينة من العاملين في معامل  انتاج المياه المعدنية في محافظة دهوك
https://journal.uod.ac/index.php/uodjournal/article/view/554,200,1,text/html,"حقيقة العداء والتنافس بين أسرة هاشم وأسرة عبد شمس في مكة قبل الإسلام
							| Journal of Duhok University"
https://journal.uod.ac/index.php/uodjournal/article/view/554/377,200,1,text/html,View of حقيقة العداء والتنافس بين أسرة هاشم وأسرة عبد شمس في مكة قبل الإسلام
https://journal.uod.ac/index.php/uodjournal/article/view/556,200,1,text/html,"تأثير منهج مقترح باستخدام الجزء الأول من المنطقة الأولى للتدريب الفتري وحسب مراكز اللعب في بعض المتغيرات الوظيفية لدى لاعبي كرة السلة فئة الشباب
							| Journal of Duhok University"
https://journal.uod.ac/index.php/uodjournal/article/view/556/378,403,1,text/html,
https://journal.uod.ac/index.php/uodjournal/article/view/556/379,200,1,text/html,View of تأثير منهج مقترح باستخدام الجزء الأول من المنطقة الأولى للتدريب الفتري وحسب مراكز اللعب في بعض المتغيرات الوظيفية لدى لاعبي كرة السلة فئة الشباب
https://journal.uod.ac/index.php/uodjournal/article/view/557,200,1,text/html,"المعالجة التشريعية لمسألة تعدد الزوجات في ضوء تعديل تطبيق قانون الأحوال الشخصية
							| Journal of Duhok University"
https://journal.uod.ac/index.php/uodjournal/article/view/557/380,403,1,text/html,
https://journal.uod.ac/index.php/uodjournal/article/view/557/381,200,1,text/html,View of المعالجة التشريعية لمسألة تعدد الزوجات في ضوء تعديل تطبيق قانون الأحوال الشخصية
https://journal.uod.ac/index.php/uodjournal/article/view/558,200,1,text/html,"FIRST RECORD OF DAHLIA MOSAIC VIRUS IN IRAQ  ON DAHLIA (Dahlia pinnata).
							| Journal of Duhok University"
https://journal.uod.ac/index.php/uodjournal/article/view/558/382,200,1,text/html,View of FIRST RECORD OF DAHLIA MOSAIC VIRUS IN IRAQ  ON DAHLIA (Dahlia pinnata).
https://journal.uod.ac/index.php/uodjournal/article/view/559,200,1,text/html,"EFFECT OF PRE-SOWING TREATMENTS ON SEED GERMINATION AND SEEDLING EMERGENCE OF Celtis tournefortii LAM. – KURDISTAN  REGION OF IRAQ
							| Journal of Duhok University"
https://journal.uod.ac/index.php/uodjournal/article/view/559/383,200,1,text/html,View of EFFECT OF PRE-SOWING TREATMENTS ON SEED GERMINATION AND SEEDLING EMERGENCE OF Celtis tournefortii LAM. – KURDISTAN  REGION OF IRAQ
https://journal.uod.ac/index.php/uodjournal/article/view/56,200,1,text/html,"MECHANICAL PROPERTIES OF A DEVELOPED FOAMED CONCRETE
							| Journal of Duhok University"
https://journal.uod.ac/index.php/uodjournal/article/view/56/45,200,1,text/html,View of MECHANICAL PROPERTIES OF A DEVELOPED FOAMED CONCRETE
https://journal.uod.ac/index.php/uodjournal/article/view/561,200,1,text/html,"COMPARISON OF SOME SOIL QUALITY INDICATORS OF FOREST SOILS UNDER TWO DIFFERENT TREE SPECIES
							| Journal of Duhok University"
https://journal.uod.ac/index.php/uodjournal/article/view/561/384,200,1,text/html,View of COMPARISON OF SOME SOIL QUALITY INDICATORS OF FOREST SOILS UNDER TWO DIFFERENT TREE SPECIES
https://journal.uod.ac/index.php/uodjournal/article/view/562,200,1,text/html,"EFFECT OF COMPOST AND SEAWEED EXTRACT ON THE PHYSIOLOGICAL CHARACTERISTICS OF MARKETABLE FRUITS OF TWO SWEET PEPPER (Capsicum annuum L.) HYBRIDS 
							| Journal of Duhok University"
https://journal.uod.ac/index.php/uodjournal/article/view/562/385,200,1,text/html,View of EFFECT OF COMPOST AND SEAWEED EXTRACT ON THE PHYSIOLOGICAL CHARACTERISTICS OF MARKETABLE FRUITS OF TWO SWEET PEPPER (Capsicum annuum L.) HYBRIDS
https://journal.uod.ac/index.php/uodjournal/article/view/563,200,1,text/html,"A COMPARATIVE STUDY OF SEED GERMINATION AND SEEDLING EMERGENCE OF TWO WILD EDIBLE ALLIUM SPECIES ENDEMIC TO ZAGROS AREAS
							| Journal of Duhok University"
https://journal.uod.ac/index.php/uodjournal/article/view/563/386,200,1,text/html,View of A COMPARATIVE STUDY OF SEED GERMINATION AND SEEDLING EMERGENCE OF TWO WILD EDIBLE ALLIUM SPECIES ENDEMIC TO ZAGROS AREAS
https://journal.uod.ac/index.php/uodjournal/article/view/564,200,1,text/html,"DETERMINATION OF COMPETITION FACTOR FOR TREE GROWTH WITHIN A STAND
							| Journal of Duhok University"
https://journal.uod.ac/index.php/uodjournal/article/view/564/387,200,1,text/html,View of DETERMINATION OF COMPETITION FACTOR FOR TREE GROWTH WITHIN A STAND
https://journal.uod.ac/index.php/uodjournal/article/view/565,200,1,text/html,"EFFECT OF GARLIC OIL ON SOME BIOCHEMICAL PARAMETERS IN RATS EXPOSED TO HYDROGEN PEROXIDE
							| Journal of Duhok University"
https://journal.uod.ac/index.php/uodjournal/article/view/565/388,200,1,text/html,View of EFFECT OF GARLIC OIL ON SOME BIOCHEMICAL PARAMETERS IN RATS EXPOSED TO HYDROGEN PEROXIDE
https://journal.uod.ac/index.php/uodjournal/article/view/566,200,1,text/html,"B-  EVALUATION THE STORAGE ABILITY OF TWO TOMATO HYBRIDS FRUITS (Lycopersicon esculentum Mill) GROWN UNDER GREENHOUSE CONDITION IN RESPONSE TO HUMIC ACID 
							| Journal of Duhok University"
https://journal.uod.ac/index.php/uodjournal/article/view/566/389,200,1,text/html,View of B-  EVALUATION THE STORAGE ABILITY OF TWO TOMATO HYBRIDS FRUITS (Lycopersicon esculentum Mill) GROWN UNDER GREENHOUSE CONDITION IN RESPONSE TO HUMIC ACID
https://journal.uod.ac/index.php/uodjournal/article/view/567,200,1,text/html,"OPTIMIZATION EXTRACTION OF BOUGAINVILLEA GLABRA VIOLET BRACTS PIGMENT
							| Journal of Duhok University"
https://journal.uod.ac/index.php/uodjournal/article/view/567/390,200,1,text/html,View of OPTIMIZATION EXTRACTION OF BOUGAINVILLEA GLABRA VIOLET BRACTS PIGMENT
https://journal.uod.ac/index.php/uodjournal/article/view/568,200,1,text/html,"“RAINFALL EROSIVITY MAPPING AT DIFFERENT ALTITUDE SITES IN  DUHOK GOVERNORATE”
							| Journal of Duhok University"
https://journal.uod.ac/index.php/uodjournal/article/view/568/391,200,1,text/html,View of “RAINFALL EROSIVITY MAPPING AT DIFFERENT ALTITUDE SITES IN  DUHOK GOVERNORATE”
https://journal.uod.ac/index.php/uodjournal/article/view/569,200,1,text/html,"MOLECULAR IDENTIFICATION OF CUCURBIT FLY Dacus ciliatus (DIPTERA: TEPHRITIDAE) INFEST CUCURBITACEAE FAMILY BASED ON MITOCHONDRIAL GENE IN KURDISTAN REGION- IRAQ
							| Journal of Duhok University"
https://journal.uod.ac/index.php/uodjournal/article/view/569/392,200,1,text/html,View of MOLECULAR IDENTIFICATION OF CUCURBIT FLY Dacus ciliatus (DIPTERA: TEPHRITIDAE) INFEST CUCURBITACEAE FAMILY BASED ON MITOCHONDRIAL GENE IN KURDISTAN REGION- IRAQ
https://journal.uod.ac/index.php/uodjournal/article/view/57,200,1,text/html,"WIND ANALYSIS OF TALL BUILDING IN DUHOK CITY USING COMPUTATIONAL FLUID DYNAMIC (CFD)
							| Journal of Duhok University"
https://journal.uod.ac/index.php/uodjournal/article/view/57/46,200,1,text/html,View of WIND ANALYSIS OF TALL BUILDING IN DUHOK CITY USING COMPUTATIONAL FLUID DYNAMIC (CFD)
https://journal.uod.ac/index.php/uodjournal/article/view/570,200,1,text/html,"CHRONIC LIVER DISEASE QUESTIONNAIRE IN DUHOK CITY / KURDISTAN REGION OF IRAQ
							| Journal of Duhok University"
https://journal.uod.ac/index.php/uodjournal/article/view/570/395,200,1,text/html,View of CHRONIC LIVER DISEASE QUESTIONNAIRE IN DUHOK CITY / KURDISTAN REGION OF IRAQ
https://journal.uod.ac/index.php/uodjournal/article/view/571,200,1,text/html,"EXPERIMENTAL INVESTIGATION OF FLAT PLATE COLLECTOR SYSTEM PERFORMANCE USING GALVANIZED STEEL  ABSORBER IN DUHOK CLIMATE
							| Journal of Duhok University"
https://journal.uod.ac/index.php/uodjournal/article/view/571/438,200,1,text/html,View of EXPERIMENTAL INVESTIGATION OF FLAT PLATE COLLECTOR SYSTEM PERFORMANCE USING GALVANIZED STEEL  ABSORBER IN DUHOK CLIMATE
https://journal.uod.ac/index.php/uodjournal/article/view/572,200,1,text/html,"PULMONARY FUNCTIONS AND ITS CORRELATION WITH SERUM IRON LEVELS IN WOMEN AT THE THIRD TRIMESTER OF PREGNANCY 
							| Journal of Duhok University"
https://journal.uod.ac/index.php/uodjournal/article/view/572/396,200,1,text/html,View of PULMONARY FUNCTIONS AND ITS CORRELATION WITH SERUM IRON LEVELS IN WOMEN AT THE THIRD TRIMESTER OF PREGNANCY
https://journal.uod.ac/index.php/uodjournal/article/view/573,200,1,text/html,"REPLACEMENT OF WELL-GRADED PLASTIC PEARLS AS COARSE AGGREGATE IN CONCRETE
							| Journal of Duhok University"
https://journal.uod.ac/index.php/uodjournal/article/view/573/397,200,1,text/html,View of REPLACEMENT OF WELL-GRADED PLASTIC PEARLS AS COARSE AGGREGATE IN CONCRETE
https://journal.uod.ac/index.php/uodjournal/article/view/574,200,1,text/html,"EXISTENCE AND UNIQUENESS RESULTS FOR CERTAIN FRACTIONAL BOUNDARY VALUE PROBLEMS
							| Journal of Duhok University"
https://journal.uod.ac/index.php/uodjournal/article/view/574/398,200,1,text/html,View of EXISTENCE AND UNIQUENESS RESULTS FOR CERTAIN FRACTIONAL BOUNDARY VALUE PROBLEMS
https://journal.uod.ac/index.php/uodjournal/article/view/577,200,1,text/html,"تأثير العوامل الأجتماعية والاقتصادية على التحصيل الدراسي للتلاميذ في الصف الخامس الابتدائي في مدينة أربيل 
							| Journal of Duhok University"
https://journal.uod.ac/index.php/uodjournal/article/view/577/399,200,1,text/html,View of تأثير العوامل الأجتماعية والاقتصادية على التحصيل الدراسي للتلاميذ في الصف الخامس الابتدائي في مدينة أربيل
https://journal.uod.ac/index.php/uodjournal/article/view/578,200,1,text/html,"اثر تقلبات  أسعار النفط الخام في الطلب على مصادر الطاقة البديلة للمدة (1973-2008)
							| Journal of Duhok University"
https://journal.uod.ac/index.php/uodjournal/article/view/578/400,200,1,text/html,View of اثر تقلبات  أسعار النفط الخام في الطلب على مصادر الطاقة البديلة للمدة (1973-2008)
https://journal.uod.ac/index.php/uodjournal/article/view/579,200,1,text/html,"CULTURAL AND POLITICAL IMPLICATIONS IN RUNAWAY TO NOWHERE BY QASHAM ALI BALATA
							| Journal of Duhok University"
https://journal.uod.ac/index.php/uodjournal/article/view/579/401,200,1,text/html,View of CULTURAL AND POLITICAL IMPLICATIONS IN RUNAWAY TO NOWHERE BY QASHAM ALI BALATA
https://journal.uod.ac/index.php/uodjournal/article/view/58,200,1,text/html,"MICROSTRUCTURE OF ULTRA-HIGH PERFORMANCE CEMENTITIOUS COMPOSITES  WITH AND WITHOUT EXCESSIVE SULFATES
							| Journal of Duhok University"
https://journal.uod.ac/index.php/uodjournal/article/view/58/47,200,1,text/html,View of MICROSTRUCTURE OF ULTRA-HIGH PERFORMANCE CEMENTITIOUS COMPOSITES  WITH AND WITHOUT EXCESSIVE SULFATES
https://journal.uod.ac/index.php/uodjournal/article/view/580,200,1,text/html,"EVALUATING GRAMMATICAL COMPETENCE IN KURDISH EFL JUNIOR STUDENTS’ WRITINGS AT THE ENGLISH DEPARTMENT, COLLEGE OF LANGUAGES, UNIVERSITY OF DUHOK
							| Journal of Duhok University"
https://journal.uod.ac/index.php/uodjournal/article/view/580/402,200,1,text/html,"View of EVALUATING GRAMMATICAL COMPETENCE IN KURDISH EFL JUNIOR STUDENTS’ WRITINGS AT THE ENGLISH DEPARTMENT, COLLEGE OF LANGUAGES, UNIVERSITY OF DUHOK"
https://journal.uod.ac/index.php/uodjournal/article/view/581,200,1,text/html,"EVALUATION OF ACADEMIC MOTIVATION, A CASE STUDY OF ENG-LISH DEPARTMENT STUDENTS AT DUHOK UNIVERSITY.
							| Journal of Duhok University"
https://journal.uod.ac/index.php/uodjournal/article/view/581/403,200,1,text/html,"View of EVALUATION OF ACADEMIC MOTIVATION, A CASE STUDY OF ENG-LISH DEPARTMENT STUDENTS AT DUHOK UNIVERSITY."
https://journal.uod.ac/index.php/uodjournal/article/view/582,200,1,text/html,"USING DRAMA TECHNIQUES AS A COMMUNICATIVE APPROACH IN TEACHING ENGLISH AS A FOREIGN LANGUAGE TO FOREIGN LEARNERS IN THE CLASSROOM OF SECONDARY SCHOOLS
							| Journal of Duhok University"
https://journal.uod.ac/index.php/uodjournal/article/view/582/404,200,1,text/html,View of USING DRAMA TECHNIQUES AS A COMMUNICATIVE APPROACH IN TEACHING ENGLISH AS A FOREIGN LANGUAGE TO FOREIGN LEARNERS IN THE CLASSROOM OF SECONDARY SCHOOLS
https://journal.uod.ac/index.php/uodjournal/article/view/583,200,1,text/html,"A CRITICAL DISCOURSE ANALYSIS OF THE LANGUAGE OF WEBINARS: POLITICS BUILDING TASK
							| Journal of Duhok University"
https://journal.uod.ac/index.php/uodjournal/article/view/583/406,200,1,text/html,View of A CRITICAL DISCOURSE ANALYSIS OF THE LANGUAGE OF WEBINARS: POLITICS BUILDING TASK
https://journal.uod.ac/index.php/uodjournal/article/view/584,200,1,text/html,"BYNAMES IN ENGLISH AND KURDISH: A SOCIO-CULTURAL STUDY
							| Journal of Duhok University"
https://journal.uod.ac/index.php/uodjournal/article/view/584/407,200,1,text/html,View of BYNAMES IN ENGLISH AND KURDISH: A SOCIO-CULTURAL STUDY
https://journal.uod.ac/index.php/uodjournal/article/view/585,200,1,text/html,"ACQUISITION OF  DEFINITENESS AND INDEFINITENESS BY BEHDINI KURDISH LEARNERS OF ENGLISH
							| Journal of Duhok University"
https://journal.uod.ac/index.php/uodjournal/article/view/585/408,200,1,text/html,View of ACQUISITION OF  DEFINITENESS AND INDEFINITENESS BY BEHDINI KURDISH LEARNERS OF ENGLISH
https://journal.uod.ac/index.php/uodjournal/article/view/586,200,1,text/html,"A NEW IMAGE CLASSIFICATION SYSTEM USING DEEP CONVOLUTION NEURAL NETWORK AND MODIFIED AMSGRAD OPTIMIZER
							| Journal of Duhok University"
https://journal.uod.ac/index.php/uodjournal/article/view/586/409,200,1,text/html,View of A NEW IMAGE CLASSIFICATION SYSTEM USING DEEP CONVOLUTION NEURAL NETWORK AND MODIFIED AMSGRAD OPTIMIZER
https://journal.uod.ac/index.php/uodjournal/article/view/587,200,1,text/html,"GNSS OBSERVATIONS TO FIND THE RELATIONSHIP BETWEEN THE GLOBAL DATUM WORLD GEODETIC SYSTEM WGS84 AND THE LOCAL DATUM KARBALA 1979. A CASE STUDY OF ERBIL-DUHOK TERRITORY  
							| Journal of Duhok University"
https://journal.uod.ac/index.php/uodjournal/article/view/587/410,200,1,text/html,View of GNSS OBSERVATIONS TO FIND THE RELATIONSHIP BETWEEN THE GLOBAL DATUM WORLD GEODETIC SYSTEM WGS84 AND THE LOCAL DATUM KARBALA 1979. A CASE STUDY OF ERBIL-DUHOK TERRITORY
https://journal.uod.ac/index.php/uodjournal/article/view/588,200,1,text/html,"ON MODIFICATION OF SYMMETRIC RANK ONE  FOR TRAINING NEURAL NETWORK  BASED ON GRADIENT VECTOR
							| Journal of Duhok University"
https://journal.uod.ac/index.php/uodjournal/article/view/588/411,200,1,text/html,View of ON MODIFICATION OF SYMMETRIC RANK ONE  FOR TRAINING NEURAL NETWORK  BASED ON GRADIENT VECTOR
https://journal.uod.ac/index.php/uodjournal/article/view/589,200,1,text/html,"POST CEREBROVASCULAR ACCIDENT PATIENTS' QUALITY OF LIFE ATTENDS TO DUHOK SPECIALIZED CENTER OF RHEUMATIC DISEASES AND MEDICAL REHABILITATION
							| Journal of Duhok University"
https://journal.uod.ac/index.php/uodjournal/article/view/589/906,200,1,text/html,View of POST CEREBROVASCULAR ACCIDENT PATIENTS' QUALITY OF LIFE ATTENDS TO DUHOK SPECIALIZED CENTER OF RHEUMATIC DISEASES AND MEDICAL REHABILITATION
https://journal.uod.ac/index.php/uodjournal/article/view/59,200,1,text/html,"SAFETY MANAGEMENT IN CONSTRUCTION PROJECTS
							| Journal of Duhok University"
https://journal.uod.ac/index.php/uodjournal/article/view/59/48,200,1,text/html,View of SAFETY MANAGEMENT IN CONSTRUCTION PROJECTS
https://journal.uod.ac/index.php/uodjournal/article/view/591,200,1,text/html,"RATE OF EPISIOTOMY AND PERINEAL INJURIES  DURING VAGINAL DELIVARIES AT MATERNITY HOSPITAL IN DUHOK CITY
							| Journal of Duhok University"
https://journal.uod.ac/index.php/uodjournal/article/view/591/412,200,1,text/html,View of RATE OF EPISIOTOMY AND PERINEAL INJURIES  DURING VAGINAL DELIVARIES AT MATERNITY HOSPITAL IN DUHOK CITY
https://journal.uod.ac/index.php/uodjournal/article/view/592,200,1,text/html,"COMPARISON OF ENAMEL ACID ETCHING AND ER, CR: YSGG LASER ETCHING ON THE SHEAR BOND STRENGTH OF STAINLESS STEEL ORTHODONTIC BRACKETS (AN IN VITRO STUDY)
							| Journal of Duhok University"
https://journal.uod.ac/index.php/uodjournal/article/view/592/413,200,1,text/html,"View of COMPARISON OF ENAMEL ACID ETCHING AND ER, CR: YSGG LASER ETCHING ON THE SHEAR BOND STRENGTH OF STAINLESS STEEL ORTHODONTIC BRACKETS (AN IN VITRO STUDY)"
https://journal.uod.ac/index.php/uodjournal/article/view/593,200,1,text/html,"ANALYSIS OF THE ECONOMIC IMPACT OF CYSTIC ECHINOCOCCOSIS IN SLAUGHTERED RUMINANTS IN DUHOK PROVINCE, KURDISTAN REGION, IRAQ.
							| Journal of Duhok University"
https://journal.uod.ac/index.php/uodjournal/article/view/593/414,200,1,text/html,"View of ANALYSIS OF THE ECONOMIC IMPACT OF CYSTIC ECHINOCOCCOSIS IN SLAUGHTERED RUMINANTS IN DUHOK PROVINCE, KURDISTAN REGION, IRAQ."
https://journal.uod.ac/index.php/uodjournal/article/view/594,200,1,text/html,"PUSH OUT BOND STRENGTH OF DIFFERENT ROOT CANAL SEALERS USED WITH THE SINGLE CONE OBTURATION TECHNIQUE:  AN VITRO STUDY
							| Journal of Duhok University"
https://journal.uod.ac/index.php/uodjournal/article/view/594/907,200,1,text/html,View of PUSH OUT BOND STRENGTH OF DIFFERENT ROOT CANAL SEALERS USED WITH THE SINGLE CONE OBTURATION TECHNIQUE:  AN VITRO STUDY
https://journal.uod.ac/index.php/uodjournal/article/view/595,200,1,text/html,"كردەیا مێهڤانكرنێ‌ د زمانێ‌ كوردیدا ڤەكۆلینەكا پراگماتیكییە
							| Journal of Duhok University"
https://journal.uod.ac/index.php/uodjournal/article/view/595/451,200,1,text/html,View of كردەیا مێهڤانكرنێ‌ د زمانێ‌ كوردیدا ڤەكۆلینەكا پراگماتیكییە
https://journal.uod.ac/index.php/uodjournal/article/view/596,200,1,text/html,"نشتیمان پەروەری د دیوانا ( زێمارێن چیا)دا یا هۆزانڤان (بەدرخان سندی)  
							| Journal of Duhok University"
https://journal.uod.ac/index.php/uodjournal/article/view/596/452,200,1,text/html,View of نشتیمان پەروەری د دیوانا ( زێمارێن چیا)دا یا هۆزانڤان (بەدرخان سندی)
https://journal.uod.ac/index.php/uodjournal/article/view/597,200,1,text/html,"كردەیێن ئاڕاستەكرنێ‌ د ناڤبەرا ڕازیبوون و ڕەتكرنێدا
							| Journal of Duhok University"
https://journal.uod.ac/index.php/uodjournal/article/view/597/453,200,1,text/html,View of كردەیێن ئاڕاستەكرنێ‌ د ناڤبەرا ڕازیبوون و ڕەتكرنێدا
https://journal.uod.ac/index.php/uodjournal/article/view/598,200,1,text/html,"رەنگڤەدانا گۆتنێن مەزنان د رۆمانا 52 رۆژ لە دوزەخ دا یانڤێسەر رەزا سەید گول  بەرزنجی
							| Journal of Duhok University"
https://journal.uod.ac/index.php/uodjournal/article/view/598/454,200,1,text/html,View of رەنگڤەدانا گۆتنێن مەزنان د رۆمانا 52 رۆژ لە دوزەخ دا یانڤێسەر رەزا سەید گول  بەرزنجی
https://journal.uod.ac/index.php/uodjournal/article/view/599,200,1,text/html,"نواندنا دەنگی د هۆزانا جزیریدا (ل دویڤ تیۆرا زمانییا مۆریس گرامون)ی
							| Journal of Duhok University"
https://journal.uod.ac/index.php/uodjournal/article/view/599/455,200,1,text/html,View of نواندنا دەنگی د هۆزانا جزیریدا (ل دویڤ تیۆرا زمانییا مۆریس گرامون)ی
https://journal.uod.ac/index.php/uodjournal/article/view/60,200,1,text/html,"PERFORMANCE OF CONCRETE MADE WITH CRUSHED CLAY BRICKS AS COARSE AGGREGATE
							| Journal of Duhok University"
https://journal.uod.ac/index.php/uodjournal/article/view/60/49,200,1,text/html,View of PERFORMANCE OF CONCRETE MADE WITH CRUSHED CLAY BRICKS AS COARSE AGGREGATE
https://journal.uod.ac/index.php/uodjournal/article/view/600,200,1,text/html,"رەنگڤەدانا بونیاتێ‌ میلۆدرامایێ‌ د تێكستێ‌ شانۆیدا، شانۆگەریا (هەڤركی) وەك نموونە
							| Journal of Duhok University"
https://journal.uod.ac/index.php/uodjournal/article/view/600/461,200,1,text/html,View of رەنگڤەدانا بونیاتێ‌ میلۆدرامایێ‌ د تێكستێ‌ شانۆیدا، شانۆگەریا (هەڤركی) وەك نموونە
https://journal.uod.ac/index.php/uodjournal/article/view/601,200,1,text/html,"GLOBAL CONVERGENCE OF A MODIFIED DIA-YUAN CONJUGATE GRADIENT FOR UNCONSTRAINED OPTIMIZATION
							| Journal of Duhok University"
https://journal.uod.ac/index.php/uodjournal/article/view/601/423,200,1,text/html,View of GLOBAL CONVERGENCE OF A MODIFIED DIA-YUAN CONJUGATE GRADIENT FOR UNCONSTRAINED OPTIMIZATION
https://journal.uod.ac/index.php/uodjournal/article/view/602,200,1,text/html,"EFFECIENCY OF DIFFERENT INJECTION OBTURATION TECHNIQUES IN PULPECTOMIZED DECIDUOUS TEETH USING RADIOGRAPH
							| Journal of Duhok University"
https://journal.uod.ac/index.php/uodjournal/article/view/602/424,200,1,text/html,View of EFFECIENCY OF DIFFERENT INJECTION OBTURATION TECHNIQUES IN PULPECTOMIZED DECIDUOUS TEETH USING RADIOGRAPH
https://journal.uod.ac/index.php/uodjournal/article/view/603,200,1,text/html,"A HARVESTED MODIFIED LESLIE-GOWER PREDATOR-PREY MODEL WITH SIS-DISEASE IN PREDATOR AND  PREY REFUGE 
							| Journal of Duhok University"
https://journal.uod.ac/index.php/uodjournal/article/view/603/425,200,1,text/html,View of A HARVESTED MODIFIED LESLIE-GOWER PREDATOR-PREY MODEL WITH SIS-DISEASE IN PREDATOR AND  PREY REFUGE
https://journal.uod.ac/index.php/uodjournal/article/view/604,200,1,text/html,"SERODIAGNOSIS OF TORCH INFECTIONS AMONG ABORTED WOMEN IN DUHOK CITY/ KURDISTAN REGION /IRAQ
							| Journal of Duhok University"
https://journal.uod.ac/index.php/uodjournal/article/view/604/426,200,1,text/html,View of SERODIAGNOSIS OF TORCH INFECTIONS AMONG ABORTED WOMEN IN DUHOK CITY/ KURDISTAN REGION /IRAQ
https://journal.uod.ac/index.php/uodjournal/article/view/605,200,1,text/html,"MOLECULAR DETECTION OF ORAL TRICHOMONAS TENAX AMONG INDIVIDUALS ATTENDING DENTAL CARE UNITS USING PCR IN DUHOK CITY – KURDISTAN REGION
							| Journal of Duhok University"
https://journal.uod.ac/index.php/uodjournal/article/view/605/427,200,1,text/html,View of MOLECULAR DETECTION OF ORAL TRICHOMONAS TENAX AMONG INDIVIDUALS ATTENDING DENTAL CARE UNITS USING PCR IN DUHOK CITY – KURDISTAN REGION
https://journal.uod.ac/index.php/uodjournal/article/view/607,200,1,text/html,"EFFICACY OF PLATELET RICH FIBRIN PREPARED WITH TITANIUM TUBES AND PLATELET RICH FIBRIN PREPARED WITH PLASTIC TUBES IN SOFT TISSUE WOUND HEALING:  AN EXPERIMENTAL STUDY IN SHEEP
							| Journal of Duhok University"
https://journal.uod.ac/index.php/uodjournal/article/view/607/428,200,1,text/html,View of EFFICACY OF PLATELET RICH FIBRIN PREPARED WITH TITANIUM TUBES AND PLATELET RICH FIBRIN PREPARED WITH PLASTIC TUBES IN SOFT TISSUE WOUND HEALING:  AN EXPERIMENTAL STUDY IN SHEEP
https://journal.uod.ac/index.php/uodjournal/article/view/608,200,1,text/html,"KNOWLEDGE, ALTITUDE AND PRACTICE OF NURSES TOWARDS NEONATAL SEPSIS IN DUHOK GOVERNORATE
							| Journal of Duhok University"
https://journal.uod.ac/index.php/uodjournal/article/view/608/429,200,1,text/html,"View of KNOWLEDGE, ALTITUDE AND PRACTICE OF NURSES TOWARDS NEONATAL SEPSIS IN DUHOK GOVERNORATE"
https://journal.uod.ac/index.php/uodjournal/article/view/609,200,1,text/html,"KNOWLEDGE AND ATTITUDE OF NURSES ABOUT NEONATAL HYPERBILIRUBINEMIA IN DUHOK GOVERNORATE:  CROSS SECTIONAL STUDY
							| Journal of Duhok University"
https://journal.uod.ac/index.php/uodjournal/article/view/609/430,200,1,text/html,View of KNOWLEDGE AND ATTITUDE OF NURSES ABOUT NEONATAL HYPERBILIRUBINEMIA IN DUHOK GOVERNORATE:  CROSS SECTIONAL STUDY
https://journal.uod.ac/index.php/uodjournal/article/view/61,200,1,text/html,"FLEXURAL BEHAVIOR OF REINFORCED CONCRETE BEAMS MADE WITH ORDINARY AND HIGH STRENGTH CONCRETES: EFFECT OF INTERFACIAL ROUGHNESS BETWEEN OLD AND NEW CONCRETES
							| Journal of Duhok University"
https://journal.uod.ac/index.php/uodjournal/article/view/61/50,200,1,text/html,View of FLEXURAL BEHAVIOR OF REINFORCED CONCRETE BEAMS MADE WITH ORDINARY AND HIGH STRENGTH CONCRETES: EFFECT OF INTERFACIAL ROUGHNESS BETWEEN OLD AND NEW CONCRETES
https://journal.uod.ac/index.php/uodjournal/article/view/610,200,1,text/html,"AUGMENTATION OF SURGICALLY CREATED BONY DEFECTS USING BIPHASIC CALCIUM PHOSPHATE WITH AND WITHOUT PLATELET RICH FIBRIN: AN EXPERIMENTAL STUDY IN SHEEP
							| Journal of Duhok University"
https://journal.uod.ac/index.php/uodjournal/article/view/610/431,200,1,text/html,View of AUGMENTATION OF SURGICALLY CREATED BONY DEFECTS USING BIPHASIC CALCIUM PHOSPHATE WITH AND WITHOUT PLATELET RICH FIBRIN: AN EXPERIMENTAL STUDY IN SHEEP
https://journal.uod.ac/index.php/uodjournal/article/view/611,200,1,text/html,"SEROPREVALENCE AND RISK FACTORS OF TOXOPLASMOSIS AMONG UNDERGRADUATE FEMALE STUDENTS OF  UNIVERSITY OF DUHOK
							| Journal of Duhok University"
https://journal.uod.ac/index.php/uodjournal/article/view/611/432,200,1,text/html,View of SEROPREVALENCE AND RISK FACTORS OF TOXOPLASMOSIS AMONG UNDERGRADUATE FEMALE STUDENTS OF  UNIVERSITY OF DUHOK
https://journal.uod.ac/index.php/uodjournal/article/view/612,200,1,text/html,"FOOT ULCER EXPERIENCES OF PATIENTS WITH  TYPE 2 DIABETES MELLITUS: A PROFILE FROM DUHOK/KURDISTAN
							| Journal of Duhok University"
https://journal.uod.ac/index.php/uodjournal/article/view/612/967,200,1,text/html,View of FOOT ULCER EXPERIENCES OF PATIENTS WITH  TYPE 2 DIABETES MELLITUS: A PROFILE FROM DUHOK/KURDISTAN
https://journal.uod.ac/index.php/uodjournal/article/view/613,200,1,text/html,"EVALUATION OF UAV-BASED DEM FOR VOLUME CALCULATION
							| Journal of Duhok University"
https://journal.uod.ac/index.php/uodjournal/article/view/613/435,200,1,text/html,View of EVALUATION OF UAV-BASED DEM FOR VOLUME CALCULATION
https://journal.uod.ac/index.php/uodjournal/article/view/614,200,1,text/html,"SURVEY AND PREVALENCE OF LICE INFESTATION THE CHICKEN (Gullas gallus domesticus) IN KURDISTAN REGION-IRAQ
							| Journal of Duhok University"
https://journal.uod.ac/index.php/uodjournal/article/view/614/449,200,1,text/html,View of SURVEY AND PREVALENCE OF LICE INFESTATION THE CHICKEN (Gullas gallus domesticus) IN KURDISTAN REGION-IRAQ
https://journal.uod.ac/index.php/uodjournal/article/view/615,200,1,text/html,"THE LOCAL EFFECT OF CHLORHEXIDINE AGENTS IN THE TREATMENT OF CHRONIC PERIODONTITIS PATIENTS
							| Journal of Duhok University"
https://journal.uod.ac/index.php/uodjournal/article/view/615/437,200,1,text/html,View of THE LOCAL EFFECT OF CHLORHEXIDINE AGENTS IN THE TREATMENT OF CHRONIC PERIODONTITIS PATIENTS
https://journal.uod.ac/index.php/uodjournal/article/view/616,200,1,text/html,"DETERMINATION OF ANTIOXIDANT ACTIVITY  FOR METAL IONS COMPLEXES
							| Journal of Duhok University"
https://journal.uod.ac/index.php/uodjournal/article/view/616/439,200,1,text/html,View of DETERMINATION OF ANTIOXIDANT ACTIVITY  FOR METAL IONS COMPLEXES
https://journal.uod.ac/index.php/uodjournal/article/view/618,200,1,text/html,"DEVELOPMENT OF A MODIFIED LIST FOR STANDARDIZED STUDY DESCRIPTIONS IN THE IMPLEMENTATION OF DOSE  MANAGEMENT SYSTEMS IN RADIOLOGY
							| Journal of Duhok University"
https://journal.uod.ac/index.php/uodjournal/article/view/618/440,200,1,text/html,View of DEVELOPMENT OF A MODIFIED LIST FOR STANDARDIZED STUDY DESCRIPTIONS IN THE IMPLEMENTATION OF DOSE  MANAGEMENT SYSTEMS IN RADIOLOGY
https://journal.uod.ac/index.php/uodjournal/article/view/619,200,1,text/html,"STUDY GENETIC RELATIONSHIP AMONG ENTEROCOCCUS FAECALIS STRAINS COLLECTED FROM URINE HARBORED  DIFFERENT VIRULENCE PROFILES  USING ERIC-PCR ASSAY
							| Journal of Duhok University"
https://journal.uod.ac/index.php/uodjournal/article/view/619/450,200,1,text/html,View of STUDY GENETIC RELATIONSHIP AMONG ENTEROCOCCUS FAECALIS STRAINS COLLECTED FROM URINE HARBORED  DIFFERENT VIRULENCE PROFILES  USING ERIC-PCR ASSAY
https://journal.uod.ac/index.php/uodjournal/article/view/62,200,1,text/html,"THE ROLE OF SEISMIC POUNDING IN THE OPTIMAL SELECTION OF  GROUND-MOTION INTENSITY MEASURES
							| Journal of Duhok University"
https://journal.uod.ac/index.php/uodjournal/article/view/62/51,200,1,text/html,View of THE ROLE OF SEISMIC POUNDING IN THE OPTIMAL SELECTION OF  GROUND-MOTION INTENSITY MEASURES
https://journal.uod.ac/index.php/uodjournal/article/view/620,200,1,text/html,"SOCKET SHIELD TECHNIQUE FOR DENTAL IMPLANTS IN THE ESTHETIC ZONE, CLINICAL AND RADIOGRAPHICAL EVALUATION
							| Journal of Duhok University"
https://journal.uod.ac/index.php/uodjournal/article/view/620/442,200,1,text/html,"View of SOCKET SHIELD TECHNIQUE FOR DENTAL IMPLANTS IN THE ESTHETIC ZONE, CLINICAL AND RADIOGRAPHICAL EVALUATION"
https://journal.uod.ac/index.php/uodjournal/article/view/621,200,1,text/html,"A FRAMEWORK FOR ENHANCING HIGHER EDUCATION IN THE KURDISTAN REGION OF IRAQ THROUGH A DEDICATED  DIGITAL EDUCATION MOOC 
							| Journal of Duhok University"
https://journal.uod.ac/index.php/uodjournal/article/view/621/443,200,1,text/html,View of A FRAMEWORK FOR ENHANCING HIGHER EDUCATION IN THE KURDISTAN REGION OF IRAQ THROUGH A DEDICATED  DIGITAL EDUCATION MOOC
https://journal.uod.ac/index.php/uodjournal/article/view/622,200,1,text/html,"BEST ROBUST TO ESTIMATE THE PARAMETERS USING HAMPEL WEIGHTED RIDGE LEAST TRIMMED SQUARES IN PRESENCE OF MULTICOLLINEARITY AND OUTLIERS
							| Journal of Duhok University"
https://journal.uod.ac/index.php/uodjournal/article/view/622/444,200,1,text/html,View of BEST ROBUST TO ESTIMATE THE PARAMETERS USING HAMPEL WEIGHTED RIDGE LEAST TRIMMED SQUARES IN PRESENCE OF MULTICOLLINEARITY AND OUTLIERS
https://journal.uod.ac/index.php/uodjournal/article/view/623,200,1,text/html,"DEVELOPING AN ONTOLOGY FOR RETRIEVING MASSIVE OPEN ONLINE COURSES (MOOCS) INFORMATION IN COURSERA PLATFORM
							| Journal of Duhok University"
https://journal.uod.ac/index.php/uodjournal/article/view/623/445,200,1,text/html,View of DEVELOPING AN ONTOLOGY FOR RETRIEVING MASSIVE OPEN ONLINE COURSES (MOOCS) INFORMATION IN COURSERA PLATFORM
https://journal.uod.ac/index.php/uodjournal/article/view/624,200,1,text/html,"CHEMOPROTECTIVE EFFECT OF MELATONIN ON DMBA/CROTON OIL INDUCED CARCINOGENESIS IN SKIN OF SWISS ALBINO MICE
							| Journal of Duhok University"
https://journal.uod.ac/index.php/uodjournal/article/view/624/448,200,1,text/html,View of CHEMOPROTECTIVE EFFECT OF MELATONIN ON DMBA/CROTON OIL INDUCED CARCINOGENESIS IN SKIN OF SWISS ALBINO MICE
https://journal.uod.ac/index.php/uodjournal/article/view/629,200,1,text/html,"INFLUENCE OF ADHESIVE SYSTEMS ON BOND STRENGTH OF  RESIN COMPOSITE TO ER,CR :YSGG LASED DENTIN  UNDER SIMULATED PULPAL PRESSURE
							| Journal of Duhok University"
https://journal.uod.ac/index.php/uodjournal/article/view/629/915,200,1,text/html,"View of INFLUENCE OF ADHESIVE SYSTEMS ON BOND STRENGTH OF  RESIN COMPOSITE TO ER,CR :YSGG LASED DENTIN  UNDER SIMULATED PULPAL PRESSURE"
https://journal.uod.ac/index.php/uodjournal/article/view/63,200,1,text/html,"Effect of CFRP Confinement on AAR-Induced Expansion of Concrete Columns
							| Journal of Duhok University"
https://journal.uod.ac/index.php/uodjournal/article/view/63/52,200,1,text/html,View of Effect of CFRP Confinement on AAR-Induced Expansion of Concrete Columns
https://journal.uod.ac/index.php/uodjournal/article/view/630,200,1,text/html,"ئەدەبێ بەرگری و رۆلێ‌ وێ‌ بەرامبەری داگیركرنێ‌ (هۆزانێن قەدری جانی) وەك نمونە
							| Journal of Duhok University"
https://journal.uod.ac/index.php/uodjournal/article/view/630/462,200,1,text/html,View of ئەدەبێ بەرگری و رۆلێ‌ وێ‌ بەرامبەری داگیركرنێ‌ (هۆزانێن قەدری جانی) وەك نمونە
https://journal.uod.ac/index.php/uodjournal/article/view/632,200,1,text/html,"EFFECT OF HUMIC ACID, NUMBER OF CLUSTERS AND CULTIVARS ON GROWTH, FLOWERING AND YIELD OF TOMATO PLANT (Lycopersicon esculantum L.) UNDER PLASTIC HOUSE CONDITIONS
							| Journal of Duhok University"
https://journal.uod.ac/index.php/uodjournal/article/view/632/475,200,1,text/html,"View of EFFECT OF HUMIC ACID, NUMBER OF CLUSTERS AND CULTIVARS ON GROWTH, FLOWERING AND YIELD OF TOMATO PLANT (Lycopersicon esculantum L.) UNDER PLASTIC HOUSE CONDITIONS"
https://journal.uod.ac/index.php/uodjournal/article/view/633,200,1,text/html,"POTATO MINITUBERS PRODUCTION AND FIELD PERFORMANCE EVALUATION 
							| Journal of Duhok University"
https://journal.uod.ac/index.php/uodjournal/article/view/633/476,200,1,text/html,View of POTATO MINITUBERS PRODUCTION AND FIELD PERFORMANCE EVALUATION
https://journal.uod.ac/index.php/uodjournal/article/view/634,200,1,text/html,"RESPONSE OF MARIANNA PLUM HARDWOOD CUTTINGS TO BASAL WOUNDING AND DIPPING PERIOD IN IBA SOLUTION
							| Journal of Duhok University"
https://journal.uod.ac/index.php/uodjournal/article/view/634/477,200,1,text/html,View of RESPONSE OF MARIANNA PLUM HARDWOOD CUTTINGS TO BASAL WOUNDING AND DIPPING PERIOD IN IBA SOLUTION
https://journal.uod.ac/index.php/uodjournal/article/view/635,200,1,text/html,"LIMITING WATER RESOURCES FOR AGRICULTURAL USES IN RANIA DISTRICT, SULAIMANI GOVERNORATE 
							| Journal of Duhok University"
https://journal.uod.ac/index.php/uodjournal/article/view/635/478,200,1,text/html,"View of LIMITING WATER RESOURCES FOR AGRICULTURAL USES IN RANIA DISTRICT, SULAIMANI GOVERNORATE"
https://journal.uod.ac/index.php/uodjournal/article/view/636,200,1,text/html,"MOLECULAR IDENTIFICATION AND BIOMASS PRODUCTION OF  AN ENDOPHYTIC Beauveria bassiana ISOLATED FROM  CUCUMBER LEAVES IN IRAQ
							| Journal of Duhok University"
https://journal.uod.ac/index.php/uodjournal/article/view/636/479,200,1,text/html,View of MOLECULAR IDENTIFICATION AND BIOMASS PRODUCTION OF  AN ENDOPHYTIC Beauveria bassiana ISOLATED FROM  CUCUMBER LEAVES IN IRAQ
https://journal.uod.ac/index.php/uodjournal/article/view/637,200,1,text/html,"MEDICAL TABLETS PARACETAMOL AND MERTRONIDAZOLE AFFECTS WHEAT SEED GERMINATION AND SEEDLINGS  GROWTH AS PLANT GROWTH REGULATORS 
							| Journal of Duhok University"
https://journal.uod.ac/index.php/uodjournal/article/view/637/480,200,1,text/html,View of MEDICAL TABLETS PARACETAMOL AND MERTRONIDAZOLE AFFECTS WHEAT SEED GERMINATION AND SEEDLINGS  GROWTH AS PLANT GROWTH REGULATORS
https://journal.uod.ac/index.php/uodjournal/article/view/638,200,1,text/html,"REACTION OF WHEAT CULTIVARS TO FUSARIUM CROWN AND ROOT ROT UNDER FIELD CONDITION AT DUHOK-KURDISTAN REGION, IRAQ
							| Journal of Duhok University"
https://journal.uod.ac/index.php/uodjournal/article/view/638/481,200,1,text/html,"View of REACTION OF WHEAT CULTIVARS TO FUSARIUM CROWN AND ROOT ROT UNDER FIELD CONDITION AT DUHOK-KURDISTAN REGION, IRAQ"
https://journal.uod.ac/index.php/uodjournal/article/view/639,200,1,text/html,"SURVEY AND ICHTHYOFAUNA OF GREAT ZAB RIVER IN DERALOK HYDROPOWER PLANT
							| Journal of Duhok University"
https://journal.uod.ac/index.php/uodjournal/article/view/639/482,200,1,text/html,View of SURVEY AND ICHTHYOFAUNA OF GREAT ZAB RIVER IN DERALOK HYDROPOWER PLANT
https://journal.uod.ac/index.php/uodjournal/article/view/64,200,1,text/html,"EXPERIMENTAL STUDY TO EVALUATE THE HYDRAULIC PERFORMANCE OF BASTORA DAM STEPPED SPILLWAY
							| Journal of Duhok University"
https://journal.uod.ac/index.php/uodjournal/article/view/64/53,200,1,text/html,View of EXPERIMENTAL STUDY TO EVALUATE THE HYDRAULIC PERFORMANCE OF BASTORA DAM STEPPED SPILLWAY
https://journal.uod.ac/index.php/uodjournal/article/view/641,200,1,text/html,"THE LEVEL OF ECONOMICS PARTICIPATION OF RURAL WOMEN  IN DUHOK GOVERNORATE IN KURDISTAN REGION OF IRAQ  AND ITS RELATION WITH SOME VARIABLES
							| Journal of Duhok University"
https://journal.uod.ac/index.php/uodjournal/article/view/641/484,200,1,text/html,View of THE LEVEL OF ECONOMICS PARTICIPATION OF RURAL WOMEN  IN DUHOK GOVERNORATE IN KURDISTAN REGION OF IRAQ  AND ITS RELATION WITH SOME VARIABLES
https://journal.uod.ac/index.php/uodjournal/article/view/642,200,1,text/html,"TRAINING NEEDS OF BROILER BREEDERS IN FIELDS OF (MANAGEMENT, AND MARKETING) IN DUHOK GOVERNORATE  AND ITS RELATION WITH SOME VARIABLES
							| Journal of Duhok University"
https://journal.uod.ac/index.php/uodjournal/article/view/642/485,200,1,text/html,"View of TRAINING NEEDS OF BROILER BREEDERS IN FIELDS OF (MANAGEMENT, AND MARKETING) IN DUHOK GOVERNORATE  AND ITS RELATION WITH SOME VARIABLES"
https://journal.uod.ac/index.php/uodjournal/article/view/643,200,1,text/html,"THE EFFICACY OF MYRTLE (Myrtus communis L.) AS AN ANAESTHETIC ON COMMON CARP Cyprinus carpio JUVENILES
							| Journal of Duhok University"
https://journal.uod.ac/index.php/uodjournal/article/view/643/487,200,1,text/html,View of THE EFFICACY OF MYRTLE (Myrtus communis L.) AS AN ANAESTHETIC ON COMMON CARP Cyprinus carpio JUVENILES
https://journal.uod.ac/index.php/uodjournal/article/view/644,200,1,text/html,"AGRICULTURAL EXTENSION TRAINING EFFICIENCY IN KURDISTAN REGION/IRAQ DURING THE PERIOD OF (2013 –2017)  FROM THE TRAINEES’ POINT OF VIEW
							| Journal of Duhok University"
https://journal.uod.ac/index.php/uodjournal/article/view/644/488,200,1,text/html,View of AGRICULTURAL EXTENSION TRAINING EFFICIENCY IN KURDISTAN REGION/IRAQ DURING THE PERIOD OF (2013 –2017)  FROM THE TRAINEES’ POINT OF VIEW
https://journal.uod.ac/index.php/uodjournal/article/view/645,200,1,text/html,"STUDY OF MITOTIC INDEX PERCENTAGE BY THE INFLUENCE OF DIFFERENT CONCENTRATIONS OF MUTAGENSIS (COLCHICINE) IN DIFFERENT TIME DURATION ON TWO VARIETIES OF CREPIS CAPILLARIES VIA TISSUE CULTURE TECHNIQUE
							| Journal of Duhok University"
https://journal.uod.ac/index.php/uodjournal/article/view/645/489,200,1,text/html,View of STUDY OF MITOTIC INDEX PERCENTAGE BY THE INFLUENCE OF DIFFERENT CONCENTRATIONS OF MUTAGENSIS (COLCHICINE) IN DIFFERENT TIME DURATION ON TWO VARIETIES OF CREPIS CAPILLARIES VIA TISSUE CULTURE TECHNIQUE
https://journal.uod.ac/index.php/uodjournal/article/view/646,200,1,text/html,"EFFECTS OF DIFFERENT LEVELS OF DIETARY BIOTIN ON THE PERFORMANCE, APPARENT DIGESTIBILITY AND CARCASS CHARACTERISTICS OF BROILERS
							| Journal of Duhok University"
https://journal.uod.ac/index.php/uodjournal/article/view/646/490,200,1,text/html,"View of EFFECTS OF DIFFERENT LEVELS OF DIETARY BIOTIN ON THE PERFORMANCE, APPARENT DIGESTIBILITY AND CARCASS CHARACTERISTICS OF BROILERS"
https://journal.uod.ac/index.php/uodjournal/article/view/647,200,1,text/html,"ROOTING OF THE PURPLE ROBE Robinia pseudoacasia L. CUTTINGS AS INFLUENCED BY CUTTING TIME, COLD STORAGE AND IBA
							| Journal of Duhok University"
https://journal.uod.ac/index.php/uodjournal/article/view/647/491,200,1,text/html,"View of ROOTING OF THE PURPLE ROBE Robinia pseudoacasia L. CUTTINGS AS INFLUENCED BY CUTTING TIME, COLD STORAGE AND IBA"
https://journal.uod.ac/index.php/uodjournal/article/view/648,200,1,text/html,"EVALUATION OF BREAD WHEAT GENOTYPES  USING SELECTION INDEX
							| Journal of Duhok University"
https://journal.uod.ac/index.php/uodjournal/article/view/648/492,200,1,text/html,View of EVALUATION OF BREAD WHEAT GENOTYPES  USING SELECTION INDEX
https://journal.uod.ac/index.php/uodjournal/article/view/649,200,1,text/html,"BLEEDING EFFICIENCY AND KEEPING QUALITY IN BROILER CHICKEN MEAT SUBJECTED TO TWO SLAUGHTERING METHODS
							| Journal of Duhok University"
https://journal.uod.ac/index.php/uodjournal/article/view/649/493,200,1,text/html,View of BLEEDING EFFICIENCY AND KEEPING QUALITY IN BROILER CHICKEN MEAT SUBJECTED TO TWO SLAUGHTERING METHODS
https://journal.uod.ac/index.php/uodjournal/article/view/65,200,1,text/html,"SIDE WEIR FLOW INVESTIGATION IN A CIRCULAR CHANNEL USING COMPUTATIONAL FLUID DYNAMICS (CFD) FOR SUBCRITICAL FLOW CONDITION
							| Journal of Duhok University"
https://journal.uod.ac/index.php/uodjournal/article/view/65/54,200,1,text/html,View of SIDE WEIR FLOW INVESTIGATION IN A CIRCULAR CHANNEL USING COMPUTATIONAL FLUID DYNAMICS (CFD) FOR SUBCRITICAL FLOW CONDITION
https://journal.uod.ac/index.php/uodjournal/article/view/650,200,1,text/html,"INFLUENCE OF SOME PLANT EXTRACTS ON VITALITY OF EGGS AND SECOND STAGE JUVENILES OF ROOT – KNOT  NEMATODE Meloidogyne  javanica
							| Journal of Duhok University"
https://journal.uod.ac/index.php/uodjournal/article/view/650/494,200,1,text/html,View of INFLUENCE OF SOME PLANT EXTRACTS ON VITALITY OF EGGS AND SECOND STAGE JUVENILES OF ROOT – KNOT  NEMATODE Meloidogyne  javanica
https://journal.uod.ac/index.php/uodjournal/article/view/651,200,1,text/html,"PASTEURIZED HUMOBAVTER-A COMPOST AND SPRAYS OF LIQUID FERTILIZER TO SUPPRESS RHIZOCTONIAL DAMPING-OFF 
							| Journal of Duhok University"
https://journal.uod.ac/index.php/uodjournal/article/view/651/495,200,1,text/html,View of PASTEURIZED HUMOBAVTER-A COMPOST AND SPRAYS OF LIQUID FERTILIZER TO SUPPRESS RHIZOCTONIAL DAMPING-OFF
https://journal.uod.ac/index.php/uodjournal/article/view/652,200,1,text/html,"FOLIAR APPLICATION OF FUNGICIDES AND SYNERGISTS OF POPULIN EXTRACT FOR CONTROL APPLE SCAB VENTURIA INAEQUALIS 
							| Journal of Duhok University"
https://journal.uod.ac/index.php/uodjournal/article/view/652/496,200,1,text/html,View of FOLIAR APPLICATION OF FUNGICIDES AND SYNERGISTS OF POPULIN EXTRACT FOR CONTROL APPLE SCAB VENTURIA INAEQUALIS
https://journal.uod.ac/index.php/uodjournal/article/view/653,200,1,text/html,"SPECIFIC GENES AFFECTING BODY WEIGHT IN IRAQI AWASSI SHEEP 
							| Journal of Duhok University"
https://journal.uod.ac/index.php/uodjournal/article/view/653/497,200,1,text/html,View of SPECIFIC GENES AFFECTING BODY WEIGHT IN IRAQI AWASSI SHEEP
https://journal.uod.ac/index.php/uodjournal/article/view/654,200,1,text/html,"IMPACT OF VARIOUS LEVELS OF MEDICINAL PLANTS ON SOME PRODUCTIVE AND PHYSIOLOGICAL TRAITS IN BROILER CHICKENS
							| Journal of Duhok University"
https://journal.uod.ac/index.php/uodjournal/article/view/654/498,200,1,text/html,View of IMPACT OF VARIOUS LEVELS OF MEDICINAL PLANTS ON SOME PRODUCTIVE AND PHYSIOLOGICAL TRAITS IN BROILER CHICKENS
https://journal.uod.ac/index.php/uodjournal/article/view/655,200,1,text/html,"RE- DESCRIPTION OF THE NEW SPECIES FOR IRAQ, Asiopertha nazarena MARSEUL, 1878 (COLEOPTERA: SCARABAEIDAE,  RUTELINAE) FROM KURDISTAN REGION OF IRAQ
							| Journal of Duhok University"
https://journal.uod.ac/index.php/uodjournal/article/view/655/499,200,1,text/html,"View of RE- DESCRIPTION OF THE NEW SPECIES FOR IRAQ, Asiopertha nazarena MARSEUL, 1878 (COLEOPTERA: SCARABAEIDAE,  RUTELINAE) FROM KURDISTAN REGION OF IRAQ"
https://journal.uod.ac/index.php/uodjournal/article/view/658,200,1,text/html,"هێمایێ ئایینى دهۆزانا نویخوازا کوردیدا ب نموونێن (ئەحمەدى مەلا، عارف حیتۆ)
							| Journal of Duhok University"
https://journal.uod.ac/index.php/uodjournal/article/view/658/548,200,1,text/html,View of هێمایێ ئایینى دهۆزانا نویخوازا کوردیدا ب نموونێن (ئەحمەدى مەلا، عارف حیتۆ)
https://journal.uod.ac/index.php/uodjournal/article/view/661,200,1,text/html,"ECONOMIC IMPACT OF GENOCIDE AND MASS ATROCITIES IN IRAQ FROM 2014 TO 2018
							| Journal of Duhok University"
https://journal.uod.ac/index.php/uodjournal/article/view/661/504,200,1,text/html,View of ECONOMIC IMPACT OF GENOCIDE AND MASS ATROCITIES IN IRAQ FROM 2014 TO 2018
https://journal.uod.ac/index.php/uodjournal/article/view/663,200,1,text/html,"THE MEMORY OF GENOCIDE IN SINDIS NIHELI’S HIZAR AND THE VICISSITUDES OF LIFE,  PART ONE AND PART TWO
							| Journal of Duhok University"
https://journal.uod.ac/index.php/uodjournal/article/view/663/505,200,1,text/html,"View of THE MEMORY OF GENOCIDE IN SINDIS NIHELI’S HIZAR AND THE VICISSITUDES OF LIFE,  PART ONE AND PART TWO"
https://journal.uod.ac/index.php/uodjournal/article/view/665,200,1,text/html,"به‌ربه‌سته‌ یاساییه‌كان له‌ به‌نێوده‌وڵه‌تییكردنى تاوانه‌كانی جینۆساید دژی گه‌لی كورد   ڕێكه‌وتننامه‌ى ساڵى 1948 به‌ نموونه‌
							| Journal of Duhok University"
https://journal.uod.ac/index.php/uodjournal/article/view/665/506,200,1,text/html,View of به‌ربه‌سته‌ یاساییه‌كان له‌ به‌نێوده‌وڵه‌تییكردنى تاوانه‌كانی جینۆساید دژی گه‌لی كورد   ڕێكه‌وتننامه‌ى ساڵى 1948 به‌ نموونه‌
https://journal.uod.ac/index.php/uodjournal/article/view/666,200,1,text/html,"هه‌لۆیستیێ هه‌رێمى و نێڤده‌وله‌تى ژ جینۆسایدكرنا كوردان ل عێراقێ دناڤبه‌را ئادارا  1975تا ئه‌یلۆڵا 1988 
							| Journal of Duhok University"
https://journal.uod.ac/index.php/uodjournal/article/view/666/508,200,1,text/html,View of هه‌لۆیستیێ هه‌رێمى و نێڤده‌وله‌تى ژ جینۆسایدكرنا كوردان ل عێراقێ دناڤبه‌را ئادارا  1975تا ئه‌یلۆڵا 1988
https://journal.uod.ac/index.php/uodjournal/article/view/667,200,1,text/html,"ئاكامه‌ جوگرافییه‌كانی پڕۆسه‌ی جینۆسایدی گه‌لی كورد ئه‌نفالی چوار وه‌ك نموونه‌
							| Journal of Duhok University"
https://journal.uod.ac/index.php/uodjournal/article/view/667/509,200,1,text/html,View of ئاكامه‌ جوگرافییه‌كانی پڕۆسه‌ی جینۆسایدی گه‌لی كورد ئه‌نفالی چوار وه‌ك نموونه‌
https://journal.uod.ac/index.php/uodjournal/article/view/668,200,1,text/html,"و شێوازەکانى جێبەجێکردنى بەسەر زمانى کوردیداLinguecide پاکتاوکردنى زمان
							| Journal of Duhok University"
https://journal.uod.ac/index.php/uodjournal/article/view/668/510,200,1,text/html,View of  و شێوازەکانى جێبەجێکردنى بەسەر زمانى کوردیداLinguecide پاکتاوکردنى زمان
https://journal.uod.ac/index.php/uodjournal/article/view/67,200,1,text/html,"MODELING OF THE HYDRAULIC PERFORMANCE OF OGEE SPILLWAY USING COMPUTATIONAL FLUID DYNAMICS (CFD)
							| Journal of Duhok University"
https://journal.uod.ac/index.php/uodjournal/article/view/67/55,200,1,text/html,View of MODELING OF THE HYDRAULIC PERFORMANCE OF OGEE SPILLWAY USING COMPUTATIONAL FLUID DYNAMICS (CFD)
https://journal.uod.ac/index.php/uodjournal/article/view/68,200,1,text/html,"CHARACTERISTICS OF HYDRAULIC JUMP ON A STRIPED CHANNEL BED
							| Journal of Duhok University"
https://journal.uod.ac/index.php/uodjournal/article/view/68/56,200,1,text/html,View of CHARACTERISTICS OF HYDRAULIC JUMP ON A STRIPED CHANNEL BED
https://journal.uod.ac/index.php/uodjournal/article/view/683,200,1,text/html,"EXTRA LINGUISTIC DEVICES IN COMMERCIAL ADVERTISES
							| Journal of Duhok University"
https://journal.uod.ac/index.php/uodjournal/article/view/683/525,200,1,text/html,View of EXTRA LINGUISTIC DEVICES IN COMMERCIAL ADVERTISES
https://journal.uod.ac/index.php/uodjournal/article/view/684,200,1,text/html,"A CORPUS-BASED STUDY OF MINIMIZERS IN BRITISH  SPOKEN DISCOURSE
							| Journal of Duhok University"
https://journal.uod.ac/index.php/uodjournal/article/view/684/526,200,1,text/html,View of A CORPUS-BASED STUDY OF MINIMIZERS IN BRITISH  SPOKEN DISCOURSE
https://journal.uod.ac/index.php/uodjournal/article/view/685,200,1,text/html,"NARRATIVE ANALYSIS OF THE KURDISH PERSONAL NARRATIVES
							| Journal of Duhok University"
https://journal.uod.ac/index.php/uodjournal/article/view/685/527,200,1,text/html,View of NARRATIVE ANALYSIS OF THE KURDISH PERSONAL NARRATIVES
https://journal.uod.ac/index.php/uodjournal/article/view/686,200,1,text/html,"A COMPARATIVE STUDY OF THE DIFFICULTIES OF APPLYING COOPERATIVE LEARNING METHOD AT THE SCIENTIFIC LABORATORIES BETWEEN SORAN UNIVERSITY AND SALAHADIN UNIVERSITY FROM LECTURERS' VIEW POINT
							| Journal of Duhok University"
https://journal.uod.ac/index.php/uodjournal/article/view/686/528,200,1,text/html,View of A COMPARATIVE STUDY OF THE DIFFICULTIES OF APPLYING COOPERATIVE LEARNING METHOD AT THE SCIENTIFIC LABORATORIES BETWEEN SORAN UNIVERSITY AND SALAHADIN UNIVERSITY FROM LECTURERS' VIEW POINT
https://journal.uod.ac/index.php/uodjournal/article/view/687,200,1,text/html,"A SOCIO-POLITICAL ANALYSIS OF IMMANUEL KANT’S PERPETUAL PEACE AND THE INTERNATIONAL SOCIETY
							| Journal of Duhok University"
https://journal.uod.ac/index.php/uodjournal/article/view/687/529,200,1,text/html,View of A SOCIO-POLITICAL ANALYSIS OF IMMANUEL KANT’S PERPETUAL PEACE AND THE INTERNATIONAL SOCIETY
https://journal.uod.ac/index.php/uodjournal/article/view/688,200,1,text/html,"THINKING STYLES AND ITS RELATIONSHIP TO SELF-IMAGE AMONG WOMEN IN KURDISTAN REGION/ IRAQ
							| Journal of Duhok University"
https://journal.uod.ac/index.php/uodjournal/article/view/688/530,200,1,text/html,View of THINKING STYLES AND ITS RELATIONSHIP TO SELF-IMAGE AMONG WOMEN IN KURDISTAN REGION/ IRAQ
https://journal.uod.ac/index.php/uodjournal/article/view/689,200,1,text/html,"MODALITY IN ENGLISH AND KURDISH: A CONTRASTIVE STUDY
							| Journal of Duhok University"
https://journal.uod.ac/index.php/uodjournal/article/view/689/531,200,1,text/html,View of MODALITY IN ENGLISH AND KURDISH: A CONTRASTIVE STUDY
https://journal.uod.ac/index.php/uodjournal/article/view/69,200,1,text/html,"EXPERIMENTAL AND MODELING OF FLOW OVER LABYRINTH AND PLAIN STEPPED FALLS
							| Journal of Duhok University"
https://journal.uod.ac/index.php/uodjournal/article/view/69/57,200,1,text/html,View of EXPERIMENTAL AND MODELING OF FLOW OVER LABYRINTH AND PLAIN STEPPED FALLS
https://journal.uod.ac/index.php/uodjournal/article/view/691,200,1,text/html,"أثر الدرس النحويّ في باب الوقف و الابتداء    
							| Journal of Duhok University"
https://journal.uod.ac/index.php/uodjournal/article/view/691/532,200,1,text/html,View of أثر الدرس النحويّ في باب الوقف و الابتداء
https://journal.uod.ac/index.php/uodjournal/article/view/692,200,1,text/html,"منهجية الحاكم النيشابوري في كتابه تأريخ نيشابور
							| Journal of Duhok University"
https://journal.uod.ac/index.php/uodjournal/article/view/692/533,200,1,text/html,View of منهجية الحاكم النيشابوري في كتابه تأريخ نيشابور
https://journal.uod.ac/index.php/uodjournal/article/view/693,200,1,text/html,"اللاتماثل بين الوحدات المكونة للدولة الفدرالية وتأثيره على النموذج الفدرالي العراقي
							| Journal of Duhok University"
https://journal.uod.ac/index.php/uodjournal/article/view/693/534,200,1,text/html,View of اللاتماثل بين الوحدات المكونة للدولة الفدرالية وتأثيره على النموذج الفدرالي العراقي
https://journal.uod.ac/index.php/uodjournal/article/view/694,200,1,text/html,"أسباب الخلافات الزوجية وسبل الوقاية منها في ضوء الشريعة الإسلامية
							| Journal of Duhok University"
https://journal.uod.ac/index.php/uodjournal/article/view/694/535,200,1,text/html,View of أسباب الخلافات الزوجية وسبل الوقاية منها في ضوء الشريعة الإسلامية
https://journal.uod.ac/index.php/uodjournal/article/view/695,200,1,text/html,"الحــــــــسبة من منـــــــــــظور إسلامـــــــــــي 
							| Journal of Duhok University"
https://journal.uod.ac/index.php/uodjournal/article/view/695/536,200,1,text/html,View of الحــــــــسبة من منـــــــــــظور إسلامـــــــــــي
https://journal.uod.ac/index.php/uodjournal/article/view/696,200,1,text/html,"تطور العلاقة بين إستعمالات الأرض الحضرية والسكان في مدينة زاخو وفق المراحل المورفولوجية 1947 - 2017
							| Journal of Duhok University"
https://journal.uod.ac/index.php/uodjournal/article/view/696/537,200,1,text/html,View of تطور العلاقة بين إستعمالات الأرض الحضرية والسكان في مدينة زاخو وفق المراحل المورفولوجية 1947 - 2017
https://journal.uod.ac/index.php/uodjournal/article/view/697,200,1,text/html,"تأثير التدريب الذهني وفق جدولة التمرين الموزع في تعلم مهارة الارسال في التنس لدى طلاب كلية التربية الرياضية 
							| Journal of Duhok University"
https://journal.uod.ac/index.php/uodjournal/article/view/697/538,200,1,text/html,View of تأثير التدريب الذهني وفق جدولة التمرين الموزع في تعلم مهارة الارسال في التنس لدى طلاب كلية التربية الرياضية
https://journal.uod.ac/index.php/uodjournal/article/view/698,200,1,text/html,"(مشكلة بيروقراطية الإدارة و بناء الحكم الرشيد (إقليم كوردستان العراق للمدة 2005-2019 أنموذجاً
							| Journal of Duhok University"
https://journal.uod.ac/index.php/uodjournal/article/view/698/541,200,1,text/html,View of (مشكلة بيروقراطية الإدارة و بناء الحكم الرشيد (إقليم كوردستان العراق للمدة 2005-2019 أنموذجاً
https://journal.uod.ac/index.php/uodjournal/article/view/702,200,1,text/html,"استخدام تقنيات التحليل المكاني في نمذجة الخصائص السكانية  مدينة باتيفا أنموذجا
							| Journal of Duhok University"
https://journal.uod.ac/index.php/uodjournal/article/view/702/542,200,1,text/html,View of استخدام تقنيات التحليل المكاني في نمذجة الخصائص السكانية  مدينة باتيفا أنموذجا
https://journal.uod.ac/index.php/uodjournal/article/view/703,200,1,text/html,"الرحلة دلالاتها وأبعادها في التجربة الصوفية (الرؤية، الرمز، المرجعية) - قراءة تأسيسية –
							| Journal of Duhok University"
https://journal.uod.ac/index.php/uodjournal/article/view/703/543,200,1,text/html,View of الرحلة دلالاتها وأبعادها في التجربة الصوفية (الرؤية، الرمز، المرجعية) - قراءة تأسيسية –
https://journal.uod.ac/index.php/uodjournal/article/view/704,200,1,text/html,"لجنة بناء السلام التابعة للأمم المتحدة ومهامها في الدول الخارجة من النزاعات العنيفة ""حالة سيراليون إنموذجاً
							| Journal of Duhok University"
https://journal.uod.ac/index.php/uodjournal/article/view/704/544,200,1,text/html,"View of لجنة بناء السلام التابعة للأمم المتحدة ومهامها في الدول الخارجة من النزاعات العنيفة ""حالة سيراليون إنموذجاً"
https://journal.uod.ac/index.php/uodjournal/article/view/708,200,1,text/html,"عبد الرحيم رحمي الهكاري 1890-1958 وفكره العقدي من خلال منظومته (عقيدة الكرد)
							| Journal of Duhok University"
https://journal.uod.ac/index.php/uodjournal/article/view/708/545,200,1,text/html,View of عبد الرحيم رحمي الهكاري 1890-1958 وفكره العقدي من خلال منظومته (عقيدة الكرد)
https://journal.uod.ac/index.php/uodjournal/article/view/709,200,1,text/html,"ره‌نگڤه‌دانا ره‌گه‌زێن روونبێژیێ د رۆمانا (سۆتنگه‌ه)یا(بلند حمه‌مه‌د)یدا
							| Journal of Duhok University"
https://journal.uod.ac/index.php/uodjournal/article/view/709/547,200,1,text/html,View of ره‌نگڤه‌دانا ره‌گه‌زێن روونبێژیێ د رۆمانا (سۆتنگه‌ه)یا(بلند حمه‌مه‌د)یدا
https://journal.uod.ac/index.php/uodjournal/article/view/71,200,1,text/html,"PREDICTION OF DISSOLVED OXYGEN IN TIGRIS RIVER BY WATER TEMPERATURE AND BIOLOGICAL OXYGEN DEMAND USING ARTIFICIAL NEURAL NETWORKS (ANNs)
							| Journal of Duhok University"
https://journal.uod.ac/index.php/uodjournal/article/view/71/58,200,1,text/html,View of PREDICTION OF DISSOLVED OXYGEN IN TIGRIS RIVER BY WATER TEMPERATURE AND BIOLOGICAL OXYGEN DEMAND USING ARTIFICIAL NEURAL NETWORKS (ANNs)
https://journal.uod.ac/index.php/uodjournal/article/view/718,200,1,text/html,"ROOTING CAPACITY OF HARDWOOD CUTTINGS OF SOME FRUIT TREES IN RELATION TO CUTTING PATTERN
							| Journal of Duhok University"
https://journal.uod.ac/index.php/uodjournal/article/view/718/760,200,1,text/html,View of ROOTING CAPACITY OF HARDWOOD CUTTINGS OF SOME FRUIT TREES IN RELATION TO CUTTING PATTERN
https://journal.uod.ac/index.php/uodjournal/article/view/719,200,1,text/html,"HEAVY METALS STATUS IN VEGETABLES AND SOIL IRRIGATED WITH WASTEWATER IN DOMIZ1 CAMP, DUHOK, KURDISTAN REGION-IRAQ
							| Journal of Duhok University"
https://journal.uod.ac/index.php/uodjournal/article/view/719/761,200,1,text/html,"View of HEAVY METALS STATUS IN VEGETABLES AND SOIL IRRIGATED WITH WASTEWATER IN DOMIZ1 CAMP, DUHOK, KURDISTAN REGION-IRAQ"
https://journal.uod.ac/index.php/uodjournal/article/view/72,200,1,text/html,"EFFECT OF FRICTION SOURCE IN THE HYDRAULIC TRANSIENT IN A PIPELINE SYSTEM USING METHOD OF CHARACTERISTICS
							| Journal of Duhok University"
https://journal.uod.ac/index.php/uodjournal/article/view/72/59,200,1,text/html,View of EFFECT OF FRICTION SOURCE IN THE HYDRAULIC TRANSIENT IN A PIPELINE SYSTEM USING METHOD OF CHARACTERISTICS
https://journal.uod.ac/index.php/uodjournal/article/view/720,200,1,text/html,"RESPONSE OF YIELD AND YIELD COMPONENTS OF  FABA BEAN (VICIA FABA L.) TO PHOSPHATE FERTILIZER GROWN UNDER CONDITIONS OF SUMMAIL DISTRICT-DOHUK GOVERNORATE 
							| Journal of Duhok University"
https://journal.uod.ac/index.php/uodjournal/article/view/720/762,200,1,text/html,View of RESPONSE OF YIELD AND YIELD COMPONENTS OF  FABA BEAN (VICIA FABA L.) TO PHOSPHATE FERTILIZER GROWN UNDER CONDITIONS OF SUMMAIL DISTRICT-DOHUK GOVERNORATE
https://journal.uod.ac/index.php/uodjournal/article/view/722,200,1,text/html,"DETECTION OF GRAPEVINE (Vitis Vinifera) RESISTANT VARIETIES TO POWDERY MILDEW DISEASE BASED ON SSR-PCR MARKER
							| Journal of Duhok University"
https://journal.uod.ac/index.php/uodjournal/article/view/722/763,200,1,text/html,View of DETECTION OF GRAPEVINE (Vitis Vinifera) RESISTANT VARIETIES TO POWDERY MILDEW DISEASE BASED ON SSR-PCR MARKER
https://journal.uod.ac/index.php/uodjournal/article/view/723,200,1,text/html,"EFFECT OF USING QUERCUS INFECTORIA GALLS IN THE DIET ON SHEEP   PERFORMANCE IN LATE PREGNANCY  AND EARLY LACTATION
							| Journal of Duhok University"
https://journal.uod.ac/index.php/uodjournal/article/view/723/764,200,1,text/html,View of EFFECT OF USING QUERCUS INFECTORIA GALLS IN THE DIET ON SHEEP   PERFORMANCE IN LATE PREGNANCY  AND EARLY LACTATION
https://journal.uod.ac/index.php/uodjournal/article/view/724,200,1,text/html,"DIAGNOSIS OF CORONAVIRUS BY REAL-TIME PCR IN BROILER FIELDS IN DUHOK GOVERNORATE, KURDISTAN REGION OF IRAQ
							| Journal of Duhok University"
https://journal.uod.ac/index.php/uodjournal/article/view/724/899,200,1,text/html,"View of DIAGNOSIS OF CORONAVIRUS BY REAL-TIME PCR IN BROILER FIELDS IN DUHOK GOVERNORATE, KURDISTAN REGION OF IRAQ"
https://journal.uod.ac/index.php/uodjournal/article/view/725,200,1,text/html,"MAPPING HEAVY METALS POLLUTION IN URBAN AREA BY USING GIS TECHNIQUES IN DUHOK GOVERNORATE, KURDISTAN REGION OF IRAQ
							| Journal of Duhok University"
https://journal.uod.ac/index.php/uodjournal/article/view/725/766,200,1,text/html,"View of MAPPING HEAVY METALS POLLUTION IN URBAN AREA BY USING GIS TECHNIQUES IN DUHOK GOVERNORATE, KURDISTAN REGION OF IRAQ"
https://journal.uod.ac/index.php/uodjournal/article/view/728,200,1,text/html,"كرده‌یا گه‌فكرنێ د زمانێ هۆزانێدا  دیوانا باغێ كوردا وه‌ك نموونه‌
							| Journal of Duhok University"
https://journal.uod.ac/index.php/uodjournal/article/view/728/557,200,1,text/html,View of كرده‌یا گه‌فكرنێ د زمانێ هۆزانێدا  دیوانا باغێ كوردا وه‌ك نموونه‌
https://journal.uod.ac/index.php/uodjournal/article/view/729,200,1,text/html,"العلاقة المكانية بين تعرية التربة والانحدار في قضاء ئاميدي، باستخدام التقانات الحديثة
							| Journal of Duhok University"
https://journal.uod.ac/index.php/uodjournal/article/view/729/558,200,1,text/html,View of العلاقة المكانية بين تعرية التربة والانحدار في قضاء ئاميدي، باستخدام التقانات الحديثة
https://journal.uod.ac/index.php/uodjournal/article/view/73,200,1,text/html,"STUDY THE PERFORMANCE OF THE TWO WAVELET-BASED ADAPTATION SCHEMES FOR THE SHALLOW WATER FLOW MODELLING
							| Journal of Duhok University"
https://journal.uod.ac/index.php/uodjournal/article/view/73/60,200,1,text/html,View of STUDY THE PERFORMANCE OF THE TWO WAVELET-BASED ADAPTATION SCHEMES FOR THE SHALLOW WATER FLOW MODELLING
https://journal.uod.ac/index.php/uodjournal/article/view/731,200,1,text/html,"ASSOCIATION OF FOKI RESTRICTION FRAGMENT LENGTH  POLYMORPHISM GENOTYPES WITH AUTOIMMUNE THYROID DISEASES
							| Journal of Duhok University"
https://journal.uod.ac/index.php/uodjournal/article/view/731/559,200,1,text/html,View of ASSOCIATION OF FOKI RESTRICTION FRAGMENT LENGTH  POLYMORPHISM GENOTYPES WITH AUTOIMMUNE THYROID DISEASES
https://journal.uod.ac/index.php/uodjournal/article/view/732,200,1,text/html,"EMPIRICAL PERFORMANCE EVALUATION OF KNUTH MORRIS PRATT AND BOYER MOORE STRING MATCHING ALGORITHMS
							| Journal of Duhok University"
https://journal.uod.ac/index.php/uodjournal/article/view/732/560,200,1,text/html,View of EMPIRICAL PERFORMANCE EVALUATION OF KNUTH MORRIS PRATT AND BOYER MOORE STRING MATCHING ALGORITHMS
https://journal.uod.ac/index.php/uodjournal/article/view/734,200,1,text/html,"FACILITATING OSTEOGENSIS OF MINERAL TRIOXIDE AGGREGATE AND BIODENTINE BY AUTOGENOUS BONE MARROW.  (EXPERIMENTAL STUDY ON RABBIT).
							| Journal of Duhok University"
https://journal.uod.ac/index.php/uodjournal/article/view/734/561,200,1,text/html,View of FACILITATING OSTEOGENSIS OF MINERAL TRIOXIDE AGGREGATE AND BIODENTINE BY AUTOGENOUS BONE MARROW.  (EXPERIMENTAL STUDY ON RABBIT).
https://journal.uod.ac/index.php/uodjournal/article/view/735,200,1,text/html,"MECHANICAL PROPERTIES OF CONCRETE REINFORCED WITH ALTERNATIVE FIBERS
							| Journal of Duhok University"
https://journal.uod.ac/index.php/uodjournal/article/view/735/563,200,1,text/html,View of MECHANICAL PROPERTIES OF CONCRETE REINFORCED WITH ALTERNATIVE FIBERS
https://journal.uod.ac/index.php/uodjournal/article/view/736,200,1,text/html,"PERFORMANCE IMPROVEMENT OF BER BASED ON MULTIPATH FORWARD ERROR CORRECTION DIVERSITY IN WIRELESS COMMUNICATION CHANNELS 
							| Journal of Duhok University"
https://journal.uod.ac/index.php/uodjournal/article/view/736/564,200,1,text/html,View of PERFORMANCE IMPROVEMENT OF BER BASED ON MULTIPATH FORWARD ERROR CORRECTION DIVERSITY IN WIRELESS COMMUNICATION CHANNELS
https://journal.uod.ac/index.php/uodjournal/article/view/737,200,1,text/html,"EFFICACY OF PLATELET RICH FIBRIN ON ANGIOGENESIS
							| Journal of Duhok University"
https://journal.uod.ac/index.php/uodjournal/article/view/737/565,200,1,text/html,View of EFFICACY OF PLATELET RICH FIBRIN ON ANGIOGENESIS
https://journal.uod.ac/index.php/uodjournal/article/view/738,200,1,text/html,"THE RESPONSE OF IN VITRO PROPAGATION OF MARUMI KUMQUAT (FORTUNELLA JAPONICA THUNB.) TO DIFFERENT CULTURE MEDIA, PLANT GROWTH REGULATORS AND DIFFERENT  FRUCTOSE CONCENTRATION 
							| Journal of Duhok University"
https://journal.uod.ac/index.php/uodjournal/article/view/738/566,200,1,text/html,"View of THE RESPONSE OF IN VITRO PROPAGATION OF MARUMI KUMQUAT (FORTUNELLA JAPONICA THUNB.) TO DIFFERENT CULTURE MEDIA, PLANT GROWTH REGULATORS AND DIFFERENT  FRUCTOSE CONCENTRATION"
https://journal.uod.ac/index.php/uodjournal/article/view/739,200,1,text/html,"WEAR RESISTANCE OF 304 AUSTENITIC STAINLESS-STEEL FRICTION WELDED JOINTS
							| Journal of Duhok University"
https://journal.uod.ac/index.php/uodjournal/article/view/739/567,200,1,text/html,View of WEAR RESISTANCE OF 304 AUSTENITIC STAINLESS-STEEL FRICTION WELDED JOINTS
https://journal.uod.ac/index.php/uodjournal/article/view/74,200,1,text/html,"ESTIMATING STORM DIRECT RUNOFF USING SYNTHETIC UNIT HYDROGRAPH METHODS BY (WMS) MODEL (SOLAG BASIN AS A CASE STUDY)
							| Journal of Duhok University"
https://journal.uod.ac/index.php/uodjournal/article/view/74/61,200,1,text/html,View of ESTIMATING STORM DIRECT RUNOFF USING SYNTHETIC UNIT HYDROGRAPH METHODS BY (WMS) MODEL (SOLAG BASIN AS A CASE STUDY)
https://journal.uod.ac/index.php/uodjournal/article/view/75,200,1,text/html,"EFFECT OF DIFFERENT IRRIGATION SYSTEMS ON IRRIGATION WATER USE EFFICIENCY, GROWTH AND YIELD OF POTATO UNDER BAZIAN CLAY LOAM SOIL CONDITION
							| Journal of Duhok University"
https://journal.uod.ac/index.php/uodjournal/article/view/75/62,200,1,text/html,"View of EFFECT OF DIFFERENT IRRIGATION SYSTEMS ON IRRIGATION WATER USE EFFICIENCY, GROWTH AND YIELD OF POTATO UNDER BAZIAN CLAY LOAM SOIL CONDITION"
https://journal.uod.ac/index.php/uodjournal/article/view/750,200,1,text/html,"RESPONSE OF SOME VEGETATIVE GROWTH CHARACTERISTICS OF PEACH (Prunus persica L) cv. DIXIRED TRANSPLANTS TO FOLIAR SPRAY WITH UREA AND SOME GROWTH REGULATORS
							| Journal of Duhok University"
https://journal.uod.ac/index.php/uodjournal/article/view/750/767,200,1,text/html,View of RESPONSE OF SOME VEGETATIVE GROWTH CHARACTERISTICS OF PEACH (Prunus persica L) cv. DIXIRED TRANSPLANTS TO FOLIAR SPRAY WITH UREA AND SOME GROWTH REGULATORS
https://journal.uod.ac/index.php/uodjournal/article/view/751,200,1,text/html,"HISTOLOGICAL EFFECTS OF THIAMETHOXAN INSECTICIDES ON MIDGUT OF HORNET WORKERS VESP ORIENTALIS L.  (HYMENOPTERA: VESPIDAE).
							| Journal of Duhok University"
https://journal.uod.ac/index.php/uodjournal/article/view/751/768,200,1,text/html,View of HISTOLOGICAL EFFECTS OF THIAMETHOXAN INSECTICIDES ON MIDGUT OF HORNET WORKERS VESP ORIENTALIS L.  (HYMENOPTERA: VESPIDAE).
https://journal.uod.ac/index.php/uodjournal/article/view/755,200,1,text/html,"سروجى و پشكداریێن وان دشارستانیه‌تا ئیسالمى دا دسه‌رده‌مێ ناڤنی دا
							| Journal of Duhok University"
https://journal.uod.ac/index.php/uodjournal/article/view/755/572,200,1,text/html,View of سروجى و پشكداریێن وان دشارستانیه‌تا ئیسالمى دا دسه‌رده‌مێ ناڤنی دا
https://journal.uod.ac/index.php/uodjournal/article/view/76,200,1,text/html,"HYDROLOGICAL TIME SERIES FORECASTING USING ANFIS MODELS WITH AID OF WAVELET TRANSFORM
							| Journal of Duhok University"
https://journal.uod.ac/index.php/uodjournal/article/view/76/63,200,1,text/html,View of HYDROLOGICAL TIME SERIES FORECASTING USING ANFIS MODELS WITH AID OF WAVELET TRANSFORM
https://journal.uod.ac/index.php/uodjournal/article/view/77,200,1,text/html,"HYDROLOGICAL STUDY AND ANALYSIS FOR PROPOSED SARTIK  DAM PART 1: STREAM FLOW DATA ANALYSIS & FLOOD  DISCHARGE CALCULATION
							| Journal of Duhok University"
https://journal.uod.ac/index.php/uodjournal/article/view/77/64,200,1,text/html,View of HYDROLOGICAL STUDY AND ANALYSIS FOR PROPOSED SARTIK  DAM PART 1: STREAM FLOW DATA ANALYSIS & FLOOD  DISCHARGE CALCULATION
https://journal.uod.ac/index.php/uodjournal/article/view/78,200,1,text/html,"HYDROLOGICAL STUDY AND ANALYSIS FOR PROPOSED SARTIK DAM  PART 2: RESERVOIR CHARACTERISTICS, SIMULATION MODEL, AND FLOOD ROUTING CALCULATIONS
							| Journal of Duhok University"
https://journal.uod.ac/index.php/uodjournal/article/view/78/65,200,1,text/html,"View of HYDROLOGICAL STUDY AND ANALYSIS FOR PROPOSED SARTIK DAM  PART 2: RESERVOIR CHARACTERISTICS, SIMULATION MODEL, AND FLOOD ROUTING CALCULATIONS"
https://journal.uod.ac/index.php/uodjournal/article/view/79,200,1,text/html,"THERMAL ANALYSIS OF A PENTAGONAL SOLAR AIR COLLECTOR
							| Journal of Duhok University"
https://journal.uod.ac/index.php/uodjournal/article/view/79/66,200,1,text/html,View of THERMAL ANALYSIS OF A PENTAGONAL SOLAR AIR COLLECTOR
https://journal.uod.ac/index.php/uodjournal/article/view/80,200,1,text/html,"CALCULATING THE HEAT TRANSFER COEFFICIENT OF UNSTEADY HOMOGENEOUS OIL-GAS FLOW
							| Journal of Duhok University"
https://journal.uod.ac/index.php/uodjournal/article/view/80/67,200,1,text/html,View of CALCULATING THE HEAT TRANSFER COEFFICIENT OF UNSTEADY HOMOGENEOUS OIL-GAS FLOW
https://journal.uod.ac/index.php/uodjournal/article/view/81,200,1,text/html,"INTEGRATED APPLICATION OF (MODFLOW) AND (WEAP)  MODEL IN NINEVEH PROVINCE
							| Journal of Duhok University"
https://journal.uod.ac/index.php/uodjournal/article/view/81/68,200,1,text/html,View of INTEGRATED APPLICATION OF (MODFLOW) AND (WEAP)  MODEL IN NINEVEH PROVINCE
https://journal.uod.ac/index.php/uodjournal/article/view/816,200,1,text/html,"ON S-TOPOLOGICAL BCK-ALGEBRA
							| Journal of Duhok University"
https://journal.uod.ac/index.php/uodjournal/article/view/816/573,200,1,text/html,View of ON S-TOPOLOGICAL BCK-ALGEBRA
https://journal.uod.ac/index.php/uodjournal/article/view/820,200,1,text/html,"DETECTION OF Blastocystis hominis AMONG PATIENTS ATTENDING  HOSPITALS OF DUHOK CITY – KURDISTAN REGION – IRAQ
							| Journal of Duhok University"
https://journal.uod.ac/index.php/uodjournal/article/view/820/574,200,1,text/html,View of DETECTION OF Blastocystis hominis AMONG PATIENTS ATTENDING  HOSPITALS OF DUHOK CITY – KURDISTAN REGION – IRAQ
https://journal.uod.ac/index.php/uodjournal/article/view/821,200,1,text/html,"ESTIMATE THE PARAMETERS IN PRESENCE OF  MULTICOLLINEARITY AND OUTLIERS USING BISQUARE WEIGHTED  RIDGE LEAST MEDIAN SQUARES REGRESSION (WRLMS)
							| Journal of Duhok University"
https://journal.uod.ac/index.php/uodjournal/article/view/821/575,200,1,text/html,View of ESTIMATE THE PARAMETERS IN PRESENCE OF  MULTICOLLINEARITY AND OUTLIERS USING BISQUARE WEIGHTED  RIDGE LEAST MEDIAN SQUARES REGRESSION (WRLMS)
https://journal.uod.ac/index.php/uodjournal/article/view/822,200,1,text/html,"ASSESSMENT OF SERUM IRISIN IN OVERWEIGHT AND OBESE  PATIENT WITH POLYCYSTIC OVARY SYNDROME
							| Journal of Duhok University"
https://journal.uod.ac/index.php/uodjournal/article/view/822/576,200,1,text/html,View of ASSESSMENT OF SERUM IRISIN IN OVERWEIGHT AND OBESE  PATIENT WITH POLYCYSTIC OVARY SYNDROME
https://journal.uod.ac/index.php/uodjournal/article/view/823,200,1,text/html,"FACILITATING OSTEOGENESIS OF CHITOSAN WITH  AUTOGENOUS BONE MARROW (EXPERIMENTAL STUDY ON RABBITS)
							| Journal of Duhok University"
https://journal.uod.ac/index.php/uodjournal/article/view/823/577,200,1,text/html,View of FACILITATING OSTEOGENESIS OF CHITOSAN WITH  AUTOGENOUS BONE MARROW (EXPERIMENTAL STUDY ON RABBITS)
https://journal.uod.ac/index.php/uodjournal/article/view/824,200,1,text/html,"EFFECTS OF DIFFERENT COMMERCIALLY AVAILABLE MOUTH  RINSES ON THE FORCE DEGRADATION OF ORTHODONTIC  ELASTOMERIC CHAIN
							| Journal of Duhok University"
https://journal.uod.ac/index.php/uodjournal/article/view/824/578,200,1,text/html,View of EFFECTS OF DIFFERENT COMMERCIALLY AVAILABLE MOUTH  RINSES ON THE FORCE DEGRADATION OF ORTHODONTIC  ELASTOMERIC CHAIN
https://journal.uod.ac/index.php/uodjournal/article/view/825,200,1,text/html,"OPTIMUM LOCATION OF SPVG TO ENHANCE VOLTAGE STABILITY  USING STATIC TECHNIQUES
							| Journal of Duhok University"
https://journal.uod.ac/index.php/uodjournal/article/view/825/579,200,1,text/html,View of OPTIMUM LOCATION OF SPVG TO ENHANCE VOLTAGE STABILITY  USING STATIC TECHNIQUES
https://journal.uod.ac/index.php/uodjournal/article/view/826,200,1,text/html,"THE RELATIONSHIP BETWEEN CAR DEPENDENCY AND USE OF  PUBLIC TRANSPORT IN DUHOK CITY- BARRIERS ANALYSIS AND  RECOMMENDATIONS
							| Journal of Duhok University"
https://journal.uod.ac/index.php/uodjournal/article/view/826/580,200,1,text/html,View of THE RELATIONSHIP BETWEEN CAR DEPENDENCY AND USE OF  PUBLIC TRANSPORT IN DUHOK CITY- BARRIERS ANALYSIS AND  RECOMMENDATIONS
https://journal.uod.ac/index.php/uodjournal/article/view/827,200,1,text/html,"DETECTION AND MOLECULAR CHARACTERIZATION OF  THEILERIA OVIS IN SHEEP AND GOATS WITH CLINICAL THE  ILERIOSIS IN KURDISTAN, IRAQ
							| Journal of Duhok University"
https://journal.uod.ac/index.php/uodjournal/article/view/827/581,200,1,text/html,"View of DETECTION AND MOLECULAR CHARACTERIZATION OF  THEILERIA OVIS IN SHEEP AND GOATS WITH CLINICAL THE  ILERIOSIS IN KURDISTAN, IRAQ"
https://journal.uod.ac/index.php/uodjournal/article/view/828,200,1,text/html,"THRESHOLD PUMP POWER AND STABILITY ZONE STUDY OF A CW  Ti:Sa LASER BASED ON USING TWO DIFFERENT DIELECTRIC  BROADBAND HIGH REFLECTIVE CAVITY MIRRORS
							| Journal of Duhok University"
https://journal.uod.ac/index.php/uodjournal/article/view/828/582,200,1,text/html,View of THRESHOLD PUMP POWER AND STABILITY ZONE STUDY OF A CW  Ti:Sa LASER BASED ON USING TWO DIFFERENT DIELECTRIC  BROADBAND HIGH REFLECTIVE CAVITY MIRRORS
https://journal.uod.ac/index.php/uodjournal/article/view/829,200,1,text/html,"PREVALENCE OF HYPERTENSION ACCORDING TO NEW GUIDELINES  IN PATIENTS WITH TYPE 2 DIABETES MELLITUS
							| Journal of Duhok University"
https://journal.uod.ac/index.php/uodjournal/article/view/829/583,200,1,text/html,View of PREVALENCE OF HYPERTENSION ACCORDING TO NEW GUIDELINES  IN PATIENTS WITH TYPE 2 DIABETES MELLITUS
https://journal.uod.ac/index.php/uodjournal/article/view/83,200,1,text/html,"EFFECT OF AGGREGATE MAXIMUM SIZE UPON COMPRESSIVE STRENGTH OF CONCRETE
							| Journal of Duhok University"
https://journal.uod.ac/index.php/uodjournal/article/view/83/70,200,1,text/html,View of EFFECT OF AGGREGATE MAXIMUM SIZE UPON COMPRESSIVE STRENGTH OF CONCRETE
https://journal.uod.ac/index.php/uodjournal/article/view/830,200,1,text/html,"SHAPING ABILITY OF DIFFERENT SINGLE NiTi FILES: A CBCT  ASSESSMENT
							| Journal of Duhok University"
https://journal.uod.ac/index.php/uodjournal/article/view/830/584,200,1,text/html,View of SHAPING ABILITY OF DIFFERENT SINGLE NiTi FILES: A CBCT  ASSESSMENT
https://journal.uod.ac/index.php/uodjournal/article/view/831,200,1,text/html,"INTEGRATION OF AN INFORMATION SYSTEM TO SUGGEST A DRL  MODEL IN RADIOLOGY DEPARTMENT AT AZADI HOSPITAL IN  DUHOK–KURDISTAN REGION, IRAQ
							| Journal of Duhok University"
https://journal.uod.ac/index.php/uodjournal/article/view/831/585,200,1,text/html,"View of INTEGRATION OF AN INFORMATION SYSTEM TO SUGGEST A DRL  MODEL IN RADIOLOGY DEPARTMENT AT AZADI HOSPITAL IN  DUHOK–KURDISTAN REGION, IRAQ"
https://journal.uod.ac/index.php/uodjournal/article/view/832,200,1,text/html,"EFFECT OF AGE ON SOMATIC CELL COUNT AND MILK COMPOSITION  IN SHEEP MILK
							| Journal of Duhok University"
https://journal.uod.ac/index.php/uodjournal/article/view/832/586,200,1,text/html,View of EFFECT OF AGE ON SOMATIC CELL COUNT AND MILK COMPOSITION  IN SHEEP MILK
https://journal.uod.ac/index.php/uodjournal/article/view/833,200,1,text/html,"NOVEL PHOTOSYNTHESIS OF 5,8A-DICHLORO-2-(4- METHOXYPHENYL)-8AH-CHROMENE FROM ITS CHALCONE ISOMER  AND FT-IR, 1 H AND 13 C NMR SPECTROSCOPIC INVESTIGATION
							| Journal of Duhok University"
https://journal.uod.ac/index.php/uodjournal/article/view/833/587,200,1,text/html,"View of NOVEL PHOTOSYNTHESIS OF 5,8A-DICHLORO-2-(4- METHOXYPHENYL)-8AH-CHROMENE FROM ITS CHALCONE ISOMER  AND FT-IR, 1 H AND 13 C NMR SPECTROSCOPIC INVESTIGATION"
https://journal.uod.ac/index.php/uodjournal/article/view/834,200,1,text/html,"NOVEL PHOTOSYNTHESIS AND CHARACTERIZATION OF 4-(5,7- DICHLORO-8aH-CHROMENE-2-YL)-N, N-DIMETHYLANILINE FROM ITS  CHALCONE ISOMER
							| Journal of Duhok University"
https://journal.uod.ac/index.php/uodjournal/article/view/834/638,200,1,text/html,"View of NOVEL PHOTOSYNTHESIS AND CHARACTERIZATION OF 4-(5,7- DICHLORO-8aH-CHROMENE-2-YL)-N, N-DIMETHYLANILINE FROM ITS  CHALCONE ISOMER"
https://journal.uod.ac/index.php/uodjournal/article/view/836,200,1,text/html,"جینۆسایدى كوردو ئه‌مازیغ له‌سه‌ده‌ى بیسته‌مدا ""لێكۆڵینه‌وه‌یه‌كى مێژوویی به‌راوردكاریی""
							| Journal of Duhok University"
https://journal.uod.ac/index.php/uodjournal/article/view/836/589,200,1,text/html,"View of جینۆسایدى كوردو ئه‌مازیغ له‌سه‌ده‌ى بیسته‌مدا ""لێكۆڵینه‌وه‌یه‌كى مێژوویی به‌راوردكاریی"""
https://journal.uod.ac/index.php/uodjournal/article/view/837,200,1,text/html,"پڕۆسەی ڕاگواستن لە چوارچێوەی هێرشی بەشارستانی کردن دا دۆڵی ڕۆست وەکو نموونە
							| Journal of Duhok University"
https://journal.uod.ac/index.php/uodjournal/article/view/837/590,200,1,text/html,View of پڕۆسەی ڕاگواستن لە چوارچێوەی هێرشی بەشارستانی کردن دا دۆڵی ڕۆست وەکو نموونە
https://journal.uod.ac/index.php/uodjournal/article/view/838,200,1,text/html,"پروسا ئوپەراسیونێن ئەنفالان دژی کوردان ١٩٨٧ - ١٩٨٨ ئەنفالا هەشتان وەک میناک
							| Journal of Duhok University"
https://journal.uod.ac/index.php/uodjournal/article/view/838/591,200,1,text/html,View of پروسا ئوپەراسیونێن ئەنفالان دژی کوردان ١٩٨٧ - ١٩٨٨ ئەنفالا هەشتان وەک میناک
https://journal.uod.ac/index.php/uodjournal/article/view/839,200,1,text/html,"الابادة الاجتماعية ...قراءة من منظور الالتفرد
							| Journal of Duhok University"
https://journal.uod.ac/index.php/uodjournal/article/view/839/592,200,1,text/html,View of الابادة الاجتماعية ...قراءة من منظور الالتفرد
https://journal.uod.ac/index.php/uodjournal/article/view/840,200,1,text/html,"الإبادة الجماعية بحق الكرد  دراسة نقدية لجرائم داعش من منظور العقيدة الاسلامية 
							| Journal of Duhok University"
https://journal.uod.ac/index.php/uodjournal/article/view/840/593,200,1,text/html,View of  الإبادة الجماعية بحق الكرد  دراسة نقدية لجرائم داعش من منظور العقيدة الاسلامية
https://journal.uod.ac/index.php/uodjournal/article/view/842,200,1,text/html,"EFFICACY OF HYALURONIC ACID, CHLORHEXIDINE MOUTHWASH AS  ADJUNCT TO SCALING AND ROOT SURFACE DEBRIDEMENT IN  CHRONIC PERIODONTITIS PATIENTS
							| Journal of Duhok University"
https://journal.uod.ac/index.php/uodjournal/article/view/842/594,200,1,text/html,"View of EFFICACY OF HYALURONIC ACID, CHLORHEXIDINE MOUTHWASH AS  ADJUNCT TO SCALING AND ROOT SURFACE DEBRIDEMENT IN  CHRONIC PERIODONTITIS PATIENTS"
https://journal.uod.ac/index.php/uodjournal/article/view/843,200,1,text/html,"THE RELATIONSHIP OF GLIOMAS WITH TP53 RS1042522 C > G AND GLIOMAS IN DUHOK
							| Journal of Duhok University"
https://journal.uod.ac/index.php/uodjournal/article/view/843/595,200,1,text/html,View of THE RELATIONSHIP OF GLIOMAS WITH TP53 RS1042522 C > G AND GLIOMAS IN DUHOK
https://journal.uod.ac/index.php/uodjournal/article/view/844,200,1,text/html,"NEURAL SPIKE SORTING AND CLASSIFICATION
							| Journal of Duhok University"
https://journal.uod.ac/index.php/uodjournal/article/view/844/596,200,1,text/html,View of NEURAL SPIKE SORTING AND CLASSIFICATION
https://journal.uod.ac/index.php/uodjournal/article/view/845,200,1,text/html,"THE EFFICIENCY EMPLOYMENT OF CLOSE-RANGE PHOTOGRAMMETRY TO  MEASURE AND MODEL POTHOLES IN ASPHALT PAVEMENT
							| Journal of Duhok University"
https://journal.uod.ac/index.php/uodjournal/article/view/845/597,200,1,text/html,View of THE EFFICIENCY EMPLOYMENT OF CLOSE-RANGE PHOTOGRAMMETRY TO  MEASURE AND MODEL POTHOLES IN ASPHALT PAVEMENT
https://journal.uod.ac/index.php/uodjournal/article/view/846,200,1,text/html,"THE ANTIBACTERIAL ACTIVITY OF AQUEOUS AND ALCOHOLIC EXTRACTS OF  SALVADORA PERSICA ON SEVEN TYPES OF ORAL BACTERIAL STRAINS
							| Journal of Duhok University"
https://journal.uod.ac/index.php/uodjournal/article/view/846/598,200,1,text/html,View of THE ANTIBACTERIAL ACTIVITY OF AQUEOUS AND ALCOHOLIC EXTRACTS OF  SALVADORA PERSICA ON SEVEN TYPES OF ORAL BACTERIAL STRAINS
https://journal.uod.ac/index.php/uodjournal/article/view/847,200,1,text/html,"THE EFFECT OF SLEEP DURATION AND HABITS ON ACADEMIC PERFORMANCE OF  PHARMACY STUDENTS
							| Journal of Duhok University"
https://journal.uod.ac/index.php/uodjournal/article/view/847/599,200,1,text/html,View of THE EFFECT OF SLEEP DURATION AND HABITS ON ACADEMIC PERFORMANCE OF  PHARMACY STUDENTS
https://journal.uod.ac/index.php/uodjournal/article/view/848,200,1,text/html,"TOWARD A SUSTAINABLE WATER AND SANITATION STRATEGY FOR DUHOK GOVERNORAT
							| Journal of Duhok University"
https://journal.uod.ac/index.php/uodjournal/article/view/848/911,200,1,text/html,View of TOWARD A SUSTAINABLE WATER AND SANITATION STRATEGY FOR DUHOK GOVERNORAT
https://journal.uod.ac/index.php/uodjournal/article/view/850,200,1,text/html,"PRESERVATIVE MEDIA FOR Beauveria bassiana (BALS.) VUILL STORAGE
							| Journal of Duhok University"
https://journal.uod.ac/index.php/uodjournal/article/view/850/601,200,1,text/html,View of PRESERVATIVE MEDIA FOR Beauveria bassiana (BALS.) VUILL STORAGE
https://journal.uod.ac/index.php/uodjournal/article/view/851,200,1,text/html,"EVALUATION OF SOME BAITS AND TRAPS AGAINST ORIENTAL WASP  Vespa orientalis L. (HYMENOPTERA: VESPIDAE)
							| Journal of Duhok University"
https://journal.uod.ac/index.php/uodjournal/article/view/851/602,200,1,text/html,View of EVALUATION OF SOME BAITS AND TRAPS AGAINST ORIENTAL WASP  Vespa orientalis L. (HYMENOPTERA: VESPIDAE)
https://journal.uod.ac/index.php/uodjournal/article/view/852,200,1,text/html,"STUDY THE INFLUENCE OF LATERAL SHOOT REMOVAL AND FOLIAR  APPLICATION OF ALGAMIX ON VEGETATIVE GROWTH AND YIELD OF  GRAPEVINE (VITIS VINIFERA L.) CV. ZARK
							| Journal of Duhok University"
https://journal.uod.ac/index.php/uodjournal/article/view/852/603,200,1,text/html,View of STUDY THE INFLUENCE OF LATERAL SHOOT REMOVAL AND FOLIAR  APPLICATION OF ALGAMIX ON VEGETATIVE GROWTH AND YIELD OF  GRAPEVINE (VITIS VINIFERA L.) CV. ZARK
https://journal.uod.ac/index.php/uodjournal/article/view/853,200,1,text/html,"DETECTION OF TOXOPLASMA GONDII AMONG WOMEN IN DUHOK  CITY-KURDISTAN REGION OF IRAQ
							| Journal of Duhok University"
https://journal.uod.ac/index.php/uodjournal/article/view/853/604,200,1,text/html,View of DETECTION OF TOXOPLASMA GONDII AMONG WOMEN IN DUHOK  CITY-KURDISTAN REGION OF IRAQ
https://journal.uod.ac/index.php/uodjournal/article/view/854,200,1,text/html,"EFFECT OF VITAMIN E AND SELENIUM INJECTION ON SOME  PHYSIOLOGICAL CHARACTERISTICS AND BIOCHEMICAL  PARAMETERS IN LOCAL RAM LAMB
							| Journal of Duhok University"
https://journal.uod.ac/index.php/uodjournal/article/view/854/605,200,1,text/html,View of EFFECT OF VITAMIN E AND SELENIUM INJECTION ON SOME  PHYSIOLOGICAL CHARACTERISTICS AND BIOCHEMICAL  PARAMETERS IN LOCAL RAM LAMB
https://journal.uod.ac/index.php/uodjournal/article/view/855,200,1,text/html,"EFFECT OF FEEDING OAK (Quercus aegilops) ACORNS ON NUTRIENT  DIGESTIBILITY, NITROGEN BALANCE, RUMINAL FLUID  CHARACTERISTICS AND SOME BLOOD METABOLITES  IN SHEEP AND GOATS
							| Journal of Duhok University"
https://journal.uod.ac/index.php/uodjournal/article/view/855/606,200,1,text/html,"View of EFFECT OF FEEDING OAK (Quercus aegilops) ACORNS ON NUTRIENT  DIGESTIBILITY, NITROGEN BALANCE, RUMINAL FLUID  CHARACTERISTICS AND SOME BLOOD METABOLITES  IN SHEEP AND GOATS"
https://journal.uod.ac/index.php/uodjournal/article/view/857,200,1,text/html,"INFLUENCE OF SOME NATURALLY GROWING LOCAL HERBS IN  DUHOK-KURDISTAN REGION- IRAQ ON THE MORTALITY OF WAX  MOTH Galleriea Mellonella L. LARVAE
							| Journal of Duhok University"
https://journal.uod.ac/index.php/uodjournal/article/view/857/607,200,1,text/html,View of INFLUENCE OF SOME NATURALLY GROWING LOCAL HERBS IN  DUHOK-KURDISTAN REGION- IRAQ ON THE MORTALITY OF WAX  MOTH Galleriea Mellonella L. LARVAE
https://journal.uod.ac/index.php/uodjournal/article/view/858,200,1,text/html,"GENETIC EVALUATION OF SOME PRODUCTIVE TRAITS IN MARAZ GOATS
							| Journal of Duhok University"
https://journal.uod.ac/index.php/uodjournal/article/view/858/608,200,1,text/html,View of GENETIC EVALUATION OF SOME PRODUCTIVE TRAITS IN MARAZ GOATS
https://journal.uod.ac/index.php/uodjournal/article/view/859,200,1,text/html,"RESPONSE OF STRAWBERRY (FRAGARIA ANANASSA)TO THE  APPLICATION OF MICROBIAL INOCULANTS  AND ORGANIC FERTILIZERS
							| Journal of Duhok University"
https://journal.uod.ac/index.php/uodjournal/article/view/859/609,200,1,text/html,View of RESPONSE OF STRAWBERRY (FRAGARIA ANANASSA)TO THE  APPLICATION OF MICROBIAL INOCULANTS  AND ORGANIC FERTILIZERS
https://journal.uod.ac/index.php/uodjournal/article/view/860,200,1,text/html,"EFFECT OF HUMIC ACID AND EM1 FERTILIZERS ON GROWTH AND  YIELD OF TWO CUCUMBER CULTIVARS (CUCUMIS SATIVUS L.) UNDER  PLASTIC HOUSE CONDITIONS.
							| Journal of Duhok University"
https://journal.uod.ac/index.php/uodjournal/article/view/860/610,200,1,text/html,View of EFFECT OF HUMIC ACID AND EM1 FERTILIZERS ON GROWTH AND  YIELD OF TWO CUCUMBER CULTIVARS (CUCUMIS SATIVUS L.) UNDER  PLASTIC HOUSE CONDITIONS.
https://journal.uod.ac/index.php/uodjournal/article/view/861,200,1,text/html,"ENDEMIC PLANT SPECIES OF IRAQ: FROM FLORISTIC DIVERSITY TO  CRITICAL ANALYSIS REVIEW
							| Journal of Duhok University"
https://journal.uod.ac/index.php/uodjournal/article/view/861/611,200,1,text/html,View of ENDEMIC PLANT SPECIES OF IRAQ: FROM FLORISTIC DIVERSITY TO  CRITICAL ANALYSIS REVIEW
https://journal.uod.ac/index.php/uodjournal/article/view/862,200,1,text/html,"MOLECULAR IDENTIFICATION AND INSECTICIDAL ACTIVITY  OF Albifimbria verrucaria ISOLATED FROM CUCURBIT  PLANTS AND SOIL IN IRAQ
							| Journal of Duhok University"
https://journal.uod.ac/index.php/uodjournal/article/view/862/612,200,1,text/html,View of MOLECULAR IDENTIFICATION AND INSECTICIDAL ACTIVITY  OF Albifimbria verrucaria ISOLATED FROM CUCURBIT  PLANTS AND SOIL IN IRAQ
https://journal.uod.ac/index.php/uodjournal/article/view/863,200,1,text/html,"SURVEY OF TRUE BUGS (HEMIPTERA) IN DUHOK PROVINCE- KURDISTAN REGION OF IRAQ
							| Journal of Duhok University"
https://journal.uod.ac/index.php/uodjournal/article/view/863/613,200,1,text/html,View of SURVEY OF TRUE BUGS (HEMIPTERA) IN DUHOK PROVINCE- KURDISTAN REGION OF IRAQ
https://journal.uod.ac/index.php/uodjournal/article/view/864,200,1,text/html,"ZINC ADSORPTION IN DIFFERENT CALCAREOUS SOILS
							| Journal of Duhok University"
https://journal.uod.ac/index.php/uodjournal/article/view/864/614,200,1,text/html,View of ZINC ADSORPTION IN DIFFERENT CALCAREOUS SOILS
https://journal.uod.ac/index.php/uodjournal/article/view/865,200,1,text/html,"SEROPREVALENCE AND RISK FACTORS OF SPECIFIC TOXOPLASMA  GONDII ANTIBODY AMONG PREGNANT WOMEN
							| Journal of Duhok University"
https://journal.uod.ac/index.php/uodjournal/article/view/865/615,200,1,text/html,View of SEROPREVALENCE AND RISK FACTORS OF SPECIFIC TOXOPLASMA  GONDII ANTIBODY AMONG PREGNANT WOMEN
https://journal.uod.ac/index.php/uodjournal/article/view/866,200,1,text/html,"EFFECTS OF HUMIC ACID AND BREAD YEAST ON GROWTH  AND YIELD OF LETTUCE (LACTUCA SATIVA L.)  UNDER PROTECTED CONDITIONS
							| Journal of Duhok University"
https://journal.uod.ac/index.php/uodjournal/article/view/866/616,200,1,text/html,View of EFFECTS OF HUMIC ACID AND BREAD YEAST ON GROWTH  AND YIELD OF LETTUCE (LACTUCA SATIVA L.)  UNDER PROTECTED CONDITIONS
https://journal.uod.ac/index.php/uodjournal/article/view/867,200,1,text/html,"STUDY OF SOME WOOD-CHARCOAL CHARACTERS PRODUCED FROM  SOME TREE SPECIES OF DUHOK PROVINCE
							| Journal of Duhok University"
https://journal.uod.ac/index.php/uodjournal/article/view/867/617,200,1,text/html,View of STUDY OF SOME WOOD-CHARCOAL CHARACTERS PRODUCED FROM  SOME TREE SPECIES OF DUHOK PROVINCE
https://journal.uod.ac/index.php/uodjournal/article/view/868,200,1,text/html,"PHYTOCHEMICAL ANALYSIS, NUTRITIONAL VALUE AND  ETHNOBOTANICAL KNOWLEDGE OF Pelargonium quercetorum AGNEW (Geraniaceae)
							| Journal of Duhok University"
https://journal.uod.ac/index.php/uodjournal/article/view/868/618,200,1,text/html,"View of PHYTOCHEMICAL ANALYSIS, NUTRITIONAL VALUE AND  ETHNOBOTANICAL KNOWLEDGE OF Pelargonium quercetorum AGNEW (Geraniaceae)"
https://journal.uod.ac/index.php/uodjournal/article/view/869,200,1,text/html,"FACTORS THAT INFLUENCE ON REPRODUCTIVE EFFICIENCY  IN KARADI AND AWASSI SHEEP RAISED  UNDER TRADITIONAL CONDITIONS
							| Journal of Duhok University"
https://journal.uod.ac/index.php/uodjournal/article/view/869/619,200,1,text/html,View of FACTORS THAT INFLUENCE ON REPRODUCTIVE EFFICIENCY  IN KARADI AND AWASSI SHEEP RAISED  UNDER TRADITIONAL CONDITIONS
https://journal.uod.ac/index.php/uodjournal/article/view/870,200,1,text/html,"SOME MYCOTOXINS CONTAMINATION IN ANIMAL FEED AND  FEEDSTUFF INGREDIENTS IN DUHOK PROVINCE
							| Journal of Duhok University"
https://journal.uod.ac/index.php/uodjournal/article/view/870/620,200,1,text/html,View of SOME MYCOTOXINS CONTAMINATION IN ANIMAL FEED AND  FEEDSTUFF INGREDIENTS IN DUHOK PROVINCE
https://journal.uod.ac/index.php/uodjournal/article/view/872,200,1,text/html,"EFFICIENCY OF THE SPAW MODEL IN ESTIMATION OF SATURATED  HYDRAULIC CONDUCTIVITY IN CALCAREOUS SOILS
							| Journal of Duhok University"
https://journal.uod.ac/index.php/uodjournal/article/view/872/621,200,1,text/html,View of EFFICIENCY OF THE SPAW MODEL IN ESTIMATION OF SATURATED  HYDRAULIC CONDUCTIVITY IN CALCAREOUS SOILS
https://journal.uod.ac/index.php/uodjournal/article/view/873,200,1,text/html,"EFFECT OF ORGANIC FERTILIZER AND BREAD WHEAT (Triticum  aesitivum L.) GENOTYPES ON YIELD AND YIELD COMPONENTS
							| Journal of Duhok University"
https://journal.uod.ac/index.php/uodjournal/article/view/873/622,200,1,text/html,View of EFFECT OF ORGANIC FERTILIZER AND BREAD WHEAT (Triticum  aesitivum L.) GENOTYPES ON YIELD AND YIELD COMPONENTS
https://journal.uod.ac/index.php/uodjournal/article/view/874,200,1,text/html,"PREDICTION OF LEAF AREA BY A NON-DESTRUCTIVE METHOD  OF Platanus orientalis TREE
							| Journal of Duhok University"
https://journal.uod.ac/index.php/uodjournal/article/view/874/623,200,1,text/html,View of PREDICTION OF LEAF AREA BY A NON-DESTRUCTIVE METHOD  OF Platanus orientalis TREE
https://journal.uod.ac/index.php/uodjournal/article/view/875,200,1,text/html,"EFFECT OF SPRAYING ZINC, COPPER AND IRON ON LEAF NUTRIENT,  FRUIT SET AND SOME FRUIT QUALITY OF PISTACHIO TREES  (Pistacia vera L.) CV. HALEBI
							| Journal of Duhok University"
https://journal.uod.ac/index.php/uodjournal/article/view/875/624,200,1,text/html,"View of EFFECT OF SPRAYING ZINC, COPPER AND IRON ON LEAF NUTRIENT,  FRUIT SET AND SOME FRUIT QUALITY OF PISTACHIO TREES  (Pistacia vera L.) CV. HALEBI"
https://journal.uod.ac/index.php/uodjournal/article/view/876,200,1,text/html,"MICROSCOPIC AND MOLECULAR IDENTIFICATION OF Anaplasma ovis IN SMALL RUMINANTS IN DUHOK PROVINCE IN KURDISTAN REGION  OF IRAQ
							| Journal of Duhok University"
https://journal.uod.ac/index.php/uodjournal/article/view/876/625,200,1,text/html,View of MICROSCOPIC AND MOLECULAR IDENTIFICATION OF Anaplasma ovis IN SMALL RUMINANTS IN DUHOK PROVINCE IN KURDISTAN REGION  OF IRAQ
https://journal.uod.ac/index.php/uodjournal/article/view/878,200,1,text/html,"THE FALL OF MAN IN SHAKESPEARE’S MACBETH COMPARING TO THAT IN A CREATION STORY: A STUDY FROM QUR’ANIC PERSPECTIVE
							| Journal of Duhok University"
https://journal.uod.ac/index.php/uodjournal/article/view/878/865,200,1,text/html,View of THE FALL OF MAN IN SHAKESPEARE’S MACBETH COMPARING TO THAT IN A CREATION STORY: A STUDY FROM QUR’ANIC PERSPECTIVE
https://journal.uod.ac/index.php/uodjournal/article/view/879,200,1,text/html,"PRODUCING GOOD STORIES IN ENGLISH AS A FOREIGN LANGUAGE: ANALYSIS OF THE KURDISH EFL LEARNERS’ ORAL  “FROG STORY” NARRATIVES
							| Journal of Duhok University"
https://journal.uod.ac/index.php/uodjournal/article/view/879/866,200,1,text/html,View of PRODUCING GOOD STORIES IN ENGLISH AS A FOREIGN LANGUAGE: ANALYSIS OF THE KURDISH EFL LEARNERS’ ORAL  “FROG STORY” NARRATIVES
https://journal.uod.ac/index.php/uodjournal/article/view/880,200,1,text/html,"THE MEDIATION ROLE OF ORGANIZATIONAL SLACK AND  INNOVATION CLIMATE ON THE EFFECT OF PERCEIVED  ORGANIZATIONAL SUPPORT IN ACADEMIC PERFORMANCE
							| Journal of Duhok University"
https://journal.uod.ac/index.php/uodjournal/article/view/880/867,200,1,text/html,View of THE MEDIATION ROLE OF ORGANIZATIONAL SLACK AND  INNOVATION CLIMATE ON THE EFFECT OF PERCEIVED  ORGANIZATIONAL SUPPORT IN ACADEMIC PERFORMANCE
https://journal.uod.ac/index.php/uodjournal/article/view/881,200,1,text/html,"البنائي في تحصيل طالبات الصف السابع الأساسي في مادة الجغرافية وتنمية استطلاعهن العلمي ( Shayer & Adey ) أثر استخدام أمنوذج 
							| Journal of Duhok University"
https://journal.uod.ac/index.php/uodjournal/article/view/881/870,200,1,text/html,View of  البنائي في تحصيل طالبات الصف السابع الأساسي في مادة الجغرافية وتنمية استطلاعهن العلمي ( Shayer & Adey ) أثر استخدام أمنوذج
https://journal.uod.ac/index.php/uodjournal/article/view/882,200,1,text/html,"وظيفة التغاير الدلالي للحركات في اللغة العربية
							| Journal of Duhok University"
https://journal.uod.ac/index.php/uodjournal/article/view/882/871,200,1,text/html,View of وظيفة التغاير الدلالي للحركات في اللغة العربية
https://journal.uod.ac/index.php/uodjournal/article/view/883,200,1,text/html,"تحليل نسبة التصويب الناجح والفاشل من المناطق المختلفة في بطولة العراق للشابات بكره السلة
							| Journal of Duhok University"
https://journal.uod.ac/index.php/uodjournal/article/view/883/873,200,1,text/html,View of تحليل نسبة التصويب الناجح والفاشل من المناطق المختلفة في بطولة العراق للشابات بكره السلة
https://journal.uod.ac/index.php/uodjournal/article/view/884,200,1,text/html,"وظيفة التغاير اللغوي للحركات في اللغة العربية
							| Journal of Duhok University"
https://journal.uod.ac/index.php/uodjournal/article/view/884/874,200,1,text/html,View of وظيفة التغاير اللغوي للحركات في اللغة العربية
https://journal.uod.ac/index.php/uodjournal/article/view/885,200,1,text/html,"CHRONOLOGY OF THE TIME OF THE NARRATIVE DISCOURSE IN THE NOVEL – GAHISHTINEKA WAKI MIRNE
							| Journal of Duhok University"
https://journal.uod.ac/index.php/uodjournal/article/view/885/875,200,1,text/html,View of CHRONOLOGY OF THE TIME OF THE NARRATIVE DISCOURSE IN THE NOVEL – GAHISHTINEKA WAKI MIRNE
https://journal.uod.ac/index.php/uodjournal/article/view/887,200,1,text/html,"شروڤه‌كرن و چاره‌سه‌ریا شاشیێن خالبه‌ندیێ و رێنڤیسێ د زمانێ راگه‌هاندنێدا (رۆژناما ئه‌ڤرۆ وه‌ك نموونه)‌
							| Journal of Duhok University"
https://journal.uod.ac/index.php/uodjournal/article/view/887/876,200,1,text/html,View of شروڤه‌كرن و چاره‌سه‌ریا شاشیێن خالبه‌ندیێ و رێنڤیسێ د زمانێ راگه‌هاندنێدا (رۆژناما ئه‌ڤرۆ وه‌ك نموونه)‌
https://journal.uod.ac/index.php/uodjournal/article/view/889,200,1,text/html,"الصياغة الدستورية و أثرها على تفسيرات المحكمة الأتحادية العليا في العراق
							| Journal of Duhok University"
https://journal.uod.ac/index.php/uodjournal/article/view/889/881,200,1,text/html,View of الصياغة الدستورية و أثرها على تفسيرات المحكمة الأتحادية العليا في العراق
https://journal.uod.ac/index.php/uodjournal/article/view/890,200,1,text/html,"STABILITY PREFORMANCE OF SOME INTRODUSED GENOTYPE OF  BREAD WHEAT (Triticum aestivum L.)
							| Journal of Duhok University"
https://journal.uod.ac/index.php/uodjournal/article/view/890/636,200,1,text/html,View of STABILITY PREFORMANCE OF SOME INTRODUSED GENOTYPE OF  BREAD WHEAT (Triticum aestivum L.)
https://journal.uod.ac/index.php/uodjournal/article/view/891,200,1,text/html,"FORMATION AND DEVELOPMENT OF VERTISOLS IN SELIVANY PLAIN  AT DUHOK GOVERNORATE, KURDISTAN REGION, IRAQ
							| Journal of Duhok University"
https://journal.uod.ac/index.php/uodjournal/article/view/891/637,200,1,text/html,"View of FORMATION AND DEVELOPMENT OF VERTISOLS IN SELIVANY PLAIN  AT DUHOK GOVERNORATE, KURDISTAN REGION, IRAQ"
https://journal.uod.ac/index.php/uodjournal/article/view/895,200,1,text/html,"أسباب سكوت الحكام العرب إزاء حروب الابادة الجماعية في العراق من وجهة نظر المحللين السياسيين
							| Journal of Duhok University"
https://journal.uod.ac/index.php/uodjournal/article/view/895/641,200,1,text/html,View of أسباب سكوت الحكام العرب إزاء حروب الابادة الجماعية في العراق من وجهة نظر المحللين السياسيين
https://journal.uod.ac/index.php/uodjournal/article/view/896,200,1,text/html,"الحماية القانونية للمقابر الجماعية دراسة في القانون العراقي
							| Journal of Duhok University"
https://journal.uod.ac/index.php/uodjournal/article/view/896/642,200,1,text/html,View of الحماية القانونية للمقابر الجماعية دراسة في القانون العراقي
https://journal.uod.ac/index.php/uodjournal/article/view/897,200,1,text/html,"شرعنة القتل و الأجساد المنتهكة في رواية ( سبايا سنجار ) ل سليم بركات
							| Journal of Duhok University"
https://journal.uod.ac/index.php/uodjournal/article/view/897/643,200,1,text/html,View of  شرعنة القتل و الأجساد المنتهكة في رواية ( سبايا سنجار ) ل سليم بركات
https://journal.uod.ac/index.php/uodjournal/article/view/898,200,1,text/html,"( المرأة الكوردية الإيزيدية في الانعكاسات القانونية والفقهية لعمليات الإبادة في جرائم داعش ( دراسة تاريخية مقارنة
							| Journal of Duhok University"
https://journal.uod.ac/index.php/uodjournal/article/view/898/644,200,1,text/html,View of  ( المرأة الكوردية الإيزيدية في الانعكاسات القانونية والفقهية لعمليات الإبادة في جرائم داعش ( دراسة تاريخية مقارنة
https://journal.uod.ac/index.php/uodjournal/article/view/899,200,1,text/html,"التأثير التربوي و الثقافي لغزو داعش على مدينة شنكال 2014-2015
							| Journal of Duhok University"
https://journal.uod.ac/index.php/uodjournal/article/view/899/645,200,1,text/html,View of التأثير التربوي و الثقافي لغزو داعش على مدينة شنكال 2014-2015
https://journal.uod.ac/index.php/uodjournal/article/view/904,200,1,text/html,"MODELING AND STATISTICAL VARIATIONS OF LONG  TERM OF MECHANICAL PROPERTIES OF CONCRETE  MODIFIED WITH WASTE STEEL SLAG
							| Journal of Duhok University"
https://journal.uod.ac/index.php/uodjournal/article/view/904/1906,200,1,text/html,View of MODELING AND STATISTICAL VARIATIONS OF LONG  TERM OF MECHANICAL PROPERTIES OF CONCRETE  MODIFIED WITH WASTE STEEL SLAG
https://journal.uod.ac/index.php/uodjournal/article/view/905,200,1,text/html,"MODELING THE BEHAVIOUR OF CHEMICAL RESISTANT CONCRETE  MODIFIED WITH FLY ASH UNDER DIFFERENT PH ENVIRONMENTS
							| Journal of Duhok University"
https://journal.uod.ac/index.php/uodjournal/article/view/905/647,200,1,text/html,View of MODELING THE BEHAVIOUR OF CHEMICAL RESISTANT CONCRETE  MODIFIED WITH FLY ASH UNDER DIFFERENT PH ENVIRONMENTS
https://journal.uod.ac/index.php/uodjournal/article/view/906,200,1,text/html,"BADUSH DAM: PLANNED AND DESIGNED AS  A PROTECTION DAM, NW IRAQ
							| Journal of Duhok University"
https://journal.uod.ac/index.php/uodjournal/article/view/906/705,200,1,text/html,"View of BADUSH DAM: PLANNED AND DESIGNED AS  A PROTECTION DAM, NW IRAQ"
https://journal.uod.ac/index.php/uodjournal/article/view/907,200,1,text/html,"PROPOSED EFFECTIVE WIDTH CRITERIA FOR SLAB DECK BRIDGES  UNDER MILITARY TRACKED LOAD
							| Journal of Duhok University"
https://journal.uod.ac/index.php/uodjournal/article/view/907/649,200,1,text/html,View of PROPOSED EFFECTIVE WIDTH CRITERIA FOR SLAB DECK BRIDGES  UNDER MILITARY TRACKED LOAD
https://journal.uod.ac/index.php/uodjournal/article/view/908,200,1,text/html,"A COMPARISON BETWEEN UNMANNED AERIAL VEHICLE  AND AERIAL SURVEY ACQUIRED IN SEPARATE DATES  FOR THE PRODUCTION OF ORTHOPHOTOS
							| Journal of Duhok University"
https://journal.uod.ac/index.php/uodjournal/article/view/908/650,200,1,text/html,View of A COMPARISON BETWEEN UNMANNED AERIAL VEHICLE  AND AERIAL SURVEY ACQUIRED IN SEPARATE DATES  FOR THE PRODUCTION OF ORTHOPHOTOS
https://journal.uod.ac/index.php/uodjournal/article/view/909,200,1,text/html,"STRENGTH, LOAD-DEFLECTION BEHAVIOR AND IMPACT  RESISTANCE OF TWO-WAY SLAB FOR CONCRETE  INCORPORATING WASTE ALUMINUM FIBERS
							| Journal of Duhok University"
https://journal.uod.ac/index.php/uodjournal/article/view/909/1908,200,1,text/html,"View of STRENGTH, LOAD-DEFLECTION BEHAVIOR AND IMPACT  RESISTANCE OF TWO-WAY SLAB FOR CONCRETE  INCORPORATING WASTE ALUMINUM FIBERS"
https://journal.uod.ac/index.php/uodjournal/article/view/910,200,1,text/html,"FACTORS OF DELAY IN PUBLIC CONSTRUCTION PROJECTS IN THE  KURDISTAN REGION OF IRAQ
							| Journal of Duhok University"
https://journal.uod.ac/index.php/uodjournal/article/view/910/652,200,1,text/html,View of FACTORS OF DELAY IN PUBLIC CONSTRUCTION PROJECTS IN THE  KURDISTAN REGION OF IRAQ
https://journal.uod.ac/index.php/uodjournal/article/view/911,200,1,text/html,"INTEGRATING A SET OF LEAN CONSTRUCTION TECHNOLOGY TO  BUILDING INFORMATION MODELLING
							| Journal of Duhok University"
https://journal.uod.ac/index.php/uodjournal/article/view/911/653,200,1,text/html,View of INTEGRATING A SET OF LEAN CONSTRUCTION TECHNOLOGY TO  BUILDING INFORMATION MODELLING
https://journal.uod.ac/index.php/uodjournal/article/view/912,200,1,text/html,"ANALYZING THE PARAMETERS AFFECTING THE QUALITY OF REFUSE  DERIVED FUEL PELLETS DERIVED FROM MUNICIPAL SOLID WASTE
							| Journal of Duhok University"
https://journal.uod.ac/index.php/uodjournal/article/view/912/654,200,1,text/html,View of ANALYZING THE PARAMETERS AFFECTING THE QUALITY OF REFUSE  DERIVED FUEL PELLETS DERIVED FROM MUNICIPAL SOLID WASTE
https://journal.uod.ac/index.php/uodjournal/article/view/913,200,1,text/html,"SEISMIC VULNERABILITY ASSESSMENT OF REINFORCED CONCRETE  STRUCTURES IN KURDISTAN REGION-IRAQ
							| Journal of Duhok University"
https://journal.uod.ac/index.php/uodjournal/article/view/913/655,200,1,text/html,View of SEISMIC VULNERABILITY ASSESSMENT OF REINFORCED CONCRETE  STRUCTURES IN KURDISTAN REGION-IRAQ
https://journal.uod.ac/index.php/uodjournal/article/view/914,200,1,text/html,"SIMULATION OF TUNNEL LINING AND SURROUNDING ROCK MASS  RESPONSE TO CONSTRUCTION LOADS
							| Journal of Duhok University"
https://journal.uod.ac/index.php/uodjournal/article/view/914/656,200,1,text/html,View of SIMULATION OF TUNNEL LINING AND SURROUNDING ROCK MASS  RESPONSE TO CONSTRUCTION LOADS
https://journal.uod.ac/index.php/uodjournal/article/view/915,200,1,text/html,"EVALUATING DRIVER BEHAVIOR IN YELLOW INTERVAL AT  SIGNALIZED INTERSECTIONS
							| Journal of Duhok University"
https://journal.uod.ac/index.php/uodjournal/article/view/915/657,200,1,text/html,View of EVALUATING DRIVER BEHAVIOR IN YELLOW INTERVAL AT  SIGNALIZED INTERSECTIONS
https://journal.uod.ac/index.php/uodjournal/article/view/916,200,1,text/html,"A COMPARATIVE STUDY OF REAL FULL SCALE GROUND  RECTANGULAR WATER TANK IN DUHOK CITY
							| Journal of Duhok University"
https://journal.uod.ac/index.php/uodjournal/article/view/916/658,200,1,text/html,View of A COMPARATIVE STUDY OF REAL FULL SCALE GROUND  RECTANGULAR WATER TANK IN DUHOK CITY
https://journal.uod.ac/index.php/uodjournal/article/view/917,200,1,text/html,"PRACTICAL FIELD INVESTIGATION TO INDICATE COMMON  FLEXIBLE PAVEMENT DISTRESSES THAT OCCUR IN THE MALIK  MAHMOOD RING ROAD-SULAIMANIYAH CITY
							| Journal of Duhok University"
https://journal.uod.ac/index.php/uodjournal/article/view/917/659,200,1,text/html,View of PRACTICAL FIELD INVESTIGATION TO INDICATE COMMON  FLEXIBLE PAVEMENT DISTRESSES THAT OCCUR IN THE MALIK  MAHMOOD RING ROAD-SULAIMANIYAH CITY
https://journal.uod.ac/index.php/uodjournal/article/view/918,200,1,text/html,"INVESTIGATION ON THE SPECIFIC ABSORPTION RATE (SAR)  IN A 3D HUMAN HEAD MODEL EXPOSED TO  ELECTROMAGNETIC RADIATIONS
							| Journal of Duhok University"
https://journal.uod.ac/index.php/uodjournal/article/view/918/660,200,1,text/html,View of INVESTIGATION ON THE SPECIFIC ABSORPTION RATE (SAR)  IN A 3D HUMAN HEAD MODEL EXPOSED TO  ELECTROMAGNETIC RADIATIONS
https://journal.uod.ac/index.php/uodjournal/article/view/924,200,1,text/html,"EFFECT OF GRAVEL DUST AND LIMESTONE DUST ON GEOTECHNICAL  PROPERTIES OF CLAYEY SOIL
							| Journal of Duhok University"
https://journal.uod.ac/index.php/uodjournal/article/view/924/661,200,1,text/html,View of EFFECT OF GRAVEL DUST AND LIMESTONE DUST ON GEOTECHNICAL  PROPERTIES OF CLAYEY SOIL
https://journal.uod.ac/index.php/uodjournal/article/view/925,200,1,text/html,"INVESTIGATION OF THE USE OF SCRAP TYRES AS SOIL  REINFORCEMENT
							| Journal of Duhok University"
https://journal.uod.ac/index.php/uodjournal/article/view/925/662,200,1,text/html,View of INVESTIGATION OF THE USE OF SCRAP TYRES AS SOIL  REINFORCEMENT
https://journal.uod.ac/index.php/uodjournal/article/view/926,200,1,text/html,"COMPARATIVE STUDY OF USING FLEXIBLE AND RIGID PAVEMENTS  FOR ROADS: A REVIEW STUDY
							| Journal of Duhok University"
https://journal.uod.ac/index.php/uodjournal/article/view/926/663,200,1,text/html,View of COMPARATIVE STUDY OF USING FLEXIBLE AND RIGID PAVEMENTS  FOR ROADS: A REVIEW STUDY
https://journal.uod.ac/index.php/uodjournal/article/view/928,200,1,text/html,"CORRELATION OF SHEAR WAVE VELOCITY WITH SPT-N FOR A TOWER- BUILDING SITE AT ERBIL CITY
							| Journal of Duhok University"
https://journal.uod.ac/index.php/uodjournal/article/view/928/664,200,1,text/html,View of CORRELATION OF SHEAR WAVE VELOCITY WITH SPT-N FOR A TOWER- BUILDING SITE AT ERBIL CITY
https://journal.uod.ac/index.php/uodjournal/article/view/929,200,1,text/html,"AIR POLLUTION ESTIMATION IN ERBIL CITY CENTER USING BOX  MATHEMATICAL MODEL
							| Journal of Duhok University"
https://journal.uod.ac/index.php/uodjournal/article/view/929/665,200,1,text/html,View of AIR POLLUTION ESTIMATION IN ERBIL CITY CENTER USING BOX  MATHEMATICAL MODEL
https://journal.uod.ac/index.php/uodjournal/article/view/930,200,1,text/html,"THE POSSIBILITY OF USING JERK PARAMETERS AS SEISMIC  INTENSITY MEASURE
							| Journal of Duhok University"
https://journal.uod.ac/index.php/uodjournal/article/view/930/666,200,1,text/html,View of THE POSSIBILITY OF USING JERK PARAMETERS AS SEISMIC  INTENSITY MEASURE
https://journal.uod.ac/index.php/uodjournal/article/view/933,200,1,text/html,"PRE-PRESSED AND BURNT SANDY CLAY TILES USED TO COVER  EXPOSED CONCRETE ROOFS AS A SUSTAINABLE ALTERNATIVE
							| Journal of Duhok University"
https://journal.uod.ac/index.php/uodjournal/article/view/933/667,200,1,text/html,View of PRE-PRESSED AND BURNT SANDY CLAY TILES USED TO COVER  EXPOSED CONCRETE ROOFS AS A SUSTAINABLE ALTERNATIVE
https://journal.uod.ac/index.php/uodjournal/article/view/934,200,1,text/html,"NUMERICAL ANALYSIS OF IN-PLANE BEHAVIOUR OF MASONRY  INFILLED RC FRAMES USING MACRO AND MICRO MODELS
							| Journal of Duhok University"
https://journal.uod.ac/index.php/uodjournal/article/view/934/668,200,1,text/html,View of NUMERICAL ANALYSIS OF IN-PLANE BEHAVIOUR OF MASONRY  INFILLED RC FRAMES USING MACRO AND MICRO MODELS
https://journal.uod.ac/index.php/uodjournal/article/view/935,200,1,text/html,"NATURAL ADMIXTURE AS AN ALTERNATIVE FOR CHEMICAL  ADMIXTURE IN CONCRETE TECHNOLOGY: A REVIEW
							| Journal of Duhok University"
https://journal.uod.ac/index.php/uodjournal/article/view/935/669,200,1,text/html,View of NATURAL ADMIXTURE AS AN ALTERNATIVE FOR CHEMICAL  ADMIXTURE IN CONCRETE TECHNOLOGY: A REVIEW
https://journal.uod.ac/index.php/uodjournal/article/view/936,200,1,text/html,"FECAL SLUDGE MANAGEMENT OF DUHOK CITY AND 4 IDPS AND  REFUGEES CAMPS
							| Journal of Duhok University"
https://journal.uod.ac/index.php/uodjournal/article/view/936/670,200,1,text/html,View of FECAL SLUDGE MANAGEMENT OF DUHOK CITY AND 4 IDPS AND  REFUGEES CAMPS
https://journal.uod.ac/index.php/uodjournal/article/view/937,200,1,text/html,"REFLECTIONS OF HALABJAH EARTHQUAKE EFFECTS ON THE  STRUCTURAL BUILDING DAMAGES IN HALABJAH  AND DARBANDIKHAN
							| Journal of Duhok University"
https://journal.uod.ac/index.php/uodjournal/article/view/937/671,200,1,text/html,View of REFLECTIONS OF HALABJAH EARTHQUAKE EFFECTS ON THE  STRUCTURAL BUILDING DAMAGES IN HALABJAH  AND DARBANDIKHAN
https://journal.uod.ac/index.php/uodjournal/article/view/938,200,1,text/html,"A COMPARISON BETWEEN INTERPOLATION METHODS FOR MORE  ACCURATE ELEVATION SURFACE USING GNSS AND GIS
							| Journal of Duhok University"
https://journal.uod.ac/index.php/uodjournal/article/view/938/672,200,1,text/html,View of A COMPARISON BETWEEN INTERPOLATION METHODS FOR MORE  ACCURATE ELEVATION SURFACE USING GNSS AND GIS
https://journal.uod.ac/index.php/uodjournal/article/view/941,200,1,text/html,"PERCEPTION OF RESIDENTS IN RESIDENTIAL HIGH-RISE BUILDINGS  IN TERM OF SUSTAINABILITY IN ERBIL CITY
							| Journal of Duhok University"
https://journal.uod.ac/index.php/uodjournal/article/view/941/673,200,1,text/html,View of PERCEPTION OF RESIDENTS IN RESIDENTIAL HIGH-RISE BUILDINGS  IN TERM OF SUSTAINABILITY IN ERBIL CITY
https://journal.uod.ac/index.php/uodjournal/article/view/942,200,1,text/html,"EVALUATION OF EFFECT OF THE FLEXIBLE SHEAR CONNECTOR  TYPE EMBEDDED IN HIGH AND NORMAL STRENGTH CONCRETE ON LOAD-SLIP RELATIONSHIP
							| Journal of Duhok University"
https://journal.uod.ac/index.php/uodjournal/article/view/942/674,200,1,text/html,View of EVALUATION OF EFFECT OF THE FLEXIBLE SHEAR CONNECTOR  TYPE EMBEDDED IN HIGH AND NORMAL STRENGTH CONCRETE ON LOAD-SLIP RELATIONSHIP
https://journal.uod.ac/index.php/uodjournal/article/view/943,200,1,text/html,"EFFECT OF DIFFERENT PARAMETERS OF THE BIOLOGICAL  PROCESSES ON THE SPECIFIC GROWTH RATE OF NITRIFYING  BACTERIA BY MEANS OF MATHEMATICAL MODELS
							| Journal of Duhok University"
https://journal.uod.ac/index.php/uodjournal/article/view/943/675,200,1,text/html,View of EFFECT OF DIFFERENT PARAMETERS OF THE BIOLOGICAL  PROCESSES ON THE SPECIFIC GROWTH RATE OF NITRIFYING  BACTERIA BY MEANS OF MATHEMATICAL MODELS
https://journal.uod.ac/index.php/uodjournal/article/view/944,200,1,text/html,"COMPARATIVE ANALYSIS OF OPC BRANDS COMMONLY USED IN  KURDISTAN REGION-IRAQ
							| Journal of Duhok University"
https://journal.uod.ac/index.php/uodjournal/article/view/944/676,200,1,text/html,View of COMPARATIVE ANALYSIS OF OPC BRANDS COMMONLY USED IN  KURDISTAN REGION-IRAQ
https://journal.uod.ac/index.php/uodjournal/article/view/945,200,1,text/html,"BEACONDRIOD: AN AUTOMATED STUDENT ATTENDANCE SYSTEM
							| Journal of Duhok University"
https://journal.uod.ac/index.php/uodjournal/article/view/945/677,200,1,text/html,View of BEACONDRIOD: AN AUTOMATED STUDENT ATTENDANCE SYSTEM
https://journal.uod.ac/index.php/uodjournal/article/view/946,200,1,text/html,"OPTIMIZING VIDEO TRANSMISSION PERFORMANCE IN 5GHZ MANET
							| Journal of Duhok University"
https://journal.uod.ac/index.php/uodjournal/article/view/946/830,200,1,text/html,View of OPTIMIZING VIDEO TRANSMISSION PERFORMANCE IN 5GHZ MANET
https://journal.uod.ac/index.php/uodjournal/article/view/947,200,1,text/html,"STATE-OF-THE-ART REVIEW: CONCRETE MADE OF RECYCLED WASTE  PET AS FINE AGGREGATE
							| Journal of Duhok University"
https://journal.uod.ac/index.php/uodjournal/article/view/947/723,200,1,text/html,View of STATE-OF-THE-ART REVIEW: CONCRETE MADE OF RECYCLED WASTE  PET AS FINE AGGREGATE
https://journal.uod.ac/index.php/uodjournal/article/view/948,200,1,text/html,"DESIGN OF RECTANGULAR-SHAPED MICROSTRIP PATCH ANTENNAS  FOR MILLIMETER WAVE BANDS
							| Journal of Duhok University"
https://journal.uod.ac/index.php/uodjournal/article/view/948/680,200,1,text/html,View of DESIGN OF RECTANGULAR-SHAPED MICROSTRIP PATCH ANTENNAS  FOR MILLIMETER WAVE BANDS
https://journal.uod.ac/index.php/uodjournal/article/view/949,200,1,text/html,"THE AUTOMATIC LICENSE PLATE RECOGNITION USING FEATURES  EXTRACTION AND NEURAL NETWORKS
							| Journal of Duhok University"
https://journal.uod.ac/index.php/uodjournal/article/view/949/681,200,1,text/html,View of THE AUTOMATIC LICENSE PLATE RECOGNITION USING FEATURES  EXTRACTION AND NEURAL NETWORKS
https://journal.uod.ac/index.php/uodjournal/article/view/950,200,1,text/html,"THE EFFECT OF FREEZE-THAW CYCLES ON THE GEOTECHNICAL  PROPERTIES OF CLAYEY SOIL TREATED WITH LIME
							| Journal of Duhok University"
https://journal.uod.ac/index.php/uodjournal/article/view/950/682,200,1,text/html,View of THE EFFECT OF FREEZE-THAW CYCLES ON THE GEOTECHNICAL  PROPERTIES OF CLAYEY SOIL TREATED WITH LIME
https://journal.uod.ac/index.php/uodjournal/article/view/951,200,1,text/html,"LANE CHANGING CHARACTERISTICS FOR DIFFERENT TYPES OF ROADS IN NAJAF
							| Journal of Duhok University"
https://journal.uod.ac/index.php/uodjournal/article/view/951/683,200,1,text/html,View of LANE CHANGING CHARACTERISTICS FOR DIFFERENT TYPES OF ROADS IN NAJAF
https://journal.uod.ac/index.php/uodjournal/article/view/952,200,1,text/html,"ALL-OPTICAL NETWORKS PERFORMANCE IMPROVEMENT BY  SOLVING THE RWA PROBLEM USING GENETIC ALGORITHM
							| Journal of Duhok University"
https://journal.uod.ac/index.php/uodjournal/article/view/952/684,200,1,text/html,View of ALL-OPTICAL NETWORKS PERFORMANCE IMPROVEMENT BY  SOLVING THE RWA PROBLEM USING GENETIC ALGORITHM
https://journal.uod.ac/index.php/uodjournal/article/view/953,200,1,text/html,"EXPERIMENTAL VERIFICATION AND REVIEW PERFORMANCE OF THE  MODIFIED TRIANGULAR PLAN FORM WEIR
							| Journal of Duhok University"
https://journal.uod.ac/index.php/uodjournal/article/view/953/685,200,1,text/html,View of EXPERIMENTAL VERIFICATION AND REVIEW PERFORMANCE OF THE  MODIFIED TRIANGULAR PLAN FORM WEIR
https://journal.uod.ac/index.php/uodjournal/article/view/954,200,1,text/html,"TREND ANALYSIS USING MANN-KENDALL AND SEN’S SLOPE  ESTIMATOR TEST FOR ANNUAL AND MONTHLY RAINFALL FOR  SINJAR DISTRICT, IRAQ
							| Journal of Duhok University"
https://journal.uod.ac/index.php/uodjournal/article/view/954/686,200,1,text/html,"View of TREND ANALYSIS USING MANN-KENDALL AND SEN’S SLOPE  ESTIMATOR TEST FOR ANNUAL AND MONTHLY RAINFALL FOR  SINJAR DISTRICT, IRAQ"
https://journal.uod.ac/index.php/uodjournal/article/view/955,200,1,text/html,"EXPERIMENTAL INVESTIGATION OF SOME MECHANICAL  PROPERTIES OF RUBBERIZED CONCRETE WITH HIGHEST  POSSIBLE RUBBER CONTENT
							| Journal of Duhok University"
https://journal.uod.ac/index.php/uodjournal/article/view/955/687,200,1,text/html,View of EXPERIMENTAL INVESTIGATION OF SOME MECHANICAL  PROPERTIES OF RUBBERIZED CONCRETE WITH HIGHEST  POSSIBLE RUBBER CONTENT
https://journal.uod.ac/index.php/uodjournal/article/view/956,200,1,text/html,"DEFORMABILITY AND SHEAR STRENGTH PARAMETERS OF THE  FOUNDATION OF A PROJECT ON TANJERO FORMATION  IN IRAQ USING RMR AND GSI
							| Journal of Duhok University"
https://journal.uod.ac/index.php/uodjournal/article/view/956/688,200,1,text/html,View of DEFORMABILITY AND SHEAR STRENGTH PARAMETERS OF THE  FOUNDATION OF A PROJECT ON TANJERO FORMATION  IN IRAQ USING RMR AND GSI
https://journal.uod.ac/index.php/uodjournal/article/view/957,200,1,text/html,"EXPERIMENTAL DETERMINATION OF STATIC AND DYNAMIC ELASTIC  MODULI OF RC SLABS
							| Journal of Duhok University"
https://journal.uod.ac/index.php/uodjournal/article/view/957/689,200,1,text/html,View of EXPERIMENTAL DETERMINATION OF STATIC AND DYNAMIC ELASTIC  MODULI OF RC SLABS
https://journal.uod.ac/index.php/uodjournal/article/view/958,200,1,text/html,"GROUNDWATER CHARACTERISTICS ASSESSMENT IN KURDISTAN REGION PROVINCES-IRAQ: A REVIEW 
							| Journal of Duhok University"
https://journal.uod.ac/index.php/uodjournal/article/view/958/831,200,1,text/html,View of GROUNDWATER CHARACTERISTICS ASSESSMENT IN KURDISTAN REGION PROVINCES-IRAQ: A REVIEW
https://journal.uod.ac/index.php/uodjournal/article/view/959,200,1,text/html,"EMPIRICAL PARKING STUDY IN UNIVERSITY OF DUHOK CAMPUS
							| Journal of Duhok University"
https://journal.uod.ac/index.php/uodjournal/article/view/959/704,200,1,text/html,View of EMPIRICAL PARKING STUDY IN UNIVERSITY OF DUHOK CAMPUS
https://journal.uod.ac/index.php/uodjournal/article/view/960,200,1,text/html,"EXPERIMENTAL STUDY OF LIGHTWEIGHT REINFORCED CONCRETE  HOLLOW ONE-WAY SLABS WITH PARTIALLY REPLACEMENT BY  RECYCLED COARSE AGGREGATE
							| Journal of Duhok University"
https://journal.uod.ac/index.php/uodjournal/article/view/960/692,200,1,text/html,View of EXPERIMENTAL STUDY OF LIGHTWEIGHT REINFORCED CONCRETE  HOLLOW ONE-WAY SLABS WITH PARTIALLY REPLACEMENT BY  RECYCLED COARSE AGGREGATE
https://journal.uod.ac/index.php/uodjournal/article/view/961,200,1,text/html,"PROBABILISTIC SETTLEMENT ANALYSIS OF STRIP FOOTING ON  SPATIALLY RANDOM SOIL
							| Journal of Duhok University"
https://journal.uod.ac/index.php/uodjournal/article/view/961/719,200,1,text/html,View of PROBABILISTIC SETTLEMENT ANALYSIS OF STRIP FOOTING ON  SPATIALLY RANDOM SOIL
https://journal.uod.ac/index.php/uodjournal/article/view/962,200,1,text/html,"INVESTIGATION OF FLEXURAL PERFORMANCE OF CONCRETE BEAMS  REINFORCED WITH GLASS FIBER REINFORCED POLYMER REBARS
							| Journal of Duhok University"
https://journal.uod.ac/index.php/uodjournal/article/view/962/694,200,1,text/html,View of INVESTIGATION OF FLEXURAL PERFORMANCE OF CONCRETE BEAMS  REINFORCED WITH GLASS FIBER REINFORCED POLYMER REBARS
https://journal.uod.ac/index.php/uodjournal/article/view/963,200,1,text/html,"MIX PROPORTIONING OF SELF COMPACTING CONCRETE USING  LIMESTONE POWDER
							| Journal of Duhok University"
https://journal.uod.ac/index.php/uodjournal/article/view/963/695,200,1,text/html,View of MIX PROPORTIONING OF SELF COMPACTING CONCRETE USING  LIMESTONE POWDER
https://journal.uod.ac/index.php/uodjournal/article/view/964,200,1,text/html,"EFFECT OF SAWDUST AS PARTIAL REPLACEMENT OF  SAND IN CONCRETE
							| Journal of Duhok University"
https://journal.uod.ac/index.php/uodjournal/article/view/964/832,200,1,text/html,View of EFFECT OF SAWDUST AS PARTIAL REPLACEMENT OF  SAND IN CONCRETE
https://journal.uod.ac/index.php/uodjournal/article/view/969,200,1,text/html,"SOLVING RWA PROBLEM IN ALL-OPTICAL NETWORKS BASED ON  OPTIMIZED ANT COLONY ALGORITHM
							| Journal of Duhok University"
https://journal.uod.ac/index.php/uodjournal/article/view/969/697,200,1,text/html,View of SOLVING RWA PROBLEM IN ALL-OPTICAL NETWORKS BASED ON  OPTIMIZED ANT COLONY ALGORITHM
https://journal.uod.ac/index.php/uodjournal/article/view/97,200,1,text/html,"DIFFICULTIES ENCOUNTERED BY KURDISH LEARNERS OF ENGLISH IN DISTINGUISHING BETWEEN PREPOSITIONAL VERBS AND PHRASAL VERBS: AN ANALYTIC STUDY
							| Journal of Duhok University"
https://journal.uod.ac/index.php/uodjournal/article/view/97/72,200,1,text/html,View of DIFFICULTIES ENCOUNTERED BY KURDISH LEARNERS OF ENGLISH IN DISTINGUISHING BETWEEN PREPOSITIONAL VERBS AND PHRASAL VERBS: AN ANALYTIC STUDY
https://journal.uod.ac/index.php/uodjournal/article/view/970,200,1,text/html,"THE DETERMINATION OF THE STRESS INTENSITY FACTORS OF A  STEEL PLATE WITH DIFFERENT THICKNESS USING FEM
							| Journal of Duhok University"
https://journal.uod.ac/index.php/uodjournal/article/view/970/698,200,1,text/html,View of THE DETERMINATION OF THE STRESS INTENSITY FACTORS OF A  STEEL PLATE WITH DIFFERENT THICKNESS USING FEM
https://journal.uod.ac/index.php/uodjournal/article/view/971,200,1,text/html,"DESIGN, AND MANUFACTURING A SMALL-SCALE WIND TUNNEL FOR HEAT TRANSFER ANALYSIS OF FLAT PLATE  AND FINNED PLATE HEAT SINKS
							| Journal of Duhok University"
https://journal.uod.ac/index.php/uodjournal/article/view/971/725,200,1,text/html,"View of DESIGN, AND MANUFACTURING A SMALL-SCALE WIND TUNNEL FOR HEAT TRANSFER ANALYSIS OF FLAT PLATE  AND FINNED PLATE HEAT SINKS"
https://journal.uod.ac/index.php/uodjournal/article/view/972,200,1,text/html,"CAPACITY IMPROVEMENTS BASED ON DYNAMIC SIGNAL TIMING AT  SIGNALIZED ROAD INTERSECTIONS USING GENETIC ALGORITHM
							| Journal of Duhok University"
https://journal.uod.ac/index.php/uodjournal/article/view/972/700,200,1,text/html,View of CAPACITY IMPROVEMENTS BASED ON DYNAMIC SIGNAL TIMING AT  SIGNALIZED ROAD INTERSECTIONS USING GENETIC ALGORITHM
https://journal.uod.ac/index.php/uodjournal/article/view/973,200,1,text/html,"BEHAVIOR OF SQUARE REINFORCED CONCRETE COLUMNS  STRENGTHENED BY DIFFERENT LAYERS OF GLASS FRP SHEETS
							| Journal of Duhok University"
https://journal.uod.ac/index.php/uodjournal/article/view/973/701,200,1,text/html,View of BEHAVIOR OF SQUARE REINFORCED CONCRETE COLUMNS  STRENGTHENED BY DIFFERENT LAYERS OF GLASS FRP SHEETS
https://journal.uod.ac/index.php/uodjournal/article/view/974,200,1,text/html,"A THINNING-BASED JUNCTION DETECTION AND RESOLUTION  ALGORITHM FOR DOCUMENT IMAGES
							| Journal of Duhok University"
https://journal.uod.ac/index.php/uodjournal/article/view/974/702,200,1,text/html,View of A THINNING-BASED JUNCTION DETECTION AND RESOLUTION  ALGORITHM FOR DOCUMENT IMAGES
https://journal.uod.ac/index.php/uodjournal/article/view/975,200,1,text/html,"STUDY OF IN-SITU AND LABORATORY HYDRAULIC CONDUCTIVITY OF  CONTAMINATED SOIL WITH OILY WASTEWATER
							| Journal of Duhok University"
https://journal.uod.ac/index.php/uodjournal/article/view/975/703,200,1,text/html,View of STUDY OF IN-SITU AND LABORATORY HYDRAULIC CONDUCTIVITY OF  CONTAMINATED SOIL WITH OILY WASTEWATER
https://journal.uod.ac/index.php/uodjournal/article/view/979,200,1,text/html,"( الإجراءات التحقيقية وقرارات الإدارة بالتضمين  وفق قانون التضمين العراقي رقم 31 لسنة 2015 (دراسة تحليلية
							| Journal of Duhok University"
https://journal.uod.ac/index.php/uodjournal/article/view/979/879,200,1,text/html,View of  ( الإجراءات التحقيقية وقرارات الإدارة بالتضمين  وفق قانون التضمين العراقي رقم 31 لسنة 2015 (دراسة تحليلية
https://journal.uod.ac/index.php/uodjournal/article/view/98,200,1,text/html,"BINOMIAL FORMATION IN BADINI KURDISH WITH REFERNCE TO ENGLISH: A CONTRASTIVE STUDY
							| Journal of Duhok University"
https://journal.uod.ac/index.php/uodjournal/article/view/98/73,200,1,text/html,View of BINOMIAL FORMATION IN BADINI KURDISH WITH REFERNCE TO ENGLISH: A CONTRASTIVE STUDY
https://journal.uod.ac/index.php/uodjournal/article/view/980,200,1,text/html,"العولمة والعنف دراسة سوسيو انثروبولوجية في ظل العولمة
							| Journal of Duhok University"
https://journal.uod.ac/index.php/uodjournal/article/view/980/882,200,1,text/html,View of العولمة والعنف دراسة سوسيو انثروبولوجية في ظل العولمة
https://journal.uod.ac/index.php/uodjournal/article/view/981,200,1,text/html,"سياسة التعددية الثقافية وانعكاساتها في إقليم كوردستان
							| Journal of Duhok University"
https://journal.uod.ac/index.php/uodjournal/article/view/981/884,200,1,text/html,View of سياسة التعددية الثقافية وانعكاساتها في إقليم كوردستان
https://journal.uod.ac/index.php/uodjournal/article/view/982,200,1,text/html,"أثر برنامج تعليمي في تنمية الذكاء ﺍﻻﺴﺘﺭﺍﺘﻴﺠﻲ لدى طلبة جامعة دهوك
							| Journal of Duhok University"
https://journal.uod.ac/index.php/uodjournal/article/view/982/885,200,1,text/html,View of أثر برنامج تعليمي في تنمية الذكاء ﺍﻻﺴﺘﺭﺍﺘﻴﺠﻲ لدى طلبة جامعة دهوك
https://journal.uod.ac/index.php/uodjournal/article/view/983,200,1,text/html,"أثر برنامج تعليمي في تنمية دافعية ﺍلإنجاز لدى طلبة جامعة دهوك
							| Journal of Duhok University"
https://journal.uod.ac/index.php/uodjournal/article/view/983/886,200,1,text/html,View of أثر برنامج تعليمي في تنمية دافعية ﺍلإنجاز لدى طلبة جامعة دهوك
https://journal.uod.ac/index.php/uodjournal/article/view/984,200,1,text/html,"ڕەوشی ئافرەتان لە سەنتەری نەوا توێژینەوەیەکی مەیدانییە لە شاری دهۆک
							| Journal of Duhok University"
https://journal.uod.ac/index.php/uodjournal/article/view/984/888,200,1,text/html,View of ڕەوشی ئافرەتان لە سەنتەری نەوا توێژینەوەیەکی مەیدانییە لە شاری دهۆک
https://journal.uod.ac/index.php/uodjournal/article/view/985,200,1,text/html,"الإشكاليات القانونية بين الشركة المتعددة الجنسية والدولة المضيفة -دراسة تحليلية- 
							| Journal of Duhok University"
https://journal.uod.ac/index.php/uodjournal/article/view/985/890,200,1,text/html,View of الإشكاليات القانونية بين الشركة المتعددة الجنسية والدولة المضيفة -دراسة تحليلية-
https://journal.uod.ac/index.php/uodjournal/article/view/986,200,1,text/html,"مقارنة دور الذكاء المستدام في كلا من التصنيع الهولوني والتصنيع المضاف دراسة استطلاعية لآراء المديرين في عدد من مصانع الشركة العامة لصناعة النسيج والجلود في بغداد
							| Journal of Duhok University"
https://journal.uod.ac/index.php/uodjournal/article/view/986/891,200,1,text/html,View of مقارنة دور الذكاء المستدام في كلا من التصنيع الهولوني والتصنيع المضاف دراسة استطلاعية لآراء المديرين في عدد من مصانع الشركة العامة لصناعة النسيج والجلود في بغداد
https://journal.uod.ac/index.php/uodjournal/article/view/987,200,1,text/html,"دور حاضنات الأعمال في تحقيق أبعاد التميز المنظمي دراسة استطلاعية لآراء عينة من المديرين في عدد من منظمات الأعمال في مدينة دهوك
							| Journal of Duhok University"
https://journal.uod.ac/index.php/uodjournal/article/view/987/892,200,1,text/html,View of دور حاضنات الأعمال في تحقيق أبعاد التميز المنظمي دراسة استطلاعية لآراء عينة من المديرين في عدد من منظمات الأعمال في مدينة دهوك
https://journal.uod.ac/index.php/uodjournal/article/view/988,200,1,text/html,"ناڤونیشان د ڕۆمانێدا، ڕِۆمانا (داویا شەڕڤانەكى) یا نڤێسەر (عسمەت محەمەد بەدەل) وەكو نموونە
							| Journal of Duhok University"
https://journal.uod.ac/index.php/uodjournal/article/view/988/893,200,1,text/html,View of ناڤونیشان د ڕۆمانێدا، ڕِۆمانا (داویا شەڕڤانەكى) یا نڤێسەر (عسمەت محەمەد بەدەل) وەكو نموونە
https://journal.uod.ac/index.php/uodjournal/article/view/989,200,1,text/html,"بیره‌وه‌رییه‌كانی نووری شاوه‌یس ""هه‌ڵسه‌نگاندن و ڕاستكردنه‌وه‌‌‌""‌
							| Journal of Duhok University"
https://journal.uod.ac/index.php/uodjournal/article/view/989/895,200,1,text/html,"View of بیره‌وه‌رییه‌كانی نووری شاوه‌یس ""هه‌ڵسه‌نگاندن و ڕاستكردنه‌وه‌‌‌""‌"
https://journal.uod.ac/index.php/uodjournal/article/view/99,200,1,text/html,"INVESTIGATING THE RELATIONSHIP BETWEEN EMOTIONAL INTELLIGENCE AND ENTREPRENEURIAL BEHAVIOUR
							| Journal of Duhok University"
https://journal.uod.ac/index.php/uodjournal/article/view/99/74,200,1,text/html,View of INVESTIGATING THE RELATIONSHIP BETWEEN EMOTIONAL INTELLIGENCE AND ENTREPRENEURIAL BEHAVIOUR
https://journal.uod.ac/index.php/uodjournal/article/view/990,200,1,text/html,"ڕاستكردنه‌وه‌ی چه‌ند هه‌ڵه‌یه‌كی مێژوویی تایبه‌ت به‌ سه‌ده‌كانی ناوه‌ڕاست له‌ كتێبی خولاصه‌یه‌كی كورد و كوردوستانی محه‌مه‌دئه‌مین زه‌كی به‌گ
							| Journal of Duhok University"
https://journal.uod.ac/index.php/uodjournal/article/view/990/897,200,1,text/html,View of ڕاستكردنه‌وه‌ی چه‌ند هه‌ڵه‌یه‌كی مێژوویی تایبه‌ت به‌ سه‌ده‌كانی ناوه‌ڕاست له‌ كتێبی خولاصه‌یه‌كی كورد و كوردوستانی محه‌مه‌دئه‌مین زه‌كی به‌گ
https://journal.uod.ac/index.php/uodjournal/article/view/991,200,1,text/html,"رولێ دەوروبەری د دیارکرنا پەیوەندیا هێز و هەڤکاریێ د زمانڤانیا جڤاکیدا
							| Journal of Duhok University"
https://journal.uod.ac/index.php/uodjournal/article/view/991/718,200,1,text/html,View of رولێ دەوروبەری د دیارکرنا پەیوەندیا هێز و هەڤکاریێ د زمانڤانیا جڤاکیدا
https://journal.uod.ac/index.php/uodjournal/article/view/994,200,1,text/html,"الحكم الصالح وآلياته في الحد من عمليات الإبادة الجماعية  العراق بعد 2003 أنموذجا
							| Journal of Duhok University"
https://journal.uod.ac/index.php/uodjournal/article/view/994/722,200,1,text/html,View of الحكم الصالح وآلياته في الحد من عمليات الإبادة الجماعية  العراق بعد 2003 أنموذجا
https://journal.uod.ac/index.php/uodjournal/article/view/996,200,1,text/html,"تأثير استخدام أسلوب المتدرج المتقدم من الطريقة الجزئية  وأسلوب حل المشكلات  في تعلم الأداء الفني والانجاز لفعالية رمي القرص
							| Journal of Duhok University"
https://journal.uod.ac/index.php/uodjournal/article/view/996/724,200,1,text/html,View of تأثير استخدام أسلوب المتدرج المتقدم من الطريقة الجزئية  وأسلوب حل المشكلات  في تعلم الأداء الفني والانجاز لفعالية رمي القرص
https://journal.uod.ac/index.php/uodjournal/article/view/avuod.2019.22.1.15,200,1,text/html,"EVALUATION THE PERFORMANCE OF SOME INTRODUCED CHICKPEA GENOTYPES UNDER RAINFED CONDITIONS
							| Journal of Duhok University"
https://journal.uod.ac/index.php/uodjournal/article/view/avuod.2019.22.1.15/207,200,1,text/html,View of EVALUATION THE PERFORMANCE OF SOME INTRODUCED CHICKPEA GENOTYPES UNDER RAINFED CONDITIONS
https://journal.uod.ac/index.php/uodjournal/citationstylelanguage/download/bibtex?submissionId=2791,200,2,application/x-bibtex,
https://journal.uod.ac/index.php/uodjournal/citationstylelanguage/download/bibtex?submissionId=2792,200,2,application/x-bibtex,
https://journal.uod.ac/index.php/uodjournal/citationstylelanguage/download/bibtex?submissionId=2793,200,2,application/x-bibtex,
https://journal.uod.ac/index.php/uodjournal/citationstylelanguage/download/bibtex?submissionId=2795,200,2,application/x-bibtex,
https://journal.uod.ac/index.php/uodjournal/citationstylelanguage/download/bibtex?submissionId=2796,200,2,application/x-bibtex,
https://journal.uod.ac/index.php/uodjournal/citationstylelanguage/download/bibtex?submissionId=2797,200,2,application/x-bibtex,
https://journal.uod.ac/index.php/uodjournal/citationstylelanguage/download/bibtex?submissionId=2799,200,2,application/x-bibtex,
https://journal.uod.ac/index.php/uodjournal/citationstylelanguage/download/bibtex?submissionId=2800,200,2,application/x-bibtex,
https://journal.uod.ac/index.php/uodjournal/citationstylelanguage/download/bibtex?submissionId=2805,200,2,application/x-bibtex,
https://journal.uod.ac/index.php/uodjournal/citationstylelanguage/download/bibtex?submissionId=2806,200,2,application/x-bibtex,
https://journal.uod.ac/index.php/uodjournal/citationstylelanguage/download/bibtex?submissionId=2807,200,2,application/x-bibtex,
https://journal.uod.ac/index.php/uodjournal/citationstylelanguage/download/bibtex?submissionId=2809,200,2,application/x-bibtex,
https://journal.uod.ac/index.php/uodjournal/citationstylelanguage/download/bibtex?submissionId=2810,200,2,application/x-bibtex,
https://journal.uod.ac/index.php/uodjournal/citationstylelanguage/download/bibtex?submissionId=2811,200,2,application/x-bibtex,
https://journal.uod.ac/index.php/uodjournal/citationstylelanguage/download/bibtex?submissionId=2812,200,2,application/x-bibtex,
https://journal.uod.ac/index.php/uodjournal/citationstylelanguage/download/bibtex?submissionId=2813,200,2,application/x-bibtex,
https://journal.uod.ac/index.php/uodjournal/citationstylelanguage/download/bibtex?submissionId=2814,200,2,application/x-bibtex,
https://journal.uod.ac/index.php/uodjournal/citationstylelanguage/download/bibtex?submissionId=2817,200,2,application/x-bibtex,
https://journal.uod.ac/index.php/uodjournal/citationstylelanguage/download/bibtex?submissionId=2818,200,2,application/x-bibtex,
https://journal.uod.ac/index.php/uodjournal/citationstylelanguage/download/bibtex?submissionId=2819,200,2,application/x-bibtex,
https://journal.uod.ac/index.php/uodjournal/citationstylelanguage/download/bibtex?submissionId=2820,200,2,application/x-bibtex,
https://journal.uod.ac/index.php/uodjournal/citationstylelanguage/download/bibtex?submissionId=2821,200,2,application/x-bibtex,
https://journal.uod.ac/index.php/uodjournal/citationstylelanguage/download/bibtex?submissionId=2822,200,2,application/x-bibtex,
https://journal.uod.ac/index.php/uodjournal/citationstylelanguage/download/bibtex?submissionId=2823,200,2,application/x-bibtex,
https://journal.uod.ac/index.php/uodjournal/citationstylelanguage/download/bibtex?submissionId=2825,200,2,application/x-bibtex,
https://journal.uod.ac/index.php/uodjournal/citationstylelanguage/download/bibtex?submissionId=2826,200,2,application/x-bibtex,
https://journal.uod.ac/index.php/uodjournal/citationstylelanguage/download/bibtex?submissionId=2827,200,2,application/x-bibtex,
https://journal.uod.ac/index.php/uodjournal/citationstylelanguage/download/bibtex?submissionId=2828,200,2,application/x-bibtex,
https://journal.uod.ac/index.php/uodjournal/citationstylelanguage/download/bibtex?submissionId=2830,200,2,application/x-bibtex,
https://journal.uod.ac/index.php/uodjournal/citationstylelanguage/download/bibtex?submissionId=2835,200,2,application/x-bibtex,
https://journal.uod.ac/index.php/uodjournal/citationstylelanguage/download/bibtex?submissionId=2836,200,2,application/x-bibtex,
https://journal.uod.ac/index.php/uodjournal/citationstylelanguage/download/bibtex?submissionId=2837,200,2,application/x-bibtex,
https://journal.uod.ac/index.php/uodjournal/citationstylelanguage/download/bibtex?submissionId=2838,200,2,application/x-bibtex,
https://journal.uod.ac/index.php/uodjournal/citationstylelanguage/download/bibtex?submissionId=2849,200,2,application/x-bibtex,
https://journal.uod.ac/index.php/uodjournal/citationstylelanguage/download/bibtex?submissionId=2850,200,2,application/x-bibtex,
https://journal.uod.ac/index.php/uodjournal/citationstylelanguage/download/bibtex?submissionId=2852,200,2,application/x-bibtex,
https://journal.uod.ac/index.php/uodjournal/citationstylelanguage/download/bibtex?submissionId=2853,200,2,application/x-bibtex,
https://journal.uod.ac/index.php/uodjournal/citationstylelanguage/download/bibtex?submissionId=2854,200,2,application/x-bibtex,
https://journal.uod.ac/index.php/uodjournal/citationstylelanguage/download/bibtex?submissionId=2855,200,2,application/x-bibtex,
https://journal.uod.ac/index.php/uodjournal/citationstylelanguage/download/bibtex?submissionId=2856,200,2,application/x-bibtex,
https://journal.uod.ac/index.php/uodjournal/citationstylelanguage/download/bibtex?submissionId=2857,200,2,application/x-bibtex,
https://journal.uod.ac/index.php/uodjournal/citationstylelanguage/download/bibtex?submissionId=2858,200,2,application/x-bibtex,
https://journal.uod.ac/index.php/uodjournal/citationstylelanguage/download/bibtex?submissionId=2866,200,2,application/x-bibtex,
https://journal.uod.ac/index.php/uodjournal/citationstylelanguage/download/bibtex?submissionId=2879,200,2,application/x-bibtex,
https://journal.uod.ac/index.php/uodjournal/citationstylelanguage/download/bibtex?submissionId=2880,200,2,application/x-bibtex,
https://journal.uod.ac/index.php/uodjournal/citationstylelanguage/download/bibtex?submissionId=2881,200,2,application/x-bibtex,
https://journal.uod.ac/index.php/uodjournal/citationstylelanguage/download/bibtex?submissionId=2882,200,2,application/x-bibtex,
https://journal.uod.ac/index.php/uodjournal/citationstylelanguage/download/bibtex?submissionId=2883,200,2,application/x-bibtex,
https://journal.uod.ac/index.php/uodjournal/citationstylelanguage/download/bibtex?submissionId=2884,200,2,application/x-bibtex,
https://journal.uod.ac/index.php/uodjournal/citationstylelanguage/download/bibtex?submissionId=2885,200,2,application/x-bibtex,
https://journal.uod.ac/index.php/uodjournal/citationstylelanguage/download/bibtex?submissionId=2886,200,2,application/x-bibtex,
https://journal.uod.ac/index.php/uodjournal/citationstylelanguage/download/bibtex?submissionId=2887,200,2,application/x-bibtex,
https://journal.uod.ac/index.php/uodjournal/citationstylelanguage/download/bibtex?submissionId=2889,200,2,application/x-bibtex,
https://journal.uod.ac/index.php/uodjournal/citationstylelanguage/download/bibtex?submissionId=2890,200,2,application/x-bibtex,
https://journal.uod.ac/index.php/uodjournal/citationstylelanguage/download/bibtex?submissionId=2891,200,2,application/x-bibtex,
https://journal.uod.ac/index.php/uodjournal/citationstylelanguage/download/bibtex?submissionId=2892,200,2,application/x-bibtex,
https://journal.uod.ac/index.php/uodjournal/citationstylelanguage/download/bibtex?submissionId=2897,200,2,application/x-bibtex,
https://journal.uod.ac/index.php/uodjournal/citationstylelanguage/download/bibtex?submissionId=2907,200,2,application/x-bibtex,
https://journal.uod.ac/index.php/uodjournal/citationstylelanguage/download/bibtex?submissionId=2908,200,2,application/x-bibtex,
https://journal.uod.ac/index.php/uodjournal/citationstylelanguage/download/bibtex?submissionId=2909,200,2,application/x-bibtex,
https://journal.uod.ac/index.php/uodjournal/citationstylelanguage/download/bibtex?submissionId=2910,200,2,application/x-bibtex,
https://journal.uod.ac/index.php/uodjournal/citationstylelanguage/download/bibtex?submissionId=2911,200,2,application/x-bibtex,
https://journal.uod.ac/index.php/uodjournal/citationstylelanguage/download/bibtex?submissionId=2912,200,2,application/x-bibtex,
https://journal.uod.ac/index.php/uodjournal/citationstylelanguage/download/bibtex?submissionId=2913,200,2,application/x-bibtex,
https://journal.uod.ac/index.php/uodjournal/citationstylelanguage/download/bibtex?submissionId=2914,200,2,application/x-bibtex,
https://journal.uod.ac/index.php/uodjournal/citationstylelanguage/download/bibtex?submissionId=2917,200,2,application/x-bibtex,
https://journal.uod.ac/index.php/uodjournal/citationstylelanguage/download/bibtex?submissionId=2918,200,2,application/x-bibtex,
https://journal.uod.ac/index.php/uodjournal/citationstylelanguage/download/bibtex?submissionId=2923,200,2,application/x-bibtex,
https://journal.uod.ac/index.php/uodjournal/citationstylelanguage/download/bibtex?submissionId=2924,200,2,application/x-bibtex,
https://journal.uod.ac/index.php/uodjournal/citationstylelanguage/download/bibtex?submissionId=2925,200,2,application/x-bibtex,
https://journal.uod.ac/index.php/uodjournal/citationstylelanguage/download/bibtex?submissionId=2926,200,2,application/x-bibtex,
https://journal.uod.ac/index.php/uodjournal/citationstylelanguage/download/bibtex?submissionId=2927,200,2,application/x-bibtex,
https://journal.uod.ac/index.php/uodjournal/citationstylelanguage/download/bibtex?submissionId=2928,200,2,application/x-bibtex,
https://journal.uod.ac/index.php/uodjournal/citationstylelanguage/download/bibtex?submissionId=2937,200,2,application/x-bibtex,
https://journal.uod.ac/index.php/uodjournal/citationstylelanguage/download/bibtex?submissionId=2938,200,2,application/x-bibtex,
https://journal.uod.ac/index.php/uodjournal/citationstylelanguage/download/bibtex?submissionId=2942,200,2,application/x-bibtex,
https://journal.uod.ac/index.php/uodjournal/citationstylelanguage/download/bibtex?submissionId=2943,200,2,application/x-bibtex,
https://journal.uod.ac/index.php/uodjournal/citationstylelanguage/download/bibtex?submissionId=2973,200,2,application/x-bibtex,
https://journal.uod.ac/index.php/uodjournal/citationstylelanguage/download/bibtex?submissionId=2975,200,2,application/x-bibtex,
https://journal.uod.ac/index.php/uodjournal/citationstylelanguage/download/bibtex?submissionId=2980,200,2,application/x-bibtex,
https://journal.uod.ac/index.php/uodjournal/citationstylelanguage/download/bibtex?submissionId=2981,200,2,application/x-bibtex,
https://journal.uod.ac/index.php/uodjournal/citationstylelanguage/download/bibtex?submissionId=3021,200,2,application/x-bibtex,
https://journal.uod.ac/index.php/uodjournal/citationstylelanguage/download/bibtex?submissionId=3022,200,2,application/x-bibtex,
https://journal.uod.ac/index.php/uodjournal/citationstylelanguage/download/bibtex?submissionId=3031,200,2,application/x-bibtex,
https://journal.uod.ac/index.php/uodjournal/citationstylelanguage/download/bibtex?submissionId=3118,200,2,application/x-bibtex,
https://journal.uod.ac/index.php/uodjournal/citationstylelanguage/download/bibtex?submissionId=3126,200,2,application/x-bibtex,
https://journal.uod.ac/index.php/uodjournal/citationstylelanguage/download/bibtex?submissionId=3127,200,2,application/x-bibtex,
https://journal.uod.ac/index.php/uodjournal/citationstylelanguage/download/bibtex?submissionId=3144,200,2,application/x-bibtex,
https://journal.uod.ac/index.php/uodjournal/citationstylelanguage/download/bibtex?submissionId=3146,200,2,application/x-bibtex,
https://journal.uod.ac/index.php/uodjournal/citationstylelanguage/download/bibtex?submissionId=3153,200,2,application/x-bibtex,
https://journal.uod.ac/index.php/uodjournal/citationstylelanguage/download/bibtex?submissionId=3154,200,2,application/x-bibtex,
https://journal.uod.ac/index.php/uodjournal/citationstylelanguage/download/bibtex?submissionId=3161,200,2,application/x-bibtex,
https://journal.uod.ac/index.php/uodjournal/citationstylelanguage/download/bibtex?submissionId=3162,200,2,application/x-bibtex,
https://journal.uod.ac/index.php/uodjournal/citationstylelanguage/download/bibtex?submissionId=3163,200,2,application/x-bibtex,
https://journal.uod.ac/index.php/uodjournal/citationstylelanguage/download/bibtex?submissionId=3164,200,2,application/x-bibtex,
https://journal.uod.ac/index.php/uodjournal/citationstylelanguage/download/bibtex?submissionId=3168,200,2,application/x-bibtex,
https://journal.uod.ac/index.php/uodjournal/citationstylelanguage/download/bibtex?submissionId=3178,200,2,application/x-bibtex,
https://journal.uod.ac/index.php/uodjournal/citationstylelanguage/download/bibtex?submissionId=3187,200,2,application/x-bibtex,
https://journal.uod.ac/index.php/uodjournal/citationstylelanguage/download/bibtex?submissionId=3188,200,2,application/x-bibtex,
https://journal.uod.ac/index.php/uodjournal/citationstylelanguage/download/bibtex?submissionId=3189,200,2,application/x-bibtex,
https://journal.uod.ac/index.php/uodjournal/citationstylelanguage/download/bibtex?submissionId=3196,200,2,application/x-bibtex,
https://journal.uod.ac/index.php/uodjournal/citationstylelanguage/download/bibtex?submissionId=3214,200,2,application/x-bibtex,
https://journal.uod.ac/index.php/uodjournal/citationstylelanguage/download/bibtex?submissionId=3231,200,2,application/x-bibtex,
https://journal.uod.ac/index.php/uodjournal/citationstylelanguage/download/bibtex?submissionId=3279,200,2,application/x-bibtex,
https://journal.uod.ac/index.php/uodjournal/citationstylelanguage/download/bibtex?submissionId=3280,200,2,application/x-bibtex,
https://journal.uod.ac/index.php/uodjournal/citationstylelanguage/download/bibtex?submissionId=3281,200,2,application/x-bibtex,
https://journal.uod.ac/index.php/uodjournal/citationstylelanguage/download/bibtex?submissionId=3282,200,2,application/x-bibtex,
https://journal.uod.ac/index.php/uodjournal/citationstylelanguage/download/bibtex?submissionId=3283,200,2,application/x-bibtex,
https://journal.uod.ac/index.php/uodjournal/citationstylelanguage/download/bibtex?submissionId=3284,200,2,application/x-bibtex,
https://journal.uod.ac/index.php/uodjournal/citationstylelanguage/download/bibtex?submissionId=3285,200,2,application/x-bibtex,
https://journal.uod.ac/index.php/uodjournal/citationstylelanguage/download/bibtex?submissionId=3286,200,2,application/x-bibtex,
https://journal.uod.ac/index.php/uodjournal/citationstylelanguage/download/bibtex?submissionId=3287,200,2,application/x-bibtex,
https://journal.uod.ac/index.php/uodjournal/citationstylelanguage/download/bibtex?submissionId=3288,200,2,application/x-bibtex,
https://journal.uod.ac/index.php/uodjournal/citationstylelanguage/download/bibtex?submissionId=3289,200,2,application/x-bibtex,
https://journal.uod.ac/index.php/uodjournal/citationstylelanguage/download/bibtex?submissionId=3290,200,2,application/x-bibtex,
https://journal.uod.ac/index.php/uodjournal/citationstylelanguage/download/bibtex?submissionId=3291,200,2,application/x-bibtex,
https://journal.uod.ac/index.php/uodjournal/citationstylelanguage/download/bibtex?submissionId=3292,200,2,application/x-bibtex,
https://journal.uod.ac/index.php/uodjournal/citationstylelanguage/download/bibtex?submissionId=3293,200,2,application/x-bibtex,
https://journal.uod.ac/index.php/uodjournal/citationstylelanguage/download/bibtex?submissionId=3294,200,2,application/x-bibtex,
https://journal.uod.ac/index.php/uodjournal/citationstylelanguage/download/bibtex?submissionId=3295,200,2,application/x-bibtex,
https://journal.uod.ac/index.php/uodjournal/citationstylelanguage/download/bibtex?submissionId=3296,200,2,application/x-bibtex,
https://journal.uod.ac/index.php/uodjournal/citationstylelanguage/download/bibtex?submissionId=3297,200,2,application/x-bibtex,
https://journal.uod.ac/index.php/uodjournal/citationstylelanguage/download/bibtex?submissionId=3298,200,2,application/x-bibtex,
https://journal.uod.ac/index.php/uodjournal/citationstylelanguage/download/bibtex?submissionId=3299,200,2,application/x-bibtex,
https://journal.uod.ac/index.php/uodjournal/citationstylelanguage/download/bibtex?submissionId=3300,200,2,application/x-bibtex,
https://journal.uod.ac/index.php/uodjournal/citationstylelanguage/download/bibtex?submissionId=3302,200,2,application/x-bibtex,
https://journal.uod.ac/index.php/uodjournal/citationstylelanguage/download/bibtex?submissionId=3303,200,2,application/x-bibtex,
https://journal.uod.ac/index.php/uodjournal/citationstylelanguage/download/bibtex?submissionId=3305,200,2,application/x-bibtex,
https://journal.uod.ac/index.php/uodjournal/citationstylelanguage/download/bibtex?submissionId=3306,200,2,application/x-bibtex,
https://journal.uod.ac/index.php/uodjournal/citationstylelanguage/download/bibtex?submissionId=3307,200,2,application/x-bibtex,
https://journal.uod.ac/index.php/uodjournal/citationstylelanguage/download/bibtex?submissionId=3308,200,2,application/x-bibtex,
https://journal.uod.ac/index.php/uodjournal/citationstylelanguage/download/bibtex?submissionId=3309,200,2,application/x-bibtex,
https://journal.uod.ac/index.php/uodjournal/citationstylelanguage/download/bibtex?submissionId=3310,200,2,application/x-bibtex,
https://journal.uod.ac/index.php/uodjournal/citationstylelanguage/download/bibtex?submissionId=3312,200,2,application/x-bibtex,
https://journal.uod.ac/index.php/uodjournal/citationstylelanguage/download/bibtex?submissionId=3313,200,2,application/x-bibtex,
https://journal.uod.ac/index.php/uodjournal/citationstylelanguage/download/bibtex?submissionId=3314,200,2,application/x-bibtex,
https://journal.uod.ac/index.php/uodjournal/citationstylelanguage/download/bibtex?submissionId=3315,200,2,application/x-bibtex,
https://journal.uod.ac/index.php/uodjournal/citationstylelanguage/download/bibtex?submissionId=3316,200,2,application/x-bibtex,
https://journal.uod.ac/index.php/uodjournal/citationstylelanguage/download/bibtex?submissionId=3319,200,2,application/x-bibtex,
https://journal.uod.ac/index.php/uodjournal/citationstylelanguage/download/bibtex?submissionId=3320,200,2,application/x-bibtex,
https://journal.uod.ac/index.php/uodjournal/citationstylelanguage/download/bibtex?submissionId=3321,200,2,application/x-bibtex,
https://journal.uod.ac/index.php/uodjournal/citationstylelanguage/download/bibtex?submissionId=3322,200,2,application/x-bibtex,
https://journal.uod.ac/index.php/uodjournal/citationstylelanguage/download/bibtex?submissionId=3323,200,2,application/x-bibtex,
https://journal.uod.ac/index.php/uodjournal/citationstylelanguage/download/bibtex?submissionId=3324,200,2,application/x-bibtex,
https://journal.uod.ac/index.php/uodjournal/citationstylelanguage/download/bibtex?submissionId=3325,200,2,application/x-bibtex,
https://journal.uod.ac/index.php/uodjournal/citationstylelanguage/download/bibtex?submissionId=3326,200,2,application/x-bibtex,
https://journal.uod.ac/index.php/uodjournal/citationstylelanguage/download/bibtex?submissionId=3327,200,2,application/x-bibtex,
https://journal.uod.ac/index.php/uodjournal/citationstylelanguage/download/bibtex?submissionId=3328,200,2,application/x-bibtex,
https://journal.uod.ac/index.php/uodjournal/citationstylelanguage/download/bibtex?submissionId=3329,200,2,application/x-bibtex,
https://journal.uod.ac/index.php/uodjournal/citationstylelanguage/download/bibtex?submissionId=3330,200,2,application/x-bibtex,
https://journal.uod.ac/index.php/uodjournal/citationstylelanguage/download/bibtex?submissionId=3331,200,2,application/x-bibtex,
https://journal.uod.ac/index.php/uodjournal/citationstylelanguage/download/bibtex?submissionId=3332,200,2,application/x-bibtex,
https://journal.uod.ac/index.php/uodjournal/citationstylelanguage/download/bibtex?submissionId=3333,200,2,application/x-bibtex,
https://journal.uod.ac/index.php/uodjournal/citationstylelanguage/download/bibtex?submissionId=3334,200,2,application/x-bibtex,
https://journal.uod.ac/index.php/uodjournal/citationstylelanguage/download/bibtex?submissionId=3335,200,2,application/x-bibtex,
https://journal.uod.ac/index.php/uodjournal/citationstylelanguage/download/bibtex?submissionId=3336,200,2,application/x-bibtex,
https://journal.uod.ac/index.php/uodjournal/citationstylelanguage/download/bibtex?submissionId=3337,200,2,application/x-bibtex,
https://journal.uod.ac/index.php/uodjournal/citationstylelanguage/download/bibtex?submissionId=3338,200,2,application/x-bibtex,
https://journal.uod.ac/index.php/uodjournal/citationstylelanguage/download/bibtex?submissionId=3339,200,2,application/x-bibtex,
https://journal.uod.ac/index.php/uodjournal/citationstylelanguage/download/bibtex?submissionId=3340,200,2,application/x-bibtex,
https://journal.uod.ac/index.php/uodjournal/citationstylelanguage/download/bibtex?submissionId=3341,200,2,application/x-bibtex,
https://journal.uod.ac/index.php/uodjournal/citationstylelanguage/download/bibtex?submissionId=3342,200,2,application/x-bibtex,
https://journal.uod.ac/index.php/uodjournal/citationstylelanguage/download/bibtex?submissionId=3343,200,2,application/x-bibtex,
https://journal.uod.ac/index.php/uodjournal/citationstylelanguage/download/bibtex?submissionId=3344,200,2,application/x-bibtex,
https://journal.uod.ac/index.php/uodjournal/citationstylelanguage/download/bibtex?submissionId=3345,200,2,application/x-bibtex,
https://journal.uod.ac/index.php/uodjournal/citationstylelanguage/download/bibtex?submissionId=3346,200,2,application/x-bibtex,
https://journal.uod.ac/index.php/uodjournal/citationstylelanguage/download/bibtex?submissionId=3347,200,2,application/x-bibtex,
https://journal.uod.ac/index.php/uodjournal/citationstylelanguage/download/bibtex?submissionId=3348,200,2,application/x-bibtex,
https://journal.uod.ac/index.php/uodjournal/citationstylelanguage/download/bibtex?submissionId=3349,200,2,application/x-bibtex,
https://journal.uod.ac/index.php/uodjournal/citationstylelanguage/download/bibtex?submissionId=3350,200,2,application/x-bibtex,
https://journal.uod.ac/index.php/uodjournal/citationstylelanguage/download/bibtex?submissionId=3351,200,2,application/x-bibtex,
https://journal.uod.ac/index.php/uodjournal/citationstylelanguage/download/bibtex?submissionId=3362,200,2,application/x-bibtex,
https://journal.uod.ac/index.php/uodjournal/citationstylelanguage/download/bibtex?submissionId=3363,200,2,application/x-bibtex,
https://journal.uod.ac/index.php/uodjournal/citationstylelanguage/download/bibtex?submissionId=3365,200,2,application/x-bibtex,
https://journal.uod.ac/index.php/uodjournal/citationstylelanguage/download/bibtex?submissionId=3366,200,2,application/x-bibtex,
https://journal.uod.ac/index.php/uodjournal/citationstylelanguage/download/bibtex?submissionId=3391,200,2,application/x-bibtex,
https://journal.uod.ac/index.php/uodjournal/citationstylelanguage/download/bibtex?submissionId=3392,200,2,application/x-bibtex,
https://journal.uod.ac/index.php/uodjournal/citationstylelanguage/download/bibtex?submissionId=3394,200,2,application/x-bibtex,
https://journal.uod.ac/index.php/uodjournal/citationstylelanguage/download/ris?submissionId=2791,200,2,application/x-research-info-systems,
https://journal.uod.ac/index.php/uodjournal/citationstylelanguage/download/ris?submissionId=2792,200,2,application/x-research-info-systems,
https://journal.uod.ac/index.php/uodjournal/citationstylelanguage/download/ris?submissionId=2793,200,2,application/x-research-info-systems,
https://journal.uod.ac/index.php/uodjournal/citationstylelanguage/download/ris?submissionId=2795,200,2,application/x-research-info-systems,
https://journal.uod.ac/index.php/uodjournal/citationstylelanguage/download/ris?submissionId=2796,200,2,application/x-research-info-systems,
https://journal.uod.ac/index.php/uodjournal/citationstylelanguage/download/ris?submissionId=2797,200,2,application/x-research-info-systems,
https://journal.uod.ac/index.php/uodjournal/citationstylelanguage/download/ris?submissionId=2799,200,2,application/x-research-info-systems,
https://journal.uod.ac/index.php/uodjournal/citationstylelanguage/download/ris?submissionId=2800,200,2,application/x-research-info-systems,
https://journal.uod.ac/index.php/uodjournal/citationstylelanguage/download/ris?submissionId=2805,200,2,application/x-research-info-systems,
https://journal.uod.ac/index.php/uodjournal/citationstylelanguage/download/ris?submissionId=2806,200,2,application/x-research-info-systems,
https://journal.uod.ac/index.php/uodjournal/citationstylelanguage/download/ris?submissionId=2807,200,2,application/x-research-info-systems,
https://journal.uod.ac/index.php/uodjournal/citationstylelanguage/download/ris?submissionId=2809,200,2,application/x-research-info-systems,
https://journal.uod.ac/index.php/uodjournal/citationstylelanguage/download/ris?submissionId=2810,200,2,application/x-research-info-systems,
https://journal.uod.ac/index.php/uodjournal/citationstylelanguage/download/ris?submissionId=2811,200,2,application/x-research-info-systems,
https://journal.uod.ac/index.php/uodjournal/citationstylelanguage/download/ris?submissionId=2812,200,2,application/x-research-info-systems,
https://journal.uod.ac/index.php/uodjournal/citationstylelanguage/download/ris?submissionId=2813,200,2,application/x-research-info-systems,
https://journal.uod.ac/index.php/uodjournal/citationstylelanguage/download/ris?submissionId=2814,200,2,application/x-research-info-systems,
https://journal.uod.ac/index.php/uodjournal/citationstylelanguage/download/ris?submissionId=2817,200,2,application/x-research-info-systems,
https://journal.uod.ac/index.php/uodjournal/citationstylelanguage/download/ris?submissionId=2818,200,2,application/x-research-info-systems,
https://journal.uod.ac/index.php/uodjournal/citationstylelanguage/download/ris?submissionId=2819,200,2,application/x-research-info-systems,
https://journal.uod.ac/index.php/uodjournal/citationstylelanguage/download/ris?submissionId=2820,200,2,application/x-research-info-systems,
https://journal.uod.ac/index.php/uodjournal/citationstylelanguage/download/ris?submissionId=2821,200,2,application/x-research-info-systems,
https://journal.uod.ac/index.php/uodjournal/citationstylelanguage/download/ris?submissionId=2822,200,2,application/x-research-info-systems,
https://journal.uod.ac/index.php/uodjournal/citationstylelanguage/download/ris?submissionId=2823,200,2,application/x-research-info-systems,
https://journal.uod.ac/index.php/uodjournal/citationstylelanguage/download/ris?submissionId=2825,200,2,application/x-research-info-systems,
https://journal.uod.ac/index.php/uodjournal/citationstylelanguage/download/ris?submissionId=2826,200,2,application/x-research-info-systems,
https://journal.uod.ac/index.php/uodjournal/citationstylelanguage/download/ris?submissionId=2827,200,2,application/x-research-info-systems,
https://journal.uod.ac/index.php/uodjournal/citationstylelanguage/download/ris?submissionId=2828,200,2,application/x-research-info-systems,
https://journal.uod.ac/index.php/uodjournal/citationstylelanguage/download/ris?submissionId=2830,200,2,application/x-research-info-systems,
https://journal.uod.ac/index.php/uodjournal/citationstylelanguage/download/ris?submissionId=2835,200,2,application/x-research-info-systems,
https://journal.uod.ac/index.php/uodjournal/citationstylelanguage/download/ris?submissionId=2836,200,2,application/x-research-info-systems,
https://journal.uod.ac/index.php/uodjournal/citationstylelanguage/download/ris?submissionId=2837,200,2,application/x-research-info-systems,
https://journal.uod.ac/index.php/uodjournal/citationstylelanguage/download/ris?submissionId=2838,200,2,application/x-research-info-systems,
https://journal.uod.ac/index.php/uodjournal/citationstylelanguage/download/ris?submissionId=2849,200,2,application/x-research-info-systems,
https://journal.uod.ac/index.php/uodjournal/citationstylelanguage/download/ris?submissionId=2850,200,2,application/x-research-info-systems,
https://journal.uod.ac/index.php/uodjournal/citationstylelanguage/download/ris?submissionId=2852,200,2,application/x-research-info-systems,
https://journal.uod.ac/index.php/uodjournal/citationstylelanguage/download/ris?submissionId=2853,200,2,application/x-research-info-systems,
https://journal.uod.ac/index.php/uodjournal/citationstylelanguage/download/ris?submissionId=2854,200,2,application/x-research-info-systems,
https://journal.uod.ac/index.php/uodjournal/citationstylelanguage/download/ris?submissionId=2855,200,2,application/x-research-info-systems,
https://journal.uod.ac/index.php/uodjournal/citationstylelanguage/download/ris?submissionId=2856,200,2,application/x-research-info-systems,
https://journal.uod.ac/index.php/uodjournal/citationstylelanguage/download/ris?submissionId=2857,200,2,application/x-research-info-systems,
https://journal.uod.ac/index.php/uodjournal/citationstylelanguage/download/ris?submissionId=2858,200,2,application/x-research-info-systems,
https://journal.uod.ac/index.php/uodjournal/citationstylelanguage/download/ris?submissionId=2866,200,2,application/x-research-info-systems,
https://journal.uod.ac/index.php/uodjournal/citationstylelanguage/download/ris?submissionId=2879,200,2,application/x-research-info-systems,
https://journal.uod.ac/index.php/uodjournal/citationstylelanguage/download/ris?submissionId=2880,200,2,application/x-research-info-systems,
https://journal.uod.ac/index.php/uodjournal/citationstylelanguage/download/ris?submissionId=2881,200,2,application/x-research-info-systems,
https://journal.uod.ac/index.php/uodjournal/citationstylelanguage/download/ris?submissionId=2882,200,2,application/x-research-info-systems,
https://journal.uod.ac/index.php/uodjournal/citationstylelanguage/download/ris?submissionId=2883,200,2,application/x-research-info-systems,
https://journal.uod.ac/index.php/uodjournal/citationstylelanguage/download/ris?submissionId=2884,200,2,application/x-research-info-systems,
https://journal.uod.ac/index.php/uodjournal/citationstylelanguage/download/ris?submissionId=2885,200,2,application/x-research-info-systems,
https://journal.uod.ac/index.php/uodjournal/citationstylelanguage/download/ris?submissionId=2886,200,2,application/x-research-info-systems,
https://journal.uod.ac/index.php/uodjournal/citationstylelanguage/download/ris?submissionId=2887,200,2,application/x-research-info-systems,
https://journal.uod.ac/index.php/uodjournal/citationstylelanguage/download/ris?submissionId=2889,200,2,application/x-research-info-systems,
https://journal.uod.ac/index.php/uodjournal/citationstylelanguage/download/ris?submissionId=2890,200,2,application/x-research-info-systems,
https://journal.uod.ac/index.php/uodjournal/citationstylelanguage/download/ris?submissionId=2891,200,2,application/x-research-info-systems,
https://journal.uod.ac/index.php/uodjournal/citationstylelanguage/download/ris?submissionId=2892,200,2,application/x-research-info-systems,
https://journal.uod.ac/index.php/uodjournal/citationstylelanguage/download/ris?submissionId=2897,200,2,application/x-research-info-systems,
https://journal.uod.ac/index.php/uodjournal/citationstylelanguage/download/ris?submissionId=2907,200,2,application/x-research-info-systems,
https://journal.uod.ac/index.php/uodjournal/citationstylelanguage/download/ris?submissionId=2908,200,2,application/x-research-info-systems,
https://journal.uod.ac/index.php/uodjournal/citationstylelanguage/download/ris?submissionId=2909,200,2,application/x-research-info-systems,
https://journal.uod.ac/index.php/uodjournal/citationstylelanguage/download/ris?submissionId=2910,200,2,application/x-research-info-systems,
https://journal.uod.ac/index.php/uodjournal/citationstylelanguage/download/ris?submissionId=2911,200,2,application/x-research-info-systems,
https://journal.uod.ac/index.php/uodjournal/citationstylelanguage/download/ris?submissionId=2912,200,2,application/x-research-info-systems,
https://journal.uod.ac/index.php/uodjournal/citationstylelanguage/download/ris?submissionId=2913,200,2,application/x-research-info-systems,
https://journal.uod.ac/index.php/uodjournal/citationstylelanguage/download/ris?submissionId=2914,200,2,application/x-research-info-systems,
https://journal.uod.ac/index.php/uodjournal/citationstylelanguage/download/ris?submissionId=2917,200,2,application/x-research-info-systems,
https://journal.uod.ac/index.php/uodjournal/citationstylelanguage/download/ris?submissionId=2918,200,2,application/x-research-info-systems,
https://journal.uod.ac/index.php/uodjournal/citationstylelanguage/download/ris?submissionId=2923,200,2,application/x-research-info-systems,
https://journal.uod.ac/index.php/uodjournal/citationstylelanguage/download/ris?submissionId=2924,200,2,application/x-research-info-systems,
https://journal.uod.ac/index.php/uodjournal/citationstylelanguage/download/ris?submissionId=2925,200,2,application/x-research-info-systems,
https://journal.uod.ac/index.php/uodjournal/citationstylelanguage/download/ris?submissionId=2926,200,2,application/x-research-info-systems,
https://journal.uod.ac/index.php/uodjournal/citationstylelanguage/download/ris?submissionId=2927,200,2,application/x-research-info-systems,
https://journal.uod.ac/index.php/uodjournal/citationstylelanguage/download/ris?submissionId=2928,200,2,application/x-research-info-systems,
https://journal.uod.ac/index.php/uodjournal/citationstylelanguage/download/ris?submissionId=2937,200,2,application/x-research-info-systems,
https://journal.uod.ac/index.php/uodjournal/citationstylelanguage/download/ris?submissionId=2938,200,2,application/x-research-info-systems,
https://journal.uod.ac/index.php/uodjournal/citationstylelanguage/download/ris?submissionId=2942,200,2,application/x-research-info-systems,
https://journal.uod.ac/index.php/uodjournal/citationstylelanguage/download/ris?submissionId=2943,200,2,application/x-research-info-systems,
https://journal.uod.ac/index.php/uodjournal/citationstylelanguage/download/ris?submissionId=2973,200,2,application/x-research-info-systems,
https://journal.uod.ac/index.php/uodjournal/citationstylelanguage/download/ris?submissionId=2975,200,2,application/x-research-info-systems,
https://journal.uod.ac/index.php/uodjournal/citationstylelanguage/download/ris?submissionId=2980,200,2,application/x-research-info-systems,
https://journal.uod.ac/index.php/uodjournal/citationstylelanguage/download/ris?submissionId=2981,200,2,application/x-research-info-systems,
https://journal.uod.ac/index.php/uodjournal/citationstylelanguage/download/ris?submissionId=3021,200,2,application/x-research-info-systems,
https://journal.uod.ac/index.php/uodjournal/citationstylelanguage/download/ris?submissionId=3022,200,2,application/x-research-info-systems,
https://journal.uod.ac/index.php/uodjournal/citationstylelanguage/download/ris?submissionId=3031,200,2,application/x-research-info-systems,
https://journal.uod.ac/index.php/uodjournal/citationstylelanguage/download/ris?submissionId=3118,200,2,application/x-research-info-systems,
https://journal.uod.ac/index.php/uodjournal/citationstylelanguage/download/ris?submissionId=3126,200,2,application/x-research-info-systems,
https://journal.uod.ac/index.php/uodjournal/citationstylelanguage/download/ris?submissionId=3127,200,2,application/x-research-info-systems,
https://journal.uod.ac/index.php/uodjournal/citationstylelanguage/download/ris?submissionId=3144,200,2,application/x-research-info-systems,
https://journal.uod.ac/index.php/uodjournal/citationstylelanguage/download/ris?submissionId=3146,200,2,application/x-research-info-systems,
https://journal.uod.ac/index.php/uodjournal/citationstylelanguage/download/ris?submissionId=3153,200,2,application/x-research-info-systems,
https://journal.uod.ac/index.php/uodjournal/citationstylelanguage/download/ris?submissionId=3154,200,2,application/x-research-info-systems,
https://journal.uod.ac/index.php/uodjournal/citationstylelanguage/download/ris?submissionId=3161,200,2,application/x-research-info-systems,
https://journal.uod.ac/index.php/uodjournal/citationstylelanguage/download/ris?submissionId=3162,200,2,application/x-research-info-systems,
https://journal.uod.ac/index.php/uodjournal/citationstylelanguage/download/ris?submissionId=3163,200,2,application/x-research-info-systems,
https://journal.uod.ac/index.php/uodjournal/citationstylelanguage/download/ris?submissionId=3164,200,2,application/x-research-info-systems,
https://journal.uod.ac/index.php/uodjournal/citationstylelanguage/download/ris?submissionId=3168,200,2,application/x-research-info-systems,
https://journal.uod.ac/index.php/uodjournal/citationstylelanguage/download/ris?submissionId=3178,200,2,application/x-research-info-systems,
https://journal.uod.ac/index.php/uodjournal/citationstylelanguage/download/ris?submissionId=3187,200,2,application/x-research-info-systems,
https://journal.uod.ac/index.php/uodjournal/citationstylelanguage/download/ris?submissionId=3188,200,2,application/x-research-info-systems,
https://journal.uod.ac/index.php/uodjournal/citationstylelanguage/download/ris?submissionId=3189,200,2,application/x-research-info-systems,
https://journal.uod.ac/index.php/uodjournal/citationstylelanguage/download/ris?submissionId=3196,200,2,application/x-research-info-systems,
https://journal.uod.ac/index.php/uodjournal/citationstylelanguage/download/ris?submissionId=3214,200,2,application/x-research-info-systems,
https://journal.uod.ac/index.php/uodjournal/citationstylelanguage/download/ris?submissionId=3231,200,2,application/x-research-info-systems,
https://journal.uod.ac/index.php/uodjournal/citationstylelanguage/download/ris?submissionId=3279,200,2,application/x-research-info-systems,
https://journal.uod.ac/index.php/uodjournal/citationstylelanguage/download/ris?submissionId=3280,200,2,application/x-research-info-systems,
https://journal.uod.ac/index.php/uodjournal/citationstylelanguage/download/ris?submissionId=3281,200,2,application/x-research-info-systems,
https://journal.uod.ac/index.php/uodjournal/citationstylelanguage/download/ris?submissionId=3282,200,2,application/x-research-info-systems,
https://journal.uod.ac/index.php/uodjournal/citationstylelanguage/download/ris?submissionId=3283,200,2,application/x-research-info-systems,
https://journal.uod.ac/index.php/uodjournal/citationstylelanguage/download/ris?submissionId=3284,200,2,application/x-research-info-systems,
https://journal.uod.ac/index.php/uodjournal/citationstylelanguage/download/ris?submissionId=3285,200,2,application/x-research-info-systems,
https://journal.uod.ac/index.php/uodjournal/citationstylelanguage/download/ris?submissionId=3286,200,2,application/x-research-info-systems,
https://journal.uod.ac/index.php/uodjournal/citationstylelanguage/download/ris?submissionId=3287,200,2,application/x-research-info-systems,
https://journal.uod.ac/index.php/uodjournal/citationstylelanguage/download/ris?submissionId=3288,200,2,application/x-research-info-systems,
https://journal.uod.ac/index.php/uodjournal/citationstylelanguage/download/ris?submissionId=3289,200,2,application/x-research-info-systems,
https://journal.uod.ac/index.php/uodjournal/citationstylelanguage/download/ris?submissionId=3290,200,2,application/x-research-info-systems,
https://journal.uod.ac/index.php/uodjournal/citationstylelanguage/download/ris?submissionId=3291,200,2,application/x-research-info-systems,
https://journal.uod.ac/index.php/uodjournal/citationstylelanguage/download/ris?submissionId=3292,200,2,application/x-research-info-systems,
https://journal.uod.ac/index.php/uodjournal/citationstylelanguage/download/ris?submissionId=3293,200,2,application/x-research-info-systems,
https://journal.uod.ac/index.php/uodjournal/citationstylelanguage/download/ris?submissionId=3294,200,2,application/x-research-info-systems,
https://journal.uod.ac/index.php/uodjournal/citationstylelanguage/download/ris?submissionId=3295,200,2,application/x-research-info-systems,
https://journal.uod.ac/index.php/uodjournal/citationstylelanguage/download/ris?submissionId=3296,200,2,application/x-research-info-systems,
https://journal.uod.ac/index.php/uodjournal/citationstylelanguage/download/ris?submissionId=3297,200,2,application/x-research-info-systems,
https://journal.uod.ac/index.php/uodjournal/citationstylelanguage/download/ris?submissionId=3298,200,2,application/x-research-info-systems,
https://journal.uod.ac/index.php/uodjournal/citationstylelanguage/download/ris?submissionId=3299,200,2,application/x-research-info-systems,
https://journal.uod.ac/index.php/uodjournal/citationstylelanguage/download/ris?submissionId=3300,200,2,application/x-research-info-systems,
https://journal.uod.ac/index.php/uodjournal/citationstylelanguage/download/ris?submissionId=3302,200,2,application/x-research-info-systems,
https://journal.uod.ac/index.php/uodjournal/citationstylelanguage/download/ris?submissionId=3303,200,2,application/x-research-info-systems,
https://journal.uod.ac/index.php/uodjournal/citationstylelanguage/download/ris?submissionId=3305,200,2,application/x-research-info-systems,
https://journal.uod.ac/index.php/uodjournal/citationstylelanguage/download/ris?submissionId=3306,200,2,application/x-research-info-systems,
https://journal.uod.ac/index.php/uodjournal/citationstylelanguage/download/ris?submissionId=3307,200,2,application/x-research-info-systems,
https://journal.uod.ac/index.php/uodjournal/citationstylelanguage/download/ris?submissionId=3308,200,2,application/x-research-info-systems,
https://journal.uod.ac/index.php/uodjournal/citationstylelanguage/download/ris?submissionId=3309,200,2,application/x-research-info-systems,
https://journal.uod.ac/index.php/uodjournal/citationstylelanguage/download/ris?submissionId=3310,200,2,application/x-research-info-systems,
https://journal.uod.ac/index.php/uodjournal/citationstylelanguage/download/ris?submissionId=3312,200,2,application/x-research-info-systems,
https://journal.uod.ac/index.php/uodjournal/citationstylelanguage/download/ris?submissionId=3313,200,2,application/x-research-info-systems,
https://journal.uod.ac/index.php/uodjournal/citationstylelanguage/download/ris?submissionId=3314,200,2,application/x-research-info-systems,
https://journal.uod.ac/index.php/uodjournal/citationstylelanguage/download/ris?submissionId=3315,200,2,application/x-research-info-systems,
https://journal.uod.ac/index.php/uodjournal/citationstylelanguage/download/ris?submissionId=3316,200,2,application/x-research-info-systems,
https://journal.uod.ac/index.php/uodjournal/citationstylelanguage/download/ris?submissionId=3319,200,2,application/x-research-info-systems,
https://journal.uod.ac/index.php/uodjournal/citationstylelanguage/download/ris?submissionId=3320,200,2,application/x-research-info-systems,
https://journal.uod.ac/index.php/uodjournal/citationstylelanguage/download/ris?submissionId=3321,200,2,application/x-research-info-systems,
https://journal.uod.ac/index.php/uodjournal/citationstylelanguage/download/ris?submissionId=3322,200,2,application/x-research-info-systems,
https://journal.uod.ac/index.php/uodjournal/citationstylelanguage/download/ris?submissionId=3323,200,2,application/x-research-info-systems,
https://journal.uod.ac/index.php/uodjournal/citationstylelanguage/download/ris?submissionId=3324,200,2,application/x-research-info-systems,
https://journal.uod.ac/index.php/uodjournal/citationstylelanguage/download/ris?submissionId=3325,200,2,application/x-research-info-systems,
https://journal.uod.ac/index.php/uodjournal/citationstylelanguage/download/ris?submissionId=3326,200,2,application/x-research-info-systems,
https://journal.uod.ac/index.php/uodjournal/citationstylelanguage/download/ris?submissionId=3327,200,2,application/x-research-info-systems,
https://journal.uod.ac/index.php/uodjournal/citationstylelanguage/download/ris?submissionId=3328,200,2,application/x-research-info-systems,
https://journal.uod.ac/index.php/uodjournal/citationstylelanguage/download/ris?submissionId=3329,200,2,application/x-research-info-systems,
https://journal.uod.ac/index.php/uodjournal/citationstylelanguage/download/ris?submissionId=3330,200,2,application/x-research-info-systems,
https://journal.uod.ac/index.php/uodjournal/citationstylelanguage/download/ris?submissionId=3331,200,2,application/x-research-info-systems,
https://journal.uod.ac/index.php/uodjournal/citationstylelanguage/download/ris?submissionId=3332,200,2,application/x-research-info-systems,
https://journal.uod.ac/index.php/uodjournal/citationstylelanguage/download/ris?submissionId=3333,200,2,application/x-research-info-systems,
https://journal.uod.ac/index.php/uodjournal/citationstylelanguage/download/ris?submissionId=3334,200,2,application/x-research-info-systems,
https://journal.uod.ac/index.php/uodjournal/citationstylelanguage/download/ris?submissionId=3335,200,2,application/x-research-info-systems,
https://journal.uod.ac/index.php/uodjournal/citationstylelanguage/download/ris?submissionId=3336,200,2,application/x-research-info-systems,
https://journal.uod.ac/index.php/uodjournal/citationstylelanguage/download/ris?submissionId=3337,200,2,application/x-research-info-systems,
https://journal.uod.ac/index.php/uodjournal/citationstylelanguage/download/ris?submissionId=3338,200,2,application/x-research-info-systems,
https://journal.uod.ac/index.php/uodjournal/citationstylelanguage/download/ris?submissionId=3339,200,2,application/x-research-info-systems,
https://journal.uod.ac/index.php/uodjournal/citationstylelanguage/download/ris?submissionId=3340,200,2,application/x-research-info-systems,
https://journal.uod.ac/index.php/uodjournal/citationstylelanguage/download/ris?submissionId=3341,200,2,application/x-research-info-systems,
https://journal.uod.ac/index.php/uodjournal/citationstylelanguage/download/ris?submissionId=3342,200,2,application/x-research-info-systems,
https://journal.uod.ac/index.php/uodjournal/citationstylelanguage/download/ris?submissionId=3343,200,2,application/x-research-info-systems,
https://journal.uod.ac/index.php/uodjournal/citationstylelanguage/download/ris?submissionId=3344,200,2,application/x-research-info-systems,
https://journal.uod.ac/index.php/uodjournal/citationstylelanguage/download/ris?submissionId=3345,200,2,application/x-research-info-systems,
https://journal.uod.ac/index.php/uodjournal/citationstylelanguage/download/ris?submissionId=3346,200,2,application/x-research-info-systems,
https://journal.uod.ac/index.php/uodjournal/citationstylelanguage/download/ris?submissionId=3347,200,2,application/x-research-info-systems,
https://journal.uod.ac/index.php/uodjournal/citationstylelanguage/download/ris?submissionId=3348,200,2,application/x-research-info-systems,
https://journal.uod.ac/index.php/uodjournal/citationstylelanguage/download/ris?submissionId=3349,200,2,application/x-research-info-systems,
https://journal.uod.ac/index.php/uodjournal/citationstylelanguage/download/ris?submissionId=3350,200,2,application/x-research-info-systems,
https://journal.uod.ac/index.php/uodjournal/citationstylelanguage/download/ris?submissionId=3351,200,2,application/x-research-info-systems,
https://journal.uod.ac/index.php/uodjournal/citationstylelanguage/download/ris?submissionId=3362,200,2,application/x-research-info-systems,
https://journal.uod.ac/index.php/uodjournal/citationstylelanguage/download/ris?submissionId=3363,200,2,application/x-research-info-systems,
https://journal.uod.ac/index.php/uodjournal/citationstylelanguage/download/ris?submissionId=3365,200,2,application/x-research-info-systems,
https://journal.uod.ac/index.php/uodjournal/citationstylelanguage/download/ris?submissionId=3366,200,2,application/x-research-info-systems,
https://journal.uod.ac/index.php/uodjournal/citationstylelanguage/download/ris?submissionId=3391,200,2,application/x-research-info-systems,
https://journal.uod.ac/index.php/uodjournal/citationstylelanguage/download/ris?submissionId=3392,200,2,application/x-research-info-systems,
https://journal.uod.ac/index.php/uodjournal/citationstylelanguage/download/ris?submissionId=3394,200,2,application/x-research-info-systems,
https://journal.uod.ac/index.php/uodjournal/citationstylelanguage/get/acm-sig-proceedings?submissionId=2791,200,2,text/html,
https://journal.uod.ac/index.php/uodjournal/citationstylelanguage/get/acm-sig-proceedings?submissionId=2792,200,2,text/html,
https://journal.uod.ac/index.php/uodjournal/citationstylelanguage/get/acm-sig-proceedings?submissionId=2793,200,2,text/html,
https://journal.uod.ac/index.php/uodjournal/citationstylelanguage/get/acm-sig-proceedings?submissionId=2795,200,2,text/html,
https://journal.uod.ac/index.php/uodjournal/citationstylelanguage/get/acm-sig-proceedings?submissionId=2796,200,2,text/html,
https://journal.uod.ac/index.php/uodjournal/citationstylelanguage/get/acm-sig-proceedings?submissionId=2797,200,2,text/html,
https://journal.uod.ac/index.php/uodjournal/citationstylelanguage/get/acm-sig-proceedings?submissionId=2799,200,2,text/html,
https://journal.uod.ac/index.php/uodjournal/citationstylelanguage/get/acm-sig-proceedings?submissionId=2800,200,2,text/html,
https://journal.uod.ac/index.php/uodjournal/citationstylelanguage/get/acm-sig-proceedings?submissionId=2805,200,2,text/html,
https://journal.uod.ac/index.php/uodjournal/citationstylelanguage/get/acm-sig-proceedings?submissionId=2806,200,2,text/html,
https://journal.uod.ac/index.php/uodjournal/citationstylelanguage/get/acm-sig-proceedings?submissionId=2807,200,2,text/html,
https://journal.uod.ac/index.php/uodjournal/citationstylelanguage/get/acm-sig-proceedings?submissionId=2809,200,2,text/html,
https://journal.uod.ac/index.php/uodjournal/citationstylelanguage/get/acm-sig-proceedings?submissionId=2810,200,2,text/html,
https://journal.uod.ac/index.php/uodjournal/citationstylelanguage/get/acm-sig-proceedings?submissionId=2811,200,2,text/html,
https://journal.uod.ac/index.php/uodjournal/citationstylelanguage/get/acm-sig-proceedings?submissionId=2812,200,2,text/html,
https://journal.uod.ac/index.php/uodjournal/citationstylelanguage/get/acm-sig-proceedings?submissionId=2813,200,2,text/html,
https://journal.uod.ac/index.php/uodjournal/citationstylelanguage/get/acm-sig-proceedings?submissionId=2814,200,2,text/html,
https://journal.uod.ac/index.php/uodjournal/citationstylelanguage/get/acm-sig-proceedings?submissionId=2817,200,2,text/html,
https://journal.uod.ac/index.php/uodjournal/citationstylelanguage/get/acm-sig-proceedings?submissionId=2818,200,2,text/html,
https://journal.uod.ac/index.php/uodjournal/citationstylelanguage/get/acm-sig-proceedings?submissionId=2819,200,2,text/html,
https://journal.uod.ac/index.php/uodjournal/citationstylelanguage/get/acm-sig-proceedings?submissionId=2820,200,2,text/html,
https://journal.uod.ac/index.php/uodjournal/citationstylelanguage/get/acm-sig-proceedings?submissionId=2821,200,2,text/html,
https://journal.uod.ac/index.php/uodjournal/citationstylelanguage/get/acm-sig-proceedings?submissionId=2822,200,2,text/html,
https://journal.uod.ac/index.php/uodjournal/citationstylelanguage/get/acm-sig-proceedings?submissionId=2823,200,2,text/html,
https://journal.uod.ac/index.php/uodjournal/citationstylelanguage/get/acm-sig-proceedings?submissionId=2825,200,2,text/html,
https://journal.uod.ac/index.php/uodjournal/citationstylelanguage/get/acm-sig-proceedings?submissionId=2826,200,2,text/html,
https://journal.uod.ac/index.php/uodjournal/citationstylelanguage/get/acm-sig-proceedings?submissionId=2827,200,2,text/html,
https://journal.uod.ac/index.php/uodjournal/citationstylelanguage/get/acm-sig-proceedings?submissionId=2828,200,2,text/html,
https://journal.uod.ac/index.php/uodjournal/citationstylelanguage/get/acm-sig-proceedings?submissionId=2830,200,2,text/html,
https://journal.uod.ac/index.php/uodjournal/citationstylelanguage/get/acm-sig-proceedings?submissionId=2835,200,2,text/html,
https://journal.uod.ac/index.php/uodjournal/citationstylelanguage/get/acm-sig-proceedings?submissionId=2836,200,2,text/html,
https://journal.uod.ac/index.php/uodjournal/citationstylelanguage/get/acm-sig-proceedings?submissionId=2837,200,2,text/html,
https://journal.uod.ac/index.php/uodjournal/citationstylelanguage/get/acm-sig-proceedings?submissionId=2838,200,2,text/html,
https://journal.uod.ac/index.php/uodjournal/citationstylelanguage/get/acm-sig-proceedings?submissionId=2849,200,2,text/html,
https://journal.uod.ac/index.php/uodjournal/citationstylelanguage/get/acm-sig-proceedings?submissionId=2850,200,2,text/html,
https://journal.uod.ac/index.php/uodjournal/citationstylelanguage/get/acm-sig-proceedings?submissionId=2852,200,2,text/html,
https://journal.uod.ac/index.php/uodjournal/citationstylelanguage/get/acm-sig-proceedings?submissionId=2853,200,2,text/html,
https://journal.uod.ac/index.php/uodjournal/citationstylelanguage/get/acm-sig-proceedings?submissionId=2854,200,2,text/html,
https://journal.uod.ac/index.php/uodjournal/citationstylelanguage/get/acm-sig-proceedings?submissionId=2855,200,2,text/html,
https://journal.uod.ac/index.php/uodjournal/citationstylelanguage/get/acm-sig-proceedings?submissionId=2856,200,2,text/html,
https://journal.uod.ac/index.php/uodjournal/citationstylelanguage/get/acm-sig-proceedings?submissionId=2857,200,2,text/html,
https://journal.uod.ac/index.php/uodjournal/citationstylelanguage/get/acm-sig-proceedings?submissionId=2858,200,2,text/html,
https://journal.uod.ac/index.php/uodjournal/citationstylelanguage/get/acm-sig-proceedings?submissionId=2866,200,2,text/html,
https://journal.uod.ac/index.php/uodjournal/citationstylelanguage/get/acm-sig-proceedings?submissionId=2879,200,2,text/html,
https://journal.uod.ac/index.php/uodjournal/citationstylelanguage/get/acm-sig-proceedings?submissionId=2880,200,2,text/html,
https://journal.uod.ac/index.php/uodjournal/citationstylelanguage/get/acm-sig-proceedings?submissionId=2881,200,2,text/html,
https://journal.uod.ac/index.php/uodjournal/citationstylelanguage/get/acm-sig-proceedings?submissionId=2882,200,2,text/html,
https://journal.uod.ac/index.php/uodjournal/citationstylelanguage/get/acm-sig-proceedings?submissionId=2883,200,2,text/html,
https://journal.uod.ac/index.php/uodjournal/citationstylelanguage/get/acm-sig-proceedings?submissionId=2884,200,2,text/html,
https://journal.uod.ac/index.php/uodjournal/citationstylelanguage/get/acm-sig-proceedings?submissionId=2885,200,2,text/html,
https://journal.uod.ac/index.php/uodjournal/citationstylelanguage/get/acm-sig-proceedings?submissionId=2886,200,2,text/html,
https://journal.uod.ac/index.php/uodjournal/citationstylelanguage/get/acm-sig-proceedings?submissionId=2887,200,2,text/html,
https://journal.uod.ac/index.php/uodjournal/citationstylelanguage/get/acm-sig-proceedings?submissionId=2889,200,2,text/html,
https://journal.uod.ac/index.php/uodjournal/citationstylelanguage/get/acm-sig-proceedings?submissionId=2890,200,2,text/html,
https://journal.uod.ac/index.php/uodjournal/citationstylelanguage/get/acm-sig-proceedings?submissionId=2891,200,2,text/html,
https://journal.uod.ac/index.php/uodjournal/citationstylelanguage/get/acm-sig-proceedings?submissionId=2892,200,2,text/html,
https://journal.uod.ac/index.php/uodjournal/citationstylelanguage/get/acm-sig-proceedings?submissionId=2897,200,2,text/html,
https://journal.uod.ac/index.php/uodjournal/citationstylelanguage/get/acm-sig-proceedings?submissionId=2907,200,2,text/html,
https://journal.uod.ac/index.php/uodjournal/citationstylelanguage/get/acm-sig-proceedings?submissionId=2908,200,2,text/html,
https://journal.uod.ac/index.php/uodjournal/citationstylelanguage/get/acm-sig-proceedings?submissionId=2909,200,2,text/html,
https://journal.uod.ac/index.php/uodjournal/citationstylelanguage/get/acm-sig-proceedings?submissionId=2910,200,2,text/html,
https://journal.uod.ac/index.php/uodjournal/citationstylelanguage/get/acm-sig-proceedings?submissionId=2911,200,2,text/html,
https://journal.uod.ac/index.php/uodjournal/citationstylelanguage/get/acm-sig-proceedings?submissionId=2912,200,2,text/html,
https://journal.uod.ac/index.php/uodjournal/citationstylelanguage/get/acm-sig-proceedings?submissionId=2913,200,2,text/html,
https://journal.uod.ac/index.php/uodjournal/citationstylelanguage/get/acm-sig-proceedings?submissionId=2914,200,2,text/html,
https://journal.uod.ac/index.php/uodjournal/citationstylelanguage/get/acm-sig-proceedings?submissionId=2917,200,2,text/html,
https://journal.uod.ac/index.php/uodjournal/citationstylelanguage/get/acm-sig-proceedings?submissionId=2918,200,2,text/html,
https://journal.uod.ac/index.php/uodjournal/citationstylelanguage/get/acm-sig-proceedings?submissionId=2923,200,2,text/html,
https://journal.uod.ac/index.php/uodjournal/citationstylelanguage/get/acm-sig-proceedings?submissionId=2924,200,2,text/html,
https://journal.uod.ac/index.php/uodjournal/citationstylelanguage/get/acm-sig-proceedings?submissionId=2925,200,2,text/html,
https://journal.uod.ac/index.php/uodjournal/citationstylelanguage/get/acm-sig-proceedings?submissionId=2926,200,2,text/html,
https://journal.uod.ac/index.php/uodjournal/citationstylelanguage/get/acm-sig-proceedings?submissionId=2927,200,2,text/html,
https://journal.uod.ac/index.php/uodjournal/citationstylelanguage/get/acm-sig-proceedings?submissionId=2928,200,2,text/html,
https://journal.uod.ac/index.php/uodjournal/citationstylelanguage/get/acm-sig-proceedings?submissionId=2937,200,2,text/html,
https://journal.uod.ac/index.php/uodjournal/citationstylelanguage/get/acm-sig-proceedings?submissionId=2938,200,2,text/html,
https://journal.uod.ac/index.php/uodjournal/citationstylelanguage/get/acm-sig-proceedings?submissionId=2942,200,2,text/html,
https://journal.uod.ac/index.php/uodjournal/citationstylelanguage/get/acm-sig-proceedings?submissionId=2943,200,2,text/html,
https://journal.uod.ac/index.php/uodjournal/citationstylelanguage/get/acm-sig-proceedings?submissionId=2973,200,2,text/html,
https://journal.uod.ac/index.php/uodjournal/citationstylelanguage/get/acm-sig-proceedings?submissionId=2975,200,2,text/html,
https://journal.uod.ac/index.php/uodjournal/citationstylelanguage/get/acm-sig-proceedings?submissionId=2980,200,2,text/html,
https://journal.uod.ac/index.php/uodjournal/citationstylelanguage/get/acm-sig-proceedings?submissionId=2981,200,2,text/html,
https://journal.uod.ac/index.php/uodjournal/citationstylelanguage/get/acm-sig-proceedings?submissionId=3021,200,2,text/html,
https://journal.uod.ac/index.php/uodjournal/citationstylelanguage/get/acm-sig-proceedings?submissionId=3022,200,2,text/html,
https://journal.uod.ac/index.php/uodjournal/citationstylelanguage/get/acm-sig-proceedings?submissionId=3031,200,2,text/html,
https://journal.uod.ac/index.php/uodjournal/citationstylelanguage/get/acm-sig-proceedings?submissionId=3118,200,2,text/html,
https://journal.uod.ac/index.php/uodjournal/citationstylelanguage/get/acm-sig-proceedings?submissionId=3126,200,2,text/html,
https://journal.uod.ac/index.php/uodjournal/citationstylelanguage/get/acm-sig-proceedings?submissionId=3127,200,2,text/html,
https://journal.uod.ac/index.php/uodjournal/citationstylelanguage/get/acm-sig-proceedings?submissionId=3144,200,2,text/html,
https://journal.uod.ac/index.php/uodjournal/citationstylelanguage/get/acm-sig-proceedings?submissionId=3146,200,2,text/html,
https://journal.uod.ac/index.php/uodjournal/citationstylelanguage/get/acm-sig-proceedings?submissionId=3153,200,2,text/html,
https://journal.uod.ac/index.php/uodjournal/citationstylelanguage/get/acm-sig-proceedings?submissionId=3154,200,2,text/html,
https://journal.uod.ac/index.php/uodjournal/citationstylelanguage/get/acm-sig-proceedings?submissionId=3161,200,2,text/html,
https://journal.uod.ac/index.php/uodjournal/citationstylelanguage/get/acm-sig-proceedings?submissionId=3162,200,2,text/html,
https://journal.uod.ac/index.php/uodjournal/citationstylelanguage/get/acm-sig-proceedings?submissionId=3163,200,2,text/html,
https://journal.uod.ac/index.php/uodjournal/citationstylelanguage/get/acm-sig-proceedings?submissionId=3164,200,2,text/html,
https://journal.uod.ac/index.php/uodjournal/citationstylelanguage/get/acm-sig-proceedings?submissionId=3168,200,2,text/html,
https://journal.uod.ac/index.php/uodjournal/citationstylelanguage/get/acm-sig-proceedings?submissionId=3178,200,2,text/html,
https://journal.uod.ac/index.php/uodjournal/citationstylelanguage/get/acm-sig-proceedings?submissionId=3187,200,2,text/html,
https://journal.uod.ac/index.php/uodjournal/citationstylelanguage/get/acm-sig-proceedings?submissionId=3188,200,2,text/html,
https://journal.uod.ac/index.php/uodjournal/citationstylelanguage/get/acm-sig-proceedings?submissionId=3189,200,2,text/html,
https://journal.uod.ac/index.php/uodjournal/citationstylelanguage/get/acm-sig-proceedings?submissionId=3196,200,2,text/html,
https://journal.uod.ac/index.php/uodjournal/citationstylelanguage/get/acm-sig-proceedings?submissionId=3214,200,2,text/html,
https://journal.uod.ac/index.php/uodjournal/citationstylelanguage/get/acm-sig-proceedings?submissionId=3231,200,2,text/html,
https://journal.uod.ac/index.php/uodjournal/citationstylelanguage/get/acm-sig-proceedings?submissionId=3279,200,2,text/html,
https://journal.uod.ac/index.php/uodjournal/citationstylelanguage/get/acm-sig-proceedings?submissionId=3280,200,2,text/html,
https://journal.uod.ac/index.php/uodjournal/citationstylelanguage/get/acm-sig-proceedings?submissionId=3281,200,2,text/html,
https://journal.uod.ac/index.php/uodjournal/citationstylelanguage/get/acm-sig-proceedings?submissionId=3282,200,2,text/html,
https://journal.uod.ac/index.php/uodjournal/citationstylelanguage/get/acm-sig-proceedings?submissionId=3283,200,2,text/html,
https://journal.uod.ac/index.php/uodjournal/citationstylelanguage/get/acm-sig-proceedings?submissionId=3284,200,2,text/html,
https://journal.uod.ac/index.php/uodjournal/citationstylelanguage/get/acm-sig-proceedings?submissionId=3285,200,2,text/html,
https://journal.uod.ac/index.php/uodjournal/citationstylelanguage/get/acm-sig-proceedings?submissionId=3286,200,2,text/html,
https://journal.uod.ac/index.php/uodjournal/citationstylelanguage/get/acm-sig-proceedings?submissionId=3287,200,2,text/html,
https://journal.uod.ac/index.php/uodjournal/citationstylelanguage/get/acm-sig-proceedings?submissionId=3288,200,2,text/html,
https://journal.uod.ac/index.php/uodjournal/citationstylelanguage/get/acm-sig-proceedings?submissionId=3289,200,2,text/html,
https://journal.uod.ac/index.php/uodjournal/citationstylelanguage/get/acm-sig-proceedings?submissionId=3290,200,2,text/html,
https://journal.uod.ac/index.php/uodjournal/citationstylelanguage/get/acm-sig-proceedings?submissionId=3291,200,2,text/html,
https://journal.uod.ac/index.php/uodjournal/citationstylelanguage/get/acm-sig-proceedings?submissionId=3292,200,2,text/html,
https://journal.uod.ac/index.php/uodjournal/citationstylelanguage/get/acm-sig-proceedings?submissionId=3293,200,2,text/html,
https://journal.uod.ac/index.php/uodjournal/citationstylelanguage/get/acm-sig-proceedings?submissionId=3294,200,2,text/html,
https://journal.uod.ac/index.php/uodjournal/citationstylelanguage/get/acm-sig-proceedings?submissionId=3295,200,2,text/html,
https://journal.uod.ac/index.php/uodjournal/citationstylelanguage/get/acm-sig-proceedings?submissionId=3296,200,2,text/html,
https://journal.uod.ac/index.php/uodjournal/citationstylelanguage/get/acm-sig-proceedings?submissionId=3297,200,2,text/html,
https://journal.uod.ac/index.php/uodjournal/citationstylelanguage/get/acm-sig-proceedings?submissionId=3298,200,2,text/html,
https://journal.uod.ac/index.php/uodjournal/citationstylelanguage/get/acm-sig-proceedings?submissionId=3299,200,2,text/html,
https://journal.uod.ac/index.php/uodjournal/citationstylelanguage/get/acm-sig-proceedings?submissionId=3300,200,2,text/html,
https://journal.uod.ac/index.php/uodjournal/citationstylelanguage/get/acm-sig-proceedings?submissionId=3302,200,2,text/html,
https://journal.uod.ac/index.php/uodjournal/citationstylelanguage/get/acm-sig-proceedings?submissionId=3303,200,2,text/html,
https://journal.uod.ac/index.php/uodjournal/citationstylelanguage/get/acm-sig-proceedings?submissionId=3305,200,2,text/html,
https://journal.uod.ac/index.php/uodjournal/citationstylelanguage/get/acm-sig-proceedings?submissionId=3306,200,2,text/html,
https://journal.uod.ac/index.php/uodjournal/citationstylelanguage/get/acm-sig-proceedings?submissionId=3307,200,2,text/html,
https://journal.uod.ac/index.php/uodjournal/citationstylelanguage/get/acm-sig-proceedings?submissionId=3308,200,2,text/html,
https://journal.uod.ac/index.php/uodjournal/citationstylelanguage/get/acm-sig-proceedings?submissionId=3309,200,2,text/html,
https://journal.uod.ac/index.php/uodjournal/citationstylelanguage/get/acm-sig-proceedings?submissionId=3310,200,2,text/html,
https://journal.uod.ac/index.php/uodjournal/citationstylelanguage/get/acm-sig-proceedings?submissionId=3312,200,2,text/html,
https://journal.uod.ac/index.php/uodjournal/citationstylelanguage/get/acm-sig-proceedings?submissionId=3313,200,2,text/html,
https://journal.uod.ac/index.php/uodjournal/citationstylelanguage/get/acm-sig-proceedings?submissionId=3314,200,2,text/html,
https://journal.uod.ac/index.php/uodjournal/citationstylelanguage/get/acm-sig-proceedings?submissionId=3315,200,2,text/html,
https://journal.uod.ac/index.php/uodjournal/citationstylelanguage/get/acm-sig-proceedings?submissionId=3316,200,2,text/html,
https://journal.uod.ac/index.php/uodjournal/citationstylelanguage/get/acm-sig-proceedings?submissionId=3319,200,2,text/html,
https://journal.uod.ac/index.php/uodjournal/citationstylelanguage/get/acm-sig-proceedings?submissionId=3320,200,2,text/html,
https://journal.uod.ac/index.php/uodjournal/citationstylelanguage/get/acm-sig-proceedings?submissionId=3321,200,2,text/html,
https://journal.uod.ac/index.php/uodjournal/citationstylelanguage/get/acm-sig-proceedings?submissionId=3322,200,2,text/html,
https://journal.uod.ac/index.php/uodjournal/citationstylelanguage/get/acm-sig-proceedings?submissionId=3323,200,2,text/html,
https://journal.uod.ac/index.php/uodjournal/citationstylelanguage/get/acm-sig-proceedings?submissionId=3324,200,2,text/html,
https://journal.uod.ac/index.php/uodjournal/citationstylelanguage/get/acm-sig-proceedings?submissionId=3325,200,2,text/html,
https://journal.uod.ac/index.php/uodjournal/citationstylelanguage/get/acm-sig-proceedings?submissionId=3326,200,2,text/html,
https://journal.uod.ac/index.php/uodjournal/citationstylelanguage/get/acm-sig-proceedings?submissionId=3327,200,2,text/html,
https://journal.uod.ac/index.php/uodjournal/citationstylelanguage/get/acm-sig-proceedings?submissionId=3328,200,2,text/html,
https://journal.uod.ac/index.php/uodjournal/citationstylelanguage/get/acm-sig-proceedings?submissionId=3329,200,2,text/html,
https://journal.uod.ac/index.php/uodjournal/citationstylelanguage/get/acm-sig-proceedings?submissionId=3330,200,2,text/html,
https://journal.uod.ac/index.php/uodjournal/citationstylelanguage/get/acm-sig-proceedings?submissionId=3331,200,2,text/html,
https://journal.uod.ac/index.php/uodjournal/citationstylelanguage/get/acm-sig-proceedings?submissionId=3332,200,2,text/html,
https://journal.uod.ac/index.php/uodjournal/citationstylelanguage/get/acm-sig-proceedings?submissionId=3333,200,2,text/html,
https://journal.uod.ac/index.php/uodjournal/citationstylelanguage/get/acm-sig-proceedings?submissionId=3334,200,2,text/html,
https://journal.uod.ac/index.php/uodjournal/citationstylelanguage/get/acm-sig-proceedings?submissionId=3335,200,2,text/html,
https://journal.uod.ac/index.php/uodjournal/citationstylelanguage/get/acm-sig-proceedings?submissionId=3336,200,2,text/html,
https://journal.uod.ac/index.php/uodjournal/citationstylelanguage/get/acm-sig-proceedings?submissionId=3337,200,2,text/html,
https://journal.uod.ac/index.php/uodjournal/citationstylelanguage/get/acm-sig-proceedings?submissionId=3338,200,2,text/html,
https://journal.uod.ac/index.php/uodjournal/citationstylelanguage/get/acm-sig-proceedings?submissionId=3339,200,2,text/html,
https://journal.uod.ac/index.php/uodjournal/citationstylelanguage/get/acm-sig-proceedings?submissionId=3340,200,2,text/html,
https://journal.uod.ac/index.php/uodjournal/citationstylelanguage/get/acm-sig-proceedings?submissionId=3341,200,2,text/html,
https://journal.uod.ac/index.php/uodjournal/citationstylelanguage/get/acm-sig-proceedings?submissionId=3342,200,2,text/html,
https://journal.uod.ac/index.php/uodjournal/citationstylelanguage/get/acm-sig-proceedings?submissionId=3343,200,2,text/html,
https://journal.uod.ac/index.php/uodjournal/citationstylelanguage/get/acm-sig-proceedings?submissionId=3344,200,2,text/html,
https://journal.uod.ac/index.php/uodjournal/citationstylelanguage/get/acm-sig-proceedings?submissionId=3345,200,2,text/html,
https://journal.uod.ac/index.php/uodjournal/citationstylelanguage/get/acm-sig-proceedings?submissionId=3346,200,2,text/html,
https://journal.uod.ac/index.php/uodjournal/citationstylelanguage/get/acm-sig-proceedings?submissionId=3347,200,2,text/html,
https://journal.uod.ac/index.php/uodjournal/citationstylelanguage/get/acm-sig-proceedings?submissionId=3348,200,2,text/html,
https://journal.uod.ac/index.php/uodjournal/citationstylelanguage/get/acm-sig-proceedings?submissionId=3349,200,2,text/html,
https://journal.uod.ac/index.php/uodjournal/citationstylelanguage/get/acm-sig-proceedings?submissionId=3350,200,2,text/html,
https://journal.uod.ac/index.php/uodjournal/citationstylelanguage/get/acm-sig-proceedings?submissionId=3351,200,2,text/html,
https://journal.uod.ac/index.php/uodjournal/citationstylelanguage/get/acm-sig-proceedings?submissionId=3362,200,2,text/html,
https://journal.uod.ac/index.php/uodjournal/citationstylelanguage/get/acm-sig-proceedings?submissionId=3363,200,2,text/html,
https://journal.uod.ac/index.php/uodjournal/citationstylelanguage/get/acm-sig-proceedings?submissionId=3365,200,2,text/html,
https://journal.uod.ac/index.php/uodjournal/citationstylelanguage/get/acm-sig-proceedings?submissionId=3366,200,2,text/html,
https://journal.uod.ac/index.php/uodjournal/citationstylelanguage/get/acm-sig-proceedings?submissionId=3391,200,2,text/html,
https://journal.uod.ac/index.php/uodjournal/citationstylelanguage/get/acm-sig-proceedings?submissionId=3392,200,2,text/html,
https://journal.uod.ac/index.php/uodjournal/citationstylelanguage/get/acm-sig-proceedings?submissionId=3394,200,2,text/html,
https://journal.uod.ac/index.php/uodjournal/citationstylelanguage/get/acs-nano?submissionId=2791,200,2,text/html,
https://journal.uod.ac/index.php/uodjournal/citationstylelanguage/get/acs-nano?submissionId=2792,200,2,text/html,
https://journal.uod.ac/index.php/uodjournal/citationstylelanguage/get/acs-nano?submissionId=2793,200,2,text/html,
https://journal.uod.ac/index.php/uodjournal/citationstylelanguage/get/acs-nano?submissionId=2795,200,2,text/html,
https://journal.uod.ac/index.php/uodjournal/citationstylelanguage/get/acs-nano?submissionId=2796,200,2,text/html,
https://journal.uod.ac/index.php/uodjournal/citationstylelanguage/get/acs-nano?submissionId=2797,200,2,text/html,
https://journal.uod.ac/index.php/uodjournal/citationstylelanguage/get/acs-nano?submissionId=2799,200,2,text/html,
https://journal.uod.ac/index.php/uodjournal/citationstylelanguage/get/acs-nano?submissionId=2800,200,2,text/html,
https://journal.uod.ac/index.php/uodjournal/citationstylelanguage/get/acs-nano?submissionId=2805,200,2,text/html,
https://journal.uod.ac/index.php/uodjournal/citationstylelanguage/get/acs-nano?submissionId=2806,200,2,text/html,
https://journal.uod.ac/index.php/uodjournal/citationstylelanguage/get/acs-nano?submissionId=2807,200,2,text/html,
https://journal.uod.ac/index.php/uodjournal/citationstylelanguage/get/acs-nano?submissionId=2809,200,2,text/html,
https://journal.uod.ac/index.php/uodjournal/citationstylelanguage/get/acs-nano?submissionId=2810,200,2,text/html,
https://journal.uod.ac/index.php/uodjournal/citationstylelanguage/get/acs-nano?submissionId=2811,200,2,text/html,
https://journal.uod.ac/index.php/uodjournal/citationstylelanguage/get/acs-nano?submissionId=2812,200,2,text/html,
https://journal.uod.ac/index.php/uodjournal/citationstylelanguage/get/acs-nano?submissionId=2813,200,2,text/html,
https://journal.uod.ac/index.php/uodjournal/citationstylelanguage/get/acs-nano?submissionId=2814,200,2,text/html,
https://journal.uod.ac/index.php/uodjournal/citationstylelanguage/get/acs-nano?submissionId=2817,200,2,text/html,
https://journal.uod.ac/index.php/uodjournal/citationstylelanguage/get/acs-nano?submissionId=2818,200,2,text/html,
https://journal.uod.ac/index.php/uodjournal/citationstylelanguage/get/acs-nano?submissionId=2819,200,2,text/html,
https://journal.uod.ac/index.php/uodjournal/citationstylelanguage/get/acs-nano?submissionId=2820,200,2,text/html,
https://journal.uod.ac/index.php/uodjournal/citationstylelanguage/get/acs-nano?submissionId=2821,200,2,text/html,
https://journal.uod.ac/index.php/uodjournal/citationstylelanguage/get/acs-nano?submissionId=2822,200,2,text/html,
https://journal.uod.ac/index.php/uodjournal/citationstylelanguage/get/acs-nano?submissionId=2823,200,2,text/html,
https://journal.uod.ac/index.php/uodjournal/citationstylelanguage/get/acs-nano?submissionId=2825,200,2,text/html,
https://journal.uod.ac/index.php/uodjournal/citationstylelanguage/get/acs-nano?submissionId=2826,200,2,text/html,
https://journal.uod.ac/index.php/uodjournal/citationstylelanguage/get/acs-nano?submissionId=2827,200,2,text/html,
https://journal.uod.ac/index.php/uodjournal/citationstylelanguage/get/acs-nano?submissionId=2828,200,2,text/html,
https://journal.uod.ac/index.php/uodjournal/citationstylelanguage/get/acs-nano?submissionId=2830,200,2,text/html,
https://journal.uod.ac/index.php/uodjournal/citationstylelanguage/get/acs-nano?submissionId=2835,200,2,text/html,
https://journal.uod.ac/index.php/uodjournal/citationstylelanguage/get/acs-nano?submissionId=2836,200,2,text/html,
https://journal.uod.ac/index.php/uodjournal/citationstylelanguage/get/acs-nano?submissionId=2837,200,2,text/html,
https://journal.uod.ac/index.php/uodjournal/citationstylelanguage/get/acs-nano?submissionId=2838,200,2,text/html,
https://journal.uod.ac/index.php/uodjournal/citationstylelanguage/get/acs-nano?submissionId=2849,200,2,text/html,
https://journal.uod.ac/index.php/uodjournal/citationstylelanguage/get/acs-nano?submissionId=2850,200,2,text/html,
https://journal.uod.ac/index.php/uodjournal/citationstylelanguage/get/acs-nano?submissionId=2852,200,2,text/html,
https://journal.uod.ac/index.php/uodjournal/citationstylelanguage/get/acs-nano?submissionId=2853,200,2,text/html,
https://journal.uod.ac/index.php/uodjournal/citationstylelanguage/get/acs-nano?submissionId=2854,200,2,text/html,
https://journal.uod.ac/index.php/uodjournal/citationstylelanguage/get/acs-nano?submissionId=2855,200,2,text/html,
https://journal.uod.ac/index.php/uodjournal/citationstylelanguage/get/acs-nano?submissionId=2856,200,2,text/html,
https://journal.uod.ac/index.php/uodjournal/citationstylelanguage/get/acs-nano?submissionId=2857,200,2,text/html,
https://journal.uod.ac/index.php/uodjournal/citationstylelanguage/get/acs-nano?submissionId=2858,200,2,text/html,
https://journal.uod.ac/index.php/uodjournal/citationstylelanguage/get/acs-nano?submissionId=2866,200,2,text/html,
https://journal.uod.ac/index.php/uodjournal/citationstylelanguage/get/acs-nano?submissionId=2879,200,2,text/html,
https://journal.uod.ac/index.php/uodjournal/citationstylelanguage/get/acs-nano?submissionId=2880,200,2,text/html,
https://journal.uod.ac/index.php/uodjournal/citationstylelanguage/get/acs-nano?submissionId=2881,200,2,text/html,
https://journal.uod.ac/index.php/uodjournal/citationstylelanguage/get/acs-nano?submissionId=2882,200,2,text/html,
https://journal.uod.ac/index.php/uodjournal/citationstylelanguage/get/acs-nano?submissionId=2883,200,2,text/html,
https://journal.uod.ac/index.php/uodjournal/citationstylelanguage/get/acs-nano?submissionId=2884,200,2,text/html,
https://journal.uod.ac/index.php/uodjournal/citationstylelanguage/get/acs-nano?submissionId=2885,200,2,text/html,
https://journal.uod.ac/index.php/uodjournal/citationstylelanguage/get/acs-nano?submissionId=2886,200,2,text/html,
https://journal.uod.ac/index.php/uodjournal/citationstylelanguage/get/acs-nano?submissionId=2887,200,2,text/html,
https://journal.uod.ac/index.php/uodjournal/citationstylelanguage/get/acs-nano?submissionId=2889,200,2,text/html,
https://journal.uod.ac/index.php/uodjournal/citationstylelanguage/get/acs-nano?submissionId=2890,200,2,text/html,
https://journal.uod.ac/index.php/uodjournal/citationstylelanguage/get/acs-nano?submissionId=2891,200,2,text/html,
https://journal.uod.ac/index.php/uodjournal/citationstylelanguage/get/acs-nano?submissionId=2892,200,2,text/html,
https://journal.uod.ac/index.php/uodjournal/citationstylelanguage/get/acs-nano?submissionId=2897,200,2,text/html,
https://journal.uod.ac/index.php/uodjournal/citationstylelanguage/get/acs-nano?submissionId=2907,200,2,text/html,
https://journal.uod.ac/index.php/uodjournal/citationstylelanguage/get/acs-nano?submissionId=2908,200,2,text/html,
https://journal.uod.ac/index.php/uodjournal/citationstylelanguage/get/acs-nano?submissionId=2909,200,2,text/html,
https://journal.uod.ac/index.php/uodjournal/citationstylelanguage/get/acs-nano?submissionId=2910,200,2,text/html,
https://journal.uod.ac/index.php/uodjournal/citationstylelanguage/get/acs-nano?submissionId=2911,200,2,text/html,
https://journal.uod.ac/index.php/uodjournal/citationstylelanguage/get/acs-nano?submissionId=2912,200,2,text/html,
https://journal.uod.ac/index.php/uodjournal/citationstylelanguage/get/acs-nano?submissionId=2913,200,2,text/html,
https://journal.uod.ac/index.php/uodjournal/citationstylelanguage/get/acs-nano?submissionId=2914,200,2,text/html,
https://journal.uod.ac/index.php/uodjournal/citationstylelanguage/get/acs-nano?submissionId=2917,200,2,text/html,
https://journal.uod.ac/index.php/uodjournal/citationstylelanguage/get/acs-nano?submissionId=2918,200,2,text/html,
https://journal.uod.ac/index.php/uodjournal/citationstylelanguage/get/acs-nano?submissionId=2923,200,2,text/html,
https://journal.uod.ac/index.php/uodjournal/citationstylelanguage/get/acs-nano?submissionId=2924,200,2,text/html,
https://journal.uod.ac/index.php/uodjournal/citationstylelanguage/get/acs-nano?submissionId=2925,200,2,text/html,
https://journal.uod.ac/index.php/uodjournal/citationstylelanguage/get/acs-nano?submissionId=2926,200,2,text/html,
https://journal.uod.ac/index.php/uodjournal/citationstylelanguage/get/acs-nano?submissionId=2927,200,2,text/html,
https://journal.uod.ac/index.php/uodjournal/citationstylelanguage/get/acs-nano?submissionId=2928,200,2,text/html,
https://journal.uod.ac/index.php/uodjournal/citationstylelanguage/get/acs-nano?submissionId=2937,200,2,text/html,
https://journal.uod.ac/index.php/uodjournal/citationstylelanguage/get/acs-nano?submissionId=2938,200,2,text/html,
https://journal.uod.ac/index.php/uodjournal/citationstylelanguage/get/acs-nano?submissionId=2942,200,2,text/html,
https://journal.uod.ac/index.php/uodjournal/citationstylelanguage/get/acs-nano?submissionId=2943,200,2,text/html,
https://journal.uod.ac/index.php/uodjournal/citationstylelanguage/get/acs-nano?submissionId=2973,200,2,text/html,
https://journal.uod.ac/index.php/uodjournal/citationstylelanguage/get/acs-nano?submissionId=2975,200,2,text/html,
https://journal.uod.ac/index.php/uodjournal/citationstylelanguage/get/acs-nano?submissionId=2980,200,2,text/html,
https://journal.uod.ac/index.php/uodjournal/citationstylelanguage/get/acs-nano?submissionId=2981,200,2,text/html,
https://journal.uod.ac/index.php/uodjournal/citationstylelanguage/get/acs-nano?submissionId=3021,200,2,text/html,
https://journal.uod.ac/index.php/uodjournal/citationstylelanguage/get/acs-nano?submissionId=3022,200,2,text/html,
https://journal.uod.ac/index.php/uodjournal/citationstylelanguage/get/acs-nano?submissionId=3031,200,2,text/html,
https://journal.uod.ac/index.php/uodjournal/citationstylelanguage/get/acs-nano?submissionId=3118,200,2,text/html,
https://journal.uod.ac/index.php/uodjournal/citationstylelanguage/get/acs-nano?submissionId=3126,200,2,text/html,
https://journal.uod.ac/index.php/uodjournal/citationstylelanguage/get/acs-nano?submissionId=3127,200,2,text/html,
https://journal.uod.ac/index.php/uodjournal/citationstylelanguage/get/acs-nano?submissionId=3144,200,2,text/html,
https://journal.uod.ac/index.php/uodjournal/citationstylelanguage/get/acs-nano?submissionId=3146,200,2,text/html,
https://journal.uod.ac/index.php/uodjournal/citationstylelanguage/get/acs-nano?submissionId=3153,200,2,text/html,
https://journal.uod.ac/index.php/uodjournal/citationstylelanguage/get/acs-nano?submissionId=3154,200,2,text/html,
https://journal.uod.ac/index.php/uodjournal/citationstylelanguage/get/acs-nano?submissionId=3161,200,2,text/html,
https://journal.uod.ac/index.php/uodjournal/citationstylelanguage/get/acs-nano?submissionId=3162,200,2,text/html,
https://journal.uod.ac/index.php/uodjournal/citationstylelanguage/get/acs-nano?submissionId=3163,200,2,text/html,
https://journal.uod.ac/index.php/uodjournal/citationstylelanguage/get/acs-nano?submissionId=3164,200,2,text/html,
https://journal.uod.ac/index.php/uodjournal/citationstylelanguage/get/acs-nano?submissionId=3168,200,2,text/html,
https://journal.uod.ac/index.php/uodjournal/citationstylelanguage/get/acs-nano?submissionId=3178,200,2,text/html,
https://journal.uod.ac/index.php/uodjournal/citationstylelanguage/get/acs-nano?submissionId=3187,200,2,text/html,
https://journal.uod.ac/index.php/uodjournal/citationstylelanguage/get/acs-nano?submissionId=3188,200,2,text/html,
https://journal.uod.ac/index.php/uodjournal/citationstylelanguage/get/acs-nano?submissionId=3189,200,2,text/html,
https://journal.uod.ac/index.php/uodjournal/citationstylelanguage/get/acs-nano?submissionId=3196,200,2,text/html,
https://journal.uod.ac/index.php/uodjournal/citationstylelanguage/get/acs-nano?submissionId=3214,200,2,text/html,
https://journal.uod.ac/index.php/uodjournal/citationstylelanguage/get/acs-nano?submissionId=3231,200,2,text/html,
https://journal.uod.ac/index.php/uodjournal/citationstylelanguage/get/acs-nano?submissionId=3279,200,2,text/html,
https://journal.uod.ac/index.php/uodjournal/citationstylelanguage/get/acs-nano?submissionId=3280,200,2,text/html,
https://journal.uod.ac/index.php/uodjournal/citationstylelanguage/get/acs-nano?submissionId=3281,200,2,text/html,
https://journal.uod.ac/index.php/uodjournal/citationstylelanguage/get/acs-nano?submissionId=3282,200,2,text/html,
https://journal.uod.ac/index.php/uodjournal/citationstylelanguage/get/acs-nano?submissionId=3283,200,2,text/html,
https://journal.uod.ac/index.php/uodjournal/citationstylelanguage/get/acs-nano?submissionId=3284,200,2,text/html,
https://journal.uod.ac/index.php/uodjournal/citationstylelanguage/get/acs-nano?submissionId=3285,200,2,text/html,
https://journal.uod.ac/index.php/uodjournal/citationstylelanguage/get/acs-nano?submissionId=3286,200,2,text/html,
https://journal.uod.ac/index.php/uodjournal/citationstylelanguage/get/acs-nano?submissionId=3287,200,2,text/html,
https://journal.uod.ac/index.php/uodjournal/citationstylelanguage/get/acs-nano?submissionId=3288,200,2,text/html,
https://journal.uod.ac/index.php/uodjournal/citationstylelanguage/get/acs-nano?submissionId=3289,200,2,text/html,
https://journal.uod.ac/index.php/uodjournal/citationstylelanguage/get/acs-nano?submissionId=3290,200,2,text/html,
https://journal.uod.ac/index.php/uodjournal/citationstylelanguage/get/acs-nano?submissionId=3291,200,2,text/html,
https://journal.uod.ac/index.php/uodjournal/citationstylelanguage/get/acs-nano?submissionId=3292,200,2,text/html,
https://journal.uod.ac/index.php/uodjournal/citationstylelanguage/get/acs-nano?submissionId=3293,200,2,text/html,
https://journal.uod.ac/index.php/uodjournal/citationstylelanguage/get/acs-nano?submissionId=3294,200,2,text/html,
https://journal.uod.ac/index.php/uodjournal/citationstylelanguage/get/acs-nano?submissionId=3295,200,2,text/html,
https://journal.uod.ac/index.php/uodjournal/citationstylelanguage/get/acs-nano?submissionId=3296,200,2,text/html,
https://journal.uod.ac/index.php/uodjournal/citationstylelanguage/get/acs-nano?submissionId=3297,200,2,text/html,
https://journal.uod.ac/index.php/uodjournal/citationstylelanguage/get/acs-nano?submissionId=3298,200,2,text/html,
https://journal.uod.ac/index.php/uodjournal/citationstylelanguage/get/acs-nano?submissionId=3299,200,2,text/html,
https://journal.uod.ac/index.php/uodjournal/citationstylelanguage/get/acs-nano?submissionId=3300,200,2,text/html,
https://journal.uod.ac/index.php/uodjournal/citationstylelanguage/get/acs-nano?submissionId=3302,200,2,text/html,
https://journal.uod.ac/index.php/uodjournal/citationstylelanguage/get/acs-nano?submissionId=3303,200,2,text/html,
https://journal.uod.ac/index.php/uodjournal/citationstylelanguage/get/acs-nano?submissionId=3305,200,2,text/html,
https://journal.uod.ac/index.php/uodjournal/citationstylelanguage/get/acs-nano?submissionId=3306,200,2,text/html,
https://journal.uod.ac/index.php/uodjournal/citationstylelanguage/get/acs-nano?submissionId=3307,200,2,text/html,
https://journal.uod.ac/index.php/uodjournal/citationstylelanguage/get/acs-nano?submissionId=3308,200,2,text/html,
https://journal.uod.ac/index.php/uodjournal/citationstylelanguage/get/acs-nano?submissionId=3309,200,2,text/html,
https://journal.uod.ac/index.php/uodjournal/citationstylelanguage/get/acs-nano?submissionId=3310,200,2,text/html,
https://journal.uod.ac/index.php/uodjournal/citationstylelanguage/get/acs-nano?submissionId=3312,200,2,text/html,
https://journal.uod.ac/index.php/uodjournal/citationstylelanguage/get/acs-nano?submissionId=3313,200,2,text/html,
https://journal.uod.ac/index.php/uodjournal/citationstylelanguage/get/acs-nano?submissionId=3314,200,2,text/html,
https://journal.uod.ac/index.php/uodjournal/citationstylelanguage/get/acs-nano?submissionId=3315,200,2,text/html,
https://journal.uod.ac/index.php/uodjournal/citationstylelanguage/get/acs-nano?submissionId=3316,200,2,text/html,
https://journal.uod.ac/index.php/uodjournal/citationstylelanguage/get/acs-nano?submissionId=3319,200,2,text/html,
https://journal.uod.ac/index.php/uodjournal/citationstylelanguage/get/acs-nano?submissionId=3320,200,2,text/html,
https://journal.uod.ac/index.php/uodjournal/citationstylelanguage/get/acs-nano?submissionId=3321,200,2,text/html,
https://journal.uod.ac/index.php/uodjournal/citationstylelanguage/get/acs-nano?submissionId=3322,200,2,text/html,
https://journal.uod.ac/index.php/uodjournal/citationstylelanguage/get/acs-nano?submissionId=3323,200,2,text/html,
https://journal.uod.ac/index.php/uodjournal/citationstylelanguage/get/acs-nano?submissionId=3324,200,2,text/html,
https://journal.uod.ac/index.php/uodjournal/citationstylelanguage/get/acs-nano?submissionId=3325,200,2,text/html,
https://journal.uod.ac/index.php/uodjournal/citationstylelanguage/get/acs-nano?submissionId=3326,200,2,text/html,
https://journal.uod.ac/index.php/uodjournal/citationstylelanguage/get/acs-nano?submissionId=3327,200,2,text/html,
https://journal.uod.ac/index.php/uodjournal/citationstylelanguage/get/acs-nano?submissionId=3328,200,2,text/html,
https://journal.uod.ac/index.php/uodjournal/citationstylelanguage/get/acs-nano?submissionId=3329,200,2,text/html,
https://journal.uod.ac/index.php/uodjournal/citationstylelanguage/get/acs-nano?submissionId=3330,200,2,text/html,
https://journal.uod.ac/index.php/uodjournal/citationstylelanguage/get/acs-nano?submissionId=3331,200,2,text/html,
https://journal.uod.ac/index.php/uodjournal/citationstylelanguage/get/acs-nano?submissionId=3332,200,2,text/html,
https://journal.uod.ac/index.php/uodjournal/citationstylelanguage/get/acs-nano?submissionId=3333,200,2,text/html,
https://journal.uod.ac/index.php/uodjournal/citationstylelanguage/get/acs-nano?submissionId=3334,200,2,text/html,
https://journal.uod.ac/index.php/uodjournal/citationstylelanguage/get/acs-nano?submissionId=3335,200,2,text/html,
https://journal.uod.ac/index.php/uodjournal/citationstylelanguage/get/acs-nano?submissionId=3336,200,2,text/html,
https://journal.uod.ac/index.php/uodjournal/citationstylelanguage/get/acs-nano?submissionId=3337,200,2,text/html,
https://journal.uod.ac/index.php/uodjournal/citationstylelanguage/get/acs-nano?submissionId=3338,200,2,text/html,
https://journal.uod.ac/index.php/uodjournal/citationstylelanguage/get/acs-nano?submissionId=3339,200,2,text/html,
https://journal.uod.ac/index.php/uodjournal/citationstylelanguage/get/acs-nano?submissionId=3340,200,2,text/html,
https://journal.uod.ac/index.php/uodjournal/citationstylelanguage/get/acs-nano?submissionId=3341,200,2,text/html,
https://journal.uod.ac/index.php/uodjournal/citationstylelanguage/get/acs-nano?submissionId=3342,200,2,text/html,
https://journal.uod.ac/index.php/uodjournal/citationstylelanguage/get/acs-nano?submissionId=3343,200,2,text/html,
https://journal.uod.ac/index.php/uodjournal/citationstylelanguage/get/acs-nano?submissionId=3344,200,2,text/html,
https://journal.uod.ac/index.php/uodjournal/citationstylelanguage/get/acs-nano?submissionId=3345,200,2,text/html,
https://journal.uod.ac/index.php/uodjournal/citationstylelanguage/get/acs-nano?submissionId=3346,200,2,text/html,
https://journal.uod.ac/index.php/uodjournal/citationstylelanguage/get/acs-nano?submissionId=3347,200,2,text/html,
https://journal.uod.ac/index.php/uodjournal/citationstylelanguage/get/acs-nano?submissionId=3348,200,2,text/html,
https://journal.uod.ac/index.php/uodjournal/citationstylelanguage/get/acs-nano?submissionId=3349,200,2,text/html,
https://journal.uod.ac/index.php/uodjournal/citationstylelanguage/get/acs-nano?submissionId=3350,200,2,text/html,
https://journal.uod.ac/index.php/uodjournal/citationstylelanguage/get/acs-nano?submissionId=3351,200,2,text/html,
https://journal.uod.ac/index.php/uodjournal/citationstylelanguage/get/acs-nano?submissionId=3362,200,2,text/html,
https://journal.uod.ac/index.php/uodjournal/citationstylelanguage/get/acs-nano?submissionId=3363,200,2,text/html,
https://journal.uod.ac/index.php/uodjournal/citationstylelanguage/get/acs-nano?submissionId=3365,200,2,text/html,
https://journal.uod.ac/index.php/uodjournal/citationstylelanguage/get/acs-nano?submissionId=3366,200,2,text/html,
https://journal.uod.ac/index.php/uodjournal/citationstylelanguage/get/acs-nano?submissionId=3391,200,2,text/html,
https://journal.uod.ac/index.php/uodjournal/citationstylelanguage/get/acs-nano?submissionId=3392,200,2,text/html,
https://journal.uod.ac/index.php/uodjournal/citationstylelanguage/get/acs-nano?submissionId=3394,200,2,text/html,
https://journal.uod.ac/index.php/uodjournal/citationstylelanguage/get/apa?submissionId=2791,200,2,text/html,
https://journal.uod.ac/index.php/uodjournal/citationstylelanguage/get/apa?submissionId=2792,200,2,text/html,
https://journal.uod.ac/index.php/uodjournal/citationstylelanguage/get/apa?submissionId=2793,200,2,text/html,
https://journal.uod.ac/index.php/uodjournal/citationstylelanguage/get/apa?submissionId=2795,200,2,text/html,
https://journal.uod.ac/index.php/uodjournal/citationstylelanguage/get/apa?submissionId=2796,200,2,text/html,
https://journal.uod.ac/index.php/uodjournal/citationstylelanguage/get/apa?submissionId=2797,200,2,text/html,
https://journal.uod.ac/index.php/uodjournal/citationstylelanguage/get/apa?submissionId=2799,200,2,text/html,
https://journal.uod.ac/index.php/uodjournal/citationstylelanguage/get/apa?submissionId=2800,200,2,text/html,
https://journal.uod.ac/index.php/uodjournal/citationstylelanguage/get/apa?submissionId=2805,200,2,text/html,
https://journal.uod.ac/index.php/uodjournal/citationstylelanguage/get/apa?submissionId=2806,200,2,text/html,
https://journal.uod.ac/index.php/uodjournal/citationstylelanguage/get/apa?submissionId=2807,200,2,text/html,
https://journal.uod.ac/index.php/uodjournal/citationstylelanguage/get/apa?submissionId=2809,200,2,text/html,
https://journal.uod.ac/index.php/uodjournal/citationstylelanguage/get/apa?submissionId=2810,200,2,text/html,
https://journal.uod.ac/index.php/uodjournal/citationstylelanguage/get/apa?submissionId=2811,200,2,text/html,
https://journal.uod.ac/index.php/uodjournal/citationstylelanguage/get/apa?submissionId=2812,200,2,text/html,
https://journal.uod.ac/index.php/uodjournal/citationstylelanguage/get/apa?submissionId=2813,200,2,text/html,
https://journal.uod.ac/index.php/uodjournal/citationstylelanguage/get/apa?submissionId=2814,200,2,text/html,
https://journal.uod.ac/index.php/uodjournal/citationstylelanguage/get/apa?submissionId=2817,200,2,text/html,
https://journal.uod.ac/index.php/uodjournal/citationstylelanguage/get/apa?submissionId=2818,200,2,text/html,
https://journal.uod.ac/index.php/uodjournal/citationstylelanguage/get/apa?submissionId=2819,200,2,text/html,
https://journal.uod.ac/index.php/uodjournal/citationstylelanguage/get/apa?submissionId=2820,200,2,text/html,
https://journal.uod.ac/index.php/uodjournal/citationstylelanguage/get/apa?submissionId=2821,200,2,text/html,
https://journal.uod.ac/index.php/uodjournal/citationstylelanguage/get/apa?submissionId=2822,200,2,text/html,
https://journal.uod.ac/index.php/uodjournal/citationstylelanguage/get/apa?submissionId=2823,200,2,text/html,
https://journal.uod.ac/index.php/uodjournal/citationstylelanguage/get/apa?submissionId=2825,200,2,text/html,
https://journal.uod.ac/index.php/uodjournal/citationstylelanguage/get/apa?submissionId=2826,200,2,text/html,
https://journal.uod.ac/index.php/uodjournal/citationstylelanguage/get/apa?submissionId=2827,200,2,text/html,
https://journal.uod.ac/index.php/uodjournal/citationstylelanguage/get/apa?submissionId=2828,200,2,text/html,
https://journal.uod.ac/index.php/uodjournal/citationstylelanguage/get/apa?submissionId=2830,200,2,text/html,
https://journal.uod.ac/index.php/uodjournal/citationstylelanguage/get/apa?submissionId=2835,200,2,text/html,
https://journal.uod.ac/index.php/uodjournal/citationstylelanguage/get/apa?submissionId=2836,200,2,text/html,
https://journal.uod.ac/index.php/uodjournal/citationstylelanguage/get/apa?submissionId=2837,200,2,text/html,
https://journal.uod.ac/index.php/uodjournal/citationstylelanguage/get/apa?submissionId=2838,200,2,text/html,
https://journal.uod.ac/index.php/uodjournal/citationstylelanguage/get/apa?submissionId=2849,200,2,text/html,
https://journal.uod.ac/index.php/uodjournal/citationstylelanguage/get/apa?submissionId=2850,200,2,text/html,
https://journal.uod.ac/index.php/uodjournal/citationstylelanguage/get/apa?submissionId=2852,200,2,text/html,
https://journal.uod.ac/index.php/uodjournal/citationstylelanguage/get/apa?submissionId=2853,200,2,text/html,
https://journal.uod.ac/index.php/uodjournal/citationstylelanguage/get/apa?submissionId=2854,200,2,text/html,
https://journal.uod.ac/index.php/uodjournal/citationstylelanguage/get/apa?submissionId=2855,200,2,text/html,
https://journal.uod.ac/index.php/uodjournal/citationstylelanguage/get/apa?submissionId=2856,200,2,text/html,
https://journal.uod.ac/index.php/uodjournal/citationstylelanguage/get/apa?submissionId=2857,200,2,text/html,
https://journal.uod.ac/index.php/uodjournal/citationstylelanguage/get/apa?submissionId=2858,200,2,text/html,
https://journal.uod.ac/index.php/uodjournal/citationstylelanguage/get/apa?submissionId=2866,200,2,text/html,
https://journal.uod.ac/index.php/uodjournal/citationstylelanguage/get/apa?submissionId=2879,200,2,text/html,
https://journal.uod.ac/index.php/uodjournal/citationstylelanguage/get/apa?submissionId=2880,200,2,text/html,
https://journal.uod.ac/index.php/uodjournal/citationstylelanguage/get/apa?submissionId=2881,200,2,text/html,
https://journal.uod.ac/index.php/uodjournal/citationstylelanguage/get/apa?submissionId=2882,200,2,text/html,
https://journal.uod.ac/index.php/uodjournal/citationstylelanguage/get/apa?submissionId=2883,200,2,text/html,
https://journal.uod.ac/index.php/uodjournal/citationstylelanguage/get/apa?submissionId=2884,200,2,text/html,
https://journal.uod.ac/index.php/uodjournal/citationstylelanguage/get/apa?submissionId=2885,200,2,text/html,
https://journal.uod.ac/index.php/uodjournal/citationstylelanguage/get/apa?submissionId=2886,200,2,text/html,
https://journal.uod.ac/index.php/uodjournal/citationstylelanguage/get/apa?submissionId=2887,200,2,text/html,
https://journal.uod.ac/index.php/uodjournal/citationstylelanguage/get/apa?submissionId=2889,200,2,text/html,
https://journal.uod.ac/index.php/uodjournal/citationstylelanguage/get/apa?submissionId=2890,200,2,text/html,
https://journal.uod.ac/index.php/uodjournal/citationstylelanguage/get/apa?submissionId=2891,200,2,text/html,
https://journal.uod.ac/index.php/uodjournal/citationstylelanguage/get/apa?submissionId=2892,200,2,text/html,
https://journal.uod.ac/index.php/uodjournal/citationstylelanguage/get/apa?submissionId=2897,200,2,text/html,
https://journal.uod.ac/index.php/uodjournal/citationstylelanguage/get/apa?submissionId=2907,200,2,text/html,
https://journal.uod.ac/index.php/uodjournal/citationstylelanguage/get/apa?submissionId=2908,200,2,text/html,
https://journal.uod.ac/index.php/uodjournal/citationstylelanguage/get/apa?submissionId=2909,200,2,text/html,
https://journal.uod.ac/index.php/uodjournal/citationstylelanguage/get/apa?submissionId=2910,200,2,text/html,
https://journal.uod.ac/index.php/uodjournal/citationstylelanguage/get/apa?submissionId=2911,200,2,text/html,
https://journal.uod.ac/index.php/uodjournal/citationstylelanguage/get/apa?submissionId=2912,200,2,text/html,
https://journal.uod.ac/index.php/uodjournal/citationstylelanguage/get/apa?submissionId=2913,200,2,text/html,
https://journal.uod.ac/index.php/uodjournal/citationstylelanguage/get/apa?submissionId=2914,200,2,text/html,
https://journal.uod.ac/index.php/uodjournal/citationstylelanguage/get/apa?submissionId=2917,200,2,text/html,
https://journal.uod.ac/index.php/uodjournal/citationstylelanguage/get/apa?submissionId=2918,200,2,text/html,
https://journal.uod.ac/index.php/uodjournal/citationstylelanguage/get/apa?submissionId=2923,200,2,text/html,
https://journal.uod.ac/index.php/uodjournal/citationstylelanguage/get/apa?submissionId=2924,200,2,text/html,
https://journal.uod.ac/index.php/uodjournal/citationstylelanguage/get/apa?submissionId=2925,200,2,text/html,
https://journal.uod.ac/index.php/uodjournal/citationstylelanguage/get/apa?submissionId=2926,200,2,text/html,
https://journal.uod.ac/index.php/uodjournal/citationstylelanguage/get/apa?submissionId=2927,200,2,text/html,
https://journal.uod.ac/index.php/uodjournal/citationstylelanguage/get/apa?submissionId=2928,200,2,text/html,
https://journal.uod.ac/index.php/uodjournal/citationstylelanguage/get/apa?submissionId=2937,200,2,text/html,
https://journal.uod.ac/index.php/uodjournal/citationstylelanguage/get/apa?submissionId=2938,200,2,text/html,
https://journal.uod.ac/index.php/uodjournal/citationstylelanguage/get/apa?submissionId=2942,200,2,text/html,
https://journal.uod.ac/index.php/uodjournal/citationstylelanguage/get/apa?submissionId=2943,200,2,text/html,
https://journal.uod.ac/index.php/uodjournal/citationstylelanguage/get/apa?submissionId=2944,200,2,text/html,
https://journal.uod.ac/index.php/uodjournal/citationstylelanguage/get/apa?submissionId=2973,200,2,text/html,
https://journal.uod.ac/index.php/uodjournal/citationstylelanguage/get/apa?submissionId=2975,200,2,text/html,
https://journal.uod.ac/index.php/uodjournal/citationstylelanguage/get/apa?submissionId=2980,200,2,text/html,
https://journal.uod.ac/index.php/uodjournal/citationstylelanguage/get/apa?submissionId=2981,200,2,text/html,
https://journal.uod.ac/index.php/uodjournal/citationstylelanguage/get/apa?submissionId=3021,200,2,text/html,
https://journal.uod.ac/index.php/uodjournal/citationstylelanguage/get/apa?submissionId=3022,200,2,text/html,
https://journal.uod.ac/index.php/uodjournal/citationstylelanguage/get/apa?submissionId=3031,200,2,text/html,
https://journal.uod.ac/index.php/uodjournal/citationstylelanguage/get/apa?submissionId=3118,200,2,text/html,
https://journal.uod.ac/index.php/uodjournal/citationstylelanguage/get/apa?submissionId=3126,200,2,text/html,
https://journal.uod.ac/index.php/uodjournal/citationstylelanguage/get/apa?submissionId=3127,200,2,text/html,
https://journal.uod.ac/index.php/uodjournal/citationstylelanguage/get/apa?submissionId=3144,200,2,text/html,
https://journal.uod.ac/index.php/uodjournal/citationstylelanguage/get/apa?submissionId=3146,200,2,text/html,
https://journal.uod.ac/index.php/uodjournal/citationstylelanguage/get/apa?submissionId=3153,200,2,text/html,
https://journal.uod.ac/index.php/uodjournal/citationstylelanguage/get/apa?submissionId=3154,200,2,text/html,
https://journal.uod.ac/index.php/uodjournal/citationstylelanguage/get/apa?submissionId=3161,200,2,text/html,
https://journal.uod.ac/index.php/uodjournal/citationstylelanguage/get/apa?submissionId=3162,200,2,text/html,
https://journal.uod.ac/index.php/uodjournal/citationstylelanguage/get/apa?submissionId=3163,200,2,text/html,
https://journal.uod.ac/index.php/uodjournal/citationstylelanguage/get/apa?submissionId=3164,200,2,text/html,
https://journal.uod.ac/index.php/uodjournal/citationstylelanguage/get/apa?submissionId=3168,200,2,text/html,
https://journal.uod.ac/index.php/uodjournal/citationstylelanguage/get/apa?submissionId=3178,200,2,text/html,
https://journal.uod.ac/index.php/uodjournal/citationstylelanguage/get/apa?submissionId=3187,200,2,text/html,
https://journal.uod.ac/index.php/uodjournal/citationstylelanguage/get/apa?submissionId=3188,200,2,text/html,
https://journal.uod.ac/index.php/uodjournal/citationstylelanguage/get/apa?submissionId=3189,200,2,text/html,
https://journal.uod.ac/index.php/uodjournal/citationstylelanguage/get/apa?submissionId=3196,200,2,text/html,
https://journal.uod.ac/index.php/uodjournal/citationstylelanguage/get/apa?submissionId=3214,200,2,text/html,
https://journal.uod.ac/index.php/uodjournal/citationstylelanguage/get/apa?submissionId=3231,200,2,text/html,
https://journal.uod.ac/index.php/uodjournal/citationstylelanguage/get/apa?submissionId=3279,200,2,text/html,
https://journal.uod.ac/index.php/uodjournal/citationstylelanguage/get/apa?submissionId=3280,200,2,text/html,
https://journal.uod.ac/index.php/uodjournal/citationstylelanguage/get/apa?submissionId=3281,200,2,text/html,
https://journal.uod.ac/index.php/uodjournal/citationstylelanguage/get/apa?submissionId=3282,200,2,text/html,
https://journal.uod.ac/index.php/uodjournal/citationstylelanguage/get/apa?submissionId=3283,200,2,text/html,
https://journal.uod.ac/index.php/uodjournal/citationstylelanguage/get/apa?submissionId=3284,200,2,text/html,
https://journal.uod.ac/index.php/uodjournal/citationstylelanguage/get/apa?submissionId=3285,200,2,text/html,
https://journal.uod.ac/index.php/uodjournal/citationstylelanguage/get/apa?submissionId=3286,200,2,text/html,
https://journal.uod.ac/index.php/uodjournal/citationstylelanguage/get/apa?submissionId=3287,200,2,text/html,
https://journal.uod.ac/index.php/uodjournal/citationstylelanguage/get/apa?submissionId=3288,200,2,text/html,
https://journal.uod.ac/index.php/uodjournal/citationstylelanguage/get/apa?submissionId=3289,200,2,text/html,
https://journal.uod.ac/index.php/uodjournal/citationstylelanguage/get/apa?submissionId=3290,200,2,text/html,
https://journal.uod.ac/index.php/uodjournal/citationstylelanguage/get/apa?submissionId=3291,200,2,text/html,
https://journal.uod.ac/index.php/uodjournal/citationstylelanguage/get/apa?submissionId=3292,200,2,text/html,
https://journal.uod.ac/index.php/uodjournal/citationstylelanguage/get/apa?submissionId=3293,200,2,text/html,
https://journal.uod.ac/index.php/uodjournal/citationstylelanguage/get/apa?submissionId=3294,200,2,text/html,
https://journal.uod.ac/index.php/uodjournal/citationstylelanguage/get/apa?submissionId=3295,200,2,text/html,
https://journal.uod.ac/index.php/uodjournal/citationstylelanguage/get/apa?submissionId=3296,200,2,text/html,
https://journal.uod.ac/index.php/uodjournal/citationstylelanguage/get/apa?submissionId=3297,200,2,text/html,
https://journal.uod.ac/index.php/uodjournal/citationstylelanguage/get/apa?submissionId=3298,200,2,text/html,
https://journal.uod.ac/index.php/uodjournal/citationstylelanguage/get/apa?submissionId=3299,200,2,text/html,
https://journal.uod.ac/index.php/uodjournal/citationstylelanguage/get/apa?submissionId=3300,200,2,text/html,
https://journal.uod.ac/index.php/uodjournal/citationstylelanguage/get/apa?submissionId=3302,200,2,text/html,
https://journal.uod.ac/index.php/uodjournal/citationstylelanguage/get/apa?submissionId=3303,200,2,text/html,
https://journal.uod.ac/index.php/uodjournal/citationstylelanguage/get/apa?submissionId=3305,200,2,text/html,
https://journal.uod.ac/index.php/uodjournal/citationstylelanguage/get/apa?submissionId=3306,200,2,text/html,
https://journal.uod.ac/index.php/uodjournal/citationstylelanguage/get/apa?submissionId=3307,200,2,text/html,
https://journal.uod.ac/index.php/uodjournal/citationstylelanguage/get/apa?submissionId=3308,200,2,text/html,
https://journal.uod.ac/index.php/uodjournal/citationstylelanguage/get/apa?submissionId=3309,200,2,text/html,
https://journal.uod.ac/index.php/uodjournal/citationstylelanguage/get/apa?submissionId=3310,200,2,text/html,
https://journal.uod.ac/index.php/uodjournal/citationstylelanguage/get/apa?submissionId=3312,200,2,text/html,
https://journal.uod.ac/index.php/uodjournal/citationstylelanguage/get/apa?submissionId=3313,200,2,text/html,
https://journal.uod.ac/index.php/uodjournal/citationstylelanguage/get/apa?submissionId=3314,200,2,text/html,
https://journal.uod.ac/index.php/uodjournal/citationstylelanguage/get/apa?submissionId=3315,200,2,text/html,
https://journal.uod.ac/index.php/uodjournal/citationstylelanguage/get/apa?submissionId=3316,200,2,text/html,
https://journal.uod.ac/index.php/uodjournal/citationstylelanguage/get/apa?submissionId=3319,200,2,text/html,
https://journal.uod.ac/index.php/uodjournal/citationstylelanguage/get/apa?submissionId=3320,200,2,text/html,
https://journal.uod.ac/index.php/uodjournal/citationstylelanguage/get/apa?submissionId=3321,200,2,text/html,
https://journal.uod.ac/index.php/uodjournal/citationstylelanguage/get/apa?submissionId=3322,200,2,text/html,
https://journal.uod.ac/index.php/uodjournal/citationstylelanguage/get/apa?submissionId=3323,200,2,text/html,
https://journal.uod.ac/index.php/uodjournal/citationstylelanguage/get/apa?submissionId=3324,200,2,text/html,
https://journal.uod.ac/index.php/uodjournal/citationstylelanguage/get/apa?submissionId=3325,200,2,text/html,
https://journal.uod.ac/index.php/uodjournal/citationstylelanguage/get/apa?submissionId=3326,200,2,text/html,
https://journal.uod.ac/index.php/uodjournal/citationstylelanguage/get/apa?submissionId=3327,200,2,text/html,
https://journal.uod.ac/index.php/uodjournal/citationstylelanguage/get/apa?submissionId=3328,200,2,text/html,
https://journal.uod.ac/index.php/uodjournal/citationstylelanguage/get/apa?submissionId=3329,200,2,text/html,
https://journal.uod.ac/index.php/uodjournal/citationstylelanguage/get/apa?submissionId=3330,200,2,text/html,
https://journal.uod.ac/index.php/uodjournal/citationstylelanguage/get/apa?submissionId=3331,200,2,text/html,
https://journal.uod.ac/index.php/uodjournal/citationstylelanguage/get/apa?submissionId=3332,200,2,text/html,
https://journal.uod.ac/index.php/uodjournal/citationstylelanguage/get/apa?submissionId=3333,200,2,text/html,
https://journal.uod.ac/index.php/uodjournal/citationstylelanguage/get/apa?submissionId=3334,200,2,text/html,
https://journal.uod.ac/index.php/uodjournal/citationstylelanguage/get/apa?submissionId=3335,200,2,text/html,
https://journal.uod.ac/index.php/uodjournal/citationstylelanguage/get/apa?submissionId=3336,200,2,text/html,
https://journal.uod.ac/index.php/uodjournal/citationstylelanguage/get/apa?submissionId=3337,200,2,text/html,
https://journal.uod.ac/index.php/uodjournal/citationstylelanguage/get/apa?submissionId=3338,200,2,text/html,
https://journal.uod.ac/index.php/uodjournal/citationstylelanguage/get/apa?submissionId=3339,200,2,text/html,
https://journal.uod.ac/index.php/uodjournal/citationstylelanguage/get/apa?submissionId=3340,200,2,text/html,
https://journal.uod.ac/index.php/uodjournal/citationstylelanguage/get/apa?submissionId=3341,200,2,text/html,
https://journal.uod.ac/index.php/uodjournal/citationstylelanguage/get/apa?submissionId=3342,200,2,text/html,
https://journal.uod.ac/index.php/uodjournal/citationstylelanguage/get/apa?submissionId=3343,200,2,text/html,
https://journal.uod.ac/index.php/uodjournal/citationstylelanguage/get/apa?submissionId=3344,200,2,text/html,
https://journal.uod.ac/index.php/uodjournal/citationstylelanguage/get/apa?submissionId=3345,200,2,text/html,
https://journal.uod.ac/index.php/uodjournal/citationstylelanguage/get/apa?submissionId=3346,200,2,text/html,
https://journal.uod.ac/index.php/uodjournal/citationstylelanguage/get/apa?submissionId=3347,200,2,text/html,
https://journal.uod.ac/index.php/uodjournal/citationstylelanguage/get/apa?submissionId=3348,200,2,text/html,
https://journal.uod.ac/index.php/uodjournal/citationstylelanguage/get/apa?submissionId=3349,200,2,text/html,
https://journal.uod.ac/index.php/uodjournal/citationstylelanguage/get/apa?submissionId=3350,200,2,text/html,
https://journal.uod.ac/index.php/uodjournal/citationstylelanguage/get/apa?submissionId=3351,200,2,text/html,
https://journal.uod.ac/index.php/uodjournal/citationstylelanguage/get/apa?submissionId=3362,200,2,text/html,
https://journal.uod.ac/index.php/uodjournal/citationstylelanguage/get/apa?submissionId=3363,200,2,text/html,
https://journal.uod.ac/index.php/uodjournal/citationstylelanguage/get/apa?submissionId=3365,200,2,text/html,
https://journal.uod.ac/index.php/uodjournal/citationstylelanguage/get/apa?submissionId=3366,200,2,text/html,
https://journal.uod.ac/index.php/uodjournal/citationstylelanguage/get/apa?submissionId=3391,200,2,text/html,
https://journal.uod.ac/index.php/uodjournal/citationstylelanguage/get/apa?submissionId=3392,200,2,text/html,
https://journal.uod.ac/index.php/uodjournal/citationstylelanguage/get/apa?submissionId=3394,200,2,text/html,
https://journal.uod.ac/index.php/uodjournal/citationstylelanguage/get/associacao-brasileira-de-normas-tecnicas?submissionId=2791,200,2,text/html,
https://journal.uod.ac/index.php/uodjournal/citationstylelanguage/get/associacao-brasileira-de-normas-tecnicas?submissionId=2792,200,2,text/html,
https://journal.uod.ac/index.php/uodjournal/citationstylelanguage/get/associacao-brasileira-de-normas-tecnicas?submissionId=2793,200,2,text/html,
https://journal.uod.ac/index.php/uodjournal/citationstylelanguage/get/associacao-brasileira-de-normas-tecnicas?submissionId=2795,200,2,text/html,
https://journal.uod.ac/index.php/uodjournal/citationstylelanguage/get/associacao-brasileira-de-normas-tecnicas?submissionId=2796,200,2,text/html,
https://journal.uod.ac/index.php/uodjournal/citationstylelanguage/get/associacao-brasileira-de-normas-tecnicas?submissionId=2797,200,2,text/html,
https://journal.uod.ac/index.php/uodjournal/citationstylelanguage/get/associacao-brasileira-de-normas-tecnicas?submissionId=2799,200,2,text/html,
https://journal.uod.ac/index.php/uodjournal/citationstylelanguage/get/associacao-brasileira-de-normas-tecnicas?submissionId=2800,200,2,text/html,
https://journal.uod.ac/index.php/uodjournal/citationstylelanguage/get/associacao-brasileira-de-normas-tecnicas?submissionId=2805,200,2,text/html,
https://journal.uod.ac/index.php/uodjournal/citationstylelanguage/get/associacao-brasileira-de-normas-tecnicas?submissionId=2806,200,2,text/html,
https://journal.uod.ac/index.php/uodjournal/citationstylelanguage/get/associacao-brasileira-de-normas-tecnicas?submissionId=2807,200,2,text/html,
https://journal.uod.ac/index.php/uodjournal/citationstylelanguage/get/associacao-brasileira-de-normas-tecnicas?submissionId=2809,200,2,text/html,
https://journal.uod.ac/index.php/uodjournal/citationstylelanguage/get/associacao-brasileira-de-normas-tecnicas?submissionId=2810,200,2,text/html,
https://journal.uod.ac/index.php/uodjournal/citationstylelanguage/get/associacao-brasileira-de-normas-tecnicas?submissionId=2811,200,2,text/html,
https://journal.uod.ac/index.php/uodjournal/citationstylelanguage/get/associacao-brasileira-de-normas-tecnicas?submissionId=2812,200,2,text/html,
https://journal.uod.ac/index.php/uodjournal/citationstylelanguage/get/associacao-brasileira-de-normas-tecnicas?submissionId=2813,200,2,text/html,
https://journal.uod.ac/index.php/uodjournal/citationstylelanguage/get/associacao-brasileira-de-normas-tecnicas?submissionId=2814,200,2,text/html,
https://journal.uod.ac/index.php/uodjournal/citationstylelanguage/get/associacao-brasileira-de-normas-tecnicas?submissionId=2817,200,2,text/html,
https://journal.uod.ac/index.php/uodjournal/citationstylelanguage/get/associacao-brasileira-de-normas-tecnicas?submissionId=2818,200,2,text/html,
https://journal.uod.ac/index.php/uodjournal/citationstylelanguage/get/associacao-brasileira-de-normas-tecnicas?submissionId=2819,200,2,text/html,
https://journal.uod.ac/index.php/uodjournal/citationstylelanguage/get/associacao-brasileira-de-normas-tecnicas?submissionId=2820,200,2,text/html,
https://journal.uod.ac/index.php/uodjournal/citationstylelanguage/get/associacao-brasileira-de-normas-tecnicas?submissionId=2821,200,2,text/html,
https://journal.uod.ac/index.php/uodjournal/citationstylelanguage/get/associacao-brasileira-de-normas-tecnicas?submissionId=2822,200,2,text/html,
https://journal.uod.ac/index.php/uodjournal/citationstylelanguage/get/associacao-brasileira-de-normas-tecnicas?submissionId=2823,200,2,text/html,
https://journal.uod.ac/index.php/uodjournal/citationstylelanguage/get/associacao-brasileira-de-normas-tecnicas?submissionId=2825,200,2,text/html,
https://journal.uod.ac/index.php/uodjournal/citationstylelanguage/get/associacao-brasileira-de-normas-tecnicas?submissionId=2826,200,2,text/html,
https://journal.uod.ac/index.php/uodjournal/citationstylelanguage/get/associacao-brasileira-de-normas-tecnicas?submissionId=2827,200,2,text/html,
https://journal.uod.ac/index.php/uodjournal/citationstylelanguage/get/associacao-brasileira-de-normas-tecnicas?submissionId=2828,200,2,text/html,
https://journal.uod.ac/index.php/uodjournal/citationstylelanguage/get/associacao-brasileira-de-normas-tecnicas?submissionId=2830,200,2,text/html,
https://journal.uod.ac/index.php/uodjournal/citationstylelanguage/get/associacao-brasileira-de-normas-tecnicas?submissionId=2835,200,2,text/html,
https://journal.uod.ac/index.php/uodjournal/citationstylelanguage/get/associacao-brasileira-de-normas-tecnicas?submissionId=2836,200,2,text/html,
https://journal.uod.ac/index.php/uodjournal/citationstylelanguage/get/associacao-brasileira-de-normas-tecnicas?submissionId=2837,200,2,text/html,
https://journal.uod.ac/index.php/uodjournal/citationstylelanguage/get/associacao-brasileira-de-normas-tecnicas?submissionId=2838,200,2,text/html,
https://journal.uod.ac/index.php/uodjournal/citationstylelanguage/get/associacao-brasileira-de-normas-tecnicas?submissionId=2849,200,2,text/html,
https://journal.uod.ac/index.php/uodjournal/citationstylelanguage/get/associacao-brasileira-de-normas-tecnicas?submissionId=2850,200,2,text/html,
https://journal.uod.ac/index.php/uodjournal/citationstylelanguage/get/associacao-brasileira-de-normas-tecnicas?submissionId=2852,200,2,text/html,
https://journal.uod.ac/index.php/uodjournal/citationstylelanguage/get/associacao-brasileira-de-normas-tecnicas?submissionId=2853,200,2,text/html,
https://journal.uod.ac/index.php/uodjournal/citationstylelanguage/get/associacao-brasileira-de-normas-tecnicas?submissionId=2854,200,2,text/html,
https://journal.uod.ac/index.php/uodjournal/citationstylelanguage/get/associacao-brasileira-de-normas-tecnicas?submissionId=2855,200,2,text/html,
https://journal.uod.ac/index.php/uodjournal/citationstylelanguage/get/associacao-brasileira-de-normas-tecnicas?submissionId=2856,200,2,text/html,
https://journal.uod.ac/index.php/uodjournal/citationstylelanguage/get/associacao-brasileira-de-normas-tecnicas?submissionId=2857,200,2,text/html,
https://journal.uod.ac/index.php/uodjournal/citationstylelanguage/get/associacao-brasileira-de-normas-tecnicas?submissionId=2858,200,2,text/html,
https://journal.uod.ac/index.php/uodjournal/citationstylelanguage/get/associacao-brasileira-de-normas-tecnicas?submissionId=2866,200,2,text/html,
https://journal.uod.ac/index.php/uodjournal/citationstylelanguage/get/associacao-brasileira-de-normas-tecnicas?submissionId=2879,200,2,text/html,
https://journal.uod.ac/index.php/uodjournal/citationstylelanguage/get/associacao-brasileira-de-normas-tecnicas?submissionId=2880,200,2,text/html,
https://journal.uod.ac/index.php/uodjournal/citationstylelanguage/get/associacao-brasileira-de-normas-tecnicas?submissionId=2881,200,2,text/html,
https://journal.uod.ac/index.php/uodjournal/citationstylelanguage/get/associacao-brasileira-de-normas-tecnicas?submissionId=2882,200,2,text/html,
https://journal.uod.ac/index.php/uodjournal/citationstylelanguage/get/associacao-brasileira-de-normas-tecnicas?submissionId=2883,200,2,text/html,
https://journal.uod.ac/index.php/uodjournal/citationstylelanguage/get/associacao-brasileira-de-normas-tecnicas?submissionId=2884,200,2,text/html,
https://journal.uod.ac/index.php/uodjournal/citationstylelanguage/get/associacao-brasileira-de-normas-tecnicas?submissionId=2885,200,2,text/html,
https://journal.uod.ac/index.php/uodjournal/citationstylelanguage/get/associacao-brasileira-de-normas-tecnicas?submissionId=2886,200,2,text/html,
https://journal.uod.ac/index.php/uodjournal/citationstylelanguage/get/associacao-brasileira-de-normas-tecnicas?submissionId=2887,200,2,text/html,
https://journal.uod.ac/index.php/uodjournal/citationstylelanguage/get/associacao-brasileira-de-normas-tecnicas?submissionId=2889,200,2,text/html,
https://journal.uod.ac/index.php/uodjournal/citationstylelanguage/get/associacao-brasileira-de-normas-tecnicas?submissionId=2890,200,2,text/html,
https://journal.uod.ac/index.php/uodjournal/citationstylelanguage/get/associacao-brasileira-de-normas-tecnicas?submissionId=2891,200,2,text/html,
https://journal.uod.ac/index.php/uodjournal/citationstylelanguage/get/associacao-brasileira-de-normas-tecnicas?submissionId=2892,200,2,text/html,
https://journal.uod.ac/index.php/uodjournal/citationstylelanguage/get/associacao-brasileira-de-normas-tecnicas?submissionId=2897,200,2,text/html,
https://journal.uod.ac/index.php/uodjournal/citationstylelanguage/get/associacao-brasileira-de-normas-tecnicas?submissionId=2907,200,2,text/html,
https://journal.uod.ac/index.php/uodjournal/citationstylelanguage/get/associacao-brasileira-de-normas-tecnicas?submissionId=2908,200,2,text/html,
https://journal.uod.ac/index.php/uodjournal/citationstylelanguage/get/associacao-brasileira-de-normas-tecnicas?submissionId=2909,200,2,text/html,
https://journal.uod.ac/index.php/uodjournal/citationstylelanguage/get/associacao-brasileira-de-normas-tecnicas?submissionId=2910,200,2,text/html,
https://journal.uod.ac/index.php/uodjournal/citationstylelanguage/get/associacao-brasileira-de-normas-tecnicas?submissionId=2911,200,2,text/html,
https://journal.uod.ac/index.php/uodjournal/citationstylelanguage/get/associacao-brasileira-de-normas-tecnicas?submissionId=2912,200,2,text/html,
https://journal.uod.ac/index.php/uodjournal/citationstylelanguage/get/associacao-brasileira-de-normas-tecnicas?submissionId=2913,200,2,text/html,
https://journal.uod.ac/index.php/uodjournal/citationstylelanguage/get/associacao-brasileira-de-normas-tecnicas?submissionId=2914,200,2,text/html,
https://journal.uod.ac/index.php/uodjournal/citationstylelanguage/get/associacao-brasileira-de-normas-tecnicas?submissionId=2917,200,2,text/html,
https://journal.uod.ac/index.php/uodjournal/citationstylelanguage/get/associacao-brasileira-de-normas-tecnicas?submissionId=2918,200,2,text/html,
https://journal.uod.ac/index.php/uodjournal/citationstylelanguage/get/associacao-brasileira-de-normas-tecnicas?submissionId=2923,200,2,text/html,
https://journal.uod.ac/index.php/uodjournal/citationstylelanguage/get/associacao-brasileira-de-normas-tecnicas?submissionId=2924,200,2,text/html,
https://journal.uod.ac/index.php/uodjournal/citationstylelanguage/get/associacao-brasileira-de-normas-tecnicas?submissionId=2925,200,2,text/html,
https://journal.uod.ac/index.php/uodjournal/citationstylelanguage/get/associacao-brasileira-de-normas-tecnicas?submissionId=2926,200,2,text/html,
https://journal.uod.ac/index.php/uodjournal/citationstylelanguage/get/associacao-brasileira-de-normas-tecnicas?submissionId=2927,200,2,text/html,
https://journal.uod.ac/index.php/uodjournal/citationstylelanguage/get/associacao-brasileira-de-normas-tecnicas?submissionId=2928,200,2,text/html,
https://journal.uod.ac/index.php/uodjournal/citationstylelanguage/get/associacao-brasileira-de-normas-tecnicas?submissionId=2937,200,2,text/html,
https://journal.uod.ac/index.php/uodjournal/citationstylelanguage/get/associacao-brasileira-de-normas-tecnicas?submissionId=2938,200,2,text/html,
https://journal.uod.ac/index.php/uodjournal/citationstylelanguage/get/associacao-brasileira-de-normas-tecnicas?submissionId=2942,200,2,text/html,
https://journal.uod.ac/index.php/uodjournal/citationstylelanguage/get/associacao-brasileira-de-normas-tecnicas?submissionId=2943,200,2,text/html,
https://journal.uod.ac/index.php/uodjournal/citationstylelanguage/get/associacao-brasileira-de-normas-tecnicas?submissionId=2973,200,2,text/html,
https://journal.uod.ac/index.php/uodjournal/citationstylelanguage/get/associacao-brasileira-de-normas-tecnicas?submissionId=2975,200,2,text/html,
https://journal.uod.ac/index.php/uodjournal/citationstylelanguage/get/associacao-brasileira-de-normas-tecnicas?submissionId=2980,200,2,text/html,
https://journal.uod.ac/index.php/uodjournal/citationstylelanguage/get/associacao-brasileira-de-normas-tecnicas?submissionId=2981,200,2,text/html,
https://journal.uod.ac/index.php/uodjournal/citationstylelanguage/get/associacao-brasileira-de-normas-tecnicas?submissionId=3021,200,2,text/html,
https://journal.uod.ac/index.php/uodjournal/citationstylelanguage/get/associacao-brasileira-de-normas-tecnicas?submissionId=3022,200,2,text/html,
https://journal.uod.ac/index.php/uodjournal/citationstylelanguage/get/associacao-brasileira-de-normas-tecnicas?submissionId=3031,200,2,text/html,
https://journal.uod.ac/index.php/uodjournal/citationstylelanguage/get/associacao-brasileira-de-normas-tecnicas?submissionId=3118,200,2,text/html,
https://journal.uod.ac/index.php/uodjournal/citationstylelanguage/get/associacao-brasileira-de-normas-tecnicas?submissionId=3126,200,2,text/html,
https://journal.uod.ac/index.php/uodjournal/citationstylelanguage/get/associacao-brasileira-de-normas-tecnicas?submissionId=3127,200,2,text/html,
https://journal.uod.ac/index.php/uodjournal/citationstylelanguage/get/associacao-brasileira-de-normas-tecnicas?submissionId=3144,200,2,text/html,
https://journal.uod.ac/index.php/uodjournal/citationstylelanguage/get/associacao-brasileira-de-normas-tecnicas?submissionId=3146,200,2,text/html,
https://journal.uod.ac/index.php/uodjournal/citationstylelanguage/get/associacao-brasileira-de-normas-tecnicas?submissionId=3153,200,2,text/html,
https://journal.uod.ac/index.php/uodjournal/citationstylelanguage/get/associacao-brasileira-de-normas-tecnicas?submissionId=3154,200,2,text/html,
https://journal.uod.ac/index.php/uodjournal/citationstylelanguage/get/associacao-brasileira-de-normas-tecnicas?submissionId=3161,200,2,text/html,
https://journal.uod.ac/index.php/uodjournal/citationstylelanguage/get/associacao-brasileira-de-normas-tecnicas?submissionId=3162,200,2,text/html,
https://journal.uod.ac/index.php/uodjournal/citationstylelanguage/get/associacao-brasileira-de-normas-tecnicas?submissionId=3163,200,2,text/html,
https://journal.uod.ac/index.php/uodjournal/citationstylelanguage/get/associacao-brasileira-de-normas-tecnicas?submissionId=3164,200,2,text/html,
https://journal.uod.ac/index.php/uodjournal/citationstylelanguage/get/associacao-brasileira-de-normas-tecnicas?submissionId=3168,200,2,text/html,
https://journal.uod.ac/index.php/uodjournal/citationstylelanguage/get/associacao-brasileira-de-normas-tecnicas?submissionId=3178,200,2,text/html,
https://journal.uod.ac/index.php/uodjournal/citationstylelanguage/get/associacao-brasileira-de-normas-tecnicas?submissionId=3187,200,2,text/html,
https://journal.uod.ac/index.php/uodjournal/citationstylelanguage/get/associacao-brasileira-de-normas-tecnicas?submissionId=3188,200,2,text/html,
https://journal.uod.ac/index.php/uodjournal/citationstylelanguage/get/associacao-brasileira-de-normas-tecnicas?submissionId=3189,200,2,text/html,
https://journal.uod.ac/index.php/uodjournal/citationstylelanguage/get/associacao-brasileira-de-normas-tecnicas?submissionId=3196,200,2,text/html,
https://journal.uod.ac/index.php/uodjournal/citationstylelanguage/get/associacao-brasileira-de-normas-tecnicas?submissionId=3214,200,2,text/html,
https://journal.uod.ac/index.php/uodjournal/citationstylelanguage/get/associacao-brasileira-de-normas-tecnicas?submissionId=3231,200,2,text/html,
https://journal.uod.ac/index.php/uodjournal/citationstylelanguage/get/associacao-brasileira-de-normas-tecnicas?submissionId=3279,200,2,text/html,
https://journal.uod.ac/index.php/uodjournal/citationstylelanguage/get/associacao-brasileira-de-normas-tecnicas?submissionId=3280,200,2,text/html,
https://journal.uod.ac/index.php/uodjournal/citationstylelanguage/get/associacao-brasileira-de-normas-tecnicas?submissionId=3281,200,2,text/html,
https://journal.uod.ac/index.php/uodjournal/citationstylelanguage/get/associacao-brasileira-de-normas-tecnicas?submissionId=3282,200,2,text/html,
https://journal.uod.ac/index.php/uodjournal/citationstylelanguage/get/associacao-brasileira-de-normas-tecnicas?submissionId=3283,200,2,text/html,
https://journal.uod.ac/index.php/uodjournal/citationstylelanguage/get/associacao-brasileira-de-normas-tecnicas?submissionId=3284,200,2,text/html,
https://journal.uod.ac/index.php/uodjournal/citationstylelanguage/get/associacao-brasileira-de-normas-tecnicas?submissionId=3285,200,2,text/html,
https://journal.uod.ac/index.php/uodjournal/citationstylelanguage/get/associacao-brasileira-de-normas-tecnicas?submissionId=3286,200,2,text/html,
https://journal.uod.ac/index.php/uodjournal/citationstylelanguage/get/associacao-brasileira-de-normas-tecnicas?submissionId=3287,200,2,text/html,
https://journal.uod.ac/index.php/uodjournal/citationstylelanguage/get/associacao-brasileira-de-normas-tecnicas?submissionId=3288,200,2,text/html,
https://journal.uod.ac/index.php/uodjournal/citationstylelanguage/get/associacao-brasileira-de-normas-tecnicas?submissionId=3289,200,2,text/html,
https://journal.uod.ac/index.php/uodjournal/citationstylelanguage/get/associacao-brasileira-de-normas-tecnicas?submissionId=3290,200,2,text/html,
https://journal.uod.ac/index.php/uodjournal/citationstylelanguage/get/associacao-brasileira-de-normas-tecnicas?submissionId=3291,200,2,text/html,
https://journal.uod.ac/index.php/uodjournal/citationstylelanguage/get/associacao-brasileira-de-normas-tecnicas?submissionId=3292,200,2,text/html,
https://journal.uod.ac/index.php/uodjournal/citationstylelanguage/get/associacao-brasileira-de-normas-tecnicas?submissionId=3293,200,2,text/html,
https://journal.uod.ac/index.php/uodjournal/citationstylelanguage/get/associacao-brasileira-de-normas-tecnicas?submissionId=3294,200,2,text/html,
https://journal.uod.ac/index.php/uodjournal/citationstylelanguage/get/associacao-brasileira-de-normas-tecnicas?submissionId=3295,200,2,text/html,
https://journal.uod.ac/index.php/uodjournal/citationstylelanguage/get/associacao-brasileira-de-normas-tecnicas?submissionId=3296,200,2,text/html,
https://journal.uod.ac/index.php/uodjournal/citationstylelanguage/get/associacao-brasileira-de-normas-tecnicas?submissionId=3297,200,2,text/html,
https://journal.uod.ac/index.php/uodjournal/citationstylelanguage/get/associacao-brasileira-de-normas-tecnicas?submissionId=3298,200,2,text/html,
https://journal.uod.ac/index.php/uodjournal/citationstylelanguage/get/associacao-brasileira-de-normas-tecnicas?submissionId=3299,200,2,text/html,
https://journal.uod.ac/index.php/uodjournal/citationstylelanguage/get/associacao-brasileira-de-normas-tecnicas?submissionId=3300,200,2,text/html,
https://journal.uod.ac/index.php/uodjournal/citationstylelanguage/get/associacao-brasileira-de-normas-tecnicas?submissionId=3302,200,2,text/html,
https://journal.uod.ac/index.php/uodjournal/citationstylelanguage/get/associacao-brasileira-de-normas-tecnicas?submissionId=3303,200,2,text/html,
https://journal.uod.ac/index.php/uodjournal/citationstylelanguage/get/associacao-brasileira-de-normas-tecnicas?submissionId=3305,200,2,text/html,
https://journal.uod.ac/index.php/uodjournal/citationstylelanguage/get/associacao-brasileira-de-normas-tecnicas?submissionId=3306,200,2,text/html,
https://journal.uod.ac/index.php/uodjournal/citationstylelanguage/get/associacao-brasileira-de-normas-tecnicas?submissionId=3307,200,2,text/html,
https://journal.uod.ac/index.php/uodjournal/citationstylelanguage/get/associacao-brasileira-de-normas-tecnicas?submissionId=3308,200,2,text/html,
https://journal.uod.ac/index.php/uodjournal/citationstylelanguage/get/associacao-brasileira-de-normas-tecnicas?submissionId=3309,200,2,text/html,
https://journal.uod.ac/index.php/uodjournal/citationstylelanguage/get/associacao-brasileira-de-normas-tecnicas?submissionId=3310,200,2,text/html,
https://journal.uod.ac/index.php/uodjournal/citationstylelanguage/get/associacao-brasileira-de-normas-tecnicas?submissionId=3312,200,2,text/html,
https://journal.uod.ac/index.php/uodjournal/citationstylelanguage/get/associacao-brasileira-de-normas-tecnicas?submissionId=3313,200,2,text/html,
https://journal.uod.ac/index.php/uodjournal/citationstylelanguage/get/associacao-brasileira-de-normas-tecnicas?submissionId=3314,200,2,text/html,
https://journal.uod.ac/index.php/uodjournal/citationstylelanguage/get/associacao-brasileira-de-normas-tecnicas?submissionId=3315,200,2,text/html,
https://journal.uod.ac/index.php/uodjournal/citationstylelanguage/get/associacao-brasileira-de-normas-tecnicas?submissionId=3316,200,2,text/html,
https://journal.uod.ac/index.php/uodjournal/citationstylelanguage/get/associacao-brasileira-de-normas-tecnicas?submissionId=3319,200,2,text/html,
https://journal.uod.ac/index.php/uodjournal/citationstylelanguage/get/associacao-brasileira-de-normas-tecnicas?submissionId=3320,200,2,text/html,
https://journal.uod.ac/index.php/uodjournal/citationstylelanguage/get/associacao-brasileira-de-normas-tecnicas?submissionId=3321,200,2,text/html,
https://journal.uod.ac/index.php/uodjournal/citationstylelanguage/get/associacao-brasileira-de-normas-tecnicas?submissionId=3322,200,2,text/html,
https://journal.uod.ac/index.php/uodjournal/citationstylelanguage/get/associacao-brasileira-de-normas-tecnicas?submissionId=3323,200,2,text/html,
https://journal.uod.ac/index.php/uodjournal/citationstylelanguage/get/associacao-brasileira-de-normas-tecnicas?submissionId=3324,200,2,text/html,
https://journal.uod.ac/index.php/uodjournal/citationstylelanguage/get/associacao-brasileira-de-normas-tecnicas?submissionId=3325,200,2,text/html,
https://journal.uod.ac/index.php/uodjournal/citationstylelanguage/get/associacao-brasileira-de-normas-tecnicas?submissionId=3326,200,2,text/html,
https://journal.uod.ac/index.php/uodjournal/citationstylelanguage/get/associacao-brasileira-de-normas-tecnicas?submissionId=3327,200,2,text/html,
https://journal.uod.ac/index.php/uodjournal/citationstylelanguage/get/associacao-brasileira-de-normas-tecnicas?submissionId=3328,200,2,text/html,
https://journal.uod.ac/index.php/uodjournal/citationstylelanguage/get/associacao-brasileira-de-normas-tecnicas?submissionId=3329,200,2,text/html,
https://journal.uod.ac/index.php/uodjournal/citationstylelanguage/get/associacao-brasileira-de-normas-tecnicas?submissionId=3330,200,2,text/html,
https://journal.uod.ac/index.php/uodjournal/citationstylelanguage/get/associacao-brasileira-de-normas-tecnicas?submissionId=3331,200,2,text/html,
https://journal.uod.ac/index.php/uodjournal/citationstylelanguage/get/associacao-brasileira-de-normas-tecnicas?submissionId=3332,200,2,text/html,
https://journal.uod.ac/index.php/uodjournal/citationstylelanguage/get/associacao-brasileira-de-normas-tecnicas?submissionId=3333,200,2,text/html,
https://journal.uod.ac/index.php/uodjournal/citationstylelanguage/get/associacao-brasileira-de-normas-tecnicas?submissionId=3334,200,2,text/html,
https://journal.uod.ac/index.php/uodjournal/citationstylelanguage/get/associacao-brasileira-de-normas-tecnicas?submissionId=3335,200,2,text/html,
https://journal.uod.ac/index.php/uodjournal/citationstylelanguage/get/associacao-brasileira-de-normas-tecnicas?submissionId=3336,200,2,text/html,
https://journal.uod.ac/index.php/uodjournal/citationstylelanguage/get/associacao-brasileira-de-normas-tecnicas?submissionId=3337,200,2,text/html,
https://journal.uod.ac/index.php/uodjournal/citationstylelanguage/get/associacao-brasileira-de-normas-tecnicas?submissionId=3338,200,2,text/html,
https://journal.uod.ac/index.php/uodjournal/citationstylelanguage/get/associacao-brasileira-de-normas-tecnicas?submissionId=3339,200,2,text/html,
https://journal.uod.ac/index.php/uodjournal/citationstylelanguage/get/associacao-brasileira-de-normas-tecnicas?submissionId=3340,200,2,text/html,
https://journal.uod.ac/index.php/uodjournal/citationstylelanguage/get/associacao-brasileira-de-normas-tecnicas?submissionId=3341,200,2,text/html,
https://journal.uod.ac/index.php/uodjournal/citationstylelanguage/get/associacao-brasileira-de-normas-tecnicas?submissionId=3342,200,2,text/html,
https://journal.uod.ac/index.php/uodjournal/citationstylelanguage/get/associacao-brasileira-de-normas-tecnicas?submissionId=3343,200,2,text/html,
https://journal.uod.ac/index.php/uodjournal/citationstylelanguage/get/associacao-brasileira-de-normas-tecnicas?submissionId=3344,200,2,text/html,
https://journal.uod.ac/index.php/uodjournal/citationstylelanguage/get/associacao-brasileira-de-normas-tecnicas?submissionId=3345,200,2,text/html,
https://journal.uod.ac/index.php/uodjournal/citationstylelanguage/get/associacao-brasileira-de-normas-tecnicas?submissionId=3346,200,2,text/html,
https://journal.uod.ac/index.php/uodjournal/citationstylelanguage/get/associacao-brasileira-de-normas-tecnicas?submissionId=3347,200,2,text/html,
https://journal.uod.ac/index.php/uodjournal/citationstylelanguage/get/associacao-brasileira-de-normas-tecnicas?submissionId=3348,200,2,text/html,
https://journal.uod.ac/index.php/uodjournal/citationstylelanguage/get/associacao-brasileira-de-normas-tecnicas?submissionId=3349,200,2,text/html,
https://journal.uod.ac/index.php/uodjournal/citationstylelanguage/get/associacao-brasileira-de-normas-tecnicas?submissionId=3350,200,2,text/html,
https://journal.uod.ac/index.php/uodjournal/citationstylelanguage/get/associacao-brasileira-de-normas-tecnicas?submissionId=3351,200,2,text/html,
https://journal.uod.ac/index.php/uodjournal/citationstylelanguage/get/associacao-brasileira-de-normas-tecnicas?submissionId=3362,200,2,text/html,
https://journal.uod.ac/index.php/uodjournal/citationstylelanguage/get/associacao-brasileira-de-normas-tecnicas?submissionId=3363,200,2,text/html,
https://journal.uod.ac/index.php/uodjournal/citationstylelanguage/get/associacao-brasileira-de-normas-tecnicas?submissionId=3365,200,2,text/html,
https://journal.uod.ac/index.php/uodjournal/citationstylelanguage/get/associacao-brasileira-de-normas-tecnicas?submissionId=3366,200,2,text/html,
https://journal.uod.ac/index.php/uodjournal/citationstylelanguage/get/associacao-brasileira-de-normas-tecnicas?submissionId=3391,200,2,text/html,
https://journal.uod.ac/index.php/uodjournal/citationstylelanguage/get/associacao-brasileira-de-normas-tecnicas?submissionId=3392,200,2,text/html,
https://journal.uod.ac/index.php/uodjournal/citationstylelanguage/get/associacao-brasileira-de-normas-tecnicas?submissionId=3394,200,2,text/html,
https://journal.uod.ac/index.php/uodjournal/citationstylelanguage/get/chicago-author-date?submissionId=2791,200,2,text/html,
https://journal.uod.ac/index.php/uodjournal/citationstylelanguage/get/chicago-author-date?submissionId=2792,200,2,text/html,
https://journal.uod.ac/index.php/uodjournal/citationstylelanguage/get/chicago-author-date?submissionId=2793,200,2,text/html,
https://journal.uod.ac/index.php/uodjournal/citationstylelanguage/get/chicago-author-date?submissionId=2795,200,2,text/html,
https://journal.uod.ac/index.php/uodjournal/citationstylelanguage/get/chicago-author-date?submissionId=2796,200,2,text/html,
https://journal.uod.ac/index.php/uodjournal/citationstylelanguage/get/chicago-author-date?submissionId=2797,200,2,text/html,
https://journal.uod.ac/index.php/uodjournal/citationstylelanguage/get/chicago-author-date?submissionId=2799,200,2,text/html,
https://journal.uod.ac/index.php/uodjournal/citationstylelanguage/get/chicago-author-date?submissionId=2800,200,2,text/html,
https://journal.uod.ac/index.php/uodjournal/citationstylelanguage/get/chicago-author-date?submissionId=2805,200,2,text/html,
https://journal.uod.ac/index.php/uodjournal/citationstylelanguage/get/chicago-author-date?submissionId=2806,200,2,text/html,
https://journal.uod.ac/index.php/uodjournal/citationstylelanguage/get/chicago-author-date?submissionId=2807,200,2,text/html,
https://journal.uod.ac/index.php/uodjournal/citationstylelanguage/get/chicago-author-date?submissionId=2809,200,2,text/html,
https://journal.uod.ac/index.php/uodjournal/citationstylelanguage/get/chicago-author-date?submissionId=2810,200,2,text/html,
https://journal.uod.ac/index.php/uodjournal/citationstylelanguage/get/chicago-author-date?submissionId=2811,200,2,text/html,
https://journal.uod.ac/index.php/uodjournal/citationstylelanguage/get/chicago-author-date?submissionId=2812,200,2,text/html,
https://journal.uod.ac/index.php/uodjournal/citationstylelanguage/get/chicago-author-date?submissionId=2813,200,2,text/html,
https://journal.uod.ac/index.php/uodjournal/citationstylelanguage/get/chicago-author-date?submissionId=2814,200,2,text/html,
https://journal.uod.ac/index.php/uodjournal/citationstylelanguage/get/chicago-author-date?submissionId=2817,200,2,text/html,
https://journal.uod.ac/index.php/uodjournal/citationstylelanguage/get/chicago-author-date?submissionId=2818,200,2,text/html,
https://journal.uod.ac/index.php/uodjournal/citationstylelanguage/get/chicago-author-date?submissionId=2819,200,2,text/html,
https://journal.uod.ac/index.php/uodjournal/citationstylelanguage/get/chicago-author-date?submissionId=2820,200,2,text/html,
https://journal.uod.ac/index.php/uodjournal/citationstylelanguage/get/chicago-author-date?submissionId=2821,200,2,text/html,
https://journal.uod.ac/index.php/uodjournal/citationstylelanguage/get/chicago-author-date?submissionId=2822,200,2,text/html,
https://journal.uod.ac/index.php/uodjournal/citationstylelanguage/get/chicago-author-date?submissionId=2823,200,2,text/html,
https://journal.uod.ac/index.php/uodjournal/citationstylelanguage/get/chicago-author-date?submissionId=2825,200,2,text/html,
https://journal.uod.ac/index.php/uodjournal/citationstylelanguage/get/chicago-author-date?submissionId=2826,200,2,text/html,
https://journal.uod.ac/index.php/uodjournal/citationstylelanguage/get/chicago-author-date?submissionId=2827,200,2,text/html,
https://journal.uod.ac/index.php/uodjournal/citationstylelanguage/get/chicago-author-date?submissionId=2828,200,2,text/html,
https://journal.uod.ac/index.php/uodjournal/citationstylelanguage/get/chicago-author-date?submissionId=2830,200,2,text/html,
https://journal.uod.ac/index.php/uodjournal/citationstylelanguage/get/chicago-author-date?submissionId=2835,200,2,text/html,
https://journal.uod.ac/index.php/uodjournal/citationstylelanguage/get/chicago-author-date?submissionId=2836,200,2,text/html,
https://journal.uod.ac/index.php/uodjournal/citationstylelanguage/get/chicago-author-date?submissionId=2837,200,2,text/html,
https://journal.uod.ac/index.php/uodjournal/citationstylelanguage/get/chicago-author-date?submissionId=2838,200,2,text/html,
https://journal.uod.ac/index.php/uodjournal/citationstylelanguage/get/chicago-author-date?submissionId=2849,200,2,text/html,
https://journal.uod.ac/index.php/uodjournal/citationstylelanguage/get/chicago-author-date?submissionId=2850,200,2,text/html,
https://journal.uod.ac/index.php/uodjournal/citationstylelanguage/get/chicago-author-date?submissionId=2852,200,2,text/html,
https://journal.uod.ac/index.php/uodjournal/citationstylelanguage/get/chicago-author-date?submissionId=2853,200,2,text/html,
https://journal.uod.ac/index.php/uodjournal/citationstylelanguage/get/chicago-author-date?submissionId=2854,200,2,text/html,
https://journal.uod.ac/index.php/uodjournal/citationstylelanguage/get/chicago-author-date?submissionId=2855,200,2,text/html,
https://journal.uod.ac/index.php/uodjournal/citationstylelanguage/get/chicago-author-date?submissionId=2856,200,2,text/html,
https://journal.uod.ac/index.php/uodjournal/citationstylelanguage/get/chicago-author-date?submissionId=2857,200,2,text/html,
https://journal.uod.ac/index.php/uodjournal/citationstylelanguage/get/chicago-author-date?submissionId=2858,200,2,text/html,
https://journal.uod.ac/index.php/uodjournal/citationstylelanguage/get/chicago-author-date?submissionId=2866,200,2,text/html,
https://journal.uod.ac/index.php/uodjournal/citationstylelanguage/get/chicago-author-date?submissionId=2879,200,2,text/html,
https://journal.uod.ac/index.php/uodjournal/citationstylelanguage/get/chicago-author-date?submissionId=2880,200,2,text/html,
https://journal.uod.ac/index.php/uodjournal/citationstylelanguage/get/chicago-author-date?submissionId=2881,200,2,text/html,
https://journal.uod.ac/index.php/uodjournal/citationstylelanguage/get/chicago-author-date?submissionId=2882,200,2,text/html,
https://journal.uod.ac/index.php/uodjournal/citationstylelanguage/get/chicago-author-date?submissionId=2883,200,2,text/html,
https://journal.uod.ac/index.php/uodjournal/citationstylelanguage/get/chicago-author-date?submissionId=2884,200,2,text/html,
https://journal.uod.ac/index.php/uodjournal/citationstylelanguage/get/chicago-author-date?submissionId=2885,200,2,text/html,
https://journal.uod.ac/index.php/uodjournal/citationstylelanguage/get/chicago-author-date?submissionId=2886,200,2,text/html,
https://journal.uod.ac/index.php/uodjournal/citationstylelanguage/get/chicago-author-date?submissionId=2887,200,2,text/html,
https://journal.uod.ac/index.php/uodjournal/citationstylelanguage/get/chicago-author-date?submissionId=2889,200,2,text/html,
https://journal.uod.ac/index.php/uodjournal/citationstylelanguage/get/chicago-author-date?submissionId=2890,200,2,text/html,
https://journal.uod.ac/index.php/uodjournal/citationstylelanguage/get/chicago-author-date?submissionId=2891,200,2,text/html,
https://journal.uod.ac/index.php/uodjournal/citationstylelanguage/get/chicago-author-date?submissionId=2892,200,2,text/html,
https://journal.uod.ac/index.php/uodjournal/citationstylelanguage/get/chicago-author-date?submissionId=2897,200,2,text/html,
https://journal.uod.ac/index.php/uodjournal/citationstylelanguage/get/chicago-author-date?submissionId=2907,200,2,text/html,
https://journal.uod.ac/index.php/uodjournal/citationstylelanguage/get/chicago-author-date?submissionId=2908,200,2,text/html,
https://journal.uod.ac/index.php/uodjournal/citationstylelanguage/get/chicago-author-date?submissionId=2909,200,2,text/html,
https://journal.uod.ac/index.php/uodjournal/citationstylelanguage/get/chicago-author-date?submissionId=2910,200,2,text/html,
https://journal.uod.ac/index.php/uodjournal/citationstylelanguage/get/chicago-author-date?submissionId=2911,200,2,text/html,
https://journal.uod.ac/index.php/uodjournal/citationstylelanguage/get/chicago-author-date?submissionId=2912,200,2,text/html,
https://journal.uod.ac/index.php/uodjournal/citationstylelanguage/get/chicago-author-date?submissionId=2913,200,2,text/html,
https://journal.uod.ac/index.php/uodjournal/citationstylelanguage/get/chicago-author-date?submissionId=2914,200,2,text/html,
https://journal.uod.ac/index.php/uodjournal/citationstylelanguage/get/chicago-author-date?submissionId=2917,200,2,text/html,
https://journal.uod.ac/index.php/uodjournal/citationstylelanguage/get/chicago-author-date?submissionId=2918,200,2,text/html,
https://journal.uod.ac/index.php/uodjournal/citationstylelanguage/get/chicago-author-date?submissionId=2923,200,2,text/html,
https://journal.uod.ac/index.php/uodjournal/citationstylelanguage/get/chicago-author-date?submissionId=2924,200,2,text/html,
https://journal.uod.ac/index.php/uodjournal/citationstylelanguage/get/chicago-author-date?submissionId=2925,200,2,text/html,
https://journal.uod.ac/index.php/uodjournal/citationstylelanguage/get/chicago-author-date?submissionId=2926,200,2,text/html,
https://journal.uod.ac/index.php/uodjournal/citationstylelanguage/get/chicago-author-date?submissionId=2927,200,2,text/html,
https://journal.uod.ac/index.php/uodjournal/citationstylelanguage/get/chicago-author-date?submissionId=2928,200,2,text/html,
https://journal.uod.ac/index.php/uodjournal/citationstylelanguage/get/chicago-author-date?submissionId=2937,200,2,text/html,
https://journal.uod.ac/index.php/uodjournal/citationstylelanguage/get/chicago-author-date?submissionId=2938,200,2,text/html,
https://journal.uod.ac/index.php/uodjournal/citationstylelanguage/get/chicago-author-date?submissionId=2942,200,2,text/html,
https://journal.uod.ac/index.php/uodjournal/citationstylelanguage/get/chicago-author-date?submissionId=2943,200,2,text/html,
https://journal.uod.ac/index.php/uodjournal/citationstylelanguage/get/chicago-author-date?submissionId=2973,200,2,text/html,
https://journal.uod.ac/index.php/uodjournal/citationstylelanguage/get/chicago-author-date?submissionId=2975,200,2,text/html,
https://journal.uod.ac/index.php/uodjournal/citationstylelanguage/get/chicago-author-date?submissionId=2980,200,2,text/html,
https://journal.uod.ac/index.php/uodjournal/citationstylelanguage/get/chicago-author-date?submissionId=2981,200,2,text/html,
https://journal.uod.ac/index.php/uodjournal/citationstylelanguage/get/chicago-author-date?submissionId=3021,200,2,text/html,
https://journal.uod.ac/index.php/uodjournal/citationstylelanguage/get/chicago-author-date?submissionId=3022,200,2,text/html,
https://journal.uod.ac/index.php/uodjournal/citationstylelanguage/get/chicago-author-date?submissionId=3031,200,2,text/html,
https://journal.uod.ac/index.php/uodjournal/citationstylelanguage/get/chicago-author-date?submissionId=3118,200,2,text/html,
https://journal.uod.ac/index.php/uodjournal/citationstylelanguage/get/chicago-author-date?submissionId=3126,200,2,text/html,
https://journal.uod.ac/index.php/uodjournal/citationstylelanguage/get/chicago-author-date?submissionId=3127,200,2,text/html,
https://journal.uod.ac/index.php/uodjournal/citationstylelanguage/get/chicago-author-date?submissionId=3144,200,2,text/html,
https://journal.uod.ac/index.php/uodjournal/citationstylelanguage/get/chicago-author-date?submissionId=3146,200,2,text/html,
https://journal.uod.ac/index.php/uodjournal/citationstylelanguage/get/chicago-author-date?submissionId=3153,200,2,text/html,
https://journal.uod.ac/index.php/uodjournal/citationstylelanguage/get/chicago-author-date?submissionId=3154,200,2,text/html,
https://journal.uod.ac/index.php/uodjournal/citationstylelanguage/get/chicago-author-date?submissionId=3161,200,2,text/html,
https://journal.uod.ac/index.php/uodjournal/citationstylelanguage/get/chicago-author-date?submissionId=3162,200,2,text/html,
https://journal.uod.ac/index.php/uodjournal/citationstylelanguage/get/chicago-author-date?submissionId=3163,200,2,text/html,
https://journal.uod.ac/index.php/uodjournal/citationstylelanguage/get/chicago-author-date?submissionId=3164,200,2,text/html,
https://journal.uod.ac/index.php/uodjournal/citationstylelanguage/get/chicago-author-date?submissionId=3168,200,2,text/html,
https://journal.uod.ac/index.php/uodjournal/citationstylelanguage/get/chicago-author-date?submissionId=3178,200,2,text/html,
https://journal.uod.ac/index.php/uodjournal/citationstylelanguage/get/chicago-author-date?submissionId=3187,200,2,text/html,
https://journal.uod.ac/index.php/uodjournal/citationstylelanguage/get/chicago-author-date?submissionId=3188,200,2,text/html,
https://journal.uod.ac/index.php/uodjournal/citationstylelanguage/get/chicago-author-date?submissionId=3189,200,2,text/html,
https://journal.uod.ac/index.php/uodjournal/citationstylelanguage/get/chicago-author-date?submissionId=3196,200,2,text/html,
https://journal.uod.ac/index.php/uodjournal/citationstylelanguage/get/chicago-author-date?submissionId=3214,200,2,text/html,
https://journal.uod.ac/index.php/uodjournal/citationstylelanguage/get/chicago-author-date?submissionId=3231,200,2,text/html,
https://journal.uod.ac/index.php/uodjournal/citationstylelanguage/get/chicago-author-date?submissionId=3279,200,2,text/html,
https://journal.uod.ac/index.php/uodjournal/citationstylelanguage/get/chicago-author-date?submissionId=3280,200,2,text/html,
https://journal.uod.ac/index.php/uodjournal/citationstylelanguage/get/chicago-author-date?submissionId=3281,200,2,text/html,
https://journal.uod.ac/index.php/uodjournal/citationstylelanguage/get/chicago-author-date?submissionId=3282,200,2,text/html,
https://journal.uod.ac/index.php/uodjournal/citationstylelanguage/get/chicago-author-date?submissionId=3283,200,2,text/html,
https://journal.uod.ac/index.php/uodjournal/citationstylelanguage/get/chicago-author-date?submissionId=3284,200,2,text/html,
https://journal.uod.ac/index.php/uodjournal/citationstylelanguage/get/chicago-author-date?submissionId=3285,200,2,text/html,
https://journal.uod.ac/index.php/uodjournal/citationstylelanguage/get/chicago-author-date?submissionId=3286,200,2,text/html,
https://journal.uod.ac/index.php/uodjournal/citationstylelanguage/get/chicago-author-date?submissionId=3287,200,2,text/html,
https://journal.uod.ac/index.php/uodjournal/citationstylelanguage/get/chicago-author-date?submissionId=3288,200,2,text/html,
https://journal.uod.ac/index.php/uodjournal/citationstylelanguage/get/chicago-author-date?submissionId=3289,200,2,text/html,
https://journal.uod.ac/index.php/uodjournal/citationstylelanguage/get/chicago-author-date?submissionId=3290,200,2,text/html,
https://journal.uod.ac/index.php/uodjournal/citationstylelanguage/get/chicago-author-date?submissionId=3291,200,2,text/html,
https://journal.uod.ac/index.php/uodjournal/citationstylelanguage/get/chicago-author-date?submissionId=3292,200,2,text/html,
https://journal.uod.ac/index.php/uodjournal/citationstylelanguage/get/chicago-author-date?submissionId=3293,200,2,text/html,
https://journal.uod.ac/index.php/uodjournal/citationstylelanguage/get/chicago-author-date?submissionId=3294,200,2,text/html,
https://journal.uod.ac/index.php/uodjournal/citationstylelanguage/get/chicago-author-date?submissionId=3295,200,2,text/html,
https://journal.uod.ac/index.php/uodjournal/citationstylelanguage/get/chicago-author-date?submissionId=3296,200,2,text/html,
https://journal.uod.ac/index.php/uodjournal/citationstylelanguage/get/chicago-author-date?submissionId=3297,200,2,text/html,
https://journal.uod.ac/index.php/uodjournal/citationstylelanguage/get/chicago-author-date?submissionId=3298,200,2,text/html,
https://journal.uod.ac/index.php/uodjournal/citationstylelanguage/get/chicago-author-date?submissionId=3299,200,2,text/html,
https://journal.uod.ac/index.php/uodjournal/citationstylelanguage/get/chicago-author-date?submissionId=3300,200,2,text/html,
https://journal.uod.ac/index.php/uodjournal/citationstylelanguage/get/chicago-author-date?submissionId=3302,200,2,text/html,
https://journal.uod.ac/index.php/uodjournal/citationstylelanguage/get/chicago-author-date?submissionId=3303,200,2,text/html,
https://journal.uod.ac/index.php/uodjournal/citationstylelanguage/get/chicago-author-date?submissionId=3305,200,2,text/html,
https://journal.uod.ac/index.php/uodjournal/citationstylelanguage/get/chicago-author-date?submissionId=3306,200,2,text/html,
https://journal.uod.ac/index.php/uodjournal/citationstylelanguage/get/chicago-author-date?submissionId=3307,200,2,text/html,
https://journal.uod.ac/index.php/uodjournal/citationstylelanguage/get/chicago-author-date?submissionId=3308,200,2,text/html,
https://journal.uod.ac/index.php/uodjournal/citationstylelanguage/get/chicago-author-date?submissionId=3309,200,2,text/html,
https://journal.uod.ac/index.php/uodjournal/citationstylelanguage/get/chicago-author-date?submissionId=3310,200,2,text/html,
https://journal.uod.ac/index.php/uodjournal/citationstylelanguage/get/chicago-author-date?submissionId=3312,200,2,text/html,
https://journal.uod.ac/index.php/uodjournal/citationstylelanguage/get/chicago-author-date?submissionId=3313,200,2,text/html,
https://journal.uod.ac/index.php/uodjournal/citationstylelanguage/get/chicago-author-date?submissionId=3314,200,2,text/html,
https://journal.uod.ac/index.php/uodjournal/citationstylelanguage/get/chicago-author-date?submissionId=3315,200,2,text/html,
https://journal.uod.ac/index.php/uodjournal/citationstylelanguage/get/chicago-author-date?submissionId=3316,200,2,text/html,
https://journal.uod.ac/index.php/uodjournal/citationstylelanguage/get/chicago-author-date?submissionId=3319,200,2,text/html,
https://journal.uod.ac/index.php/uodjournal/citationstylelanguage/get/chicago-author-date?submissionId=3320,200,2,text/html,
https://journal.uod.ac/index.php/uodjournal/citationstylelanguage/get/chicago-author-date?submissionId=3321,200,2,text/html,
https://journal.uod.ac/index.php/uodjournal/citationstylelanguage/get/chicago-author-date?submissionId=3322,200,2,text/html,
https://journal.uod.ac/index.php/uodjournal/citationstylelanguage/get/chicago-author-date?submissionId=3323,200,2,text/html,
https://journal.uod.ac/index.php/uodjournal/citationstylelanguage/get/chicago-author-date?submissionId=3324,200,2,text/html,
https://journal.uod.ac/index.php/uodjournal/citationstylelanguage/get/chicago-author-date?submissionId=3325,200,2,text/html,
https://journal.uod.ac/index.php/uodjournal/citationstylelanguage/get/chicago-author-date?submissionId=3326,200,2,text/html,
https://journal.uod.ac/index.php/uodjournal/citationstylelanguage/get/chicago-author-date?submissionId=3327,200,2,text/html,
https://journal.uod.ac/index.php/uodjournal/citationstylelanguage/get/chicago-author-date?submissionId=3328,200,2,text/html,
https://journal.uod.ac/index.php/uodjournal/citationstylelanguage/get/chicago-author-date?submissionId=3329,200,2,text/html,
https://journal.uod.ac/index.php/uodjournal/citationstylelanguage/get/chicago-author-date?submissionId=3330,200,2,text/html,
https://journal.uod.ac/index.php/uodjournal/citationstylelanguage/get/chicago-author-date?submissionId=3331,200,2,text/html,
https://journal.uod.ac/index.php/uodjournal/citationstylelanguage/get/chicago-author-date?submissionId=3332,200,2,text/html,
https://journal.uod.ac/index.php/uodjournal/citationstylelanguage/get/chicago-author-date?submissionId=3333,200,2,text/html,
https://journal.uod.ac/index.php/uodjournal/citationstylelanguage/get/chicago-author-date?submissionId=3334,200,2,text/html,
https://journal.uod.ac/index.php/uodjournal/citationstylelanguage/get/chicago-author-date?submissionId=3335,200,2,text/html,
https://journal.uod.ac/index.php/uodjournal/citationstylelanguage/get/chicago-author-date?submissionId=3336,200,2,text/html,
https://journal.uod.ac/index.php/uodjournal/citationstylelanguage/get/chicago-author-date?submissionId=3337,200,2,text/html,
https://journal.uod.ac/index.php/uodjournal/citationstylelanguage/get/chicago-author-date?submissionId=3338,200,2,text/html,
https://journal.uod.ac/index.php/uodjournal/citationstylelanguage/get/chicago-author-date?submissionId=3339,200,2,text/html,
https://journal.uod.ac/index.php/uodjournal/citationstylelanguage/get/chicago-author-date?submissionId=3340,200,2,text/html,
https://journal.uod.ac/index.php/uodjournal/citationstylelanguage/get/chicago-author-date?submissionId=3341,200,2,text/html,
https://journal.uod.ac/index.php/uodjournal/citationstylelanguage/get/chicago-author-date?submissionId=3342,200,2,text/html,
https://journal.uod.ac/index.php/uodjournal/citationstylelanguage/get/chicago-author-date?submissionId=3343,200,2,text/html,
https://journal.uod.ac/index.php/uodjournal/citationstylelanguage/get/chicago-author-date?submissionId=3344,200,2,text/html,
https://journal.uod.ac/index.php/uodjournal/citationstylelanguage/get/chicago-author-date?submissionId=3345,200,2,text/html,
https://journal.uod.ac/index.php/uodjournal/citationstylelanguage/get/chicago-author-date?submissionId=3346,200,2,text/html,
https://journal.uod.ac/index.php/uodjournal/citationstylelanguage/get/chicago-author-date?submissionId=3347,200,2,text/html,
https://journal.uod.ac/index.php/uodjournal/citationstylelanguage/get/chicago-author-date?submissionId=3348,200,2,text/html,
https://journal.uod.ac/index.php/uodjournal/citationstylelanguage/get/chicago-author-date?submissionId=3349,200,2,text/html,
https://journal.uod.ac/index.php/uodjournal/citationstylelanguage/get/chicago-author-date?submissionId=3350,200,2,text/html,
https://journal.uod.ac/index.php/uodjournal/citationstylelanguage/get/chicago-author-date?submissionId=3351,200,2,text/html,
https://journal.uod.ac/index.php/uodjournal/citationstylelanguage/get/chicago-author-date?submissionId=3362,200,2,text/html,
https://journal.uod.ac/index.php/uodjournal/citationstylelanguage/get/chicago-author-date?submissionId=3363,200,2,text/html,
https://journal.uod.ac/index.php/uodjournal/citationstylelanguage/get/chicago-author-date?submissionId=3365,200,2,text/html,
https://journal.uod.ac/index.php/uodjournal/citationstylelanguage/get/chicago-author-date?submissionId=3366,200,2,text/html,
https://journal.uod.ac/index.php/uodjournal/citationstylelanguage/get/chicago-author-date?submissionId=3391,200,2,text/html,
https://journal.uod.ac/index.php/uodjournal/citationstylelanguage/get/chicago-author-date?submissionId=3392,200,2,text/html,
https://journal.uod.ac/index.php/uodjournal/citationstylelanguage/get/chicago-author-date?submissionId=3394,200,2,text/html,
https://journal.uod.ac/index.php/uodjournal/citationstylelanguage/get/harvard-cite-them-right?submissionId=2791,200,2,text/html,
https://journal.uod.ac/index.php/uodjournal/citationstylelanguage/get/harvard-cite-them-right?submissionId=2792,200,2,text/html,
https://journal.uod.ac/index.php/uodjournal/citationstylelanguage/get/harvard-cite-them-right?submissionId=2793,200,2,text/html,
https://journal.uod.ac/index.php/uodjournal/citationstylelanguage/get/harvard-cite-them-right?submissionId=2795,200,2,text/html,
https://journal.uod.ac/index.php/uodjournal/citationstylelanguage/get/harvard-cite-them-right?submissionId=2796,200,2,text/html,
https://journal.uod.ac/index.php/uodjournal/citationstylelanguage/get/harvard-cite-them-right?submissionId=2797,200,2,text/html,
https://journal.uod.ac/index.php/uodjournal/citationstylelanguage/get/harvard-cite-them-right?submissionId=2799,200,2,text/html,
https://journal.uod.ac/index.php/uodjournal/citationstylelanguage/get/harvard-cite-them-right?submissionId=2800,200,2,text/html,
https://journal.uod.ac/index.php/uodjournal/citationstylelanguage/get/harvard-cite-them-right?submissionId=2805,200,2,text/html,
https://journal.uod.ac/index.php/uodjournal/citationstylelanguage/get/harvard-cite-them-right?submissionId=2806,200,2,text/html,
https://journal.uod.ac/index.php/uodjournal/citationstylelanguage/get/harvard-cite-them-right?submissionId=2807,200,2,text/html,
https://journal.uod.ac/index.php/uodjournal/citationstylelanguage/get/harvard-cite-them-right?submissionId=2809,200,2,text/html,
https://journal.uod.ac/index.php/uodjournal/citationstylelanguage/get/harvard-cite-them-right?submissionId=2810,200,2,text/html,
https://journal.uod.ac/index.php/uodjournal/citationstylelanguage/get/harvard-cite-them-right?submissionId=2811,200,2,text/html,
https://journal.uod.ac/index.php/uodjournal/citationstylelanguage/get/harvard-cite-them-right?submissionId=2812,200,2,text/html,
https://journal.uod.ac/index.php/uodjournal/citationstylelanguage/get/harvard-cite-them-right?submissionId=2813,200,2,text/html,
https://journal.uod.ac/index.php/uodjournal/citationstylelanguage/get/harvard-cite-them-right?submissionId=2814,200,2,text/html,
https://journal.uod.ac/index.php/uodjournal/citationstylelanguage/get/harvard-cite-them-right?submissionId=2817,200,2,text/html,
https://journal.uod.ac/index.php/uodjournal/citationstylelanguage/get/harvard-cite-them-right?submissionId=2818,200,2,text/html,
https://journal.uod.ac/index.php/uodjournal/citationstylelanguage/get/harvard-cite-them-right?submissionId=2819,200,2,text/html,
https://journal.uod.ac/index.php/uodjournal/citationstylelanguage/get/harvard-cite-them-right?submissionId=2820,200,2,text/html,
https://journal.uod.ac/index.php/uodjournal/citationstylelanguage/get/harvard-cite-them-right?submissionId=2821,200,2,text/html,
https://journal.uod.ac/index.php/uodjournal/citationstylelanguage/get/harvard-cite-them-right?submissionId=2822,200,2,text/html,
https://journal.uod.ac/index.php/uodjournal/citationstylelanguage/get/harvard-cite-them-right?submissionId=2823,200,2,text/html,
https://journal.uod.ac/index.php/uodjournal/citationstylelanguage/get/harvard-cite-them-right?submissionId=2825,200,2,text/html,
https://journal.uod.ac/index.php/uodjournal/citationstylelanguage/get/harvard-cite-them-right?submissionId=2826,200,2,text/html,
https://journal.uod.ac/index.php/uodjournal/citationstylelanguage/get/harvard-cite-them-right?submissionId=2827,200,2,text/html,
https://journal.uod.ac/index.php/uodjournal/citationstylelanguage/get/harvard-cite-them-right?submissionId=2828,200,2,text/html,
https://journal.uod.ac/index.php/uodjournal/citationstylelanguage/get/harvard-cite-them-right?submissionId=2830,200,2,text/html,
https://journal.uod.ac/index.php/uodjournal/citationstylelanguage/get/harvard-cite-them-right?submissionId=2835,200,2,text/html,
https://journal.uod.ac/index.php/uodjournal/citationstylelanguage/get/harvard-cite-them-right?submissionId=2836,200,2,text/html,
https://journal.uod.ac/index.php/uodjournal/citationstylelanguage/get/harvard-cite-them-right?submissionId=2837,200,2,text/html,
https://journal.uod.ac/index.php/uodjournal/citationstylelanguage/get/harvard-cite-them-right?submissionId=2838,200,2,text/html,
https://journal.uod.ac/index.php/uodjournal/citationstylelanguage/get/harvard-cite-them-right?submissionId=2849,200,2,text/html,
https://journal.uod.ac/index.php/uodjournal/citationstylelanguage/get/harvard-cite-them-right?submissionId=2850,200,2,text/html,
https://journal.uod.ac/index.php/uodjournal/citationstylelanguage/get/harvard-cite-them-right?submissionId=2852,200,2,text/html,
https://journal.uod.ac/index.php/uodjournal/citationstylelanguage/get/harvard-cite-them-right?submissionId=2853,200,2,text/html,
https://journal.uod.ac/index.php/uodjournal/citationstylelanguage/get/harvard-cite-them-right?submissionId=2854,200,2,text/html,
https://journal.uod.ac/index.php/uodjournal/citationstylelanguage/get/harvard-cite-them-right?submissionId=2855,200,2,text/html,
https://journal.uod.ac/index.php/uodjournal/citationstylelanguage/get/harvard-cite-them-right?submissionId=2856,200,2,text/html,
https://journal.uod.ac/index.php/uodjournal/citationstylelanguage/get/harvard-cite-them-right?submissionId=2857,200,2,text/html,
https://journal.uod.ac/index.php/uodjournal/citationstylelanguage/get/harvard-cite-them-right?submissionId=2858,200,2,text/html,
https://journal.uod.ac/index.php/uodjournal/citationstylelanguage/get/harvard-cite-them-right?submissionId=2866,200,2,text/html,
https://journal.uod.ac/index.php/uodjournal/citationstylelanguage/get/harvard-cite-them-right?submissionId=2879,200,2,text/html,
https://journal.uod.ac/index.php/uodjournal/citationstylelanguage/get/harvard-cite-them-right?submissionId=2880,200,2,text/html,
https://journal.uod.ac/index.php/uodjournal/citationstylelanguage/get/harvard-cite-them-right?submissionId=2881,200,2,text/html,
https://journal.uod.ac/index.php/uodjournal/citationstylelanguage/get/harvard-cite-them-right?submissionId=2882,200,2,text/html,
https://journal.uod.ac/index.php/uodjournal/citationstylelanguage/get/harvard-cite-them-right?submissionId=2883,200,2,text/html,
https://journal.uod.ac/index.php/uodjournal/citationstylelanguage/get/harvard-cite-them-right?submissionId=2884,200,2,text/html,
https://journal.uod.ac/index.php/uodjournal/citationstylelanguage/get/harvard-cite-them-right?submissionId=2885,200,2,text/html,
https://journal.uod.ac/index.php/uodjournal/citationstylelanguage/get/harvard-cite-them-right?submissionId=2886,200,2,text/html,
https://journal.uod.ac/index.php/uodjournal/citationstylelanguage/get/harvard-cite-them-right?submissionId=2887,200,2,text/html,
https://journal.uod.ac/index.php/uodjournal/citationstylelanguage/get/harvard-cite-them-right?submissionId=2889,200,2,text/html,
https://journal.uod.ac/index.php/uodjournal/citationstylelanguage/get/harvard-cite-them-right?submissionId=2890,200,2,text/html,
https://journal.uod.ac/index.php/uodjournal/citationstylelanguage/get/harvard-cite-them-right?submissionId=2891,200,2,text/html,
https://journal.uod.ac/index.php/uodjournal/citationstylelanguage/get/harvard-cite-them-right?submissionId=2892,200,2,text/html,
https://journal.uod.ac/index.php/uodjournal/citationstylelanguage/get/harvard-cite-them-right?submissionId=2897,200,2,text/html,
https://journal.uod.ac/index.php/uodjournal/citationstylelanguage/get/harvard-cite-them-right?submissionId=2907,200,2,text/html,
https://journal.uod.ac/index.php/uodjournal/citationstylelanguage/get/harvard-cite-them-right?submissionId=2908,200,2,text/html,
https://journal.uod.ac/index.php/uodjournal/citationstylelanguage/get/harvard-cite-them-right?submissionId=2909,200,2,text/html,
https://journal.uod.ac/index.php/uodjournal/citationstylelanguage/get/harvard-cite-them-right?submissionId=2910,200,2,text/html,
https://journal.uod.ac/index.php/uodjournal/citationstylelanguage/get/harvard-cite-them-right?submissionId=2911,200,2,text/html,
https://journal.uod.ac/index.php/uodjournal/citationstylelanguage/get/harvard-cite-them-right?submissionId=2912,200,2,text/html,
https://journal.uod.ac/index.php/uodjournal/citationstylelanguage/get/harvard-cite-them-right?submissionId=2913,200,2,text/html,
https://journal.uod.ac/index.php/uodjournal/citationstylelanguage/get/harvard-cite-them-right?submissionId=2914,200,2,text/html,
https://journal.uod.ac/index.php/uodjournal/citationstylelanguage/get/harvard-cite-them-right?submissionId=2917,200,2,text/html,
https://journal.uod.ac/index.php/uodjournal/citationstylelanguage/get/harvard-cite-them-right?submissionId=2918,200,2,text/html,
https://journal.uod.ac/index.php/uodjournal/citationstylelanguage/get/harvard-cite-them-right?submissionId=2923,200,2,text/html,
https://journal.uod.ac/index.php/uodjournal/citationstylelanguage/get/harvard-cite-them-right?submissionId=2924,200,2,text/html,
https://journal.uod.ac/index.php/uodjournal/citationstylelanguage/get/harvard-cite-them-right?submissionId=2925,200,2,text/html,
https://journal.uod.ac/index.php/uodjournal/citationstylelanguage/get/harvard-cite-them-right?submissionId=2926,200,2,text/html,
https://journal.uod.ac/index.php/uodjournal/citationstylelanguage/get/harvard-cite-them-right?submissionId=2927,200,2,text/html,
https://journal.uod.ac/index.php/uodjournal/citationstylelanguage/get/harvard-cite-them-right?submissionId=2928,200,2,text/html,
https://journal.uod.ac/index.php/uodjournal/citationstylelanguage/get/harvard-cite-them-right?submissionId=2937,200,2,text/html,
https://journal.uod.ac/index.php/uodjournal/citationstylelanguage/get/harvard-cite-them-right?submissionId=2938,200,2,text/html,
https://journal.uod.ac/index.php/uodjournal/citationstylelanguage/get/harvard-cite-them-right?submissionId=2942,200,2,text/html,
https://journal.uod.ac/index.php/uodjournal/citationstylelanguage/get/harvard-cite-them-right?submissionId=2943,200,2,text/html,
https://journal.uod.ac/index.php/uodjournal/citationstylelanguage/get/harvard-cite-them-right?submissionId=2944,200,2,text/html,
https://journal.uod.ac/index.php/uodjournal/citationstylelanguage/get/harvard-cite-them-right?submissionId=2973,200,2,text/html,
https://journal.uod.ac/index.php/uodjournal/citationstylelanguage/get/harvard-cite-them-right?submissionId=2975,200,2,text/html,
https://journal.uod.ac/index.php/uodjournal/citationstylelanguage/get/harvard-cite-them-right?submissionId=2980,200,2,text/html,
https://journal.uod.ac/index.php/uodjournal/citationstylelanguage/get/harvard-cite-them-right?submissionId=2981,200,2,text/html,
https://journal.uod.ac/index.php/uodjournal/citationstylelanguage/get/harvard-cite-them-right?submissionId=3021,200,2,text/html,
https://journal.uod.ac/index.php/uodjournal/citationstylelanguage/get/harvard-cite-them-right?submissionId=3022,200,2,text/html,
https://journal.uod.ac/index.php/uodjournal/citationstylelanguage/get/harvard-cite-them-right?submissionId=3031,200,2,text/html,
https://journal.uod.ac/index.php/uodjournal/citationstylelanguage/get/harvard-cite-them-right?submissionId=3118,200,2,text/html,
https://journal.uod.ac/index.php/uodjournal/citationstylelanguage/get/harvard-cite-them-right?submissionId=3126,200,2,text/html,
https://journal.uod.ac/index.php/uodjournal/citationstylelanguage/get/harvard-cite-them-right?submissionId=3127,200,2,text/html,
https://journal.uod.ac/index.php/uodjournal/citationstylelanguage/get/harvard-cite-them-right?submissionId=3144,200,2,text/html,
https://journal.uod.ac/index.php/uodjournal/citationstylelanguage/get/harvard-cite-them-right?submissionId=3146,200,2,text/html,
https://journal.uod.ac/index.php/uodjournal/citationstylelanguage/get/harvard-cite-them-right?submissionId=3153,200,2,text/html,
https://journal.uod.ac/index.php/uodjournal/citationstylelanguage/get/harvard-cite-them-right?submissionId=3154,200,2,text/html,
https://journal.uod.ac/index.php/uodjournal/citationstylelanguage/get/harvard-cite-them-right?submissionId=3161,200,2,text/html,
https://journal.uod.ac/index.php/uodjournal/citationstylelanguage/get/harvard-cite-them-right?submissionId=3162,200,2,text/html,
https://journal.uod.ac/index.php/uodjournal/citationstylelanguage/get/harvard-cite-them-right?submissionId=3163,200,2,text/html,
https://journal.uod.ac/index.php/uodjournal/citationstylelanguage/get/harvard-cite-them-right?submissionId=3164,200,2,text/html,
https://journal.uod.ac/index.php/uodjournal/citationstylelanguage/get/harvard-cite-them-right?submissionId=3168,200,2,text/html,
https://journal.uod.ac/index.php/uodjournal/citationstylelanguage/get/harvard-cite-them-right?submissionId=3178,200,2,text/html,
https://journal.uod.ac/index.php/uodjournal/citationstylelanguage/get/harvard-cite-them-right?submissionId=3187,200,2,text/html,
https://journal.uod.ac/index.php/uodjournal/citationstylelanguage/get/harvard-cite-them-right?submissionId=3188,200,2,text/html,
https://journal.uod.ac/index.php/uodjournal/citationstylelanguage/get/harvard-cite-them-right?submissionId=3189,200,2,text/html,
https://journal.uod.ac/index.php/uodjournal/citationstylelanguage/get/harvard-cite-them-right?submissionId=3196,200,2,text/html,
https://journal.uod.ac/index.php/uodjournal/citationstylelanguage/get/harvard-cite-them-right?submissionId=3214,200,2,text/html,
https://journal.uod.ac/index.php/uodjournal/citationstylelanguage/get/harvard-cite-them-right?submissionId=3231,200,2,text/html,
https://journal.uod.ac/index.php/uodjournal/citationstylelanguage/get/harvard-cite-them-right?submissionId=3279,200,2,text/html,
https://journal.uod.ac/index.php/uodjournal/citationstylelanguage/get/harvard-cite-them-right?submissionId=3280,200,2,text/html,
https://journal.uod.ac/index.php/uodjournal/citationstylelanguage/get/harvard-cite-them-right?submissionId=3281,200,2,text/html,
https://journal.uod.ac/index.php/uodjournal/citationstylelanguage/get/harvard-cite-them-right?submissionId=3282,200,2,text/html,
https://journal.uod.ac/index.php/uodjournal/citationstylelanguage/get/harvard-cite-them-right?submissionId=3283,200,2,text/html,
https://journal.uod.ac/index.php/uodjournal/citationstylelanguage/get/harvard-cite-them-right?submissionId=3284,200,2,text/html,
https://journal.uod.ac/index.php/uodjournal/citationstylelanguage/get/harvard-cite-them-right?submissionId=3285,200,2,text/html,
https://journal.uod.ac/index.php/uodjournal/citationstylelanguage/get/harvard-cite-them-right?submissionId=3286,200,2,text/html,
https://journal.uod.ac/index.php/uodjournal/citationstylelanguage/get/harvard-cite-them-right?submissionId=3287,200,2,text/html,
https://journal.uod.ac/index.php/uodjournal/citationstylelanguage/get/harvard-cite-them-right?submissionId=3288,200,2,text/html,
https://journal.uod.ac/index.php/uodjournal/citationstylelanguage/get/harvard-cite-them-right?submissionId=3289,200,2,text/html,
https://journal.uod.ac/index.php/uodjournal/citationstylelanguage/get/harvard-cite-them-right?submissionId=3290,200,2,text/html,
https://journal.uod.ac/index.php/uodjournal/citationstylelanguage/get/harvard-cite-them-right?submissionId=3291,200,2,text/html,
https://journal.uod.ac/index.php/uodjournal/citationstylelanguage/get/harvard-cite-them-right?submissionId=3292,200,2,text/html,
https://journal.uod.ac/index.php/uodjournal/citationstylelanguage/get/harvard-cite-them-right?submissionId=3293,200,2,text/html,
https://journal.uod.ac/index.php/uodjournal/citationstylelanguage/get/harvard-cite-them-right?submissionId=3294,200,2,text/html,
https://journal.uod.ac/index.php/uodjournal/citationstylelanguage/get/harvard-cite-them-right?submissionId=3295,200,2,text/html,
https://journal.uod.ac/index.php/uodjournal/citationstylelanguage/get/harvard-cite-them-right?submissionId=3296,200,2,text/html,
https://journal.uod.ac/index.php/uodjournal/citationstylelanguage/get/harvard-cite-them-right?submissionId=3297,200,2,text/html,
https://journal.uod.ac/index.php/uodjournal/citationstylelanguage/get/harvard-cite-them-right?submissionId=3298,200,2,text/html,
https://journal.uod.ac/index.php/uodjournal/citationstylelanguage/get/harvard-cite-them-right?submissionId=3299,200,2,text/html,
https://journal.uod.ac/index.php/uodjournal/citationstylelanguage/get/harvard-cite-them-right?submissionId=3300,200,2,text/html,
https://journal.uod.ac/index.php/uodjournal/citationstylelanguage/get/harvard-cite-them-right?submissionId=3302,200,2,text/html,
https://journal.uod.ac/index.php/uodjournal/citationstylelanguage/get/harvard-cite-them-right?submissionId=3303,200,2,text/html,
https://journal.uod.ac/index.php/uodjournal/citationstylelanguage/get/harvard-cite-them-right?submissionId=3305,200,2,text/html,
https://journal.uod.ac/index.php/uodjournal/citationstylelanguage/get/harvard-cite-them-right?submissionId=3306,200,2,text/html,
https://journal.uod.ac/index.php/uodjournal/citationstylelanguage/get/harvard-cite-them-right?submissionId=3307,200,2,text/html,
https://journal.uod.ac/index.php/uodjournal/citationstylelanguage/get/harvard-cite-them-right?submissionId=3308,200,2,text/html,
https://journal.uod.ac/index.php/uodjournal/citationstylelanguage/get/harvard-cite-them-right?submissionId=3309,200,2,text/html,
https://journal.uod.ac/index.php/uodjournal/citationstylelanguage/get/harvard-cite-them-right?submissionId=3310,200,2,text/html,
https://journal.uod.ac/index.php/uodjournal/citationstylelanguage/get/harvard-cite-them-right?submissionId=3312,200,2,text/html,
https://journal.uod.ac/index.php/uodjournal/citationstylelanguage/get/harvard-cite-them-right?submissionId=3313,200,2,text/html,
https://journal.uod.ac/index.php/uodjournal/citationstylelanguage/get/harvard-cite-them-right?submissionId=3314,200,2,text/html,
https://journal.uod.ac/index.php/uodjournal/citationstylelanguage/get/harvard-cite-them-right?submissionId=3315,200,2,text/html,
https://journal.uod.ac/index.php/uodjournal/citationstylelanguage/get/harvard-cite-them-right?submissionId=3316,200,2,text/html,
https://journal.uod.ac/index.php/uodjournal/citationstylelanguage/get/harvard-cite-them-right?submissionId=3319,200,2,text/html,
https://journal.uod.ac/index.php/uodjournal/citationstylelanguage/get/harvard-cite-them-right?submissionId=3320,200,2,text/html,
https://journal.uod.ac/index.php/uodjournal/citationstylelanguage/get/harvard-cite-them-right?submissionId=3321,200,2,text/html,
https://journal.uod.ac/index.php/uodjournal/citationstylelanguage/get/harvard-cite-them-right?submissionId=3322,200,2,text/html,
https://journal.uod.ac/index.php/uodjournal/citationstylelanguage/get/harvard-cite-them-right?submissionId=3323,200,2,text/html,
https://journal.uod.ac/index.php/uodjournal/citationstylelanguage/get/harvard-cite-them-right?submissionId=3324,200,2,text/html,
https://journal.uod.ac/index.php/uodjournal/citationstylelanguage/get/harvard-cite-them-right?submissionId=3325,200,2,text/html,
https://journal.uod.ac/index.php/uodjournal/citationstylelanguage/get/harvard-cite-them-right?submissionId=3326,200,2,text/html,
https://journal.uod.ac/index.php/uodjournal/citationstylelanguage/get/harvard-cite-them-right?submissionId=3327,200,2,text/html,
https://journal.uod.ac/index.php/uodjournal/citationstylelanguage/get/harvard-cite-them-right?submissionId=3328,200,2,text/html,
https://journal.uod.ac/index.php/uodjournal/citationstylelanguage/get/harvard-cite-them-right?submissionId=3329,200,2,text/html,
https://journal.uod.ac/index.php/uodjournal/citationstylelanguage/get/harvard-cite-them-right?submissionId=3330,200,2,text/html,
https://journal.uod.ac/index.php/uodjournal/citationstylelanguage/get/harvard-cite-them-right?submissionId=3331,200,2,text/html,
https://journal.uod.ac/index.php/uodjournal/citationstylelanguage/get/harvard-cite-them-right?submissionId=3332,200,2,text/html,
https://journal.uod.ac/index.php/uodjournal/citationstylelanguage/get/harvard-cite-them-right?submissionId=3333,200,2,text/html,
https://journal.uod.ac/index.php/uodjournal/citationstylelanguage/get/harvard-cite-them-right?submissionId=3334,200,2,text/html,
https://journal.uod.ac/index.php/uodjournal/citationstylelanguage/get/harvard-cite-them-right?submissionId=3335,200,2,text/html,
https://journal.uod.ac/index.php/uodjournal/citationstylelanguage/get/harvard-cite-them-right?submissionId=3336,200,2,text/html,
https://journal.uod.ac/index.php/uodjournal/citationstylelanguage/get/harvard-cite-them-right?submissionId=3337,200,2,text/html,
https://journal.uod.ac/index.php/uodjournal/citationstylelanguage/get/harvard-cite-them-right?submissionId=3338,200,2,text/html,
https://journal.uod.ac/index.php/uodjournal/citationstylelanguage/get/harvard-cite-them-right?submissionId=3339,200,2,text/html,
https://journal.uod.ac/index.php/uodjournal/citationstylelanguage/get/harvard-cite-them-right?submissionId=3340,200,2,text/html,
https://journal.uod.ac/index.php/uodjournal/citationstylelanguage/get/harvard-cite-them-right?submissionId=3341,200,2,text/html,
https://journal.uod.ac/index.php/uodjournal/citationstylelanguage/get/harvard-cite-them-right?submissionId=3342,200,2,text/html,
https://journal.uod.ac/index.php/uodjournal/citationstylelanguage/get/harvard-cite-them-right?submissionId=3343,200,2,text/html,
https://journal.uod.ac/index.php/uodjournal/citationstylelanguage/get/harvard-cite-them-right?submissionId=3344,200,2,text/html,
https://journal.uod.ac/index.php/uodjournal/citationstylelanguage/get/harvard-cite-them-right?submissionId=3345,200,2,text/html,
https://journal.uod.ac/index.php/uodjournal/citationstylelanguage/get/harvard-cite-them-right?submissionId=3346,200,2,text/html,
https://journal.uod.ac/index.php/uodjournal/citationstylelanguage/get/harvard-cite-them-right?submissionId=3347,200,2,text/html,
https://journal.uod.ac/index.php/uodjournal/citationstylelanguage/get/harvard-cite-them-right?submissionId=3348,200,2,text/html,
https://journal.uod.ac/index.php/uodjournal/citationstylelanguage/get/harvard-cite-them-right?submissionId=3349,200,2,text/html,
https://journal.uod.ac/index.php/uodjournal/citationstylelanguage/get/harvard-cite-them-right?submissionId=3350,200,2,text/html,
https://journal.uod.ac/index.php/uodjournal/citationstylelanguage/get/harvard-cite-them-right?submissionId=3351,200,2,text/html,
https://journal.uod.ac/index.php/uodjournal/citationstylelanguage/get/harvard-cite-them-right?submissionId=3362,200,2,text/html,
https://journal.uod.ac/index.php/uodjournal/citationstylelanguage/get/harvard-cite-them-right?submissionId=3363,200,2,text/html,
https://journal.uod.ac/index.php/uodjournal/citationstylelanguage/get/harvard-cite-them-right?submissionId=3365,200,2,text/html,
https://journal.uod.ac/index.php/uodjournal/citationstylelanguage/get/harvard-cite-them-right?submissionId=3366,200,2,text/html,
https://journal.uod.ac/index.php/uodjournal/citationstylelanguage/get/harvard-cite-them-right?submissionId=3391,200,2,text/html,
https://journal.uod.ac/index.php/uodjournal/citationstylelanguage/get/harvard-cite-them-right?submissionId=3392,200,2,text/html,
https://journal.uod.ac/index.php/uodjournal/citationstylelanguage/get/harvard-cite-them-right?submissionId=3394,200,2,text/html,
https://journal.uod.ac/index.php/uodjournal/citationstylelanguage/get/ieee?submissionId=2791,200,2,text/html,
https://journal.uod.ac/index.php/uodjournal/citationstylelanguage/get/ieee?submissionId=2792,200,2,text/html,
https://journal.uod.ac/index.php/uodjournal/citationstylelanguage/get/ieee?submissionId=2793,200,2,text/html,
https://journal.uod.ac/index.php/uodjournal/citationstylelanguage/get/ieee?submissionId=2795,200,2,text/html,
https://journal.uod.ac/index.php/uodjournal/citationstylelanguage/get/ieee?submissionId=2796,200,2,text/html,
https://journal.uod.ac/index.php/uodjournal/citationstylelanguage/get/ieee?submissionId=2797,200,2,text/html,
https://journal.uod.ac/index.php/uodjournal/citationstylelanguage/get/ieee?submissionId=2799,200,2,text/html,
https://journal.uod.ac/index.php/uodjournal/citationstylelanguage/get/ieee?submissionId=2800,200,2,text/html,
https://journal.uod.ac/index.php/uodjournal/citationstylelanguage/get/ieee?submissionId=2805,200,2,text/html,
https://journal.uod.ac/index.php/uodjournal/citationstylelanguage/get/ieee?submissionId=2806,200,2,text/html,
https://journal.uod.ac/index.php/uodjournal/citationstylelanguage/get/ieee?submissionId=2807,200,2,text/html,
https://journal.uod.ac/index.php/uodjournal/citationstylelanguage/get/ieee?submissionId=2809,200,2,text/html,
https://journal.uod.ac/index.php/uodjournal/citationstylelanguage/get/ieee?submissionId=2810,200,2,text/html,
https://journal.uod.ac/index.php/uodjournal/citationstylelanguage/get/ieee?submissionId=2811,200,2,text/html,
https://journal.uod.ac/index.php/uodjournal/citationstylelanguage/get/ieee?submissionId=2812,200,2,text/html,
https://journal.uod.ac/index.php/uodjournal/citationstylelanguage/get/ieee?submissionId=2813,200,2,text/html,
https://journal.uod.ac/index.php/uodjournal/citationstylelanguage/get/ieee?submissionId=2814,200,2,text/html,
https://journal.uod.ac/index.php/uodjournal/citationstylelanguage/get/ieee?submissionId=2817,200,2,text/html,
https://journal.uod.ac/index.php/uodjournal/citationstylelanguage/get/ieee?submissionId=2818,200,2,text/html,
https://journal.uod.ac/index.php/uodjournal/citationstylelanguage/get/ieee?submissionId=2819,200,2,text/html,
https://journal.uod.ac/index.php/uodjournal/citationstylelanguage/get/ieee?submissionId=2820,200,2,text/html,
https://journal.uod.ac/index.php/uodjournal/citationstylelanguage/get/ieee?submissionId=2821,200,2,text/html,
https://journal.uod.ac/index.php/uodjournal/citationstylelanguage/get/ieee?submissionId=2822,200,2,text/html,
https://journal.uod.ac/index.php/uodjournal/citationstylelanguage/get/ieee?submissionId=2823,200,2,text/html,
https://journal.uod.ac/index.php/uodjournal/citationstylelanguage/get/ieee?submissionId=2825,200,2,text/html,
https://journal.uod.ac/index.php/uodjournal/citationstylelanguage/get/ieee?submissionId=2826,200,2,text/html,
https://journal.uod.ac/index.php/uodjournal/citationstylelanguage/get/ieee?submissionId=2827,200,2,text/html,
https://journal.uod.ac/index.php/uodjournal/citationstylelanguage/get/ieee?submissionId=2828,200,2,text/html,
https://journal.uod.ac/index.php/uodjournal/citationstylelanguage/get/ieee?submissionId=2830,200,2,text/html,
https://journal.uod.ac/index.php/uodjournal/citationstylelanguage/get/ieee?submissionId=2835,200,2,text/html,
https://journal.uod.ac/index.php/uodjournal/citationstylelanguage/get/ieee?submissionId=2836,200,2,text/html,
https://journal.uod.ac/index.php/uodjournal/citationstylelanguage/get/ieee?submissionId=2837,200,2,text/html,
https://journal.uod.ac/index.php/uodjournal/citationstylelanguage/get/ieee?submissionId=2838,200,2,text/html,
https://journal.uod.ac/index.php/uodjournal/citationstylelanguage/get/ieee?submissionId=2849,200,2,text/html,
https://journal.uod.ac/index.php/uodjournal/citationstylelanguage/get/ieee?submissionId=2850,200,2,text/html,
https://journal.uod.ac/index.php/uodjournal/citationstylelanguage/get/ieee?submissionId=2852,200,2,text/html,
https://journal.uod.ac/index.php/uodjournal/citationstylelanguage/get/ieee?submissionId=2853,200,2,text/html,
https://journal.uod.ac/index.php/uodjournal/citationstylelanguage/get/ieee?submissionId=2854,200,2,text/html,
https://journal.uod.ac/index.php/uodjournal/citationstylelanguage/get/ieee?submissionId=2855,200,2,text/html,
https://journal.uod.ac/index.php/uodjournal/citationstylelanguage/get/ieee?submissionId=2856,200,2,text/html,
https://journal.uod.ac/index.php/uodjournal/citationstylelanguage/get/ieee?submissionId=2857,200,2,text/html,
https://journal.uod.ac/index.php/uodjournal/citationstylelanguage/get/ieee?submissionId=2858,200,2,text/html,
https://journal.uod.ac/index.php/uodjournal/citationstylelanguage/get/ieee?submissionId=2866,200,2,text/html,
https://journal.uod.ac/index.php/uodjournal/citationstylelanguage/get/ieee?submissionId=2879,200,2,text/html,
https://journal.uod.ac/index.php/uodjournal/citationstylelanguage/get/ieee?submissionId=2880,200,2,text/html,
https://journal.uod.ac/index.php/uodjournal/citationstylelanguage/get/ieee?submissionId=2881,200,2,text/html,
https://journal.uod.ac/index.php/uodjournal/citationstylelanguage/get/ieee?submissionId=2882,200,2,text/html,
https://journal.uod.ac/index.php/uodjournal/citationstylelanguage/get/ieee?submissionId=2883,200,2,text/html,
https://journal.uod.ac/index.php/uodjournal/citationstylelanguage/get/ieee?submissionId=2884,200,2,text/html,
https://journal.uod.ac/index.php/uodjournal/citationstylelanguage/get/ieee?submissionId=2885,200,2,text/html,
https://journal.uod.ac/index.php/uodjournal/citationstylelanguage/get/ieee?submissionId=2886,200,2,text/html,
https://journal.uod.ac/index.php/uodjournal/citationstylelanguage/get/ieee?submissionId=2887,200,2,text/html,
https://journal.uod.ac/index.php/uodjournal/citationstylelanguage/get/ieee?submissionId=2889,200,2,text/html,
https://journal.uod.ac/index.php/uodjournal/citationstylelanguage/get/ieee?submissionId=2890,200,2,text/html,
https://journal.uod.ac/index.php/uodjournal/citationstylelanguage/get/ieee?submissionId=2891,200,2,text/html,
https://journal.uod.ac/index.php/uodjournal/citationstylelanguage/get/ieee?submissionId=2892,200,2,text/html,
https://journal.uod.ac/index.php/uodjournal/citationstylelanguage/get/ieee?submissionId=2897,200,2,text/html,
https://journal.uod.ac/index.php/uodjournal/citationstylelanguage/get/ieee?submissionId=2907,200,2,text/html,
https://journal.uod.ac/index.php/uodjournal/citationstylelanguage/get/ieee?submissionId=2908,200,2,text/html,
https://journal.uod.ac/index.php/uodjournal/citationstylelanguage/get/ieee?submissionId=2909,200,2,text/html,
https://journal.uod.ac/index.php/uodjournal/citationstylelanguage/get/ieee?submissionId=2910,200,2,text/html,
https://journal.uod.ac/index.php/uodjournal/citationstylelanguage/get/ieee?submissionId=2911,200,2,text/html,
https://journal.uod.ac/index.php/uodjournal/citationstylelanguage/get/ieee?submissionId=2912,200,2,text/html,
https://journal.uod.ac/index.php/uodjournal/citationstylelanguage/get/ieee?submissionId=2913,200,2,text/html,
https://journal.uod.ac/index.php/uodjournal/citationstylelanguage/get/ieee?submissionId=2914,200,2,text/html,
https://journal.uod.ac/index.php/uodjournal/citationstylelanguage/get/ieee?submissionId=2917,200,2,text/html,
https://journal.uod.ac/index.php/uodjournal/citationstylelanguage/get/ieee?submissionId=2918,200,2,text/html,
https://journal.uod.ac/index.php/uodjournal/citationstylelanguage/get/ieee?submissionId=2923,200,2,text/html,
https://journal.uod.ac/index.php/uodjournal/citationstylelanguage/get/ieee?submissionId=2924,200,2,text/html,
https://journal.uod.ac/index.php/uodjournal/citationstylelanguage/get/ieee?submissionId=2925,200,2,text/html,
https://journal.uod.ac/index.php/uodjournal/citationstylelanguage/get/ieee?submissionId=2926,200,2,text/html,
https://journal.uod.ac/index.php/uodjournal/citationstylelanguage/get/ieee?submissionId=2927,200,2,text/html,
https://journal.uod.ac/index.php/uodjournal/citationstylelanguage/get/ieee?submissionId=2928,200,2,text/html,
https://journal.uod.ac/index.php/uodjournal/citationstylelanguage/get/ieee?submissionId=2937,200,2,text/html,
https://journal.uod.ac/index.php/uodjournal/citationstylelanguage/get/ieee?submissionId=2938,200,2,text/html,
https://journal.uod.ac/index.php/uodjournal/citationstylelanguage/get/ieee?submissionId=2942,200,2,text/html,
https://journal.uod.ac/index.php/uodjournal/citationstylelanguage/get/ieee?submissionId=2943,200,2,text/html,
https://journal.uod.ac/index.php/uodjournal/citationstylelanguage/get/ieee?submissionId=2944,200,2,text/html,
https://journal.uod.ac/index.php/uodjournal/citationstylelanguage/get/ieee?submissionId=2973,200,2,text/html,
https://journal.uod.ac/index.php/uodjournal/citationstylelanguage/get/ieee?submissionId=2975,200,2,text/html,
https://journal.uod.ac/index.php/uodjournal/citationstylelanguage/get/ieee?submissionId=2980,200,2,text/html,
https://journal.uod.ac/index.php/uodjournal/citationstylelanguage/get/ieee?submissionId=2981,200,2,text/html,
https://journal.uod.ac/index.php/uodjournal/citationstylelanguage/get/ieee?submissionId=3021,200,2,text/html,
https://journal.uod.ac/index.php/uodjournal/citationstylelanguage/get/ieee?submissionId=3022,200,2,text/html,
https://journal.uod.ac/index.php/uodjournal/citationstylelanguage/get/ieee?submissionId=3031,200,2,text/html,
https://journal.uod.ac/index.php/uodjournal/citationstylelanguage/get/ieee?submissionId=3118,200,2,text/html,
https://journal.uod.ac/index.php/uodjournal/citationstylelanguage/get/ieee?submissionId=3126,200,2,text/html,
https://journal.uod.ac/index.php/uodjournal/citationstylelanguage/get/ieee?submissionId=3127,200,2,text/html,
https://journal.uod.ac/index.php/uodjournal/citationstylelanguage/get/ieee?submissionId=3144,200,2,text/html,
https://journal.uod.ac/index.php/uodjournal/citationstylelanguage/get/ieee?submissionId=3146,200,2,text/html,
https://journal.uod.ac/index.php/uodjournal/citationstylelanguage/get/ieee?submissionId=3153,200,2,text/html,
https://journal.uod.ac/index.php/uodjournal/citationstylelanguage/get/ieee?submissionId=3154,200,2,text/html,
https://journal.uod.ac/index.php/uodjournal/citationstylelanguage/get/ieee?submissionId=3161,200,2,text/html,
https://journal.uod.ac/index.php/uodjournal/citationstylelanguage/get/ieee?submissionId=3162,200,2,text/html,
https://journal.uod.ac/index.php/uodjournal/citationstylelanguage/get/ieee?submissionId=3163,200,2,text/html,
https://journal.uod.ac/index.php/uodjournal/citationstylelanguage/get/ieee?submissionId=3164,200,2,text/html,
https://journal.uod.ac/index.php/uodjournal/citationstylelanguage/get/ieee?submissionId=3168,200,2,text/html,
https://journal.uod.ac/index.php/uodjournal/citationstylelanguage/get/ieee?submissionId=3178,200,2,text/html,
https://journal.uod.ac/index.php/uodjournal/citationstylelanguage/get/ieee?submissionId=3187,200,2,text/html,
https://journal.uod.ac/index.php/uodjournal/citationstylelanguage/get/ieee?submissionId=3188,200,2,text/html,
https://journal.uod.ac/index.php/uodjournal/citationstylelanguage/get/ieee?submissionId=3189,200,2,text/html,
https://journal.uod.ac/index.php/uodjournal/citationstylelanguage/get/ieee?submissionId=3196,200,2,text/html,
https://journal.uod.ac/index.php/uodjournal/citationstylelanguage/get/ieee?submissionId=3214,200,2,text/html,
https://journal.uod.ac/index.php/uodjournal/citationstylelanguage/get/ieee?submissionId=3231,200,2,text/html,
https://journal.uod.ac/index.php/uodjournal/citationstylelanguage/get/ieee?submissionId=3279,200,2,text/html,
https://journal.uod.ac/index.php/uodjournal/citationstylelanguage/get/ieee?submissionId=3280,200,2,text/html,
https://journal.uod.ac/index.php/uodjournal/citationstylelanguage/get/ieee?submissionId=3281,200,2,text/html,
https://journal.uod.ac/index.php/uodjournal/citationstylelanguage/get/ieee?submissionId=3282,200,2,text/html,
https://journal.uod.ac/index.php/uodjournal/citationstylelanguage/get/ieee?submissionId=3283,200,2,text/html,
https://journal.uod.ac/index.php/uodjournal/citationstylelanguage/get/ieee?submissionId=3284,200,2,text/html,
https://journal.uod.ac/index.php/uodjournal/citationstylelanguage/get/ieee?submissionId=3285,200,2,text/html,
https://journal.uod.ac/index.php/uodjournal/citationstylelanguage/get/ieee?submissionId=3286,200,2,text/html,
https://journal.uod.ac/index.php/uodjournal/citationstylelanguage/get/ieee?submissionId=3287,200,2,text/html,
https://journal.uod.ac/index.php/uodjournal/citationstylelanguage/get/ieee?submissionId=3288,200,2,text/html,
https://journal.uod.ac/index.php/uodjournal/citationstylelanguage/get/ieee?submissionId=3289,200,2,text/html,
https://journal.uod.ac/index.php/uodjournal/citationstylelanguage/get/ieee?submissionId=3290,200,2,text/html,
https://journal.uod.ac/index.php/uodjournal/citationstylelanguage/get/ieee?submissionId=3291,200,2,text/html,
https://journal.uod.ac/index.php/uodjournal/citationstylelanguage/get/ieee?submissionId=3292,200,2,text/html,
https://journal.uod.ac/index.php/uodjournal/citationstylelanguage/get/ieee?submissionId=3293,200,2,text/html,
https://journal.uod.ac/index.php/uodjournal/citationstylelanguage/get/ieee?submissionId=3294,200,2,text/html,
https://journal.uod.ac/index.php/uodjournal/citationstylelanguage/get/ieee?submissionId=3295,200,2,text/html,
https://journal.uod.ac/index.php/uodjournal/citationstylelanguage/get/ieee?submissionId=3296,200,2,text/html,
https://journal.uod.ac/index.php/uodjournal/citationstylelanguage/get/ieee?submissionId=3297,200,2,text/html,
https://journal.uod.ac/index.php/uodjournal/citationstylelanguage/get/ieee?submissionId=3298,200,2,text/html,
https://journal.uod.ac/index.php/uodjournal/citationstylelanguage/get/ieee?submissionId=3299,200,2,text/html,
https://journal.uod.ac/index.php/uodjournal/citationstylelanguage/get/ieee?submissionId=3300,200,2,text/html,
https://journal.uod.ac/index.php/uodjournal/citationstylelanguage/get/ieee?submissionId=3302,200,2,text/html,
https://journal.uod.ac/index.php/uodjournal/citationstylelanguage/get/ieee?submissionId=3303,200,2,text/html,
https://journal.uod.ac/index.php/uodjournal/citationstylelanguage/get/ieee?submissionId=3305,200,2,text/html,
https://journal.uod.ac/index.php/uodjournal/citationstylelanguage/get/ieee?submissionId=3306,200,2,text/html,
https://journal.uod.ac/index.php/uodjournal/citationstylelanguage/get/ieee?submissionId=3307,200,2,text/html,
https://journal.uod.ac/index.php/uodjournal/citationstylelanguage/get/ieee?submissionId=3308,200,2,text/html,
https://journal.uod.ac/index.php/uodjournal/citationstylelanguage/get/ieee?submissionId=3309,200,2,text/html,
https://journal.uod.ac/index.php/uodjournal/citationstylelanguage/get/ieee?submissionId=3310,200,2,text/html,
https://journal.uod.ac/index.php/uodjournal/citationstylelanguage/get/ieee?submissionId=3312,200,2,text/html,
https://journal.uod.ac/index.php/uodjournal/citationstylelanguage/get/ieee?submissionId=3313,200,2,text/html,
https://journal.uod.ac/index.php/uodjournal/citationstylelanguage/get/ieee?submissionId=3314,200,2,text/html,
https://journal.uod.ac/index.php/uodjournal/citationstylelanguage/get/ieee?submissionId=3315,200,2,text/html,
https://journal.uod.ac/index.php/uodjournal/citationstylelanguage/get/ieee?submissionId=3316,200,2,text/html,
https://journal.uod.ac/index.php/uodjournal/citationstylelanguage/get/ieee?submissionId=3319,200,2,text/html,
https://journal.uod.ac/index.php/uodjournal/citationstylelanguage/get/ieee?submissionId=3320,200,2,text/html,
https://journal.uod.ac/index.php/uodjournal/citationstylelanguage/get/ieee?submissionId=3321,200,2,text/html,
https://journal.uod.ac/index.php/uodjournal/citationstylelanguage/get/ieee?submissionId=3322,200,2,text/html,
https://journal.uod.ac/index.php/uodjournal/citationstylelanguage/get/ieee?submissionId=3323,200,2,text/html,
https://journal.uod.ac/index.php/uodjournal/citationstylelanguage/get/ieee?submissionId=3324,200,2,text/html,
https://journal.uod.ac/index.php/uodjournal/citationstylelanguage/get/ieee?submissionId=3325,200,2,text/html,
https://journal.uod.ac/index.php/uodjournal/citationstylelanguage/get/ieee?submissionId=3326,200,2,text/html,
https://journal.uod.ac/index.php/uodjournal/citationstylelanguage/get/ieee?submissionId=3327,200,2,text/html,
https://journal.uod.ac/index.php/uodjournal/citationstylelanguage/get/ieee?submissionId=3328,200,2,text/html,
https://journal.uod.ac/index.php/uodjournal/citationstylelanguage/get/ieee?submissionId=3329,200,2,text/html,
https://journal.uod.ac/index.php/uodjournal/citationstylelanguage/get/ieee?submissionId=3330,200,2,text/html,
https://journal.uod.ac/index.php/uodjournal/citationstylelanguage/get/ieee?submissionId=3331,200,2,text/html,
https://journal.uod.ac/index.php/uodjournal/citationstylelanguage/get/ieee?submissionId=3332,200,2,text/html,
https://journal.uod.ac/index.php/uodjournal/citationstylelanguage/get/ieee?submissionId=3333,200,2,text/html,
https://journal.uod.ac/index.php/uodjournal/citationstylelanguage/get/ieee?submissionId=3334,200,2,text/html,
https://journal.uod.ac/index.php/uodjournal/citationstylelanguage/get/ieee?submissionId=3335,200,2,text/html,
https://journal.uod.ac/index.php/uodjournal/citationstylelanguage/get/ieee?submissionId=3336,200,2,text/html,
https://journal.uod.ac/index.php/uodjournal/citationstylelanguage/get/ieee?submissionId=3337,200,2,text/html,
https://journal.uod.ac/index.php/uodjournal/citationstylelanguage/get/ieee?submissionId=3338,200,2,text/html,
https://journal.uod.ac/index.php/uodjournal/citationstylelanguage/get/ieee?submissionId=3339,200,2,text/html,
https://journal.uod.ac/index.php/uodjournal/citationstylelanguage/get/ieee?submissionId=3340,200,2,text/html,
https://journal.uod.ac/index.php/uodjournal/citationstylelanguage/get/ieee?submissionId=3341,200,2,text/html,
https://journal.uod.ac/index.php/uodjournal/citationstylelanguage/get/ieee?submissionId=3342,200,2,text/html,
https://journal.uod.ac/index.php/uodjournal/citationstylelanguage/get/ieee?submissionId=3343,200,2,text/html,
https://journal.uod.ac/index.php/uodjournal/citationstylelanguage/get/ieee?submissionId=3344,200,2,text/html,
https://journal.uod.ac/index.php/uodjournal/citationstylelanguage/get/ieee?submissionId=3345,200,2,text/html,
https://journal.uod.ac/index.php/uodjournal/citationstylelanguage/get/ieee?submissionId=3346,200,2,text/html,
https://journal.uod.ac/index.php/uodjournal/citationstylelanguage/get/ieee?submissionId=3347,200,2,text/html,
https://journal.uod.ac/index.php/uodjournal/citationstylelanguage/get/ieee?submissionId=3348,200,2,text/html,
https://journal.uod.ac/index.php/uodjournal/citationstylelanguage/get/ieee?submissionId=3349,200,2,text/html,
https://journal.uod.ac/index.php/uodjournal/citationstylelanguage/get/ieee?submissionId=3350,200,2,text/html,
https://journal.uod.ac/index.php/uodjournal/citationstylelanguage/get/ieee?submissionId=3351,200,2,text/html,
https://journal.uod.ac/index.php/uodjournal/citationstylelanguage/get/ieee?submissionId=3362,200,2,text/html,
https://journal.uod.ac/index.php/uodjournal/citationstylelanguage/get/ieee?submissionId=3363,200,2,text/html,
https://journal.uod.ac/index.php/uodjournal/citationstylelanguage/get/ieee?submissionId=3365,200,2,text/html,
https://journal.uod.ac/index.php/uodjournal/citationstylelanguage/get/ieee?submissionId=3366,200,2,text/html,
https://journal.uod.ac/index.php/uodjournal/citationstylelanguage/get/ieee?submissionId=3391,200,2,text/html,
https://journal.uod.ac/index.php/uodjournal/citationstylelanguage/get/ieee?submissionId=3392,200,2,text/html,
https://journal.uod.ac/index.php/uodjournal/citationstylelanguage/get/ieee?submissionId=3394,200,2,text/html,
https://journal.uod.ac/index.php/uodjournal/citationstylelanguage/get/modern-language-association?submissionId=2791,200,2,text/html,
https://journal.uod.ac/index.php/uodjournal/citationstylelanguage/get/modern-language-association?submissionId=2792,200,2,text/html,
https://journal.uod.ac/index.php/uodjournal/citationstylelanguage/get/modern-language-association?submissionId=2793,200,2,text/html,
https://journal.uod.ac/index.php/uodjournal/citationstylelanguage/get/modern-language-association?submissionId=2795,200,2,text/html,
https://journal.uod.ac/index.php/uodjournal/citationstylelanguage/get/modern-language-association?submissionId=2796,200,2,text/html,
https://journal.uod.ac/index.php/uodjournal/citationstylelanguage/get/modern-language-association?submissionId=2797,200,2,text/html,
https://journal.uod.ac/index.php/uodjournal/citationstylelanguage/get/modern-language-association?submissionId=2799,200,2,text/html,
https://journal.uod.ac/index.php/uodjournal/citationstylelanguage/get/modern-language-association?submissionId=2800,200,2,text/html,
https://journal.uod.ac/index.php/uodjournal/citationstylelanguage/get/modern-language-association?submissionId=2805,200,2,text/html,
https://journal.uod.ac/index.php/uodjournal/citationstylelanguage/get/modern-language-association?submissionId=2806,200,2,text/html,
https://journal.uod.ac/index.php/uodjournal/citationstylelanguage/get/modern-language-association?submissionId=2807,200,2,text/html,
https://journal.uod.ac/index.php/uodjournal/citationstylelanguage/get/modern-language-association?submissionId=2809,200,2,text/html,
https://journal.uod.ac/index.php/uodjournal/citationstylelanguage/get/modern-language-association?submissionId=2810,200,2,text/html,
https://journal.uod.ac/index.php/uodjournal/citationstylelanguage/get/modern-language-association?submissionId=2811,200,2,text/html,
https://journal.uod.ac/index.php/uodjournal/citationstylelanguage/get/modern-language-association?submissionId=2812,200,2,text/html,
https://journal.uod.ac/index.php/uodjournal/citationstylelanguage/get/modern-language-association?submissionId=2813,200,2,text/html,
https://journal.uod.ac/index.php/uodjournal/citationstylelanguage/get/modern-language-association?submissionId=2814,200,2,text/html,
https://journal.uod.ac/index.php/uodjournal/citationstylelanguage/get/modern-language-association?submissionId=2817,200,2,text/html,
https://journal.uod.ac/index.php/uodjournal/citationstylelanguage/get/modern-language-association?submissionId=2818,200,2,text/html,
https://journal.uod.ac/index.php/uodjournal/citationstylelanguage/get/modern-language-association?submissionId=2819,200,2,text/html,
https://journal.uod.ac/index.php/uodjournal/citationstylelanguage/get/modern-language-association?submissionId=2820,200,2,text/html,
https://journal.uod.ac/index.php/uodjournal/citationstylelanguage/get/modern-language-association?submissionId=2821,200,2,text/html,
https://journal.uod.ac/index.php/uodjournal/citationstylelanguage/get/modern-language-association?submissionId=2822,200,2,text/html,
https://journal.uod.ac/index.php/uodjournal/citationstylelanguage/get/modern-language-association?submissionId=2823,200,2,text/html,
https://journal.uod.ac/index.php/uodjournal/citationstylelanguage/get/modern-language-association?submissionId=2825,200,2,text/html,
https://journal.uod.ac/index.php/uodjournal/citationstylelanguage/get/modern-language-association?submissionId=2826,200,2,text/html,
https://journal.uod.ac/index.php/uodjournal/citationstylelanguage/get/modern-language-association?submissionId=2827,200,2,text/html,
https://journal.uod.ac/index.php/uodjournal/citationstylelanguage/get/modern-language-association?submissionId=2828,200,2,text/html,
https://journal.uod.ac/index.php/uodjournal/citationstylelanguage/get/modern-language-association?submissionId=2830,200,2,text/html,
https://journal.uod.ac/index.php/uodjournal/citationstylelanguage/get/modern-language-association?submissionId=2835,200,2,text/html,
https://journal.uod.ac/index.php/uodjournal/citationstylelanguage/get/modern-language-association?submissionId=2836,200,2,text/html,
https://journal.uod.ac/index.php/uodjournal/citationstylelanguage/get/modern-language-association?submissionId=2837,200,2,text/html,
https://journal.uod.ac/index.php/uodjournal/citationstylelanguage/get/modern-language-association?submissionId=2838,200,2,text/html,
https://journal.uod.ac/index.php/uodjournal/citationstylelanguage/get/modern-language-association?submissionId=2849,200,2,text/html,
https://journal.uod.ac/index.php/uodjournal/citationstylelanguage/get/modern-language-association?submissionId=2850,200,2,text/html,
https://journal.uod.ac/index.php/uodjournal/citationstylelanguage/get/modern-language-association?submissionId=2852,200,2,text/html,
https://journal.uod.ac/index.php/uodjournal/citationstylelanguage/get/modern-language-association?submissionId=2853,200,2,text/html,
https://journal.uod.ac/index.php/uodjournal/citationstylelanguage/get/modern-language-association?submissionId=2854,200,2,text/html,
https://journal.uod.ac/index.php/uodjournal/citationstylelanguage/get/modern-language-association?submissionId=2855,200,2,text/html,
https://journal.uod.ac/index.php/uodjournal/citationstylelanguage/get/modern-language-association?submissionId=2856,200,2,text/html,
https://journal.uod.ac/index.php/uodjournal/citationstylelanguage/get/modern-language-association?submissionId=2857,200,2,text/html,
https://journal.uod.ac/index.php/uodjournal/citationstylelanguage/get/modern-language-association?submissionId=2858,200,2,text/html,
https://journal.uod.ac/index.php/uodjournal/citationstylelanguage/get/modern-language-association?submissionId=2866,200,2,text/html,
https://journal.uod.ac/index.php/uodjournal/citationstylelanguage/get/modern-language-association?submissionId=2879,200,2,text/html,
https://journal.uod.ac/index.php/uodjournal/citationstylelanguage/get/modern-language-association?submissionId=2880,200,2,text/html,
https://journal.uod.ac/index.php/uodjournal/citationstylelanguage/get/modern-language-association?submissionId=2881,200,2,text/html,
https://journal.uod.ac/index.php/uodjournal/citationstylelanguage/get/modern-language-association?submissionId=2882,200,2,text/html,
https://journal.uod.ac/index.php/uodjournal/citationstylelanguage/get/modern-language-association?submissionId=2883,200,2,text/html,
https://journal.uod.ac/index.php/uodjournal/citationstylelanguage/get/modern-language-association?submissionId=2884,200,2,text/html,
https://journal.uod.ac/index.php/uodjournal/citationstylelanguage/get/modern-language-association?submissionId=2885,200,2,text/html,
https://journal.uod.ac/index.php/uodjournal/citationstylelanguage/get/modern-language-association?submissionId=2886,200,2,text/html,
https://journal.uod.ac/index.php/uodjournal/citationstylelanguage/get/modern-language-association?submissionId=2887,200,2,text/html,
https://journal.uod.ac/index.php/uodjournal/citationstylelanguage/get/modern-language-association?submissionId=2889,200,2,text/html,
https://journal.uod.ac/index.php/uodjournal/citationstylelanguage/get/modern-language-association?submissionId=2890,200,2,text/html,
https://journal.uod.ac/index.php/uodjournal/citationstylelanguage/get/modern-language-association?submissionId=2891,200,2,text/html,
https://journal.uod.ac/index.php/uodjournal/citationstylelanguage/get/modern-language-association?submissionId=2892,200,2,text/html,
https://journal.uod.ac/index.php/uodjournal/citationstylelanguage/get/modern-language-association?submissionId=2897,200,2,text/html,
https://journal.uod.ac/index.php/uodjournal/citationstylelanguage/get/modern-language-association?submissionId=2907,200,2,text/html,
https://journal.uod.ac/index.php/uodjournal/citationstylelanguage/get/modern-language-association?submissionId=2908,200,2,text/html,
https://journal.uod.ac/index.php/uodjournal/citationstylelanguage/get/modern-language-association?submissionId=2909,200,2,text/html,
https://journal.uod.ac/index.php/uodjournal/citationstylelanguage/get/modern-language-association?submissionId=2910,200,2,text/html,
https://journal.uod.ac/index.php/uodjournal/citationstylelanguage/get/modern-language-association?submissionId=2911,200,2,text/html,
https://journal.uod.ac/index.php/uodjournal/citationstylelanguage/get/modern-language-association?submissionId=2912,200,2,text/html,
https://journal.uod.ac/index.php/uodjournal/citationstylelanguage/get/modern-language-association?submissionId=2913,200,2,text/html,
https://journal.uod.ac/index.php/uodjournal/citationstylelanguage/get/modern-language-association?submissionId=2914,200,2,text/html,
https://journal.uod.ac/index.php/uodjournal/citationstylelanguage/get/modern-language-association?submissionId=2917,200,2,text/html,
https://journal.uod.ac/index.php/uodjournal/citationstylelanguage/get/modern-language-association?submissionId=2918,200,2,text/html,
https://journal.uod.ac/index.php/uodjournal/citationstylelanguage/get/modern-language-association?submissionId=2923,200,2,text/html,
https://journal.uod.ac/index.php/uodjournal/citationstylelanguage/get/modern-language-association?submissionId=2924,200,2,text/html,
https://journal.uod.ac/index.php/uodjournal/citationstylelanguage/get/modern-language-association?submissionId=2925,200,2,text/html,
https://journal.uod.ac/index.php/uodjournal/citationstylelanguage/get/modern-language-association?submissionId=2926,200,2,text/html,
https://journal.uod.ac/index.php/uodjournal/citationstylelanguage/get/modern-language-association?submissionId=2927,200,2,text/html,
https://journal.uod.ac/index.php/uodjournal/citationstylelanguage/get/modern-language-association?submissionId=2928,200,2,text/html,
https://journal.uod.ac/index.php/uodjournal/citationstylelanguage/get/modern-language-association?submissionId=2937,200,2,text/html,
https://journal.uod.ac/index.php/uodjournal/citationstylelanguage/get/modern-language-association?submissionId=2938,200,2,text/html,
https://journal.uod.ac/index.php/uodjournal/citationstylelanguage/get/modern-language-association?submissionId=2942,200,2,text/html,
https://journal.uod.ac/index.php/uodjournal/citationstylelanguage/get/modern-language-association?submissionId=2943,200,2,text/html,
https://journal.uod.ac/index.php/uodjournal/citationstylelanguage/get/modern-language-association?submissionId=2973,200,2,text/html,
https://journal.uod.ac/index.php/uodjournal/citationstylelanguage/get/modern-language-association?submissionId=2975,200,2,text/html,
https://journal.uod.ac/index.php/uodjournal/citationstylelanguage/get/modern-language-association?submissionId=2980,200,2,text/html,
https://journal.uod.ac/index.php/uodjournal/citationstylelanguage/get/modern-language-association?submissionId=2981,200,2,text/html,
https://journal.uod.ac/index.php/uodjournal/citationstylelanguage/get/modern-language-association?submissionId=3021,200,2,text/html,
https://journal.uod.ac/index.php/uodjournal/citationstylelanguage/get/modern-language-association?submissionId=3022,200,2,text/html,
https://journal.uod.ac/index.php/uodjournal/citationstylelanguage/get/modern-language-association?submissionId=3031,200,2,text/html,
https://journal.uod.ac/index.php/uodjournal/citationstylelanguage/get/modern-language-association?submissionId=3118,200,2,text/html,
https://journal.uod.ac/index.php/uodjournal/citationstylelanguage/get/modern-language-association?submissionId=3126,200,2,text/html,
https://journal.uod.ac/index.php/uodjournal/citationstylelanguage/get/modern-language-association?submissionId=3127,200,2,text/html,
https://journal.uod.ac/index.php/uodjournal/citationstylelanguage/get/modern-language-association?submissionId=3144,200,2,text/html,
https://journal.uod.ac/index.php/uodjournal/citationstylelanguage/get/modern-language-association?submissionId=3146,200,2,text/html,
https://journal.uod.ac/index.php/uodjournal/citationstylelanguage/get/modern-language-association?submissionId=3153,200,2,text/html,
https://journal.uod.ac/index.php/uodjournal/citationstylelanguage/get/modern-language-association?submissionId=3154,200,2,text/html,
https://journal.uod.ac/index.php/uodjournal/citationstylelanguage/get/modern-language-association?submissionId=3161,200,2,text/html,
https://journal.uod.ac/index.php/uodjournal/citationstylelanguage/get/modern-language-association?submissionId=3162,200,2,text/html,
https://journal.uod.ac/index.php/uodjournal/citationstylelanguage/get/modern-language-association?submissionId=3163,200,2,text/html,
https://journal.uod.ac/index.php/uodjournal/citationstylelanguage/get/modern-language-association?submissionId=3164,200,2,text/html,
https://journal.uod.ac/index.php/uodjournal/citationstylelanguage/get/modern-language-association?submissionId=3168,200,2,text/html,
https://journal.uod.ac/index.php/uodjournal/citationstylelanguage/get/modern-language-association?submissionId=3178,200,2,text/html,
https://journal.uod.ac/index.php/uodjournal/citationstylelanguage/get/modern-language-association?submissionId=3187,200,2,text/html,
https://journal.uod.ac/index.php/uodjournal/citationstylelanguage/get/modern-language-association?submissionId=3188,200,2,text/html,
https://journal.uod.ac/index.php/uodjournal/citationstylelanguage/get/modern-language-association?submissionId=3189,200,2,text/html,
https://journal.uod.ac/index.php/uodjournal/citationstylelanguage/get/modern-language-association?submissionId=3196,200,2,text/html,
https://journal.uod.ac/index.php/uodjournal/citationstylelanguage/get/modern-language-association?submissionId=3214,200,2,text/html,
https://journal.uod.ac/index.php/uodjournal/citationstylelanguage/get/modern-language-association?submissionId=3231,200,2,text/html,
https://journal.uod.ac/index.php/uodjournal/citationstylelanguage/get/modern-language-association?submissionId=3279,200,2,text/html,
https://journal.uod.ac/index.php/uodjournal/citationstylelanguage/get/modern-language-association?submissionId=3280,200,2,text/html,
https://journal.uod.ac/index.php/uodjournal/citationstylelanguage/get/modern-language-association?submissionId=3281,200,2,text/html,
https://journal.uod.ac/index.php/uodjournal/citationstylelanguage/get/modern-language-association?submissionId=3282,200,2,text/html,
https://journal.uod.ac/index.php/uodjournal/citationstylelanguage/get/modern-language-association?submissionId=3283,200,2,text/html,
https://journal.uod.ac/index.php/uodjournal/citationstylelanguage/get/modern-language-association?submissionId=3284,200,2,text/html,
https://journal.uod.ac/index.php/uodjournal/citationstylelanguage/get/modern-language-association?submissionId=3285,200,2,text/html,
https://journal.uod.ac/index.php/uodjournal/citationstylelanguage/get/modern-language-association?submissionId=3286,200,2,text/html,
https://journal.uod.ac/index.php/uodjournal/citationstylelanguage/get/modern-language-association?submissionId=3287,200,2,text/html,
https://journal.uod.ac/index.php/uodjournal/citationstylelanguage/get/modern-language-association?submissionId=3288,200,2,text/html,
https://journal.uod.ac/index.php/uodjournal/citationstylelanguage/get/modern-language-association?submissionId=3289,200,2,text/html,
https://journal.uod.ac/index.php/uodjournal/citationstylelanguage/get/modern-language-association?submissionId=3290,200,2,text/html,
https://journal.uod.ac/index.php/uodjournal/citationstylelanguage/get/modern-language-association?submissionId=3291,200,2,text/html,
https://journal.uod.ac/index.php/uodjournal/citationstylelanguage/get/modern-language-association?submissionId=3292,200,2,text/html,
https://journal.uod.ac/index.php/uodjournal/citationstylelanguage/get/modern-language-association?submissionId=3293,200,2,text/html,
https://journal.uod.ac/index.php/uodjournal/citationstylelanguage/get/modern-language-association?submissionId=3294,200,2,text/html,
https://journal.uod.ac/index.php/uodjournal/citationstylelanguage/get/modern-language-association?submissionId=3295,200,2,text/html,
https://journal.uod.ac/index.php/uodjournal/citationstylelanguage/get/modern-language-association?submissionId=3296,200,2,text/html,
https://journal.uod.ac/index.php/uodjournal/citationstylelanguage/get/modern-language-association?submissionId=3297,200,2,text/html,
https://journal.uod.ac/index.php/uodjournal/citationstylelanguage/get/modern-language-association?submissionId=3298,200,2,text/html,
https://journal.uod.ac/index.php/uodjournal/citationstylelanguage/get/modern-language-association?submissionId=3299,200,2,text/html,
https://journal.uod.ac/index.php/uodjournal/citationstylelanguage/get/modern-language-association?submissionId=3300,200,2,text/html,
https://journal.uod.ac/index.php/uodjournal/citationstylelanguage/get/modern-language-association?submissionId=3302,200,2,text/html,
https://journal.uod.ac/index.php/uodjournal/citationstylelanguage/get/modern-language-association?submissionId=3303,200,2,text/html,
https://journal.uod.ac/index.php/uodjournal/citationstylelanguage/get/modern-language-association?submissionId=3305,200,2,text/html,
https://journal.uod.ac/index.php/uodjournal/citationstylelanguage/get/modern-language-association?submissionId=3306,200,2,text/html,
https://journal.uod.ac/index.php/uodjournal/citationstylelanguage/get/modern-language-association?submissionId=3307,200,2,text/html,
https://journal.uod.ac/index.php/uodjournal/citationstylelanguage/get/modern-language-association?submissionId=3308,200,2,text/html,
https://journal.uod.ac/index.php/uodjournal/citationstylelanguage/get/modern-language-association?submissionId=3309,200,2,text/html,
https://journal.uod.ac/index.php/uodjournal/citationstylelanguage/get/modern-language-association?submissionId=3310,200,2,text/html,
https://journal.uod.ac/index.php/uodjournal/citationstylelanguage/get/modern-language-association?submissionId=3312,200,2,text/html,
https://journal.uod.ac/index.php/uodjournal/citationstylelanguage/get/modern-language-association?submissionId=3313,200,2,text/html,
https://journal.uod.ac/index.php/uodjournal/citationstylelanguage/get/modern-language-association?submissionId=3314,200,2,text/html,
https://journal.uod.ac/index.php/uodjournal/citationstylelanguage/get/modern-language-association?submissionId=3315,200,2,text/html,
https://journal.uod.ac/index.php/uodjournal/citationstylelanguage/get/modern-language-association?submissionId=3316,200,2,text/html,
https://journal.uod.ac/index.php/uodjournal/citationstylelanguage/get/modern-language-association?submissionId=3319,200,2,text/html,
https://journal.uod.ac/index.php/uodjournal/citationstylelanguage/get/modern-language-association?submissionId=3320,200,2,text/html,
https://journal.uod.ac/index.php/uodjournal/citationstylelanguage/get/modern-language-association?submissionId=3321,200,2,text/html,
https://journal.uod.ac/index.php/uodjournal/citationstylelanguage/get/modern-language-association?submissionId=3322,200,2,text/html,
https://journal.uod.ac/index.php/uodjournal/citationstylelanguage/get/modern-language-association?submissionId=3323,200,2,text/html,
https://journal.uod.ac/index.php/uodjournal/citationstylelanguage/get/modern-language-association?submissionId=3324,200,2,text/html,
https://journal.uod.ac/index.php/uodjournal/citationstylelanguage/get/modern-language-association?submissionId=3325,200,2,text/html,
https://journal.uod.ac/index.php/uodjournal/citationstylelanguage/get/modern-language-association?submissionId=3326,200,2,text/html,
https://journal.uod.ac/index.php/uodjournal/citationstylelanguage/get/modern-language-association?submissionId=3327,200,2,text/html,
https://journal.uod.ac/index.php/uodjournal/citationstylelanguage/get/modern-language-association?submissionId=3328,200,2,text/html,
https://journal.uod.ac/index.php/uodjournal/citationstylelanguage/get/modern-language-association?submissionId=3329,200,2,text/html,
https://journal.uod.ac/index.php/uodjournal/citationstylelanguage/get/modern-language-association?submissionId=3330,200,2,text/html,
https://journal.uod.ac/index.php/uodjournal/citationstylelanguage/get/modern-language-association?submissionId=3331,200,2,text/html,
https://journal.uod.ac/index.php/uodjournal/citationstylelanguage/get/modern-language-association?submissionId=3332,200,2,text/html,
https://journal.uod.ac/index.php/uodjournal/citationstylelanguage/get/modern-language-association?submissionId=3333,200,2,text/html,
https://journal.uod.ac/index.php/uodjournal/citationstylelanguage/get/modern-language-association?submissionId=3334,200,2,text/html,
https://journal.uod.ac/index.php/uodjournal/citationstylelanguage/get/modern-language-association?submissionId=3335,200,2,text/html,
https://journal.uod.ac/index.php/uodjournal/citationstylelanguage/get/modern-language-association?submissionId=3336,200,2,text/html,
https://journal.uod.ac/index.php/uodjournal/citationstylelanguage/get/modern-language-association?submissionId=3337,200,2,text/html,
https://journal.uod.ac/index.php/uodjournal/citationstylelanguage/get/modern-language-association?submissionId=3338,200,2,text/html,
https://journal.uod.ac/index.php/uodjournal/citationstylelanguage/get/modern-language-association?submissionId=3339,200,2,text/html,
https://journal.uod.ac/index.php/uodjournal/citationstylelanguage/get/modern-language-association?submissionId=3340,200,2,text/html,
https://journal.uod.ac/index.php/uodjournal/citationstylelanguage/get/modern-language-association?submissionId=3341,200,2,text/html,
https://journal.uod.ac/index.php/uodjournal/citationstylelanguage/get/modern-language-association?submissionId=3342,200,2,text/html,
https://journal.uod.ac/index.php/uodjournal/citationstylelanguage/get/modern-language-association?submissionId=3343,200,2,text/html,
https://journal.uod.ac/index.php/uodjournal/citationstylelanguage/get/modern-language-association?submissionId=3344,200,2,text/html,
https://journal.uod.ac/index.php/uodjournal/citationstylelanguage/get/modern-language-association?submissionId=3345,200,2,text/html,
https://journal.uod.ac/index.php/uodjournal/citationstylelanguage/get/modern-language-association?submissionId=3346,200,2,text/html,
https://journal.uod.ac/index.php/uodjournal/citationstylelanguage/get/modern-language-association?submissionId=3347,200,2,text/html,
https://journal.uod.ac/index.php/uodjournal/citationstylelanguage/get/modern-language-association?submissionId=3348,200,2,text/html,
https://journal.uod.ac/index.php/uodjournal/citationstylelanguage/get/modern-language-association?submissionId=3349,200,2,text/html,
https://journal.uod.ac/index.php/uodjournal/citationstylelanguage/get/modern-language-association?submissionId=3350,200,2,text/html,
https://journal.uod.ac/index.php/uodjournal/citationstylelanguage/get/modern-language-association?submissionId=3351,200,2,text/html,
https://journal.uod.ac/index.php/uodjournal/citationstylelanguage/get/modern-language-association?submissionId=3362,200,2,text/html,
https://journal.uod.ac/index.php/uodjournal/citationstylelanguage/get/modern-language-association?submissionId=3363,200,2,text/html,
https://journal.uod.ac/index.php/uodjournal/citationstylelanguage/get/modern-language-association?submissionId=3365,200,2,text/html,
https://journal.uod.ac/index.php/uodjournal/citationstylelanguage/get/modern-language-association?submissionId=3366,200,2,text/html,
https://journal.uod.ac/index.php/uodjournal/citationstylelanguage/get/modern-language-association?submissionId=3391,200,2,text/html,
https://journal.uod.ac/index.php/uodjournal/citationstylelanguage/get/modern-language-association?submissionId=3392,200,2,text/html,
https://journal.uod.ac/index.php/uodjournal/citationstylelanguage/get/modern-language-association?submissionId=3394,200,2,text/html,
https://journal.uod.ac/index.php/uodjournal/citationstylelanguage/get/turabian-fullnote-bibliography?submissionId=2791,200,2,text/html,
https://journal.uod.ac/index.php/uodjournal/citationstylelanguage/get/turabian-fullnote-bibliography?submissionId=2792,200,2,text/html,
https://journal.uod.ac/index.php/uodjournal/citationstylelanguage/get/turabian-fullnote-bibliography?submissionId=2793,200,2,text/html,
https://journal.uod.ac/index.php/uodjournal/citationstylelanguage/get/turabian-fullnote-bibliography?submissionId=2795,200,2,text/html,
https://journal.uod.ac/index.php/uodjournal/citationstylelanguage/get/turabian-fullnote-bibliography?submissionId=2796,200,2,text/html,
https://journal.uod.ac/index.php/uodjournal/citationstylelanguage/get/turabian-fullnote-bibliography?submissionId=2797,200,2,text/html,
https://journal.uod.ac/index.php/uodjournal/citationstylelanguage/get/turabian-fullnote-bibliography?submissionId=2799,200,2,text/html,
https://journal.uod.ac/index.php/uodjournal/citationstylelanguage/get/turabian-fullnote-bibliography?submissionId=2800,200,2,text/html,
https://journal.uod.ac/index.php/uodjournal/citationstylelanguage/get/turabian-fullnote-bibliography?submissionId=2805,200,2,text/html,
https://journal.uod.ac/index.php/uodjournal/citationstylelanguage/get/turabian-fullnote-bibliography?submissionId=2806,200,2,text/html,
https://journal.uod.ac/index.php/uodjournal/citationstylelanguage/get/turabian-fullnote-bibliography?submissionId=2807,200,2,text/html,
https://journal.uod.ac/index.php/uodjournal/citationstylelanguage/get/turabian-fullnote-bibliography?submissionId=2809,200,2,text/html,
https://journal.uod.ac/index.php/uodjournal/citationstylelanguage/get/turabian-fullnote-bibliography?submissionId=2810,200,2,text/html,
https://journal.uod.ac/index.php/uodjournal/citationstylelanguage/get/turabian-fullnote-bibliography?submissionId=2811,200,2,text/html,
https://journal.uod.ac/index.php/uodjournal/citationstylelanguage/get/turabian-fullnote-bibliography?submissionId=2812,200,2,text/html,
https://journal.uod.ac/index.php/uodjournal/citationstylelanguage/get/turabian-fullnote-bibliography?submissionId=2813,200,2,text/html,
https://journal.uod.ac/index.php/uodjournal/citationstylelanguage/get/turabian-fullnote-bibliography?submissionId=2814,200,2,text/html,
https://journal.uod.ac/index.php/uodjournal/citationstylelanguage/get/turabian-fullnote-bibliography?submissionId=2817,200,2,text/html,
https://journal.uod.ac/index.php/uodjournal/citationstylelanguage/get/turabian-fullnote-bibliography?submissionId=2818,200,2,text/html,
https://journal.uod.ac/index.php/uodjournal/citationstylelanguage/get/turabian-fullnote-bibliography?submissionId=2819,200,2,text/html,
https://journal.uod.ac/index.php/uodjournal/citationstylelanguage/get/turabian-fullnote-bibliography?submissionId=2820,200,2,text/html,
https://journal.uod.ac/index.php/uodjournal/citationstylelanguage/get/turabian-fullnote-bibliography?submissionId=2821,200,2,text/html,
https://journal.uod.ac/index.php/uodjournal/citationstylelanguage/get/turabian-fullnote-bibliography?submissionId=2822,200,2,text/html,
https://journal.uod.ac/index.php/uodjournal/citationstylelanguage/get/turabian-fullnote-bibliography?submissionId=2823,200,2,text/html,
https://journal.uod.ac/index.php/uodjournal/citationstylelanguage/get/turabian-fullnote-bibliography?submissionId=2825,200,2,text/html,
https://journal.uod.ac/index.php/uodjournal/citationstylelanguage/get/turabian-fullnote-bibliography?submissionId=2826,200,2,text/html,
https://journal.uod.ac/index.php/uodjournal/citationstylelanguage/get/turabian-fullnote-bibliography?submissionId=2827,200,2,text/html,
https://journal.uod.ac/index.php/uodjournal/citationstylelanguage/get/turabian-fullnote-bibliography?submissionId=2828,200,2,text/html,
https://journal.uod.ac/index.php/uodjournal/citationstylelanguage/get/turabian-fullnote-bibliography?submissionId=2830,200,2,text/html,
https://journal.uod.ac/index.php/uodjournal/citationstylelanguage/get/turabian-fullnote-bibliography?submissionId=2835,200,2,text/html,
https://journal.uod.ac/index.php/uodjournal/citationstylelanguage/get/turabian-fullnote-bibliography?submissionId=2836,200,2,text/html,
https://journal.uod.ac/index.php/uodjournal/citationstylelanguage/get/turabian-fullnote-bibliography?submissionId=2837,200,2,text/html,
https://journal.uod.ac/index.php/uodjournal/citationstylelanguage/get/turabian-fullnote-bibliography?submissionId=2838,200,2,text/html,
https://journal.uod.ac/index.php/uodjournal/citationstylelanguage/get/turabian-fullnote-bibliography?submissionId=2849,200,2,text/html,
https://journal.uod.ac/index.php/uodjournal/citationstylelanguage/get/turabian-fullnote-bibliography?submissionId=2850,200,2,text/html,
https://journal.uod.ac/index.php/uodjournal/citationstylelanguage/get/turabian-fullnote-bibliography?submissionId=2852,200,2,text/html,
https://journal.uod.ac/index.php/uodjournal/citationstylelanguage/get/turabian-fullnote-bibliography?submissionId=2853,200,2,text/html,
https://journal.uod.ac/index.php/uodjournal/citationstylelanguage/get/turabian-fullnote-bibliography?submissionId=2854,200,2,text/html,
https://journal.uod.ac/index.php/uodjournal/citationstylelanguage/get/turabian-fullnote-bibliography?submissionId=2855,200,2,text/html,
https://journal.uod.ac/index.php/uodjournal/citationstylelanguage/get/turabian-fullnote-bibliography?submissionId=2856,200,2,text/html,
https://journal.uod.ac/index.php/uodjournal/citationstylelanguage/get/turabian-fullnote-bibliography?submissionId=2857,200,2,text/html,
https://journal.uod.ac/index.php/uodjournal/citationstylelanguage/get/turabian-fullnote-bibliography?submissionId=2858,200,2,text/html,
https://journal.uod.ac/index.php/uodjournal/citationstylelanguage/get/turabian-fullnote-bibliography?submissionId=2866,200,2,text/html,
https://journal.uod.ac/index.php/uodjournal/citationstylelanguage/get/turabian-fullnote-bibliography?submissionId=2879,200,2,text/html,
https://journal.uod.ac/index.php/uodjournal/citationstylelanguage/get/turabian-fullnote-bibliography?submissionId=2880,200,2,text/html,
https://journal.uod.ac/index.php/uodjournal/citationstylelanguage/get/turabian-fullnote-bibliography?submissionId=2881,200,2,text/html,
https://journal.uod.ac/index.php/uodjournal/citationstylelanguage/get/turabian-fullnote-bibliography?submissionId=2882,200,2,text/html,
https://journal.uod.ac/index.php/uodjournal/citationstylelanguage/get/turabian-fullnote-bibliography?submissionId=2883,200,2,text/html,
https://journal.uod.ac/index.php/uodjournal/citationstylelanguage/get/turabian-fullnote-bibliography?submissionId=2884,200,2,text/html,
https://journal.uod.ac/index.php/uodjournal/citationstylelanguage/get/turabian-fullnote-bibliography?submissionId=2885,200,2,text/html,
https://journal.uod.ac/index.php/uodjournal/citationstylelanguage/get/turabian-fullnote-bibliography?submissionId=2886,200,2,text/html,
https://journal.uod.ac/index.php/uodjournal/citationstylelanguage/get/turabian-fullnote-bibliography?submissionId=2887,200,2,text/html,
https://journal.uod.ac/index.php/uodjournal/citationstylelanguage/get/turabian-fullnote-bibliography?submissionId=2889,200,2,text/html,
https://journal.uod.ac/index.php/uodjournal/citationstylelanguage/get/turabian-fullnote-bibliography?submissionId=2890,200,2,text/html,
https://journal.uod.ac/index.php/uodjournal/citationstylelanguage/get/turabian-fullnote-bibliography?submissionId=2891,200,2,text/html,
https://journal.uod.ac/index.php/uodjournal/citationstylelanguage/get/turabian-fullnote-bibliography?submissionId=2892,200,2,text/html,
https://journal.uod.ac/index.php/uodjournal/citationstylelanguage/get/turabian-fullnote-bibliography?submissionId=2897,200,2,text/html,
https://journal.uod.ac/index.php/uodjournal/citationstylelanguage/get/turabian-fullnote-bibliography?submissionId=2907,200,2,text/html,
https://journal.uod.ac/index.php/uodjournal/citationstylelanguage/get/turabian-fullnote-bibliography?submissionId=2908,200,2,text/html,
https://journal.uod.ac/index.php/uodjournal/citationstylelanguage/get/turabian-fullnote-bibliography?submissionId=2909,200,2,text/html,
https://journal.uod.ac/index.php/uodjournal/citationstylelanguage/get/turabian-fullnote-bibliography?submissionId=2910,200,2,text/html,
https://journal.uod.ac/index.php/uodjournal/citationstylelanguage/get/turabian-fullnote-bibliography?submissionId=2911,200,2,text/html,
https://journal.uod.ac/index.php/uodjournal/citationstylelanguage/get/turabian-fullnote-bibliography?submissionId=2912,200,2,text/html,
https://journal.uod.ac/index.php/uodjournal/citationstylelanguage/get/turabian-fullnote-bibliography?submissionId=2913,200,2,text/html,
https://journal.uod.ac/index.php/uodjournal/citationstylelanguage/get/turabian-fullnote-bibliography?submissionId=2914,200,2,text/html,
https://journal.uod.ac/index.php/uodjournal/citationstylelanguage/get/turabian-fullnote-bibliography?submissionId=2917,200,2,text/html,
https://journal.uod.ac/index.php/uodjournal/citationstylelanguage/get/turabian-fullnote-bibliography?submissionId=2918,200,2,text/html,
https://journal.uod.ac/index.php/uodjournal/citationstylelanguage/get/turabian-fullnote-bibliography?submissionId=2923,200,2,text/html,
https://journal.uod.ac/index.php/uodjournal/citationstylelanguage/get/turabian-fullnote-bibliography?submissionId=2924,200,2,text/html,
https://journal.uod.ac/index.php/uodjournal/citationstylelanguage/get/turabian-fullnote-bibliography?submissionId=2925,200,2,text/html,
https://journal.uod.ac/index.php/uodjournal/citationstylelanguage/get/turabian-fullnote-bibliography?submissionId=2926,200,2,text/html,
https://journal.uod.ac/index.php/uodjournal/citationstylelanguage/get/turabian-fullnote-bibliography?submissionId=2927,200,2,text/html,
https://journal.uod.ac/index.php/uodjournal/citationstylelanguage/get/turabian-fullnote-bibliography?submissionId=2928,200,2,text/html,
https://journal.uod.ac/index.php/uodjournal/citationstylelanguage/get/turabian-fullnote-bibliography?submissionId=2937,200,2,text/html,
https://journal.uod.ac/index.php/uodjournal/citationstylelanguage/get/turabian-fullnote-bibliography?submissionId=2938,200,2,text/html,
https://journal.uod.ac/index.php/uodjournal/citationstylelanguage/get/turabian-fullnote-bibliography?submissionId=2942,200,2,text/html,
https://journal.uod.ac/index.php/uodjournal/citationstylelanguage/get/turabian-fullnote-bibliography?submissionId=2943,200,2,text/html,
https://journal.uod.ac/index.php/uodjournal/citationstylelanguage/get/turabian-fullnote-bibliography?submissionId=2944,200,2,text/html,
https://journal.uod.ac/index.php/uodjournal/citationstylelanguage/get/turabian-fullnote-bibliography?submissionId=2973,200,2,text/html,
https://journal.uod.ac/index.php/uodjournal/citationstylelanguage/get/turabian-fullnote-bibliography?submissionId=2975,200,2,text/html,
https://journal.uod.ac/index.php/uodjournal/citationstylelanguage/get/turabian-fullnote-bibliography?submissionId=2980,200,2,text/html,
https://journal.uod.ac/index.php/uodjournal/citationstylelanguage/get/turabian-fullnote-bibliography?submissionId=2981,200,2,text/html,
https://journal.uod.ac/index.php/uodjournal/citationstylelanguage/get/turabian-fullnote-bibliography?submissionId=3021,200,2,text/html,
https://journal.uod.ac/index.php/uodjournal/citationstylelanguage/get/turabian-fullnote-bibliography?submissionId=3022,200,2,text/html,
https://journal.uod.ac/index.php/uodjournal/citationstylelanguage/get/turabian-fullnote-bibliography?submissionId=3031,200,2,text/html,
https://journal.uod.ac/index.php/uodjournal/citationstylelanguage/get/turabian-fullnote-bibliography?submissionId=3118,200,2,text/html,
https://journal.uod.ac/index.php/uodjournal/citationstylelanguage/get/turabian-fullnote-bibliography?submissionId=3126,200,2,text/html,
https://journal.uod.ac/index.php/uodjournal/citationstylelanguage/get/turabian-fullnote-bibliography?submissionId=3127,200,2,text/html,
https://journal.uod.ac/index.php/uodjournal/citationstylelanguage/get/turabian-fullnote-bibliography?submissionId=3144,200,2,text/html,
https://journal.uod.ac/index.php/uodjournal/citationstylelanguage/get/turabian-fullnote-bibliography?submissionId=3146,200,2,text/html,
https://journal.uod.ac/index.php/uodjournal/citationstylelanguage/get/turabian-fullnote-bibliography?submissionId=3153,200,2,text/html,
https://journal.uod.ac/index.php/uodjournal/citationstylelanguage/get/turabian-fullnote-bibliography?submissionId=3154,200,2,text/html,
https://journal.uod.ac/index.php/uodjournal/citationstylelanguage/get/turabian-fullnote-bibliography?submissionId=3161,200,2,text/html,
https://journal.uod.ac/index.php/uodjournal/citationstylelanguage/get/turabian-fullnote-bibliography?submissionId=3162,200,2,text/html,
https://journal.uod.ac/index.php/uodjournal/citationstylelanguage/get/turabian-fullnote-bibliography?submissionId=3163,200,2,text/html,
https://journal.uod.ac/index.php/uodjournal/citationstylelanguage/get/turabian-fullnote-bibliography?submissionId=3164,200,2,text/html,
https://journal.uod.ac/index.php/uodjournal/citationstylelanguage/get/turabian-fullnote-bibliography?submissionId=3168,200,2,text/html,
https://journal.uod.ac/index.php/uodjournal/citationstylelanguage/get/turabian-fullnote-bibliography?submissionId=3178,200,2,text/html,
https://journal.uod.ac/index.php/uodjournal/citationstylelanguage/get/turabian-fullnote-bibliography?submissionId=3187,200,2,text/html,
https://journal.uod.ac/index.php/uodjournal/citationstylelanguage/get/turabian-fullnote-bibliography?submissionId=3188,200,2,text/html,
https://journal.uod.ac/index.php/uodjournal/citationstylelanguage/get/turabian-fullnote-bibliography?submissionId=3189,200,2,text/html,
https://journal.uod.ac/index.php/uodjournal/citationstylelanguage/get/turabian-fullnote-bibliography?submissionId=3196,200,2,text/html,
https://journal.uod.ac/index.php/uodjournal/citationstylelanguage/get/turabian-fullnote-bibliography?submissionId=3214,200,2,text/html,
https://journal.uod.ac/index.php/uodjournal/citationstylelanguage/get/turabian-fullnote-bibliography?submissionId=3231,200,2,text/html,
https://journal.uod.ac/index.php/uodjournal/citationstylelanguage/get/turabian-fullnote-bibliography?submissionId=3279,200,2,text/html,
https://journal.uod.ac/index.php/uodjournal/citationstylelanguage/get/turabian-fullnote-bibliography?submissionId=3280,200,2,text/html,
https://journal.uod.ac/index.php/uodjournal/citationstylelanguage/get/turabian-fullnote-bibliography?submissionId=3281,200,2,text/html,
https://journal.uod.ac/index.php/uodjournal/citationstylelanguage/get/turabian-fullnote-bibliography?submissionId=3282,200,2,text/html,
https://journal.uod.ac/index.php/uodjournal/citationstylelanguage/get/turabian-fullnote-bibliography?submissionId=3283,200,2,text/html,
https://journal.uod.ac/index.php/uodjournal/citationstylelanguage/get/turabian-fullnote-bibliography?submissionId=3284,200,2,text/html,
https://journal.uod.ac/index.php/uodjournal/citationstylelanguage/get/turabian-fullnote-bibliography?submissionId=3285,200,2,text/html,
https://journal.uod.ac/index.php/uodjournal/citationstylelanguage/get/turabian-fullnote-bibliography?submissionId=3286,200,2,text/html,
https://journal.uod.ac/index.php/uodjournal/citationstylelanguage/get/turabian-fullnote-bibliography?submissionId=3287,200,2,text/html,
https://journal.uod.ac/index.php/uodjournal/citationstylelanguage/get/turabian-fullnote-bibliography?submissionId=3288,200,2,text/html,
https://journal.uod.ac/index.php/uodjournal/citationstylelanguage/get/turabian-fullnote-bibliography?submissionId=3289,200,2,text/html,
https://journal.uod.ac/index.php/uodjournal/citationstylelanguage/get/turabian-fullnote-bibliography?submissionId=3290,200,2,text/html,
https://journal.uod.ac/index.php/uodjournal/citationstylelanguage/get/turabian-fullnote-bibliography?submissionId=3291,200,2,text/html,
https://journal.uod.ac/index.php/uodjournal/citationstylelanguage/get/turabian-fullnote-bibliography?submissionId=3292,200,2,text/html,
https://journal.uod.ac/index.php/uodjournal/citationstylelanguage/get/turabian-fullnote-bibliography?submissionId=3293,200,2,text/html,
https://journal.uod.ac/index.php/uodjournal/citationstylelanguage/get/turabian-fullnote-bibliography?submissionId=3294,200,2,text/html,
https://journal.uod.ac/index.php/uodjournal/citationstylelanguage/get/turabian-fullnote-bibliography?submissionId=3295,200,2,text/html,
https://journal.uod.ac/index.php/uodjournal/citationstylelanguage/get/turabian-fullnote-bibliography?submissionId=3296,200,2,text/html,
https://journal.uod.ac/index.php/uodjournal/citationstylelanguage/get/turabian-fullnote-bibliography?submissionId=3297,200,2,text/html,
https://journal.uod.ac/index.php/uodjournal/citationstylelanguage/get/turabian-fullnote-bibliography?submissionId=3298,200,2,text/html,
https://journal.uod.ac/index.php/uodjournal/citationstylelanguage/get/turabian-fullnote-bibliography?submissionId=3299,200,2,text/html,
https://journal.uod.ac/index.php/uodjournal/citationstylelanguage/get/turabian-fullnote-bibliography?submissionId=3300,200,2,text/html,
https://journal.uod.ac/index.php/uodjournal/citationstylelanguage/get/turabian-fullnote-bibliography?submissionId=3302,200,2,text/html,
https://journal.uod.ac/index.php/uodjournal/citationstylelanguage/get/turabian-fullnote-bibliography?submissionId=3303,200,2,text/html,
https://journal.uod.ac/index.php/uodjournal/citationstylelanguage/get/turabian-fullnote-bibliography?submissionId=3305,200,2,text/html,
https://journal.uod.ac/index.php/uodjournal/citationstylelanguage/get/turabian-fullnote-bibliography?submissionId=3306,200,2,text/html,
https://journal.uod.ac/index.php/uodjournal/citationstylelanguage/get/turabian-fullnote-bibliography?submissionId=3307,200,2,text/html,
https://journal.uod.ac/index.php/uodjournal/citationstylelanguage/get/turabian-fullnote-bibliography?submissionId=3308,200,2,text/html,
https://journal.uod.ac/index.php/uodjournal/citationstylelanguage/get/turabian-fullnote-bibliography?submissionId=3309,200,2,text/html,
https://journal.uod.ac/index.php/uodjournal/citationstylelanguage/get/turabian-fullnote-bibliography?submissionId=3310,200,2,text/html,
https://journal.uod.ac/index.php/uodjournal/citationstylelanguage/get/turabian-fullnote-bibliography?submissionId=3312,200,2,text/html,
https://journal.uod.ac/index.php/uodjournal/citationstylelanguage/get/turabian-fullnote-bibliography?submissionId=3313,200,2,text/html,
https://journal.uod.ac/index.php/uodjournal/citationstylelanguage/get/turabian-fullnote-bibliography?submissionId=3314,200,2,text/html,
https://journal.uod.ac/index.php/uodjournal/citationstylelanguage/get/turabian-fullnote-bibliography?submissionId=3315,200,2,text/html,
https://journal.uod.ac/index.php/uodjournal/citationstylelanguage/get/turabian-fullnote-bibliography?submissionId=3316,200,2,text/html,
https://journal.uod.ac/index.php/uodjournal/citationstylelanguage/get/turabian-fullnote-bibliography?submissionId=3319,200,2,text/html,
https://journal.uod.ac/index.php/uodjournal/citationstylelanguage/get/turabian-fullnote-bibliography?submissionId=3320,200,2,text/html,
https://journal.uod.ac/index.php/uodjournal/citationstylelanguage/get/turabian-fullnote-bibliography?submissionId=3321,200,2,text/html,
https://journal.uod.ac/index.php/uodjournal/citationstylelanguage/get/turabian-fullnote-bibliography?submissionId=3322,200,2,text/html,
https://journal.uod.ac/index.php/uodjournal/citationstylelanguage/get/turabian-fullnote-bibliography?submissionId=3323,200,2,text/html,
https://journal.uod.ac/index.php/uodjournal/citationstylelanguage/get/turabian-fullnote-bibliography?submissionId=3324,200,2,text/html,
https://journal.uod.ac/index.php/uodjournal/citationstylelanguage/get/turabian-fullnote-bibliography?submissionId=3325,200,2,text/html,
https://journal.uod.ac/index.php/uodjournal/citationstylelanguage/get/turabian-fullnote-bibliography?submissionId=3326,200,2,text/html,
https://journal.uod.ac/index.php/uodjournal/citationstylelanguage/get/turabian-fullnote-bibliography?submissionId=3327,200,2,text/html,
https://journal.uod.ac/index.php/uodjournal/citationstylelanguage/get/turabian-fullnote-bibliography?submissionId=3328,200,2,text/html,
https://journal.uod.ac/index.php/uodjournal/citationstylelanguage/get/turabian-fullnote-bibliography?submissionId=3329,200,2,text/html,
https://journal.uod.ac/index.php/uodjournal/citationstylelanguage/get/turabian-fullnote-bibliography?submissionId=3330,200,2,text/html,
https://journal.uod.ac/index.php/uodjournal/citationstylelanguage/get/turabian-fullnote-bibliography?submissionId=3331,200,2,text/html,
https://journal.uod.ac/index.php/uodjournal/citationstylelanguage/get/turabian-fullnote-bibliography?submissionId=3332,200,2,text/html,
https://journal.uod.ac/index.php/uodjournal/citationstylelanguage/get/turabian-fullnote-bibliography?submissionId=3333,200,2,text/html,
https://journal.uod.ac/index.php/uodjournal/citationstylelanguage/get/turabian-fullnote-bibliography?submissionId=3334,200,2,text/html,
https://journal.uod.ac/index.php/uodjournal/citationstylelanguage/get/turabian-fullnote-bibliography?submissionId=3335,200,2,text/html,
https://journal.uod.ac/index.php/uodjournal/citationstylelanguage/get/turabian-fullnote-bibliography?submissionId=3336,200,2,text/html,
https://journal.uod.ac/index.php/uodjournal/citationstylelanguage/get/turabian-fullnote-bibliography?submissionId=3337,200,2,text/html,
https://journal.uod.ac/index.php/uodjournal/citationstylelanguage/get/turabian-fullnote-bibliography?submissionId=3338,200,2,text/html,
https://journal.uod.ac/index.php/uodjournal/citationstylelanguage/get/turabian-fullnote-bibliography?submissionId=3339,200,2,text/html,
https://journal.uod.ac/index.php/uodjournal/citationstylelanguage/get/turabian-fullnote-bibliography?submissionId=3340,200,2,text/html,
https://journal.uod.ac/index.php/uodjournal/citationstylelanguage/get/turabian-fullnote-bibliography?submissionId=3341,200,2,text/html,
https://journal.uod.ac/index.php/uodjournal/citationstylelanguage/get/turabian-fullnote-bibliography?submissionId=3342,200,2,text/html,
https://journal.uod.ac/index.php/uodjournal/citationstylelanguage/get/turabian-fullnote-bibliography?submissionId=3343,200,2,text/html,
https://journal.uod.ac/index.php/uodjournal/citationstylelanguage/get/turabian-fullnote-bibliography?submissionId=3344,200,2,text/html,
https://journal.uod.ac/index.php/uodjournal/citationstylelanguage/get/turabian-fullnote-bibliography?submissionId=3345,200,2,text/html,
https://journal.uod.ac/index.php/uodjournal/citationstylelanguage/get/turabian-fullnote-bibliography?submissionId=3346,200,2,text/html,
https://journal.uod.ac/index.php/uodjournal/citationstylelanguage/get/turabian-fullnote-bibliography?submissionId=3347,200,2,text/html,
https://journal.uod.ac/index.php/uodjournal/citationstylelanguage/get/turabian-fullnote-bibliography?submissionId=3348,200,2,text/html,
https://journal.uod.ac/index.php/uodjournal/citationstylelanguage/get/turabian-fullnote-bibliography?submissionId=3349,200,2,text/html,
https://journal.uod.ac/index.php/uodjournal/citationstylelanguage/get/turabian-fullnote-bibliography?submissionId=3350,200,2,text/html,
https://journal.uod.ac/index.php/uodjournal/citationstylelanguage/get/turabian-fullnote-bibliography?submissionId=3351,200,2,text/html,
https://journal.uod.ac/index.php/uodjournal/citationstylelanguage/get/turabian-fullnote-bibliography?submissionId=3362,200,2,text/html,
https://journal.uod.ac/index.php/uodjournal/citationstylelanguage/get/turabian-fullnote-bibliography?submissionId=3363,200,2,text/html,
https://journal.uod.ac/index.php/uodjournal/citationstylelanguage/get/turabian-fullnote-bibliography?submissionId=3365,200,2,text/html,
https://journal.uod.ac/index.php/uodjournal/citationstylelanguage/get/turabian-fullnote-bibliography?submissionId=3366,200,2,text/html,
https://journal.uod.ac/index.php/uodjournal/citationstylelanguage/get/turabian-fullnote-bibliography?submissionId=3391,200,2,text/html,
https://journal.uod.ac/index.php/uodjournal/citationstylelanguage/get/turabian-fullnote-bibliography?submissionId=3392,200,2,text/html,
https://journal.uod.ac/index.php/uodjournal/citationstylelanguage/get/turabian-fullnote-bibliography?submissionId=3394,200,2,text/html,
https://journal.uod.ac/index.php/uodjournal/citationstylelanguage/get/vancouver?submissionId=2791,200,2,text/html,
https://journal.uod.ac/index.php/uodjournal/citationstylelanguage/get/vancouver?submissionId=2792,200,2,text/html,
https://journal.uod.ac/index.php/uodjournal/citationstylelanguage/get/vancouver?submissionId=2793,200,2,text/html,
https://journal.uod.ac/index.php/uodjournal/citationstylelanguage/get/vancouver?submissionId=2795,200,2,text/html,
https://journal.uod.ac/index.php/uodjournal/citationstylelanguage/get/vancouver?submissionId=2796,200,2,text/html,
https://journal.uod.ac/index.php/uodjournal/citationstylelanguage/get/vancouver?submissionId=2797,200,2,text/html,
https://journal.uod.ac/index.php/uodjournal/citationstylelanguage/get/vancouver?submissionId=2799,200,2,text/html,
https://journal.uod.ac/index.php/uodjournal/citationstylelanguage/get/vancouver?submissionId=2800,200,2,text/html,
https://journal.uod.ac/index.php/uodjournal/citationstylelanguage/get/vancouver?submissionId=2805,200,2,text/html,
https://journal.uod.ac/index.php/uodjournal/citationstylelanguage/get/vancouver?submissionId=2806,200,2,text/html,
https://journal.uod.ac/index.php/uodjournal/citationstylelanguage/get/vancouver?submissionId=2807,200,2,text/html,
https://journal.uod.ac/index.php/uodjournal/citationstylelanguage/get/vancouver?submissionId=2809,200,2,text/html,
https://journal.uod.ac/index.php/uodjournal/citationstylelanguage/get/vancouver?submissionId=2810,200,2,text/html,
https://journal.uod.ac/index.php/uodjournal/citationstylelanguage/get/vancouver?submissionId=2811,200,2,text/html,
https://journal.uod.ac/index.php/uodjournal/citationstylelanguage/get/vancouver?submissionId=2812,200,2,text/html,
https://journal.uod.ac/index.php/uodjournal/citationstylelanguage/get/vancouver?submissionId=2813,200,2,text/html,
https://journal.uod.ac/index.php/uodjournal/citationstylelanguage/get/vancouver?submissionId=2814,200,2,text/html,
https://journal.uod.ac/index.php/uodjournal/citationstylelanguage/get/vancouver?submissionId=2817,200,2,text/html,
https://journal.uod.ac/index.php/uodjournal/citationstylelanguage/get/vancouver?submissionId=2818,200,2,text/html,
https://journal.uod.ac/index.php/uodjournal/citationstylelanguage/get/vancouver?submissionId=2819,200,2,text/html,
https://journal.uod.ac/index.php/uodjournal/citationstylelanguage/get/vancouver?submissionId=2820,200,2,text/html,
https://journal.uod.ac/index.php/uodjournal/citationstylelanguage/get/vancouver?submissionId=2821,200,2,text/html,
https://journal.uod.ac/index.php/uodjournal/citationstylelanguage/get/vancouver?submissionId=2822,200,2,text/html,
https://journal.uod.ac/index.php/uodjournal/citationstylelanguage/get/vancouver?submissionId=2823,200,2,text/html,
https://journal.uod.ac/index.php/uodjournal/citationstylelanguage/get/vancouver?submissionId=2825,200,2,text/html,
https://journal.uod.ac/index.php/uodjournal/citationstylelanguage/get/vancouver?submissionId=2826,200,2,text/html,
https://journal.uod.ac/index.php/uodjournal/citationstylelanguage/get/vancouver?submissionId=2827,200,2,text/html,
https://journal.uod.ac/index.php/uodjournal/citationstylelanguage/get/vancouver?submissionId=2828,200,2,text/html,
https://journal.uod.ac/index.php/uodjournal/citationstylelanguage/get/vancouver?submissionId=2830,200,2,text/html,
https://journal.uod.ac/index.php/uodjournal/citationstylelanguage/get/vancouver?submissionId=2835,200,2,text/html,
https://journal.uod.ac/index.php/uodjournal/citationstylelanguage/get/vancouver?submissionId=2836,200,2,text/html,
https://journal.uod.ac/index.php/uodjournal/citationstylelanguage/get/vancouver?submissionId=2837,200,2,text/html,
https://journal.uod.ac/index.php/uodjournal/citationstylelanguage/get/vancouver?submissionId=2838,200,2,text/html,
https://journal.uod.ac/index.php/uodjournal/citationstylelanguage/get/vancouver?submissionId=2849,200,2,text/html,
https://journal.uod.ac/index.php/uodjournal/citationstylelanguage/get/vancouver?submissionId=2850,200,2,text/html,
https://journal.uod.ac/index.php/uodjournal/citationstylelanguage/get/vancouver?submissionId=2852,200,2,text/html,
https://journal.uod.ac/index.php/uodjournal/citationstylelanguage/get/vancouver?submissionId=2853,200,2,text/html,
https://journal.uod.ac/index.php/uodjournal/citationstylelanguage/get/vancouver?submissionId=2854,200,2,text/html,
https://journal.uod.ac/index.php/uodjournal/citationstylelanguage/get/vancouver?submissionId=2855,200,2,text/html,
https://journal.uod.ac/index.php/uodjournal/citationstylelanguage/get/vancouver?submissionId=2856,200,2,text/html,
https://journal.uod.ac/index.php/uodjournal/citationstylelanguage/get/vancouver?submissionId=2857,200,2,text/html,
https://journal.uod.ac/index.php/uodjournal/citationstylelanguage/get/vancouver?submissionId=2858,200,2,text/html,
https://journal.uod.ac/index.php/uodjournal/citationstylelanguage/get/vancouver?submissionId=2866,200,2,text/html,
https://journal.uod.ac/index.php/uodjournal/citationstylelanguage/get/vancouver?submissionId=2879,200,2,text/html,
https://journal.uod.ac/index.php/uodjournal/citationstylelanguage/get/vancouver?submissionId=2880,200,2,text/html,
https://journal.uod.ac/index.php/uodjournal/citationstylelanguage/get/vancouver?submissionId=2881,200,2,text/html,
https://journal.uod.ac/index.php/uodjournal/citationstylelanguage/get/vancouver?submissionId=2882,200,2,text/html,
https://journal.uod.ac/index.php/uodjournal/citationstylelanguage/get/vancouver?submissionId=2883,200,2,text/html,
https://journal.uod.ac/index.php/uodjournal/citationstylelanguage/get/vancouver?submissionId=2884,200,2,text/html,
https://journal.uod.ac/index.php/uodjournal/citationstylelanguage/get/vancouver?submissionId=2885,200,2,text/html,
https://journal.uod.ac/index.php/uodjournal/citationstylelanguage/get/vancouver?submissionId=2886,200,2,text/html,
https://journal.uod.ac/index.php/uodjournal/citationstylelanguage/get/vancouver?submissionId=2887,200,2,text/html,
https://journal.uod.ac/index.php/uodjournal/citationstylelanguage/get/vancouver?submissionId=2889,200,2,text/html,
https://journal.uod.ac/index.php/uodjournal/citationstylelanguage/get/vancouver?submissionId=2890,200,2,text/html,
https://journal.uod.ac/index.php/uodjournal/citationstylelanguage/get/vancouver?submissionId=2891,200,2,text/html,
https://journal.uod.ac/index.php/uodjournal/citationstylelanguage/get/vancouver?submissionId=2892,200,2,text/html,
https://journal.uod.ac/index.php/uodjournal/citationstylelanguage/get/vancouver?submissionId=2897,200,2,text/html,
https://journal.uod.ac/index.php/uodjournal/citationstylelanguage/get/vancouver?submissionId=2907,200,2,text/html,
https://journal.uod.ac/index.php/uodjournal/citationstylelanguage/get/vancouver?submissionId=2908,200,2,text/html,
https://journal.uod.ac/index.php/uodjournal/citationstylelanguage/get/vancouver?submissionId=2909,200,2,text/html,
https://journal.uod.ac/index.php/uodjournal/citationstylelanguage/get/vancouver?submissionId=2910,200,2,text/html,
https://journal.uod.ac/index.php/uodjournal/citationstylelanguage/get/vancouver?submissionId=2911,200,2,text/html,
https://journal.uod.ac/index.php/uodjournal/citationstylelanguage/get/vancouver?submissionId=2912,200,2,text/html,
https://journal.uod.ac/index.php/uodjournal/citationstylelanguage/get/vancouver?submissionId=2913,200,2,text/html,
https://journal.uod.ac/index.php/uodjournal/citationstylelanguage/get/vancouver?submissionId=2914,200,2,text/html,
https://journal.uod.ac/index.php/uodjournal/citationstylelanguage/get/vancouver?submissionId=2917,200,2,text/html,
https://journal.uod.ac/index.php/uodjournal/citationstylelanguage/get/vancouver?submissionId=2918,200,2,text/html,
https://journal.uod.ac/index.php/uodjournal/citationstylelanguage/get/vancouver?submissionId=2923,200,2,text/html,
https://journal.uod.ac/index.php/uodjournal/citationstylelanguage/get/vancouver?submissionId=2924,200,2,text/html,
https://journal.uod.ac/index.php/uodjournal/citationstylelanguage/get/vancouver?submissionId=2925,200,2,text/html,
https://journal.uod.ac/index.php/uodjournal/citationstylelanguage/get/vancouver?submissionId=2926,200,2,text/html,
https://journal.uod.ac/index.php/uodjournal/citationstylelanguage/get/vancouver?submissionId=2927,200,2,text/html,
https://journal.uod.ac/index.php/uodjournal/citationstylelanguage/get/vancouver?submissionId=2928,200,2,text/html,
https://journal.uod.ac/index.php/uodjournal/citationstylelanguage/get/vancouver?submissionId=2937,200,2,text/html,
https://journal.uod.ac/index.php/uodjournal/citationstylelanguage/get/vancouver?submissionId=2938,200,2,text/html,
https://journal.uod.ac/index.php/uodjournal/citationstylelanguage/get/vancouver?submissionId=2942,200,2,text/html,
https://journal.uod.ac/index.php/uodjournal/citationstylelanguage/get/vancouver?submissionId=2943,200,2,text/html,
https://journal.uod.ac/index.php/uodjournal/citationstylelanguage/get/vancouver?submissionId=2944,200,2,text/html,
https://journal.uod.ac/index.php/uodjournal/citationstylelanguage/get/vancouver?submissionId=2973,200,2,text/html,
https://journal.uod.ac/index.php/uodjournal/citationstylelanguage/get/vancouver?submissionId=2975,200,2,text/html,
https://journal.uod.ac/index.php/uodjournal/citationstylelanguage/get/vancouver?submissionId=2980,200,2,text/html,
https://journal.uod.ac/index.php/uodjournal/citationstylelanguage/get/vancouver?submissionId=2981,200,2,text/html,
https://journal.uod.ac/index.php/uodjournal/citationstylelanguage/get/vancouver?submissionId=3021,200,2,text/html,
https://journal.uod.ac/index.php/uodjournal/citationstylelanguage/get/vancouver?submissionId=3022,200,2,text/html,
https://journal.uod.ac/index.php/uodjournal/citationstylelanguage/get/vancouver?submissionId=3031,200,2,text/html,
https://journal.uod.ac/index.php/uodjournal/citationstylelanguage/get/vancouver?submissionId=3118,200,2,text/html,
https://journal.uod.ac/index.php/uodjournal/citationstylelanguage/get/vancouver?submissionId=3126,200,2,text/html,
https://journal.uod.ac/index.php/uodjournal/citationstylelanguage/get/vancouver?submissionId=3127,200,2,text/html,
https://journal.uod.ac/index.php/uodjournal/citationstylelanguage/get/vancouver?submissionId=3144,200,2,text/html,
https://journal.uod.ac/index.php/uodjournal/citationstylelanguage/get/vancouver?submissionId=3146,200,2,text/html,
https://journal.uod.ac/index.php/uodjournal/citationstylelanguage/get/vancouver?submissionId=3153,200,2,text/html,
https://journal.uod.ac/index.php/uodjournal/citationstylelanguage/get/vancouver?submissionId=3154,200,2,text/html,
https://journal.uod.ac/index.php/uodjournal/citationstylelanguage/get/vancouver?submissionId=3161,200,2,text/html,
https://journal.uod.ac/index.php/uodjournal/citationstylelanguage/get/vancouver?submissionId=3162,200,2,text/html,
https://journal.uod.ac/index.php/uodjournal/citationstylelanguage/get/vancouver?submissionId=3163,200,2,text/html,
https://journal.uod.ac/index.php/uodjournal/citationstylelanguage/get/vancouver?submissionId=3164,200,2,text/html,
https://journal.uod.ac/index.php/uodjournal/citationstylelanguage/get/vancouver?submissionId=3168,200,2,text/html,
https://journal.uod.ac/index.php/uodjournal/citationstylelanguage/get/vancouver?submissionId=3178,200,2,text/html,
https://journal.uod.ac/index.php/uodjournal/citationstylelanguage/get/vancouver?submissionId=3187,200,2,text/html,
https://journal.uod.ac/index.php/uodjournal/citationstylelanguage/get/vancouver?submissionId=3188,200,2,text/html,
https://journal.uod.ac/index.php/uodjournal/citationstylelanguage/get/vancouver?submissionId=3189,200,2,text/html,
https://journal.uod.ac/index.php/uodjournal/citationstylelanguage/get/vancouver?submissionId=3196,200,2,text/html,
https://journal.uod.ac/index.php/uodjournal/citationstylelanguage/get/vancouver?submissionId=3214,200,2,text/html,
https://journal.uod.ac/index.php/uodjournal/citationstylelanguage/get/vancouver?submissionId=3231,200,2,text/html,
https://journal.uod.ac/index.php/uodjournal/citationstylelanguage/get/vancouver?submissionId=3279,200,2,text/html,
https://journal.uod.ac/index.php/uodjournal/citationstylelanguage/get/vancouver?submissionId=3280,200,2,text/html,
https://journal.uod.ac/index.php/uodjournal/citationstylelanguage/get/vancouver?submissionId=3281,200,2,text/html,
https://journal.uod.ac/index.php/uodjournal/citationstylelanguage/get/vancouver?submissionId=3282,200,2,text/html,
https://journal.uod.ac/index.php/uodjournal/citationstylelanguage/get/vancouver?submissionId=3283,200,2,text/html,
https://journal.uod.ac/index.php/uodjournal/citationstylelanguage/get/vancouver?submissionId=3284,200,2,text/html,
https://journal.uod.ac/index.php/uodjournal/citationstylelanguage/get/vancouver?submissionId=3285,200,2,text/html,
https://journal.uod.ac/index.php/uodjournal/citationstylelanguage/get/vancouver?submissionId=3286,200,2,text/html,
https://journal.uod.ac/index.php/uodjournal/citationstylelanguage/get/vancouver?submissionId=3287,200,2,text/html,
https://journal.uod.ac/index.php/uodjournal/citationstylelanguage/get/vancouver?submissionId=3288,200,2,text/html,
https://journal.uod.ac/index.php/uodjournal/citationstylelanguage/get/vancouver?submissionId=3289,200,2,text/html,
https://journal.uod.ac/index.php/uodjournal/citationstylelanguage/get/vancouver?submissionId=3290,200,2,text/html,
https://journal.uod.ac/index.php/uodjournal/citationstylelanguage/get/vancouver?submissionId=3291,200,2,text/html,
https://journal.uod.ac/index.php/uodjournal/citationstylelanguage/get/vancouver?submissionId=3292,200,2,text/html,
https://journal.uod.ac/index.php/uodjournal/citationstylelanguage/get/vancouver?submissionId=3293,200,2,text/html,
https://journal.uod.ac/index.php/uodjournal/citationstylelanguage/get/vancouver?submissionId=3294,200,2,text/html,
https://journal.uod.ac/index.php/uodjournal/citationstylelanguage/get/vancouver?submissionId=3295,200,2,text/html,
https://journal.uod.ac/index.php/uodjournal/citationstylelanguage/get/vancouver?submissionId=3296,200,2,text/html,
https://journal.uod.ac/index.php/uodjournal/citationstylelanguage/get/vancouver?submissionId=3297,200,2,text/html,
https://journal.uod.ac/index.php/uodjournal/citationstylelanguage/get/vancouver?submissionId=3298,200,2,text/html,
https://journal.uod.ac/index.php/uodjournal/citationstylelanguage/get/vancouver?submissionId=3299,200,2,text/html,
https://journal.uod.ac/index.php/uodjournal/citationstylelanguage/get/vancouver?submissionId=3300,200,2,text/html,
https://journal.uod.ac/index.php/uodjournal/citationstylelanguage/get/vancouver?submissionId=3302,200,2,text/html,
https://journal.uod.ac/index.php/uodjournal/citationstylelanguage/get/vancouver?submissionId=3303,200,2,text/html,
https://journal.uod.ac/index.php/uodjournal/citationstylelanguage/get/vancouver?submissionId=3305,200,2,text/html,
https://journal.uod.ac/index.php/uodjournal/citationstylelanguage/get/vancouver?submissionId=3306,200,2,text/html,
https://journal.uod.ac/index.php/uodjournal/citationstylelanguage/get/vancouver?submissionId=3307,200,2,text/html,
https://journal.uod.ac/index.php/uodjournal/citationstylelanguage/get/vancouver?submissionId=3308,200,2,text/html,
https://journal.uod.ac/index.php/uodjournal/citationstylelanguage/get/vancouver?submissionId=3309,200,2,text/html,
https://journal.uod.ac/index.php/uodjournal/citationstylelanguage/get/vancouver?submissionId=3310,200,2,text/html,
https://journal.uod.ac/index.php/uodjournal/citationstylelanguage/get/vancouver?submissionId=3312,200,2,text/html,
https://journal.uod.ac/index.php/uodjournal/citationstylelanguage/get/vancouver?submissionId=3313,200,2,text/html,
https://journal.uod.ac/index.php/uodjournal/citationstylelanguage/get/vancouver?submissionId=3314,200,2,text/html,
https://journal.uod.ac/index.php/uodjournal/citationstylelanguage/get/vancouver?submissionId=3315,200,2,text/html,
https://journal.uod.ac/index.php/uodjournal/citationstylelanguage/get/vancouver?submissionId=3316,200,2,text/html,
https://journal.uod.ac/index.php/uodjournal/citationstylelanguage/get/vancouver?submissionId=3319,200,2,text/html,
https://journal.uod.ac/index.php/uodjournal/citationstylelanguage/get/vancouver?submissionId=3320,200,2,text/html,
https://journal.uod.ac/index.php/uodjournal/citationstylelanguage/get/vancouver?submissionId=3321,200,2,text/html,
https://journal.uod.ac/index.php/uodjournal/citationstylelanguage/get/vancouver?submissionId=3322,200,2,text/html,
https://journal.uod.ac/index.php/uodjournal/citationstylelanguage/get/vancouver?submissionId=3323,200,2,text/html,
https://journal.uod.ac/index.php/uodjournal/citationstylelanguage/get/vancouver?submissionId=3324,200,2,text/html,
https://journal.uod.ac/index.php/uodjournal/citationstylelanguage/get/vancouver?submissionId=3325,200,2,text/html,
https://journal.uod.ac/index.php/uodjournal/citationstylelanguage/get/vancouver?submissionId=3326,200,2,text/html,
https://journal.uod.ac/index.php/uodjournal/citationstylelanguage/get/vancouver?submissionId=3327,200,2,text/html,
https://journal.uod.ac/index.php/uodjournal/citationstylelanguage/get/vancouver?submissionId=3328,200,2,text/html,
https://journal.uod.ac/index.php/uodjournal/citationstylelanguage/get/vancouver?submissionId=3329,200,2,text/html,
https://journal.uod.ac/index.php/uodjournal/citationstylelanguage/get/vancouver?submissionId=3330,200,2,text/html,
https://journal.uod.ac/index.php/uodjournal/citationstylelanguage/get/vancouver?submissionId=3331,200,2,text/html,
https://journal.uod.ac/index.php/uodjournal/citationstylelanguage/get/vancouver?submissionId=3332,200,2,text/html,
https://journal.uod.ac/index.php/uodjournal/citationstylelanguage/get/vancouver?submissionId=3333,200,2,text/html,
https://journal.uod.ac/index.php/uodjournal/citationstylelanguage/get/vancouver?submissionId=3334,200,2,text/html,
https://journal.uod.ac/index.php/uodjournal/citationstylelanguage/get/vancouver?submissionId=3335,200,2,text/html,
https://journal.uod.ac/index.php/uodjournal/citationstylelanguage/get/vancouver?submissionId=3336,200,2,text/html,
https://journal.uod.ac/index.php/uodjournal/citationstylelanguage/get/vancouver?submissionId=3337,200,2,text/html,
https://journal.uod.ac/index.php/uodjournal/citationstylelanguage/get/vancouver?submissionId=3338,200,2,text/html,
https://journal.uod.ac/index.php/uodjournal/citationstylelanguage/get/vancouver?submissionId=3339,200,2,text/html,
https://journal.uod.ac/index.php/uodjournal/citationstylelanguage/get/vancouver?submissionId=3340,200,2,text/html,
https://journal.uod.ac/index.php/uodjournal/citationstylelanguage/get/vancouver?submissionId=3341,200,2,text/html,
https://journal.uod.ac/index.php/uodjournal/citationstylelanguage/get/vancouver?submissionId=3342,200,2,text/html,
https://journal.uod.ac/index.php/uodjournal/citationstylelanguage/get/vancouver?submissionId=3343,200,2,text/html,
https://journal.uod.ac/index.php/uodjournal/citationstylelanguage/get/vancouver?submissionId=3344,200,2,text/html,
https://journal.uod.ac/index.php/uodjournal/citationstylelanguage/get/vancouver?submissionId=3345,200,2,text/html,
https://journal.uod.ac/index.php/uodjournal/citationstylelanguage/get/vancouver?submissionId=3346,200,2,text/html,
https://journal.uod.ac/index.php/uodjournal/citationstylelanguage/get/vancouver?submissionId=3347,200,2,text/html,
https://journal.uod.ac/index.php/uodjournal/citationstylelanguage/get/vancouver?submissionId=3348,200,2,text/html,
https://journal.uod.ac/index.php/uodjournal/citationstylelanguage/get/vancouver?submissionId=3349,200,2,text/html,
https://journal.uod.ac/index.php/uodjournal/citationstylelanguage/get/vancouver?submissionId=3350,200,2,text/html,
https://journal.uod.ac/index.php/uodjournal/citationstylelanguage/get/vancouver?submissionId=3351,200,2,text/html,
https://journal.uod.ac/index.php/uodjournal/citationstylelanguage/get/vancouver?submissionId=3362,200,2,text/html,
https://journal.uod.ac/index.php/uodjournal/citationstylelanguage/get/vancouver?submissionId=3363,200,2,text/html,
https://journal.uod.ac/index.php/uodjournal/citationstylelanguage/get/vancouver?submissionId=3365,200,2,text/html,
https://journal.uod.ac/index.php/uodjournal/citationstylelanguage/get/vancouver?submissionId=3366,200,2,text/html,
https://journal.uod.ac/index.php/uodjournal/citationstylelanguage/get/vancouver?submissionId=3391,200,2,text/html,
https://journal.uod.ac/index.php/uodjournal/citationstylelanguage/get/vancouver?submissionId=3392,200,2,text/html,
https://journal.uod.ac/index.php/uodjournal/citationstylelanguage/get/vancouver?submissionId=3394,200,2,text/html,
https://journal.uod.ac/index.php/uodjournal/gateway/plugin/WebFeedGatewayPlugin/atom,200,1,text/html,Journal of Duhok University
https://journal.uod.ac/index.php/uodjournal/gateway/plugin/WebFeedGatewayPlugin/rss,200,1,text/html,Journal of Duhok University
https://journal.uod.ac/index.php/uodjournal/gateway/plugin/WebFeedGatewayPlugin/rss2,200,1,text/html,Journal of Duhok University
https://journal.uod.ac/index.php/uodjournal/index,200,2,text/html,Journal of Duhok University
https://journal.uod.ac/index.php/uodjournal/information/authors,200,1,text/html,"Information For Authors
							| Journal of Duhok University"
https://journal.uod.ac/index.php/uodjournal/information/librarians,200,1,text/html,"Information For Librarians
							| Journal of Duhok University"
https://journal.uod.ac/index.php/uodjournal/information/readers,200,1,text/html,"Information For Readers
							| Journal of Duhok University"
https://journal.uod.ac/index.php/uodjournal/issue/archive,200,0,text/html,"Archives
	
							| Journal of Duhok University"
https://journal.uod.ac/index.php/uodjournal/issue/archive/2,200,1,text/html,"Archives - Page 2
	
							| Journal of Duhok University"
https://journal.uod.ac/index.php/uodjournal/issue/current,200,1,text/html,"Vol. 27 No. 1 (2024): Section: Humanities and Social Science
							| Journal of Duhok University"
https://journal.uod.ac/index.php/uodjournal/issue/view/1,200,1,text/html,"2017: Pure and Engineering Sciences (Special Issue of Conference)
							| Journal of Duhok University"
https://journal.uod.ac/index.php/uodjournal/issue/view/11,200,1,text/html,"Vol. 21 No. 2 (2018): Pure and Engineering Sciences
							| Journal of Duhok University"
https://journal.uod.ac/index.php/uodjournal/issue/view/12,200,1,text/html,"Vol. 21 No. 2 (2019): Humanities and Social Sciences (Kurdish & Arabic)
							| Journal of Duhok University"
https://journal.uod.ac/index.php/uodjournal/issue/view/13,200,1,text/html,"Vol. 22 No. 1 (2019): Section: Agriculture and Veterinary Sciences
							| Journal of Duhok University"
https://journal.uod.ac/index.php/uodjournal/issue/view/15,200,1,text/html,"Vol. 22 No. 1 (2019): Section: Pure and Engineering Sciences
							| Journal of Duhok University"
https://journal.uod.ac/index.php/uodjournal/issue/view/16,200,1,text/html,"Vol. 22 No. 1 (2019): Section: Humanities and Social Sciences (Kurdish & Arabic&English)
							| Journal of Duhok University"
https://journal.uod.ac/index.php/uodjournal/issue/view/17,200,1,text/html,"Special Issue: The 2nd International Dental Conference, 28-29/3/2019, Duhok
							| Journal of Duhok University"
https://journal.uod.ac/index.php/uodjournal/issue/view/18,200,1,text/html,"Vol. 22 No. 2 (2019):  Section: Agriculture and Veterinary Sciences
							| Journal of Duhok University"
https://journal.uod.ac/index.php/uodjournal/issue/view/19,200,1,text/html,"Vol. 22 No. 2 (2019):  Section: Humanities and Social Science
							| Journal of Duhok University"
https://journal.uod.ac/index.php/uodjournal/issue/view/2,200,1,text/html,"Vol. 20 No. 2 (2017): Humanities and Social Sciences (English)
							| Journal of Duhok University"
https://journal.uod.ac/index.php/uodjournal/issue/view/20,200,1,text/html,"Vol. 22 No. 2 (2019): Section: Pure and Engineering Sciences
							| Journal of Duhok University"
https://journal.uod.ac/index.php/uodjournal/issue/view/21,200,1,text/html,"Vol. 23 No. 1: Section: Pure and Engineering Sciences
							| Journal of Duhok University"
https://journal.uod.ac/index.php/uodjournal/issue/view/23,200,1,text/html,"Vol. 23 No. 1 (2020): Vol. 23 No. 1 (2020): Section: Humanities and Social Sience
							| Journal of Duhok University"
https://journal.uod.ac/index.php/uodjournal/issue/view/24,200,1,text/html,"Vol. 23 No. 1 (2020): Section: Agriculture and Veterinary Sciences
							| Journal of Duhok University"
https://journal.uod.ac/index.php/uodjournal/issue/view/26,200,1,text/html,"Vol. 22 No. s2 (2019): (supplementary Issue) The Third  International Agricultural Conference
							| Journal of Duhok University"
https://journal.uod.ac/index.php/uodjournal/issue/view/27,200,1,text/html,"Vol. 22 No. S1 (2019): (supplementary Issue) The First International Scientific Conference on Genocide .
							| Journal of Duhok University"
https://journal.uod.ac/index.php/uodjournal/issue/view/28,200,1,text/html,"Vol. 23 No. 2 (2020): Section: Pure and Engineering Sciences
							| Journal of Duhok University"
https://journal.uod.ac/index.php/uodjournal/issue/view/29,200,1,text/html,"Vol. 23 No. 2 (2020): Section: Agriculture and Veterinary Sciences
							| Journal of Duhok University"
https://journal.uod.ac/index.php/uodjournal/issue/view/3,200,1,text/html,"Vol. 20 No. 1 (2018): Humanities and Social Sciences (Kurdish & Arabic)
							| Journal of Duhok University"
https://journal.uod.ac/index.php/uodjournal/issue/view/30,200,1,text/html,"Vol. 23 No. 2 (2020): Section: Humanities and Social Science
							| Journal of Duhok University"
https://journal.uod.ac/index.php/uodjournal/issue/view/31,200,1,text/html,"Vol. 23 No. 2 (2020): Section:Pure and Engineering Sciences (Special Issue)
							| Journal of Duhok University"
https://journal.uod.ac/index.php/uodjournal/issue/view/32,200,1,text/html,"Vol. 24 No. 1 (2021): ( Special Issue ) The 2nd International Scientific Conference Of The Department Of History - College Of Humanities- University Of Duhok
							| Journal of Duhok University"
https://journal.uod.ac/index.php/uodjournal/issue/view/33,200,1,text/html,"Vol. 24 No. 1 (2021): Section: Pure and Engineering Sciences
							| Journal of Duhok University"
https://journal.uod.ac/index.php/uodjournal/issue/view/34,200,1,text/html,"Vol. 24 No. 1 (2021): (Special Issue) The Second International Scientific Conference on Genocide Besikci Center for Humanity Studies &  Genocide Center – University of Duhok, 27-28 January, 2021
							| Journal of Duhok University"
https://journal.uod.ac/index.php/uodjournal/issue/view/35,200,1,text/html,"Vol. 24 No. 1 (2021): Section: Agriculture and Veterinary Sciences
							| Journal of Duhok University"
https://journal.uod.ac/index.php/uodjournal/issue/view/36,200,1,text/html,"Vol. 24 No. 1 (2021): Section: Humanities and Social Science
							| Journal of Duhok University"
https://journal.uod.ac/index.php/uodjournal/issue/view/37,200,1,text/html,"Vol. 24 No. 2 (2021): Section: Humanities and Social Science
							| Journal of Duhok University"
https://journal.uod.ac/index.php/uodjournal/issue/view/38,200,1,text/html,"Vol. 24 No. 2 (2021): Section: Agriculture and Veterinary Sciences
							| Journal of Duhok University"
https://journal.uod.ac/index.php/uodjournal/issue/view/39,200,1,text/html,"Vol. 24 No. 2 (2021): Section: Pure and Engineering Sciences
							| Journal of Duhok University"
https://journal.uod.ac/index.php/uodjournal/issue/view/4,200,1,text/html,"Vol. 20 No. 1 (2018): agriculture and veterinary sciences
							| Journal of Duhok University"
https://journal.uod.ac/index.php/uodjournal/issue/view/41,200,1,text/html,"Vol. 25 No. 1 (2022): Section: Pure and Engineering Sciences
							| Journal of Duhok University"
https://journal.uod.ac/index.php/uodjournal/issue/view/42,200,1,text/html,"Vol. 25 No. 1 (2022): Section: Humanities and Social Science
							| Journal of Duhok University"
https://journal.uod.ac/index.php/uodjournal/issue/view/43,200,1,text/html,"Vol. 25 No. 1 (2022): Section: Agriculture and Veterinary Sciences
							| Journal of Duhok University"
https://journal.uod.ac/index.php/uodjournal/issue/view/44,200,1,text/html,"Vol. 25 No. 2 (2022): Section: Agriculture and Veterinary Sciences
							| Journal of Duhok University"
https://journal.uod.ac/index.php/uodjournal/issue/view/45,200,1,text/html,"Vol. 25 No. 2 (2022): Section: Pure and Engineering Sciences
							| Journal of Duhok University"
https://journal.uod.ac/index.php/uodjournal/issue/view/46,200,1,text/html,"Vol. 25 No. 2 (2022): Section: Humanities and Social Science
							| Journal of Duhok University"
https://journal.uod.ac/index.php/uodjournal/issue/view/47,200,1,text/html,"Vol. 26 No. 1 (2023): Section: Humanities and Social Science
							| Journal of Duhok University"
https://journal.uod.ac/index.php/uodjournal/issue/view/48,200,1,text/html,"Vol. 26 No. 1 (2023): Section: Pure and Engineering Sciences
							| Journal of Duhok University"
https://journal.uod.ac/index.php/uodjournal/issue/view/49,200,1,text/html,"Vol. 26 No. 1 (2023): Section: Agriculture and Veterinary Sciences
							| Journal of Duhok University"
https://journal.uod.ac/index.php/uodjournal/issue/view/5,200,1,text/html,"Vol. 20 No. 2 (2018): Humanities. and Social. Sciences (Kurdish & Arabic )
							| Journal of Duhok University"
https://journal.uod.ac/index.php/uodjournal/issue/view/50,200,1,text/html,"Vol. 26 No. 1 (2023): The fourth scientific conference under the slogan ""The Roles of Law and Human Sciences in Protecting and Empowering Women"" 1444 AH - 2023 AD"", University of Duhok, March 16, 2023 Journal of Duhok University Humanities and Social Science
							| Journal of Duhok University"
https://journal.uod.ac/index.php/uodjournal/issue/view/51,200,1,text/html,"Vol. 26 No. 2 (2023): Section: Humanities and Social Science
							| Journal of Duhok University"
https://journal.uod.ac/index.php/uodjournal/issue/view/52,200,1,text/html,"Vol. 26 No. 2 (2023): Section: Pure and Engineering Sciences
							| Journal of Duhok University"
https://journal.uod.ac/index.php/uodjournal/issue/view/53,200,1,text/html,"Vol. 26 No. 2 (2023): Section: Agriculture and Veterinary Sciences
							| Journal of Duhok University"
https://journal.uod.ac/index.php/uodjournal/issue/view/6,200,1,text/html,"Pure and Engineering Sciences
							| Journal of Duhok University"
https://journal.uod.ac/index.php/uodjournal/issue/view/61,200,1,text/html,"Vol. 26 No. 2 (2023): Section: Pure and Engineering Sciences (Special Issue)
							| Journal of Duhok University"
https://journal.uod.ac/index.php/uodjournal/issue/view/62,200,1,text/html,"Vol. 27 No. 1 (2024): section: Pure and Engineering Sciences
							| Journal of Duhok University"
https://journal.uod.ac/index.php/uodjournal/issue/view/63,200,1,text/html,"Vol. 27 No. 1 (2024): Section: Humanities and Social Science
							| Journal of Duhok University"
https://journal.uod.ac/index.php/uodjournal/issue/view/7,200,1,text/html,"Vol. 21 No. 1 (2018): Humanities and Social Sciences (Kurdish & Arabic)
							| Journal of Duhok University"
https://journal.uod.ac/index.php/uodjournal/issue/view/8,200,1,text/html,"Vol. 21 No. 1 (2018): Pure and Engineering Sciences
							| Journal of Duhok University"
https://journal.uod.ac/index.php/uodjournal/issue/view/9,200,1,text/html,"Vol. 21 No. 1 (2018): Agriculture and Veterinary Sciences
							| Journal of Duhok University"
https://journal.uod.ac/index.php/uodjournal/ku_authors,200,1,text/html,"رێنمایی بۆ ڤەکۆلەری
							| Journal of Duhok University"
https://journal.uod.ac/index.php/uodjournal/login,200,1,text/html,"Login
							| Journal of Duhok University"
https://journal.uod.ac/index.php/uodjournal/login/lostPassword,200,2,text/html,"Reset Password
							| Journal of Duhok University"
https://journal.uod.ac/index.php/uodjournal/review,200,1,text/html,"How to review research
							| Journal of Duhok University"
https://journal.uod.ac/index.php/uodjournal/search,200,1,text/html,"Search
							| Journal of Duhok University"
https://journal.uod.ac/index.php/uodjournal/search/search,200,1,text/html,"Search
							| Journal of Duhok University"
https://journal.uod.ac/index.php/uodjournal/user/register,200,2,text/html,"Register
							| Journal of Duhok University"
https://journal.uod.ac/index.php/uodjournal/video,200,1,text/html,"How to register (Video)
							| Journal of Duhok University"
https://journal.uod.ac/plugins/generic/pdfJsViewer/pdf.js/web/viewer.html?file=https%3A%2F%2Fjournal.uod.ac%2Findex.php%2Fuodjournal%2Farticle%2Fdownload%2F2791%2F1496%2F,200,2,text/html,Journal of Duhok University
https://journal.uod.ac/plugins/generic/pdfJsViewer/pdf.js/web/viewer.html?file=https%3A%2F%2Fjournal.uod.ac%2Findex.php%2Fuodjournal%2Farticle%2Fdownload%2F2792%2F1497%2F,200,2,text/html,Journal of Duhok University
https://journal.uod.ac/plugins/generic/pdfJsViewer/pdf.js/web/viewer.html?file=https%3A%2F%2Fjournal.uod.ac%2Findex.php%2Fuodjournal%2Farticle%2Fdownload%2F2793%2F1498%2F,200,2,text/html,Journal of Duhok University
https://journal.uod.ac/plugins/generic/pdfJsViewer/pdf.js/web/viewer.html?file=https%3A%2F%2Fjournal.uod.ac%2Findex.php%2Fuodjournal%2Farticle%2Fdownload%2F2795%2F1499%2F,200,2,text/html,Journal of Duhok University
https://journal.uod.ac/plugins/generic/pdfJsViewer/pdf.js/web/viewer.html?file=https%3A%2F%2Fjournal.uod.ac%2Findex.php%2Fuodjournal%2Farticle%2Fdownload%2F2796%2F1500%2F,200,2,text/html,Journal of Duhok University
https://journal.uod.ac/plugins/generic/pdfJsViewer/pdf.js/web/viewer.html?file=https%3A%2F%2Fjournal.uod.ac%2Findex.php%2Fuodjournal%2Farticle%2Fdownload%2F2797%2F1501%2F,200,2,text/html,Journal of Duhok University
https://journal.uod.ac/plugins/generic/pdfJsViewer/pdf.js/web/viewer.html?file=https%3A%2F%2Fjournal.uod.ac%2Findex.php%2Fuodjournal%2Farticle%2Fdownload%2F2799%2F1503%2F,200,2,text/html,Journal of Duhok University
https://journal.uod.ac/plugins/generic/pdfJsViewer/pdf.js/web/viewer.html?file=https%3A%2F%2Fjournal.uod.ac%2Findex.php%2Fuodjournal%2Farticle%2Fdownload%2F2800%2F1505%2F,200,2,text/html,Journal of Duhok University
https://journal.uod.ac/plugins/generic/pdfJsViewer/pdf.js/web/viewer.html?file=https%3A%2F%2Fjournal.uod.ac%2Findex.php%2Fuodjournal%2Farticle%2Fdownload%2F2805%2F1506%2F,200,2,text/html,Journal of Duhok University
https://journal.uod.ac/plugins/generic/pdfJsViewer/pdf.js/web/viewer.html?file=https%3A%2F%2Fjournal.uod.ac%2Findex.php%2Fuodjournal%2Farticle%2Fdownload%2F2806%2F1507%2F,200,2,text/html,Journal of Duhok University
https://journal.uod.ac/plugins/generic/pdfJsViewer/pdf.js/web/viewer.html?file=https%3A%2F%2Fjournal.uod.ac%2Findex.php%2Fuodjournal%2Farticle%2Fdownload%2F2807%2F1559%2F,200,2,text/html,Journal of Duhok University
https://journal.uod.ac/plugins/generic/pdfJsViewer/pdf.js/web/viewer.html?file=https%3A%2F%2Fjournal.uod.ac%2Findex.php%2Fuodjournal%2Farticle%2Fdownload%2F2809%2F1509%2F,200,2,text/html,Journal of Duhok University
https://journal.uod.ac/plugins/generic/pdfJsViewer/pdf.js/web/viewer.html?file=https%3A%2F%2Fjournal.uod.ac%2Findex.php%2Fuodjournal%2Farticle%2Fdownload%2F2810%2F1510%2F,200,2,text/html,Journal of Duhok University
https://journal.uod.ac/plugins/generic/pdfJsViewer/pdf.js/web/viewer.html?file=https%3A%2F%2Fjournal.uod.ac%2Findex.php%2Fuodjournal%2Farticle%2Fdownload%2F2811%2F1511%2F,200,2,text/html,Journal of Duhok University
https://journal.uod.ac/plugins/generic/pdfJsViewer/pdf.js/web/viewer.html?file=https%3A%2F%2Fjournal.uod.ac%2Findex.php%2Fuodjournal%2Farticle%2Fdownload%2F2812%2F1512%2F,200,2,text/html,Journal of Duhok University
https://journal.uod.ac/plugins/generic/pdfJsViewer/pdf.js/web/viewer.html?file=https%3A%2F%2Fjournal.uod.ac%2Findex.php%2Fuodjournal%2Farticle%2Fdownload%2F2813%2F1513%2F,200,2,text/html,Journal of Duhok University
https://journal.uod.ac/plugins/generic/pdfJsViewer/pdf.js/web/viewer.html?file=https%3A%2F%2Fjournal.uod.ac%2Findex.php%2Fuodjournal%2Farticle%2Fdownload%2F2814%2F1514%2F,200,2,text/html,Journal of Duhok University
https://journal.uod.ac/plugins/generic/pdfJsViewer/pdf.js/web/viewer.html?file=https%3A%2F%2Fjournal.uod.ac%2Findex.php%2Fuodjournal%2Farticle%2Fdownload%2F2817%2F1528%2F,200,2,text/html,Journal of Duhok University
https://journal.uod.ac/plugins/generic/pdfJsViewer/pdf.js/web/viewer.html?file=https%3A%2F%2Fjournal.uod.ac%2Findex.php%2Fuodjournal%2Farticle%2Fdownload%2F2818%2F1516%2F,200,2,text/html,Journal of Duhok University
https://journal.uod.ac/plugins/generic/pdfJsViewer/pdf.js/web/viewer.html?file=https%3A%2F%2Fjournal.uod.ac%2Findex.php%2Fuodjournal%2Farticle%2Fdownload%2F2819%2F1517%2F,200,2,text/html,Journal of Duhok University
https://journal.uod.ac/plugins/generic/pdfJsViewer/pdf.js/web/viewer.html?file=https%3A%2F%2Fjournal.uod.ac%2Findex.php%2Fuodjournal%2Farticle%2Fdownload%2F2820%2F1518%2F,200,2,text/html,Journal of Duhok University
https://journal.uod.ac/plugins/generic/pdfJsViewer/pdf.js/web/viewer.html?file=https%3A%2F%2Fjournal.uod.ac%2Findex.php%2Fuodjournal%2Farticle%2Fdownload%2F2821%2F1519%2F,200,2,text/html,Journal of Duhok University
https://journal.uod.ac/plugins/generic/pdfJsViewer/pdf.js/web/viewer.html?file=https%3A%2F%2Fjournal.uod.ac%2Findex.php%2Fuodjournal%2Farticle%2Fdownload%2F2822%2F1520%2F,200,2,text/html,Journal of Duhok University
https://journal.uod.ac/plugins/generic/pdfJsViewer/pdf.js/web/viewer.html?file=https%3A%2F%2Fjournal.uod.ac%2Findex.php%2Fuodjournal%2Farticle%2Fdownload%2F2823%2F1521%2F,200,2,text/html,Journal of Duhok University
https://journal.uod.ac/plugins/generic/pdfJsViewer/pdf.js/web/viewer.html?file=https%3A%2F%2Fjournal.uod.ac%2Findex.php%2Fuodjournal%2Farticle%2Fdownload%2F2825%2F1522%2F,200,2,text/html,Journal of Duhok University
https://journal.uod.ac/plugins/generic/pdfJsViewer/pdf.js/web/viewer.html?file=https%3A%2F%2Fjournal.uod.ac%2Findex.php%2Fuodjournal%2Farticle%2Fdownload%2F2826%2F1523%2F,200,2,text/html,Journal of Duhok University
https://journal.uod.ac/plugins/generic/pdfJsViewer/pdf.js/web/viewer.html?file=https%3A%2F%2Fjournal.uod.ac%2Findex.php%2Fuodjournal%2Farticle%2Fdownload%2F2827%2F1524%2F,200,2,text/html,Journal of Duhok University
https://journal.uod.ac/plugins/generic/pdfJsViewer/pdf.js/web/viewer.html?file=https%3A%2F%2Fjournal.uod.ac%2Findex.php%2Fuodjournal%2Farticle%2Fdownload%2F2828%2F1525%2F,200,2,text/html,Journal of Duhok University
https://journal.uod.ac/plugins/generic/pdfJsViewer/pdf.js/web/viewer.html?file=https%3A%2F%2Fjournal.uod.ac%2Findex.php%2Fuodjournal%2Farticle%2Fdownload%2F2830%2F1526%2F,200,2,text/html,Journal of Duhok University
https://journal.uod.ac/plugins/generic/pdfJsViewer/pdf.js/web/viewer.html?file=https%3A%2F%2Fjournal.uod.ac%2Findex.php%2Fuodjournal%2Farticle%2Fdownload%2F2835%2F1529%2F,200,2,text/html,Journal of Duhok University
https://journal.uod.ac/plugins/generic/pdfJsViewer/pdf.js/web/viewer.html?file=https%3A%2F%2Fjournal.uod.ac%2Findex.php%2Fuodjournal%2Farticle%2Fdownload%2F2836%2F1530%2F,200,2,text/html,Journal of Duhok University
https://journal.uod.ac/plugins/generic/pdfJsViewer/pdf.js/web/viewer.html?file=https%3A%2F%2Fjournal.uod.ac%2Findex.php%2Fuodjournal%2Farticle%2Fdownload%2F2837%2F1531%2F,200,2,text/html,Journal of Duhok University
https://journal.uod.ac/plugins/generic/pdfJsViewer/pdf.js/web/viewer.html?file=https%3A%2F%2Fjournal.uod.ac%2Findex.php%2Fuodjournal%2Farticle%2Fdownload%2F2838%2F1532%2F,200,2,text/html,Journal of Duhok University
https://journal.uod.ac/plugins/generic/pdfJsViewer/pdf.js/web/viewer.html?file=https%3A%2F%2Fjournal.uod.ac%2Findex.php%2Fuodjournal%2Farticle%2Fdownload%2F2849%2F1533%2F,200,2,text/html,Journal of Duhok University
https://journal.uod.ac/plugins/generic/pdfJsViewer/pdf.js/web/viewer.html?file=https%3A%2F%2Fjournal.uod.ac%2Findex.php%2Fuodjournal%2Farticle%2Fdownload%2F2850%2F1555%2F,200,2,text/html,Journal of Duhok University
https://journal.uod.ac/plugins/generic/pdfJsViewer/pdf.js/web/viewer.html?file=https%3A%2F%2Fjournal.uod.ac%2Findex.php%2Fuodjournal%2Farticle%2Fdownload%2F2852%2F1535%2F,200,2,text/html,Journal of Duhok University
https://journal.uod.ac/plugins/generic/pdfJsViewer/pdf.js/web/viewer.html?file=https%3A%2F%2Fjournal.uod.ac%2Findex.php%2Fuodjournal%2Farticle%2Fdownload%2F2853%2F1536%2F,200,2,text/html,Journal of Duhok University
https://journal.uod.ac/plugins/generic/pdfJsViewer/pdf.js/web/viewer.html?file=https%3A%2F%2Fjournal.uod.ac%2Findex.php%2Fuodjournal%2Farticle%2Fdownload%2F2854%2F1537%2F,200,2,text/html,Journal of Duhok University
https://journal.uod.ac/plugins/generic/pdfJsViewer/pdf.js/web/viewer.html?file=https%3A%2F%2Fjournal.uod.ac%2Findex.php%2Fuodjournal%2Farticle%2Fdownload%2F2855%2F1538%2F,200,2,text/html,Journal of Duhok University
https://journal.uod.ac/plugins/generic/pdfJsViewer/pdf.js/web/viewer.html?file=https%3A%2F%2Fjournal.uod.ac%2Findex.php%2Fuodjournal%2Farticle%2Fdownload%2F2856%2F1539%2F,200,2,text/html,Journal of Duhok University
https://journal.uod.ac/plugins/generic/pdfJsViewer/pdf.js/web/viewer.html?file=https%3A%2F%2Fjournal.uod.ac%2Findex.php%2Fuodjournal%2Farticle%2Fdownload%2F2857%2F1540%2F,200,2,text/html,Journal of Duhok University
https://journal.uod.ac/plugins/generic/pdfJsViewer/pdf.js/web/viewer.html?file=https%3A%2F%2Fjournal.uod.ac%2Findex.php%2Fuodjournal%2Farticle%2Fdownload%2F2858%2F1541%2F,200,2,text/html,Journal of Duhok University
https://journal.uod.ac/plugins/generic/pdfJsViewer/pdf.js/web/viewer.html?file=https%3A%2F%2Fjournal.uod.ac%2Findex.php%2Fuodjournal%2Farticle%2Fdownload%2F2866%2F1542%2F,200,2,text/html,Journal of Duhok University
https://journal.uod.ac/plugins/generic/pdfJsViewer/pdf.js/web/viewer.html?file=https%3A%2F%2Fjournal.uod.ac%2Findex.php%2Fuodjournal%2Farticle%2Fdownload%2F2879%2F1544%2F,200,2,text/html,Journal of Duhok University
https://journal.uod.ac/plugins/generic/pdfJsViewer/pdf.js/web/viewer.html?file=https%3A%2F%2Fjournal.uod.ac%2Findex.php%2Fuodjournal%2Farticle%2Fdownload%2F2880%2F1545%2F,200,2,text/html,Journal of Duhok University
https://journal.uod.ac/plugins/generic/pdfJsViewer/pdf.js/web/viewer.html?file=https%3A%2F%2Fjournal.uod.ac%2Findex.php%2Fuodjournal%2Farticle%2Fdownload%2F2881%2F1546%2F,200,2,text/html,Journal of Duhok University
https://journal.uod.ac/plugins/generic/pdfJsViewer/pdf.js/web/viewer.html?file=https%3A%2F%2Fjournal.uod.ac%2Findex.php%2Fuodjournal%2Farticle%2Fdownload%2F2882%2F1547%2F,200,2,text/html,Journal of Duhok University
https://journal.uod.ac/plugins/generic/pdfJsViewer/pdf.js/web/viewer.html?file=https%3A%2F%2Fjournal.uod.ac%2Findex.php%2Fuodjournal%2Farticle%2Fdownload%2F2883%2F1548%2F,200,2,text/html,Journal of Duhok University
https://journal.uod.ac/plugins/generic/pdfJsViewer/pdf.js/web/viewer.html?file=https%3A%2F%2Fjournal.uod.ac%2Findex.php%2Fuodjournal%2Farticle%2Fdownload%2F2884%2F1549%2F,200,2,text/html,Journal of Duhok University
https://journal.uod.ac/plugins/generic/pdfJsViewer/pdf.js/web/viewer.html?file=https%3A%2F%2Fjournal.uod.ac%2Findex.php%2Fuodjournal%2Farticle%2Fdownload%2F2885%2F1550%2F,200,2,text/html,Journal of Duhok University
https://journal.uod.ac/plugins/generic/pdfJsViewer/pdf.js/web/viewer.html?file=https%3A%2F%2Fjournal.uod.ac%2Findex.php%2Fuodjournal%2Farticle%2Fdownload%2F2886%2F1551%2F,200,2,text/html,Journal of Duhok University
https://journal.uod.ac/plugins/generic/pdfJsViewer/pdf.js/web/viewer.html?file=https%3A%2F%2Fjournal.uod.ac%2Findex.php%2Fuodjournal%2Farticle%2Fdownload%2F2887%2F1552%2F,200,2,text/html,Journal of Duhok University
https://journal.uod.ac/plugins/generic/pdfJsViewer/pdf.js/web/viewer.html?file=https%3A%2F%2Fjournal.uod.ac%2Findex.php%2Fuodjournal%2Farticle%2Fdownload%2F2889%2F1553%2F,200,2,text/html,Journal of Duhok University
https://journal.uod.ac/plugins/generic/pdfJsViewer/pdf.js/web/viewer.html?file=https%3A%2F%2Fjournal.uod.ac%2Findex.php%2Fuodjournal%2Farticle%2Fdownload%2F2890%2F1556%2F,200,2,text/html,Journal of Duhok University
https://journal.uod.ac/plugins/generic/pdfJsViewer/pdf.js/web/viewer.html?file=https%3A%2F%2Fjournal.uod.ac%2Findex.php%2Fuodjournal%2Farticle%2Fdownload%2F2891%2F1557%2F,200,2,text/html,Journal of Duhok University
https://journal.uod.ac/plugins/generic/pdfJsViewer/pdf.js/web/viewer.html?file=https%3A%2F%2Fjournal.uod.ac%2Findex.php%2Fuodjournal%2Farticle%2Fdownload%2F2892%2F1558%2F,200,2,text/html,Journal of Duhok University
https://journal.uod.ac/plugins/generic/pdfJsViewer/pdf.js/web/viewer.html?file=https%3A%2F%2Fjournal.uod.ac%2Findex.php%2Fuodjournal%2Farticle%2Fdownload%2F2897%2F1560%2F,200,2,text/html,Journal of Duhok University
https://journal.uod.ac/plugins/generic/pdfJsViewer/pdf.js/web/viewer.html?file=https%3A%2F%2Fjournal.uod.ac%2Findex.php%2Fuodjournal%2Farticle%2Fdownload%2F2907%2F1562%2F,200,2,text/html,Journal of Duhok University
https://journal.uod.ac/plugins/generic/pdfJsViewer/pdf.js/web/viewer.html?file=https%3A%2F%2Fjournal.uod.ac%2Findex.php%2Fuodjournal%2Farticle%2Fdownload%2F2908%2F1563%2F,200,2,text/html,Journal of Duhok University
https://journal.uod.ac/plugins/generic/pdfJsViewer/pdf.js/web/viewer.html?file=https%3A%2F%2Fjournal.uod.ac%2Findex.php%2Fuodjournal%2Farticle%2Fdownload%2F2909%2F1564%2F,200,2,text/html,Journal of Duhok University
https://journal.uod.ac/plugins/generic/pdfJsViewer/pdf.js/web/viewer.html?file=https%3A%2F%2Fjournal.uod.ac%2Findex.php%2Fuodjournal%2Farticle%2Fdownload%2F2910%2F1565%2F,200,2,text/html,Journal of Duhok University
https://journal.uod.ac/plugins/generic/pdfJsViewer/pdf.js/web/viewer.html?file=https%3A%2F%2Fjournal.uod.ac%2Findex.php%2Fuodjournal%2Farticle%2Fdownload%2F2911%2F1566%2F,200,2,text/html,Journal of Duhok University
https://journal.uod.ac/plugins/generic/pdfJsViewer/pdf.js/web/viewer.html?file=https%3A%2F%2Fjournal.uod.ac%2Findex.php%2Fuodjournal%2Farticle%2Fdownload%2F2912%2F1567%2F,200,2,text/html,Journal of Duhok University
https://journal.uod.ac/plugins/generic/pdfJsViewer/pdf.js/web/viewer.html?file=https%3A%2F%2Fjournal.uod.ac%2Findex.php%2Fuodjournal%2Farticle%2Fdownload%2F2913%2F1568%2F,200,2,text/html,Journal of Duhok University
https://journal.uod.ac/plugins/generic/pdfJsViewer/pdf.js/web/viewer.html?file=https%3A%2F%2Fjournal.uod.ac%2Findex.php%2Fuodjournal%2Farticle%2Fdownload%2F2914%2F1570%2F,200,2,text/html,Journal of Duhok University
https://journal.uod.ac/plugins/generic/pdfJsViewer/pdf.js/web/viewer.html?file=https%3A%2F%2Fjournal.uod.ac%2Findex.php%2Fuodjournal%2Farticle%2Fdownload%2F2917%2F1571%2F,200,2,text/html,Journal of Duhok University
https://journal.uod.ac/plugins/generic/pdfJsViewer/pdf.js/web/viewer.html?file=https%3A%2F%2Fjournal.uod.ac%2Findex.php%2Fuodjournal%2Farticle%2Fdownload%2F2918%2F1572%2F,200,2,text/html,Journal of Duhok University
https://journal.uod.ac/plugins/generic/pdfJsViewer/pdf.js/web/viewer.html?file=https%3A%2F%2Fjournal.uod.ac%2Findex.php%2Fuodjournal%2Farticle%2Fdownload%2F2923%2F1573%2F,200,2,text/html,Journal of Duhok University
https://journal.uod.ac/plugins/generic/pdfJsViewer/pdf.js/web/viewer.html?file=https%3A%2F%2Fjournal.uod.ac%2Findex.php%2Fuodjournal%2Farticle%2Fdownload%2F2924%2F1574%2F,200,2,text/html,Journal of Duhok University
https://journal.uod.ac/plugins/generic/pdfJsViewer/pdf.js/web/viewer.html?file=https%3A%2F%2Fjournal.uod.ac%2Findex.php%2Fuodjournal%2Farticle%2Fdownload%2F2925%2F1575%2F,200,2,text/html,Journal of Duhok University
https://journal.uod.ac/plugins/generic/pdfJsViewer/pdf.js/web/viewer.html?file=https%3A%2F%2Fjournal.uod.ac%2Findex.php%2Fuodjournal%2Farticle%2Fdownload%2F2926%2F1576%2F,200,2,text/html,Journal of Duhok University
https://journal.uod.ac/plugins/generic/pdfJsViewer/pdf.js/web/viewer.html?file=https%3A%2F%2Fjournal.uod.ac%2Findex.php%2Fuodjournal%2Farticle%2Fdownload%2F2927%2F1577%2F,200,2,text/html,Journal of Duhok University
https://journal.uod.ac/plugins/generic/pdfJsViewer/pdf.js/web/viewer.html?file=https%3A%2F%2Fjournal.uod.ac%2Findex.php%2Fuodjournal%2Farticle%2Fdownload%2F2928%2F1578%2F,200,2,text/html,Journal of Duhok University
https://journal.uod.ac/plugins/generic/pdfJsViewer/pdf.js/web/viewer.html?file=https%3A%2F%2Fjournal.uod.ac%2Findex.php%2Fuodjournal%2Farticle%2Fdownload%2F2937%2F1579%2F,200,2,text/html,Journal of Duhok University
https://journal.uod.ac/plugins/generic/pdfJsViewer/pdf.js/web/viewer.html?file=https%3A%2F%2Fjournal.uod.ac%2Findex.php%2Fuodjournal%2Farticle%2Fdownload%2F2938%2F1580%2F,200,2,text/html,Journal of Duhok University
https://journal.uod.ac/plugins/generic/pdfJsViewer/pdf.js/web/viewer.html?file=https%3A%2F%2Fjournal.uod.ac%2Findex.php%2Fuodjournal%2Farticle%2Fdownload%2F2942%2F1582%2F,200,2,text/html,Journal of Duhok University
https://journal.uod.ac/plugins/generic/pdfJsViewer/pdf.js/web/viewer.html?file=https%3A%2F%2Fjournal.uod.ac%2Findex.php%2Fuodjournal%2Farticle%2Fdownload%2F2943%2F1583%2F,200,2,text/html,Journal of Duhok University
https://journal.uod.ac/plugins/generic/pdfJsViewer/pdf.js/web/viewer.html?file=https%3A%2F%2Fjournal.uod.ac%2Findex.php%2Fuodjournal%2Farticle%2Fdownload%2F2973%2F1593%2F,200,2,text/html,Journal of Duhok University
https://journal.uod.ac/plugins/generic/pdfJsViewer/pdf.js/web/viewer.html?file=https%3A%2F%2Fjournal.uod.ac%2Findex.php%2Fuodjournal%2Farticle%2Fdownload%2F2975%2F1597%2F,200,2,text/html,Journal of Duhok University
https://journal.uod.ac/plugins/generic/pdfJsViewer/pdf.js/web/viewer.html?file=https%3A%2F%2Fjournal.uod.ac%2Findex.php%2Fuodjournal%2Farticle%2Fdownload%2F2980%2F1813%2F,200,2,text/html,Journal of Duhok University
https://journal.uod.ac/plugins/generic/pdfJsViewer/pdf.js/web/viewer.html?file=https%3A%2F%2Fjournal.uod.ac%2Findex.php%2Fuodjournal%2Farticle%2Fdownload%2F2981%2F1732%2F,200,2,text/html,Journal of Duhok University
https://journal.uod.ac/plugins/generic/pdfJsViewer/pdf.js/web/viewer.html?file=https%3A%2F%2Fjournal.uod.ac%2Findex.php%2Fuodjournal%2Farticle%2Fdownload%2F3021%2F1638%2F,200,2,text/html,Journal of Duhok University
https://journal.uod.ac/plugins/generic/pdfJsViewer/pdf.js/web/viewer.html?file=https%3A%2F%2Fjournal.uod.ac%2Findex.php%2Fuodjournal%2Farticle%2Fdownload%2F3022%2F1651%2F,200,2,text/html,Journal of Duhok University
https://journal.uod.ac/plugins/generic/pdfJsViewer/pdf.js/web/viewer.html?file=https%3A%2F%2Fjournal.uod.ac%2Findex.php%2Fuodjournal%2Farticle%2Fdownload%2F3031%2F1643%2F,200,2,text/html,Journal of Duhok University
https://journal.uod.ac/plugins/generic/pdfJsViewer/pdf.js/web/viewer.html?file=https%3A%2F%2Fjournal.uod.ac%2Findex.php%2Fuodjournal%2Farticle%2Fdownload%2F3118%2F1740%2F,200,2,text/html,Journal of Duhok University
https://journal.uod.ac/plugins/generic/pdfJsViewer/pdf.js/web/viewer.html?file=https%3A%2F%2Fjournal.uod.ac%2Findex.php%2Fuodjournal%2Farticle%2Fdownload%2F3126%2F1753%2F,200,2,text/html,Journal of Duhok University
https://journal.uod.ac/plugins/generic/pdfJsViewer/pdf.js/web/viewer.html?file=https%3A%2F%2Fjournal.uod.ac%2Findex.php%2Fuodjournal%2Farticle%2Fdownload%2F3127%2F1752%2F,200,2,text/html,Journal of Duhok University
https://journal.uod.ac/plugins/generic/pdfJsViewer/pdf.js/web/viewer.html?file=https%3A%2F%2Fjournal.uod.ac%2Findex.php%2Fuodjournal%2Farticle%2Fdownload%2F3144%2F1759%2F,200,2,text/html,Journal of Duhok University
https://journal.uod.ac/plugins/generic/pdfJsViewer/pdf.js/web/viewer.html?file=https%3A%2F%2Fjournal.uod.ac%2Findex.php%2Fuodjournal%2Farticle%2Fdownload%2F3146%2F1760%2F,200,2,text/html,Journal of Duhok University
https://journal.uod.ac/plugins/generic/pdfJsViewer/pdf.js/web/viewer.html?file=https%3A%2F%2Fjournal.uod.ac%2Findex.php%2Fuodjournal%2Farticle%2Fdownload%2F3153%2F1763%2F,200,2,text/html,Journal of Duhok University
https://journal.uod.ac/plugins/generic/pdfJsViewer/pdf.js/web/viewer.html?file=https%3A%2F%2Fjournal.uod.ac%2Findex.php%2Fuodjournal%2Farticle%2Fdownload%2F3154%2F1764%2F,200,2,text/html,Journal of Duhok University
https://journal.uod.ac/plugins/generic/pdfJsViewer/pdf.js/web/viewer.html?file=https%3A%2F%2Fjournal.uod.ac%2Findex.php%2Fuodjournal%2Farticle%2Fdownload%2F3161%2F1765%2F,200,2,text/html,Journal of Duhok University
https://journal.uod.ac/plugins/generic/pdfJsViewer/pdf.js/web/viewer.html?file=https%3A%2F%2Fjournal.uod.ac%2Findex.php%2Fuodjournal%2Farticle%2Fdownload%2F3162%2F1794%2F,200,2,text/html,Journal of Duhok University
https://journal.uod.ac/plugins/generic/pdfJsViewer/pdf.js/web/viewer.html?file=https%3A%2F%2Fjournal.uod.ac%2Findex.php%2Fuodjournal%2Farticle%2Fdownload%2F3163%2F1793%2F,200,2,text/html,Journal of Duhok University
https://journal.uod.ac/plugins/generic/pdfJsViewer/pdf.js/web/viewer.html?file=https%3A%2F%2Fjournal.uod.ac%2Findex.php%2Fuodjournal%2Farticle%2Fdownload%2F3164%2F1792%2F,200,2,text/html,Journal of Duhok University
https://journal.uod.ac/plugins/generic/pdfJsViewer/pdf.js/web/viewer.html?file=https%3A%2F%2Fjournal.uod.ac%2Findex.php%2Fuodjournal%2Farticle%2Fdownload%2F3168%2F1791%2F,200,2,text/html,Journal of Duhok University
https://journal.uod.ac/plugins/generic/pdfJsViewer/pdf.js/web/viewer.html?file=https%3A%2F%2Fjournal.uod.ac%2Findex.php%2Fuodjournal%2Farticle%2Fdownload%2F3178%2F1787%2F,200,2,text/html,Journal of Duhok University
https://journal.uod.ac/plugins/generic/pdfJsViewer/pdf.js/web/viewer.html?file=https%3A%2F%2Fjournal.uod.ac%2Findex.php%2Fuodjournal%2Farticle%2Fdownload%2F3187%2F1790%2F,200,2,text/html,Journal of Duhok University
https://journal.uod.ac/plugins/generic/pdfJsViewer/pdf.js/web/viewer.html?file=https%3A%2F%2Fjournal.uod.ac%2Findex.php%2Fuodjournal%2Farticle%2Fdownload%2F3188%2F1789%2F,200,2,text/html,Journal of Duhok University
https://journal.uod.ac/plugins/generic/pdfJsViewer/pdf.js/web/viewer.html?file=https%3A%2F%2Fjournal.uod.ac%2Findex.php%2Fuodjournal%2Farticle%2Fdownload%2F3189%2F1788%2F,200,2,text/html,Journal of Duhok University
https://journal.uod.ac/plugins/generic/pdfJsViewer/pdf.js/web/viewer.html?file=https%3A%2F%2Fjournal.uod.ac%2Findex.php%2Fuodjournal%2Farticle%2Fdownload%2F3196%2F1803%2F,200,2,text/html,Journal of Duhok University
https://journal.uod.ac/plugins/generic/pdfJsViewer/pdf.js/web/viewer.html?file=https%3A%2F%2Fjournal.uod.ac%2Findex.php%2Fuodjournal%2Farticle%2Fdownload%2F3214%2F1814%2F,200,2,text/html,Journal of Duhok University
https://journal.uod.ac/plugins/generic/pdfJsViewer/pdf.js/web/viewer.html?file=https%3A%2F%2Fjournal.uod.ac%2Findex.php%2Fuodjournal%2Farticle%2Fdownload%2F3231%2F1820%2F,200,2,text/html,Journal of Duhok University
https://journal.uod.ac/plugins/generic/pdfJsViewer/pdf.js/web/viewer.html?file=https%3A%2F%2Fjournal.uod.ac%2Findex.php%2Fuodjournal%2Farticle%2Fdownload%2F3279%2F1834%2F,200,2,text/html,Journal of Duhok University
https://journal.uod.ac/plugins/generic/pdfJsViewer/pdf.js/web/viewer.html?file=https%3A%2F%2Fjournal.uod.ac%2Findex.php%2Fuodjournal%2Farticle%2Fdownload%2F3280%2F1840%2F,200,2,text/html,Journal of Duhok University
https://journal.uod.ac/plugins/generic/pdfJsViewer/pdf.js/web/viewer.html?file=https%3A%2F%2Fjournal.uod.ac%2Findex.php%2Fuodjournal%2Farticle%2Fdownload%2F3281%2F1835%2F,200,2,text/html,Journal of Duhok University
https://journal.uod.ac/plugins/generic/pdfJsViewer/pdf.js/web/viewer.html?file=https%3A%2F%2Fjournal.uod.ac%2Findex.php%2Fuodjournal%2Farticle%2Fdownload%2F3282%2F1841%2F,200,2,text/html,Journal of Duhok University
https://journal.uod.ac/plugins/generic/pdfJsViewer/pdf.js/web/viewer.html?file=https%3A%2F%2Fjournal.uod.ac%2Findex.php%2Fuodjournal%2Farticle%2Fdownload%2F3283%2F1836%2F,200,2,text/html,Journal of Duhok University
https://journal.uod.ac/plugins/generic/pdfJsViewer/pdf.js/web/viewer.html?file=https%3A%2F%2Fjournal.uod.ac%2Findex.php%2Fuodjournal%2Farticle%2Fdownload%2F3284%2F1842%2F,200,2,text/html,Journal of Duhok University
https://journal.uod.ac/plugins/generic/pdfJsViewer/pdf.js/web/viewer.html?file=https%3A%2F%2Fjournal.uod.ac%2Findex.php%2Fuodjournal%2Farticle%2Fdownload%2F3285%2F1847%2F,200,2,text/html,Journal of Duhok University
https://journal.uod.ac/plugins/generic/pdfJsViewer/pdf.js/web/viewer.html?file=https%3A%2F%2Fjournal.uod.ac%2Findex.php%2Fuodjournal%2Farticle%2Fdownload%2F3286%2F1846%2F,200,2,text/html,Journal of Duhok University
https://journal.uod.ac/plugins/generic/pdfJsViewer/pdf.js/web/viewer.html?file=https%3A%2F%2Fjournal.uod.ac%2Findex.php%2Fuodjournal%2Farticle%2Fdownload%2F3287%2F1849%2F,200,2,text/html,Journal of Duhok University
https://journal.uod.ac/plugins/generic/pdfJsViewer/pdf.js/web/viewer.html?file=https%3A%2F%2Fjournal.uod.ac%2Findex.php%2Fuodjournal%2Farticle%2Fdownload%2F3288%2F1848%2F,200,2,text/html,Journal of Duhok University
https://journal.uod.ac/plugins/generic/pdfJsViewer/pdf.js/web/viewer.html?file=https%3A%2F%2Fjournal.uod.ac%2Findex.php%2Fuodjournal%2Farticle%2Fdownload%2F3289%2F1850%2F,200,2,text/html,Journal of Duhok University
https://journal.uod.ac/plugins/generic/pdfJsViewer/pdf.js/web/viewer.html?file=https%3A%2F%2Fjournal.uod.ac%2Findex.php%2Fuodjournal%2Farticle%2Fdownload%2F3290%2F1851%2F,200,2,text/html,Journal of Duhok University
https://journal.uod.ac/plugins/generic/pdfJsViewer/pdf.js/web/viewer.html?file=https%3A%2F%2Fjournal.uod.ac%2Findex.php%2Fuodjournal%2Farticle%2Fdownload%2F3291%2F1838%2F,200,2,text/html,Journal of Duhok University
https://journal.uod.ac/plugins/generic/pdfJsViewer/pdf.js/web/viewer.html?file=https%3A%2F%2Fjournal.uod.ac%2Findex.php%2Fuodjournal%2Farticle%2Fdownload%2F3292%2F1852%2F,200,2,text/html,Journal of Duhok University
https://journal.uod.ac/plugins/generic/pdfJsViewer/pdf.js/web/viewer.html?file=https%3A%2F%2Fjournal.uod.ac%2Findex.php%2Fuodjournal%2Farticle%2Fdownload%2F3293%2F1853%2F,200,2,text/html,Journal of Duhok University
https://journal.uod.ac/plugins/generic/pdfJsViewer/pdf.js/web/viewer.html?file=https%3A%2F%2Fjournal.uod.ac%2Findex.php%2Fuodjournal%2Farticle%2Fdownload%2F3294%2F1854%2F,200,2,text/html,Journal of Duhok University
https://journal.uod.ac/plugins/generic/pdfJsViewer/pdf.js/web/viewer.html?file=https%3A%2F%2Fjournal.uod.ac%2Findex.php%2Fuodjournal%2Farticle%2Fdownload%2F3295%2F1855%2F,200,2,text/html,Journal of Duhok University
https://journal.uod.ac/plugins/generic/pdfJsViewer/pdf.js/web/viewer.html?file=https%3A%2F%2Fjournal.uod.ac%2Findex.php%2Fuodjournal%2Farticle%2Fdownload%2F3296%2F1856%2F,200,2,text/html,Journal of Duhok University
https://journal.uod.ac/plugins/generic/pdfJsViewer/pdf.js/web/viewer.html?file=https%3A%2F%2Fjournal.uod.ac%2Findex.php%2Fuodjournal%2Farticle%2Fdownload%2F3297%2F1857%2F,200,2,text/html,Journal of Duhok University
https://journal.uod.ac/plugins/generic/pdfJsViewer/pdf.js/web/viewer.html?file=https%3A%2F%2Fjournal.uod.ac%2Findex.php%2Fuodjournal%2Farticle%2Fdownload%2F3298%2F1858%2F,200,2,text/html,Journal of Duhok University
https://journal.uod.ac/plugins/generic/pdfJsViewer/pdf.js/web/viewer.html?file=https%3A%2F%2Fjournal.uod.ac%2Findex.php%2Fuodjournal%2Farticle%2Fdownload%2F3299%2F1859%2F,200,2,text/html,Journal of Duhok University
https://journal.uod.ac/plugins/generic/pdfJsViewer/pdf.js/web/viewer.html?file=https%3A%2F%2Fjournal.uod.ac%2Findex.php%2Fuodjournal%2Farticle%2Fdownload%2F3300%2F1860%2F,200,2,text/html,Journal of Duhok University
https://journal.uod.ac/plugins/generic/pdfJsViewer/pdf.js/web/viewer.html?file=https%3A%2F%2Fjournal.uod.ac%2Findex.php%2Fuodjournal%2Farticle%2Fdownload%2F3302%2F1861%2F,200,2,text/html,Journal of Duhok University
https://journal.uod.ac/plugins/generic/pdfJsViewer/pdf.js/web/viewer.html?file=https%3A%2F%2Fjournal.uod.ac%2Findex.php%2Fuodjournal%2Farticle%2Fdownload%2F3303%2F1862%2F,200,2,text/html,Journal of Duhok University
https://journal.uod.ac/plugins/generic/pdfJsViewer/pdf.js/web/viewer.html?file=https%3A%2F%2Fjournal.uod.ac%2Findex.php%2Fuodjournal%2Farticle%2Fdownload%2F3305%2F1863%2F,200,2,text/html,Journal of Duhok University
https://journal.uod.ac/plugins/generic/pdfJsViewer/pdf.js/web/viewer.html?file=https%3A%2F%2Fjournal.uod.ac%2Findex.php%2Fuodjournal%2Farticle%2Fdownload%2F3306%2F1864%2F,200,2,text/html,Journal of Duhok University
https://journal.uod.ac/plugins/generic/pdfJsViewer/pdf.js/web/viewer.html?file=https%3A%2F%2Fjournal.uod.ac%2Findex.php%2Fuodjournal%2Farticle%2Fdownload%2F3307%2F1865%2F,200,2,text/html,Journal of Duhok University
https://journal.uod.ac/plugins/generic/pdfJsViewer/pdf.js/web/viewer.html?file=https%3A%2F%2Fjournal.uod.ac%2Findex.php%2Fuodjournal%2Farticle%2Fdownload%2F3308%2F1866%2F,200,2,text/html,Journal of Duhok University
https://journal.uod.ac/plugins/generic/pdfJsViewer/pdf.js/web/viewer.html?file=https%3A%2F%2Fjournal.uod.ac%2Findex.php%2Fuodjournal%2Farticle%2Fdownload%2F3309%2F1867%2F,200,2,text/html,Journal of Duhok University
https://journal.uod.ac/plugins/generic/pdfJsViewer/pdf.js/web/viewer.html?file=https%3A%2F%2Fjournal.uod.ac%2Findex.php%2Fuodjournal%2Farticle%2Fdownload%2F3310%2F1868%2F,200,2,text/html,Journal of Duhok University
https://journal.uod.ac/plugins/generic/pdfJsViewer/pdf.js/web/viewer.html?file=https%3A%2F%2Fjournal.uod.ac%2Findex.php%2Fuodjournal%2Farticle%2Fdownload%2F3312%2F1869%2F,200,2,text/html,Journal of Duhok University
https://journal.uod.ac/plugins/generic/pdfJsViewer/pdf.js/web/viewer.html?file=https%3A%2F%2Fjournal.uod.ac%2Findex.php%2Fuodjournal%2Farticle%2Fdownload%2F3313%2F1870%2F,200,2,text/html,Journal of Duhok University
https://journal.uod.ac/plugins/generic/pdfJsViewer/pdf.js/web/viewer.html?file=https%3A%2F%2Fjournal.uod.ac%2Findex.php%2Fuodjournal%2Farticle%2Fdownload%2F3314%2F1871%2F,200,2,text/html,Journal of Duhok University
https://journal.uod.ac/plugins/generic/pdfJsViewer/pdf.js/web/viewer.html?file=https%3A%2F%2Fjournal.uod.ac%2Findex.php%2Fuodjournal%2Farticle%2Fdownload%2F3315%2F1872%2F,200,2,text/html,Journal of Duhok University
https://journal.uod.ac/plugins/generic/pdfJsViewer/pdf.js/web/viewer.html?file=https%3A%2F%2Fjournal.uod.ac%2Findex.php%2Fuodjournal%2Farticle%2Fdownload%2F3316%2F1873%2F,200,2,text/html,Journal of Duhok University
https://journal.uod.ac/plugins/generic/pdfJsViewer/pdf.js/web/viewer.html?file=https%3A%2F%2Fjournal.uod.ac%2Findex.php%2Fuodjournal%2Farticle%2Fdownload%2F3319%2F1874%2F,200,2,text/html,Journal of Duhok University
https://journal.uod.ac/plugins/generic/pdfJsViewer/pdf.js/web/viewer.html?file=https%3A%2F%2Fjournal.uod.ac%2Findex.php%2Fuodjournal%2Farticle%2Fdownload%2F3320%2F1875%2F,200,2,text/html,Journal of Duhok University
https://journal.uod.ac/plugins/generic/pdfJsViewer/pdf.js/web/viewer.html?file=https%3A%2F%2Fjournal.uod.ac%2Findex.php%2Fuodjournal%2Farticle%2Fdownload%2F3321%2F1876%2F,200,2,text/html,Journal of Duhok University
https://journal.uod.ac/plugins/generic/pdfJsViewer/pdf.js/web/viewer.html?file=https%3A%2F%2Fjournal.uod.ac%2Findex.php%2Fuodjournal%2Farticle%2Fdownload%2F3322%2F1877%2F,200,2,text/html,Journal of Duhok University
https://journal.uod.ac/plugins/generic/pdfJsViewer/pdf.js/web/viewer.html?file=https%3A%2F%2Fjournal.uod.ac%2Findex.php%2Fuodjournal%2Farticle%2Fdownload%2F3323%2F1878%2F,200,2,text/html,Journal of Duhok University
https://journal.uod.ac/plugins/generic/pdfJsViewer/pdf.js/web/viewer.html?file=https%3A%2F%2Fjournal.uod.ac%2Findex.php%2Fuodjournal%2Farticle%2Fdownload%2F3324%2F1879%2F,200,2,text/html,Journal of Duhok University
https://journal.uod.ac/plugins/generic/pdfJsViewer/pdf.js/web/viewer.html?file=https%3A%2F%2Fjournal.uod.ac%2Findex.php%2Fuodjournal%2Farticle%2Fdownload%2F3325%2F1880%2F,200,2,text/html,Journal of Duhok University
https://journal.uod.ac/plugins/generic/pdfJsViewer/pdf.js/web/viewer.html?file=https%3A%2F%2Fjournal.uod.ac%2Findex.php%2Fuodjournal%2Farticle%2Fdownload%2F3326%2F1881%2F,200,2,text/html,Journal of Duhok University
https://journal.uod.ac/plugins/generic/pdfJsViewer/pdf.js/web/viewer.html?file=https%3A%2F%2Fjournal.uod.ac%2Findex.php%2Fuodjournal%2Farticle%2Fdownload%2F3327%2F1882%2F,200,2,text/html,Journal of Duhok University
https://journal.uod.ac/plugins/generic/pdfJsViewer/pdf.js/web/viewer.html?file=https%3A%2F%2Fjournal.uod.ac%2Findex.php%2Fuodjournal%2Farticle%2Fdownload%2F3328%2F1883%2F,200,2,text/html,Journal of Duhok University
https://journal.uod.ac/plugins/generic/pdfJsViewer/pdf.js/web/viewer.html?file=https%3A%2F%2Fjournal.uod.ac%2Findex.php%2Fuodjournal%2Farticle%2Fdownload%2F3329%2F1884%2F,200,2,text/html,Journal of Duhok University
https://journal.uod.ac/plugins/generic/pdfJsViewer/pdf.js/web/viewer.html?file=https%3A%2F%2Fjournal.uod.ac%2Findex.php%2Fuodjournal%2Farticle%2Fdownload%2F3330%2F1885%2F,200,2,text/html,Journal of Duhok University
https://journal.uod.ac/plugins/generic/pdfJsViewer/pdf.js/web/viewer.html?file=https%3A%2F%2Fjournal.uod.ac%2Findex.php%2Fuodjournal%2Farticle%2Fdownload%2F3331%2F1886%2F,200,2,text/html,Journal of Duhok University
https://journal.uod.ac/plugins/generic/pdfJsViewer/pdf.js/web/viewer.html?file=https%3A%2F%2Fjournal.uod.ac%2Findex.php%2Fuodjournal%2Farticle%2Fdownload%2F3332%2F1887%2F,200,2,text/html,Journal of Duhok University
https://journal.uod.ac/plugins/generic/pdfJsViewer/pdf.js/web/viewer.html?file=https%3A%2F%2Fjournal.uod.ac%2Findex.php%2Fuodjournal%2Farticle%2Fdownload%2F3333%2F1888%2F,200,2,text/html,Journal of Duhok University
https://journal.uod.ac/plugins/generic/pdfJsViewer/pdf.js/web/viewer.html?file=https%3A%2F%2Fjournal.uod.ac%2Findex.php%2Fuodjournal%2Farticle%2Fdownload%2F3334%2F1889%2F,200,2,text/html,Journal of Duhok University
https://journal.uod.ac/plugins/generic/pdfJsViewer/pdf.js/web/viewer.html?file=https%3A%2F%2Fjournal.uod.ac%2Findex.php%2Fuodjournal%2Farticle%2Fdownload%2F3335%2F1890%2F,200,2,text/html,Journal of Duhok University
https://journal.uod.ac/plugins/generic/pdfJsViewer/pdf.js/web/viewer.html?file=https%3A%2F%2Fjournal.uod.ac%2Findex.php%2Fuodjournal%2Farticle%2Fdownload%2F3336%2F1891%2F,200,2,text/html,Journal of Duhok University
https://journal.uod.ac/plugins/generic/pdfJsViewer/pdf.js/web/viewer.html?file=https%3A%2F%2Fjournal.uod.ac%2Findex.php%2Fuodjournal%2Farticle%2Fdownload%2F3337%2F1892%2F,200,2,text/html,Journal of Duhok University
https://journal.uod.ac/plugins/generic/pdfJsViewer/pdf.js/web/viewer.html?file=https%3A%2F%2Fjournal.uod.ac%2Findex.php%2Fuodjournal%2Farticle%2Fdownload%2F3338%2F1893%2F,200,2,text/html,Journal of Duhok University
https://journal.uod.ac/plugins/generic/pdfJsViewer/pdf.js/web/viewer.html?file=https%3A%2F%2Fjournal.uod.ac%2Findex.php%2Fuodjournal%2Farticle%2Fdownload%2F3339%2F1894%2F,200,2,text/html,Journal of Duhok University
https://journal.uod.ac/plugins/generic/pdfJsViewer/pdf.js/web/viewer.html?file=https%3A%2F%2Fjournal.uod.ac%2Findex.php%2Fuodjournal%2Farticle%2Fdownload%2F3340%2F1895%2F,200,2,text/html,Journal of Duhok University
https://journal.uod.ac/plugins/generic/pdfJsViewer/pdf.js/web/viewer.html?file=https%3A%2F%2Fjournal.uod.ac%2Findex.php%2Fuodjournal%2Farticle%2Fdownload%2F3341%2F1896%2F,200,2,text/html,Journal of Duhok University
https://journal.uod.ac/plugins/generic/pdfJsViewer/pdf.js/web/viewer.html?file=https%3A%2F%2Fjournal.uod.ac%2Findex.php%2Fuodjournal%2Farticle%2Fdownload%2F3342%2F1897%2F,200,2,text/html,Journal of Duhok University
https://journal.uod.ac/plugins/generic/pdfJsViewer/pdf.js/web/viewer.html?file=https%3A%2F%2Fjournal.uod.ac%2Findex.php%2Fuodjournal%2Farticle%2Fdownload%2F3343%2F1898%2F,200,2,text/html,Journal of Duhok University
https://journal.uod.ac/plugins/generic/pdfJsViewer/pdf.js/web/viewer.html?file=https%3A%2F%2Fjournal.uod.ac%2Findex.php%2Fuodjournal%2Farticle%2Fdownload%2F3344%2F1899%2F,200,2,text/html,Journal of Duhok University
https://journal.uod.ac/plugins/generic/pdfJsViewer/pdf.js/web/viewer.html?file=https%3A%2F%2Fjournal.uod.ac%2Findex.php%2Fuodjournal%2Farticle%2Fdownload%2F3345%2F1839%2F,200,2,text/html,Journal of Duhok University
https://journal.uod.ac/plugins/generic/pdfJsViewer/pdf.js/web/viewer.html?file=https%3A%2F%2Fjournal.uod.ac%2Findex.php%2Fuodjournal%2Farticle%2Fdownload%2F3346%2F1900%2F,200,2,text/html,Journal of Duhok University
https://journal.uod.ac/plugins/generic/pdfJsViewer/pdf.js/web/viewer.html?file=https%3A%2F%2Fjournal.uod.ac%2Findex.php%2Fuodjournal%2Farticle%2Fdownload%2F3347%2F1901%2F,200,2,text/html,Journal of Duhok University
https://journal.uod.ac/plugins/generic/pdfJsViewer/pdf.js/web/viewer.html?file=https%3A%2F%2Fjournal.uod.ac%2Findex.php%2Fuodjournal%2Farticle%2Fdownload%2F3348%2F1902%2F,200,2,text/html,Journal of Duhok University
https://journal.uod.ac/plugins/generic/pdfJsViewer/pdf.js/web/viewer.html?file=https%3A%2F%2Fjournal.uod.ac%2Findex.php%2Fuodjournal%2Farticle%2Fdownload%2F3349%2F1905%2F,200,2,text/html,Journal of Duhok University
https://journal.uod.ac/plugins/generic/pdfJsViewer/pdf.js/web/viewer.html?file=https%3A%2F%2Fjournal.uod.ac%2Findex.php%2Fuodjournal%2Farticle%2Fdownload%2F3350%2F1904%2F,200,2,text/html,Journal of Duhok University
https://journal.uod.ac/plugins/generic/pdfJsViewer/pdf.js/web/viewer.html?file=https%3A%2F%2Fjournal.uod.ac%2Findex.php%2Fuodjournal%2Farticle%2Fdownload%2F3351%2F1903%2F,200,2,text/html,Journal of Duhok University
https://journal.uod.ac/plugins/generic/pdfJsViewer/pdf.js/web/viewer.html?file=https%3A%2F%2Fjournal.uod.ac%2Findex.php%2Fuodjournal%2Farticle%2Fdownload%2F3362%2F1912%2F,200,2,text/html,Journal of Duhok University
https://journal.uod.ac/plugins/generic/pdfJsViewer/pdf.js/web/viewer.html?file=https%3A%2F%2Fjournal.uod.ac%2Findex.php%2Fuodjournal%2Farticle%2Fdownload%2F3363%2F1913%2F,200,2,text/html,Journal of Duhok University
https://journal.uod.ac/plugins/generic/pdfJsViewer/pdf.js/web/viewer.html?file=https%3A%2F%2Fjournal.uod.ac%2Findex.php%2Fuodjournal%2Farticle%2Fdownload%2F3365%2F1914%2F,200,2,text/html,Journal of Duhok University
https://journal.uod.ac/plugins/generic/pdfJsViewer/pdf.js/web/viewer.html?file=https%3A%2F%2Fjournal.uod.ac%2Findex.php%2Fuodjournal%2Farticle%2Fdownload%2F3366%2F1915%2F,200,2,text/html,Journal of Duhok University
https://journal.uod.ac/plugins/generic/pdfJsViewer/pdf.js/web/viewer.html?file=https%3A%2F%2Fjournal.uod.ac%2Findex.php%2Fuodjournal%2Farticle%2Fdownload%2F3391%2F1918%2F,200,2,text/html,Journal of Duhok University
https://journal.uod.ac/plugins/generic/pdfJsViewer/pdf.js/web/viewer.html?file=https%3A%2F%2Fjournal.uod.ac%2Findex.php%2Fuodjournal%2Farticle%2Fdownload%2F3392%2F1919%2F,200,2,text/html,Journal of Duhok University
https://journal.uod.ac/plugins/generic/pdfJsViewer/pdf.js/web/viewer.html?file=https%3A%2F%2Fjournal.uod.ac%2Findex.php%2Fuodjournal%2Farticle%2Fdownload%2F3394%2F1920%2F,200,2,text/html,Journal of Duhok University
